family_key,rep_publication,title_en,title_ko,abstract_en,abstract_ko,cpc_codes,assignees,earliest_priority,earliest_filing_year,countries,n_publications,has_grant,hit_context,hit_cpc
100355559,WO-2026139732-A1,System and method for task-based marketplace platform,,"The embodiments herein provides a computer-implemented system and method for facilitating on-demand task assignment and management in a distributed network. The system dynamically connects task requesters with service providers through an algorithmic matching engine that evaluates factors such as skills, location, availability, and reputation. A bidding mechanism allows service providers to compete for tasks, while an integrated escrow-based payment system ensures secure transactions. The platform further incorporates a reputation management system with user ratings and verification features to enhance trust and reliability. By automating task posting, matching, scheduling, and payment processing, the invention optimizes efficiency, transparency, and scalability in peer-to-peer task outsourcing. The system is accessible via web and mobile interfaces, enabling real-time coordination between users across diverse geographic locations.",,G06Q10/063112;G06Q30/0283,HOOD SEYEDEH BAHAREH,20250823,2025,WO,1,False,False,True
38791448,US-2007282657-A1,Method and system for providing activity-centric awareness in a virtual collaboration space with personalized differential awareness user interface representations,,"A system for providing an activity-centric collaboration space provides representations of the tasks that the team has planned, is engaged in, and has completed as a means of enhancing cross-team awareness and coordination. The system enables a user to explicitly indicate what task she is currently engaged in on behalf of the team, and makes this current task information available to other team members. A “tasks” view user interface component provides a shared view of all ongoing, planned, and completed tasks for a team. Information about team members&#39; task assignments, and the ability to monitor team members&#39; current tasks, may be used to manage potential interruptions caused by requests for instant messaging sessions and the like. Team members can explicitly establish interruption management policies indicating how task assignments and current tasks should be used to determine whether a communication attempt should be blocked or forwarded to a team member. Team space resources that are most important to an individual team member may also be identified, and changes made to those resources made more visually apparent and/or readily available to that user than changes to artifacts with which they are less concerned. Personalized differential awareness user interface representations may also be provided, and the associations that tasks establish between resources and team members also enables convenient determination of whether newly added or modified resources would be of interest to a particular user.",,G06Q10/06;G06Q10/063114,HUPFER SUSANNE;ROSS STEVEN;PATTERSON JOHN,20060531,2006,US,1,False,False,True
39215143,KR-20080004266-A,A method of post purchase management for executing supply business in a shipyard,조선소의 조달업무상의 구매 사후관리 시스템 구축 방법,"A method for constructing a post-purchase management system for supply business in a shipyard is provided to systemize a vendor development and estimation process, construct an information system for a vendor cooperation system, establish a quality and quality management process of material, and construct the information system for vendor record for estimating vendors. A work order schedule fixed in current work is inquired, and the fixed work order is mapped to a purchase order. The vendor checks the work order schedule. The vendor requests change of a delivery if adjustment of the delivery is required. A supply business part determines and fixes the delivery adjustment by responding to a delivery adjustment request. History from issuance of the purchase order and the delivery is inquired.","본 발명은 조선소의 조달업무상의 구매 사후관리 시스템 구축 방법에 관한 것이다. 보다 상세하게는, 본 발명은, 공급업체 개발 및 평가 프로세스를 체계화하고, 공급업체 협업 체계를 위한 정보시스템을 구축하며, 자재에 대한 품질 검사 및 품질 관리 프로세스를 정립하고, 공급업체 평가를 위한 업체 실적(예를 들면, 납기준수, 원가절감, 품질 등)에 대한 정보시스템을 구축할 수 있도록 하는 조선소의 조달업무상의 구매 사후관리 시스템 구축 방법에 관한 것이다. 
       
     조선소의 조달업무, 구매 사후관리",G06Q10/06;G06Q50/04,STX SHIPBUILDING CO LTD,20060705,2006,KR,1,False,False,True
39342029,KR-100800023-B1,System and method of managing resources for calamity confrontation,재난대응 자원 관리 시스템 및 방법,"A system and a method for managing resources for a calamity are provided to manage several related institutes, manpower, and equipment for the calamity site systematically by obviously checking activities of the related institutes. A system(100) for managing resources for a calamity inputted to one individual zone of the calamity site is composed of a check pointer(10) for checking retention information of the resources by wireless; an input unit(12) for inputting input information including input tasks for the resources; and a processing unit(14) for making and outputting situation information for the resources input to the corresponding individual zone on the basis of information inputted from the check pointer and the input unit. The retention information is recorded in an RFID(Radio Frequency Identification) tag(1) applied to the corresponding resources. The check pointer has an RFID reader for reading the retention information recorded in the RFID tag.","현장 또는 원격지의 지휘자가 재난 현장에 투입된 자원의 운영을 합리적으로 할 수 있고 투입된 다수의 유관기관의 활동을 일목요연하게 파악할 수 있도록 한 재난대응 자원 관리 시스템 및 방법을 제시한다. 제시된 재난대응 자원 관리 시스템은 재난현장의 어느 한 개별 구역에 투입되는 자원을 관리하는 재난대응 자원 관리 시스템으로서, 투입되는 자원이 가지고 있는 보유 정보를 무선으로 체크하는 체크 포인트기; 투입되는 자원에 대하여 투입임무를 포함한 투입 정보를 입력하는 입력부; 및 체크 포인트기 및 입력부로부터의 정보에 근거하여 해당하는 개별 구역에 투입되는 자원에 대한 현황 정보를 만들어 출력하는 처리부를 포함한다. 이러한 본 발명에 의하면, 재난현장의 인적·물적 투입자원의 현황을 현장 및 원격지의 상황실의 수준별 지휘자가 전술적 및 전략적으로 판단할 수 있도록 데이터베이스화하고 단계적으로 연산 가공하여 제공해 줌으로써, 지휘자가 투입자원의 운영을 합리적으로 할 수 있고 투입자원의 희생을 보다 적극적으로 막을 수 있게 된다.",G08B21/10;G08B25/10;G08B25/12;G06K19/00;G06K7/00;G08C17/02;Y02A40/28,NAT EMERGENCY MAN AGENCY,20070518,2007,KR,1,True,True,True
40646209,CN-101430833-A,Maritime search and rescue simulation system and its development platform,,"A maritime search and rescue simulation system mainly comprises a trainer station, a main ship, a plurality of auxiliary ships, a rescue helicopter unit and a video monitoring system. The trainer station is a command and control center of the development platform of the maritime search and rescue simulation system, and mainly used for completing the responsibilities of a search and rescue coordination center and an alarm station, undertaking management and controlling the function of the whole maritime search and rescue simulation development platform; the main ship simulates the function of the ships in distress or search and rescue ships, and carries out search and rescue actions under the command and the coordination of the trainer station; the auxiliary ships are set to the ships in distress or the search and rescue ships according to the requirements of search and rescue exercises and provided with stereographic projection visual systems of a viewing angle of 180 degrees; the rescue helicopter unit simulates maritime search and rescue helicopters and carries out the search and rescue actions in conjunction with the main ship and the auxiliary ships under the command and the coordination of the trainer station; and the video monitoring system is mainly used for achieving the visual transmission function of video information of search and rescue sites. The invention has the advantage that the platform support is provided for researching the maritime search and rescue simulation system.",,,UNIV DALIAN MARITIME,20081209,2008,CN,1,False,True,False
40939680,US-2009204470-A1,Multilevel Assignment of Jobs and Tasks in Online Work Management System,,"An online work management system provides a marketplace for multiple job owner and workers. The job owners provide a job description that defines task. The job description may be processed to generate task descriptions that may be published for workers&#39; application. The task descriptions specify the qualification or restrictions for workers to have the task assigned. The online work management system also provides various functions supporting coordination and management of task assignment such as determining the trust level of the user&#39;s identity, search the tasks or workers, monitoring the progress of job, managing payment to workers, training and testing the workers, evaluating the review by the job owners, and generation of surveys.",,G06Q10/06311;G06Q10/06,CLEARSHIFT CORP,20080211,2009,US;WO,7,True,False,True
41368295,CN-201348827-Y,Maritime search and rescue simulation system,,"The utility model relates to a maritime search and rescue simulation system, which mainly comprises a coach station, a main ship, a plurality of auxiliary ships, a search and rescue helicopter unit and a video frequency monitoring system, wherein the coach station is a command and control center of a development platform of the maritime search and rescue simulation system, and mainly completes the responsibility of a search and rescue protective dispatching center and an alarming platform, and plays the functions of managing and controlling the operation of the whole maritime search and rescue simulation development platform, the main ship simulates the functions of ships in distress or search and rescue ships, and carries out search and rescue actions under the command and the coordination of the coach station, the auxiliary ships are set as the ships in distress or the search and rescue ships according to the needs of searching exercises, and is allocated with a viewing field corner column curtain solid projecting visual scene system with an angle of 180 degrees, the search and rescue helicopter unit simulates a maritime search and rescue helicopter, under the command and the coordination of the coach station, carries out the search and rescue actions matching with the main and the auxiliary ships, the video frequency monitoring system mainly realizes the visual transmission function of video frequency information on search and rescue incident discovering fields. The simulation system has the beneficial effects that the system provides a platform supporting for researching the maritime search and rescue simulation system.",,,UNIV DALIAN MARITIME,20081209,2008,CN,1,True,True,False
46349232,CN-102542387-A,Administrative affair management system,,"The invention discloses an administrative affair management system, which comprises a leave management system comprising leave types of official travel examined and approved leaves and national ruled leaves, a comprehensive management system which comprises examination and approval items such as official reception, use of official vehicles, object purchase, vehicle maintenance, consumable supply, rejection, breakage and the like, and circulation items, such as work instruction report, department work coordination, leadership task assignment, and is provided with a leadership mail box function for receiving different opinions and views at any time and accepting good advices, and a charge management system comprising China Taxation Administration Information System (CTAIS) authority adjustment, case transfer, &#39;four small ticket&#39; checking, manager working paper and application examination and approval items. The invention provides a quick and effective platform, so that requirements of &#39;efficiency, convenience, standardization and conversation&#39; on administrative affairs are met.",,,XI AN ZHONGQING ELECTRONIC TECHNOLOGY CO LTD,20101220,2010,CN,1,False,False,True
49986652,KR-20130143396-A,Emergency rescue apparatus equipped with safety tools,수분 감지형 구명환 및 구명볼을 겸비한 송수신 비상지휘체계 보관시스템,The present invention relates to a transmission and receiving emergency system (100) having moisture-detectable life ring and life ball integrated with a life ring (10); a life ball (20) engaged with the life ring by being inserted into the life ring; a waterproof accepting part (30) attached to the top of a space for the life ring (10) and the life ball (20); an emergency signal unit (35) on the waterproof accepting part (30); and a see-through part (40) fixed on the outer side of the life ring (10). [Reference numerals] (20) Rescue ball,"본 발명은 수분 감지형 구명환 및 구명볼을 겸비한 송수신 비상지휘체계 보관시스템(100)에 관한 것으로, 구명환(10)과; 상기 구명환(10)과 체결되어 그 내측 공간에 삽입되는 구명볼(20)과; 상기 구명환(10)과 상기 구명볼(20) 공간의 상측에 부착되는 방수수납부(30)와; 상기 방수수납부(30) 상에 설치되는 비상신호 발생수단(35)과; 상기 구명환(10)의 외측에 고정되는 외부투시부(40); 를 일체로 구비하여 이루어지는 것을 특징으로 한다.",B63C9/20,JEONG JONG DAE,20120621,2012,KR,1,False,True,False
50232702,US-2014070939-A1,Interactive wireless life safety communications system,,"An interactive wireless life safety communications system is disclosed. A central coordination server is linked to a first network, over which there is a connection to at least one resident life safety device at a specific location or for specific resident. An alarm signal is generated by the resident life safety device upon detection of an alarm condition and transmitted to the central coordination server. A caregiver communications device is connected to the central coordination server over a second network, and is receptive to an alarm notification that is generated by the central coordination server in response to the alarm signal. The caregiver communications device is also receptive to a caregiver user input, from which an action status response is generated for transmission to the central coordination server.",,G08B21/0446;G08B25/00;G08B25/009;G08B21/02;G08B25/14;G08B25/014;G08B25/10;G08B25/016,HALVERSON MICHAEL;KNECHT RICHARD E,20120912,2012,US,10,True,False,True
50322768,CN-103686773-A,Automatic optimization control method and system for operator network entire process,,"The invention discloses an automatic optimization control method and system for an operator network entire process, and relates to the field of construction, traffic maintenance and routing inspection of mobile communication networks. First, construction control is conducted, wherein an indoor coverage network access application work order is established when a base station is constructed, building information input and generation of a test task are performed according to building names in the work order, the quality of building networks is tested according to the test task, and a test result is uploaded; after construction control is completed, a building traffic maintenance work order is generated for buildings with access to the networks, and the building networks are maintained according to the building traffic maintenance work order; finally, an inspection plan is made according to the base station and building data, inspection of the quality of the building networks is performed according to the inspection plan, the quality of the buildings is assessed according to an inspection result, and therefore the routing inspection process is completed. According to the automatic optimization control method and system for the operator network entire process, control over the process is performed through comprehensive essential data, so that the entire process is traceable; meanwhile, coordination work between all departments is reinforced through electronic management, so that work efficiency is improved.",,,BEIJING TESCOMM COMM CO LTD,20131203,2013,CN,1,False,False,True
52406477,CN-104331756-A,Enterprise personnel management system,,"The invention provides an enterprise personnel management system, relating to a computer management system. The system is divided into seven modules which are a department management module, a recruitment management module, an employee management module, a training management module, a reward and punishment management module, a payroll management module, and a system management module. The department management module comprises an adding department unit, a viewing department unit and a deleting department unit. The system of the invention has comprehensive functions and is simple to operate, the basic information of the enterprise staff can be stored, the working task of the enterprise staff can be allocated and managed, the information and working states of the staff can be rapidly grasped, the potential of the enterprise staff can be fulfilled, and the relation between enterprise operators and the staff is treated harmoniously. The manpower and cost of enterprise human resource management are reduced, and the efficiency of the human resources management is improved. Planning, organization, coordination, command and control are carried out for the various corresponding governance activities, thus the enterprise reform is promoted, the enterprise organization efficiency is improved, and the core competitiveness of the enterprise is enhanced.",,G06Q10/105,UNIV SHENYANG CHEMICAL TECH,20141016,2014,CN,1,False,False,True
54599578,KR-20150122415-A,An integrated wireless command system on disaster site,재난 현장 무선 통합 지휘 시스템,"The present invention relates to a wireless integrated command system on a disaster site and, more particularly, to a system which is configured in a command control center for efficiently commanding and controlling rescue activities of disaster rescue workers which are deployed in a disaster site. The wireless integrated command system on a disaster site according to the embodiment of the present invention includes: a disaster information collecting and processing module, a multi-channel communication support module, a location tracking module which provides real-time location information of disaster rescue workers, an decision making support module, a communications module which supports wireless communications of an integrated control processor, and a database which stores various types of disaster information provided through the integrated control processor.","본 발명은 재난 현장 무선 통합 지휘 시스템에 관한 것으로서, 더욱 상세하게는 재난 현장 전반을 지휘 통제하는 지휘통제본부에 구비되어 재난 현장에 투입되는 재난 구조요원들의 구조활동을 효과적으로 지휘 통제할 수 있도록 구성된 시스템으로서, 재난 현장 및 재난 구조대원의 상태 정보를 수집,처리하는 재난정보 수집/처리 모듈과, 재난 현장에서 통신 채널을 공유하여 다자간 통화가 가능하도록 하는 다채널 통신 지원 모듈과, 재난 구조요원의 실시간 위치 정보를 제공하는 위치 추적 모듈 및 재난 현장 통제에 대한 의사결정을 지원해주는 의사결정 지원모듈로 구성되는 통합 관제 프로세서를 구비하여, 상기 통합 관제 프로세서를 통해 재난 현장에서의 다자간 통화를 지원할 수 있고, 재난 현장의 상태와 재난 현장에 투입된 재난 구조대원의 상태 및 위치를 실시간으로 모니터링 할 수 있도록 하는 동시에, 재난 현장의 환경 상태나 재난 구조요원의 상태가 안전 기준범위를 초과하는 경우 경보를 발생시켜 재난 현장 통제에 대한 의사결정을 지원해줌으로써, 재난 현장 전반의 상황을 신속히 파악하여 재난 구조요원의 개인안전을 최대한 보호하고 재난 상황에 대해 효과적으로 대처할 수 있도록 하는 재난 현장 무선 통합 지휘 시스템에 관한 것이다. 
이를 위하여 본 발명은, 지휘통제본부에 구비되어 재난 현장 상황을 관제하기 위한 재난 현장 무선 통합 지휘 시스템에 있어서, 재난 현장에 투입되는 재난 구조요원이 구비한 센싱 장비로부터 전송되는 재난 현장의 상태 정보와 재난 구조요원의 상태 정보를 수집하여 모니터링할 수 있도록 처리하는 재난정보 수집/처리 모듈과; 상기 지휘통제본부와 재난 현장에 투입되는 재난 구조요원 및 유관기관의 현장 통제요원 간의 다자간 동시 통화가 가능하도록, 재난 현장에서 사용되는 서로 다른 통신채널의 통화 정보를 전송받아 채널 공유가 가능한 통신채널로 재전송하여 통신채널을 공유하도록 하는 다채널 통신 지원 모듈과; 재난 현장에 투입되는 재난 구조요원의 위치를 추적하여 실시간 위치 정보를 제공하는 위치 추적 모듈과; 상기 재난정보 수집/처리 모듈을 통해 제공되는 재난 현장의 및 재난 구조요원의 상태 정보와 상기 위치 추적 모듈을 통해 제공되는 재난 구조요원의 위치 정보를 기반으로, 재난 현장 통제에 대한 의사결정을 지원해주는 의사결정 지원모듈과; 상기 재난정보 수집/처리 모듈, 다채널 통신 지원 모듈 및 위치 추적 모듈의 무선 통신을 지원하는 통신 모듈; 및 상기 재난정보 수집/처리 모듈, 다채널 통신 지원 모듈, 위치 추적 모듈 및 의사결정 지원모듈을 통해 얻어지는 각종 재난 정보를 날짜 및 시간별로 저장하여 사건 내역을 기록하는 데이터베이스;를 포함하여 구성되는 것을 특징으로 한다.",H04M1/642;G06Q50/265;G08B21/02;H04W4/02;G01S19/14,DAEJEON INST OF SCIENCE AND TECHNOLOGY LIAISON GROUP OF INDUSTRY EDUCATION PARTNERSHIP,20140423,2014,KR,1,False,True,True
57102604,KR-20160110867-A,System and method for constructing of respose on disaster based on scenario,시나리오 기반 재난 대응 구축 시스템 및 방법,"The present invention relates to a system to construct a disaster response based on a scenario. The system to construct a disaster response based on a scenario comprises: a scenario planning unit that a user logs in and configures a simulation environment to simulate a scenario by disaster type; a disaster type-based scenario generation unit to generate a scenario in accordance with the user conditions and the simulation environment configured by the scenario planning unit, wherein the scenario is generated by combining a standard operation procedure (SOP) corresponding to a disaster management step by disaster type, emergency support function and geographic information; a simulation unit to execute a simulation to realize a scenario with respect to the disaster type-based scenario generated by the scenario generation unit, generate an emergency warning along the scenario, distribute response resources in accordance with a crisis situation, manage a command system and recover the disaster situation; a post-event analysis unit to generate user assessment data in accordance with the simulated results, generate and store a report; and a disaster variable introduction unit to search not only analyzed disaster variables but also disaster type-based disaster variables from a variety of internet webpages using a web robot module and provide the searched disaster variables to the scenario generation unit.","본 발명에 따른 시나리오 기반 재난 대응 구축 시스템에 대한 것으로, 재난 유형별로 시나리오를 시뮬레이션하기 위해서 사용자가 로그인하고 시뮬레이션 환경을 설정하기 위한 시나리오 플래닝부; 상기 시나리오 플래닝부에 의하여 설정된 사용자 조건과 시뮬레이션 환경에 따라 시나리오를 생성하되, 재난 유형에 따라 재난 처리 단계에 해당하는 표준 운영 절차(SOP)와, 긴급 지원 기능 자원과, 지리 정보를 조합하여 시나리오를 생성하는 재난 유형별 시나리오 생성부; 상기 시나리오 생성부에서 생성된 재난 유형별 시나리오에 대하여 시나리오를 구현하고 상기 시나리오 진행에 따라 위기 발생 경보를 발생하며, 위기 상황에 따른 우선 순위에 따라서 대응 자원을 배분하고 지휘체계를 관리하여 재난 상황을 복구 처리하도록 시뮬레이션을 실행하는 시뮬레이션부; 상기 시뮬레이션 진행결과에 따라서 사용자 평가 자료를 생성하고 결과 보고서를 생성하여 저장하는 사후분석부; 및 조사분석된 재난 변수 뿐만 아니라 웹 로봇모듈에 의하여 다양한 인터넷 사이트로부터 재난 유형별로 재난 변수를 검색하고 상기 검색된 재난 변수를 상기 시나리오 생성부로 제공하는 재난변수 도입부를 포함한다.",G08B21/10;G08B23/00;G06Q50/26;G06Q10/0631;G06Q10/0637,SEGAON CO,20150313,2015,KR,1,False,True,True
57587187,US-2016371895-A1,Vehicle installed mobile device and server for gps services and task assignments,,"Mobile device installed in a vehicle for communicating a current location and a current destination, to a coordination server, receiving a set of tasks (statically assigned or dynamically assigned) for the user (for example, from the server or from another user or adhoc tasks specified by a customer), displaying the set of tasks to the user, receiving a completion response (successful or unsuccessful) from the user, and proceeding to the next waypoint along a route/trip plan. A coordination server facilitates communication of a list of tasks dynamically and opportunistically assigned to a user to be performed at a specified location.",,G07C5/006;G06Q10/063114;G07C5/04;G07C5/008;H04W4/023;H04M2250/10;H04M1/72403;G01C21/3415;H04M1/6075;G01C21/343;G01C21/26;H04M1/72457;H04W4/029;H04W4/50;H04W4/024;H04W4/44,JAYANTHI MADHAVI;RAO BINDU RAMA,20080205,2016,US,2,True,False,True
60975276,CN-107563606-A,A kind of electronic work order of Machine Manufacture digitlization workshop information transmission,,"The invention discloses a kind of electronic work order of Machine Manufacture digitlization workshop information transmission, belong to intelligence manufacture information interconnection and intercommunication field.Product information, technique information, facility information status information and workshop management information involved by the workshop of Machine Manufacture digitlization at present are difficult to realize effective system integrating between each isomery software and hardware and interconnected.Electronic work order of the present invention employs a kind of method for being described and being transmitted as the unified all information to involved by Machine Manufacture digitlization workshop of functional node and resource node, is corresponding linking relationship of the functional node with resource node by machine tool product data structure and production process organizational logical Automated generalization.The invention provides realizing that the data exchange that networking, digital coordination work unifies form between a kind of Machine Manufacture digitlization each functional module of either inside and with tension management system, solve different vendor&#39;s equipment isomery and platform variability issues.",,Y02P90/30,UNIV BEIJING TECHNOLOGY,20170810,2017,CN,1,False,False,True
61760869,KR-20180035506-A,Esi map service apparatus for hns spill response,위험유해물질 방제정보지도 제공 장치,"The present invention relates to an apparatus for providing a hazard and noxious substance prevention and control information map, capable of efficiently preventing and controlling hazard and noxious substance (HNS) pollution accidents by setting a prior prevention and control target area in the case of leaked hazard and noxious substances by deriving an environmental sensitivity index map of a coastline based on the type, fractal dimension, and wave information of the coastline. The apparatus comprises: a prevention and control information map providing part interacting with a connected user through a prevention and control information map providing interface and providing a prevention and control information map; and a storage part storing a database for storing and providing information about command and contact systems, environment information, map and satellite image information, prevention and control guideline information, coastline information, sensitive resource information, prevention and control resource information, and material supply information to the prevention and control information map providing part.","본 발명은 해안선의 유형, 프랙탈 차원 및 파랑 정보를 통합하여 해안선의 환경민감도 지수를 도출하여 위험유해물질(HNS: Hazard and Noxious Substance)의 유출 시 우선 방제 대상 지역을 설정하여 방제를 수행할 수 있도록 하는 것에 의해 해양 HNS 오염 사고에 대한 효율적인 방제를 수행할 수 있도록 하는 위험유해물질 방제정보지도 제공 장치에 관한 것이다. 
접속된 사용자에게 방제정보지도제공 인터페이스를 제공하여 상호작용을 수행하며 방제정보지도를 제공하는 방제정보지도제공부; 및 방제정보지도 제작을 위한 지휘체계 및 연락처체계 정보와, 환경정보와, 지도 및 위성 영상 정보와, 방제지침정보와, 해안선정보와, 민감자원정보와, 방제자원정보와, 물자보급정보를 저장하여 방제정보지도제공부로 제공하는 데이터베이스를 저장하는 저장부;를 포함하여 구성된다.",G06F17/30241;G06Q50/10;G06Q50/26;G06F16/29;G06F16/00,KOREA INST OCEAN SCI & TECH,20160929,2016,KR;WO,3,True,False,True
62021737,US-2018122162-A1,Vehicle installed mobile device and server for task assignments and collaboration,,"Mobile device installed in a vehicle for communicating a current location and a current destination, to a coordination server, receives a set of tasks (statically assigned or dynamically assigned) for the user/driver, with automatic collaboration initiated with a second driver for task completion, and facilitating VR based user training, as required.",,H04W4/029;H04L67/306;H04W4/40;G07C5/008;G01C21/343;H04W4/023;G06Q10/025;G06Q10/063118;H04W4/024;G01C21/3682;H04W4/046;G01C21/26;H04M1/72522;H04W4/001;H04M2250/10;H04M1/72572;H04L67/535;H04L67/55;G06Q10/08,JAYANTHI MADHAVI;RAO BINDU RAMA,20080205,2017,US,2,True,False,True
62050015,CN-108009970-A,Service endowment platform,,"The present invention relates to one kind to service endowment platform, including registration module, data management module and service for life module；The registration module typing user information, user information include personal information, family members&#39; information, health and fitness information and hobby information, are transmitted to data management module；The data management module stores user information, while user information is transmitted to service for life module；The service for life module generates demand information according to user information, selects service provider, generates work order, and notice service businessman is serviced in the form of short message.Compared with the prior art, registration module of the invention, data management module and the running of service for life module coordination, can realize and carry out automation services management to user, lift convenience.",,G06Q50/26,Liuzhou global village tourism co ltd,20180111,2018,CN,1,False,False,True
63077311,CN-108388977-A,A kind of co-development system and method towards intelligence manufacture,,"The present invention relates to a kind of co-development system and method towards intelligence manufacture, the system include：Requirement analysis module：To obtain demand of the client to product before the production of product, and demand is explained according to knowledge, is classified, and is converted into task；Task-decomposing module：Demand according to client to product generates general assignment, then carries out task subdivision to general assignment and function is segmented, be finally decomposed to form identifiable multiple subtasks；Assign task module：To description task and problem be allocated, and task execution process decision element and the optimization algorithm of process model are selected, by each task assignment to relevant collaborative design module；Co-development module：To receive and execute the task of appointment, and implementing result is assessed and analyzed.Compared with prior art, the present invention has many advantages, such as coordination, intuitive efficient, dynamic change, production flexibility.",,G06Q50/04;G06Q10/06315;G06Q10/103;G06Q10/0639;Y02P90/30,UNIV TONGJI,20180118,2018,CN,1,False,False,True
63229809,KR-20180090018-A,Method and system with virtual participant for secure unmanned vehicle coordination,무인 이동체 협업 안정성을 위한 가상 참가자 생성 및 임무 할당 방법 및 시스템,"A method for generating a virtual participant for unmanned vehicle collaboration stability and assigning a mission and a system thereof are disclosed. According to an exemplary embodiment, the method for generating a virtual participant for unmanned vehicle collaboration stability and assigning a mission and the system thereof include: a step of transmitting mission information to an unmanned vehicle under control; a step of generating a virtual participant for a virtual unmanned vehicle that is not under control; and a step of determining whether to generate an additional virtual participant for the virtual unmanned vehicle that is not under the control based on a mission plan transmitted from the unmanned vehicle under the control and the virtual unmanned vehicle which is not under the control. It is possible to estimate the attack/failure status of an enemy unmanned vehicle.","무인 이동체 협업 안정성을 위한 가상 참가자 생성 및 임무 할당 방법 및 시스템이 개시된다.  일 실시예에 따른 무인 이동체 협업 안정성을 위한 가상 참가자 생성 및 임무 할당 방법은 임무 정보를 관제 하에 있는 무인 이동체에 전송하는 단계와, 관제 하에 없는 가상 무인 이동체에 대해 가상 참가자를 생성하는 단계와, 상기 관제 하에 있는 무인 이동체와 상기 관제 하에 없는 가상 무인 이동체로부터 전송된 임무 계획에 기초하여 상기 관제 하에 없는 가상 무인 이동체에 대해 추가 가상 참가자 생성 여부를 결정하는 단계를 포함한다.",G06Q10/06311;G06Q10/103;B64C2201/12;B64C39/024;G06Q50/10;B64U2101/00,KOREA ADVANCED INST SCI & TECH,20170202,2017,KR,1,False,False,True
63447339,WO-2018161295-A1,Smart city management and scheduling platform system,,"A smart city management and scheduling platform system, comprising: a front-end monitoring data acquisition module, a cloud platform server, a command and control system, and multiple registered law enforcement mobile terminals. The front-end monitoring data acquisition module sends to the cloud platform server and the command and control system acquired image, audio, and video data in a real-time manner. The cloud platform server is configured to access, store, and analyze the received image, audio, and video data, back up preset data independently, and send the same to a related client end or a linked front-end or back-end alarm device. The command and control system is configured to review the received image, audio, and video data, and exchange data with the registered law enforcement mobile terminals. The system enables coordination between mobile terminals and intercom terminals, video scheduling, and location-based coordination and scheduling, and achieves centralized management of all user terminals at different locations and in different networks.",,G06Q10/06,SHENZHEN SINOEXPO GAOKE PHOTOELECTRIC TECH CO LTD,20170309,2017,WO,1,False,False,True
65038058,US-2019035171-A1,Vehicle based device for task assignments and collaboration,,"Mobile device installed in a vehicle for communicating a current location and a current destination, to a coordination server, receives a set of tasks (statically assigned or dynamically assigned) for the user/driver, with automatic collaboration initiated with a second driver for task completion, and facilitating VR based user training, as required.",,G01C21/26;H04M1/72522;H04W4/023;G07C5/008;G01C21/343;H04W4/50;H04M1/72572;H04W4/046;H04M2250/10;H04W4/44;H04L67/55;H04L67/535;H04L67/52;H04M1/72457;G06Q10/025;H04W4/029;G06Q10/06316;G01C21/3682;H04M1/72403;H04W4/40;H04L67/306;G06Q10/08,JAYANTHI MADHAVI;RAO BINDU RAMA,20080205,2018,US,1,False,False,True
67807879,KR-102013145-B1,Method for providing information gathering and sharing service using drone at diaster-affected site based on cooperation of citizen and government,민관공조 기반 드론을 이용한 현장정보 수급 서비스 제공 방법,"Provided is a method of providing an on-site information supply service using a public-private assistance drone. The method comprises: a step of storing civilian workforce information including information on at least one drone, at least one emergency operation terminal linked with the at least one drone, and a drone civilian expert to be mapped with a location; a step of classifying civilian workforce information by region to form a drone emergency operation team and assigning a site command terminal of a squad leader by region, who manages the drone emergency operation team; a step of determining whether the drone emergency management team operates based on disaster situation information collected from at least one public institution server; a step of sending a site dispatch order to the site command terminal if whether operation of the drone emergency management team is determined; a step of receiving a streamed video of at least one drone divided by a predetermined time unit from at least one emergency operation terminal; and a step of uploading the streamed video by mapping the same to a map to correspond to a location. According to the present invention, image information for a site situation and a damaged state can be rapidly received and the site situation can be quickly reported such that the site situation can be relayed and countermeasures can be suggested within a short time.","민관공조 기반 드론을 이용한 현장정보 수급 서비스 제공 방법이 제공되며, 적어도 하나의 드론, 적어도 하나의 드론과 연동되는 적어도 하나의 긴급운용단말, 및 드론 민간 전문가의 정보를 포함한 민간인력정보를 위치와 매핑되도록 저장하는 단계, 민간인력정보를 권역별로 분류하여 드론긴급운용팀을 구성하고, 드론긴급운용팀을 관리하는 비행단장의 현장 지휘소 단말을 지역별로 배정하는 단계, 적어도 하나의 공공기관 서버로부터 수집된 재난상황정보에 기반하여 드론긴급운용팀의 운영여부를 결정하는 단계, 드론긴급운용팀의 운영여부가 결정되는 경우, 현장 지휘소 단말로 현장출동명령을 전송하는 단계, 및 적어도 하나의 긴급운용단말로부터 적어도 하나의 드론의 촬영영상을 기 설정된 시간 단위로 나누어 스트리밍받는 단계, 및 스트리밍된 촬영영상을 위치에 대응되도록 지도에 매핑하여 업로드하는 단계를 포함한다.",G06Q50/26;G09B29/003;B64C39/024;H04N21/234;B64U2101/30;G06Q50/30;B64C2201/127;G06Q50/40,NAT DISASTER MANAGEMENT RES INST,20190405,2019,KR,1,True,True,True
69441806,CN-110796369-A,Task tracking management system,,"The invention discloses a task tracking management system, which comprises a task dispatching module, a task tracking module and a task tracking module, wherein a manager dispatches tasks and appoints an executor; the task reassigning module is used for executing the tasks by the executor or reassigning the tasks to the executor at the next stage when the tasks are assigned to the executor, so that the step-by-step or skip-by-step assignment is realized; the task reminding module is used for reminding the executor to complete and submit the task in a short message mode automatically when the preset advance reminding time point of the task is reached; the task auditing module is used for auditing the dispatched task nodes step by step in the auditing process and returning to the task initiator for approval confirmation; the task tracking module can check the task flow situation at any time after assigning the task and master the whole task flow according to the flow time node; the problem of confusion and repeated labor in the management of the engineering project of the power grid company is solved; in the process work, the coordination is disordered, and a task scheduler cannot track the execution and completion conditions of the tasks in time.",,G06Q50/06;G06Q10/06311,GUIZHOU POWER GRID CO LTD,20191029,2019,CN,1,False,False,True
71748384,CN-111476465-B,Method and system for cooperatively constructing progress of nuclear power equipment in engineering stage,,"The invention discloses a method and a system for cooperatively constructing progress of nuclear power equipment in an engineering stage, wherein the method comprises the following steps: generating endowed attributes of the equipment according to the equipment design; acquiring the planned arrival time of the equipment according to the purchase scheme; a room handover plan and a system installation completion report handover plan formulated according to the endowed attribute of the equipment and the construction scheme; obtaining a planned installation time of the device according to the endowed attribute of the device, the room handover plan and the system installation completion report handover plan; calculating a difference value according to the planned installation time and the planned arrival time; and judging whether the actual safety requirements are met according to the difference value, if the actual safety requirements are not met, calculating the variable function value according to the attribute given to the equipment, and pre-judging the risk and sending out an early warning signal. The invention realizes the coordination of upstream and downstream progress by taking equipment as an object, and achieves the requirements and targets of accurate goods supply, smooth construction and stock decompression.",,G06Q10/06313;G06Q10/0635;G06Q10/087;G06Q10/103;G06Q50/08;Y04S10/50,,20200324,2020,CN,1,True,False,True
72809286,KR-20200112560-A,"Integrated support system of monitoring field, and methof thereof",현장 통합 지원 시스템 및 그 방법,"The present invention provides an integrated field support system and a method thereof which select an optimal location to secure safety of a field command post. The system comprises: a portable harmful gas sensor to measure a moving regional harmful gas concentration, and transmit a measured harmful gas concentration and location information in real-time; a control device to receive the measured harmful gas concentration and the location information from the portable harmful gas sensor, match the harmful gas concentration and the location information by linking to a geographic information system (GIS) to generate a contamination region map, and generate a candidate location of a field command post based on the contamination region map and designation information related to installation of the field command post to transmit the candidate location to at least one related organization server or related organization terminal; and a smart situation board connected to the control device in a wired or a wireless manner to display the contamination region map and the candidate location on a screen.","현장 통합 지원 시스템 및 그 방법이 제공된다. 여기서, 이 시스템은 이동하는 지역의 유해가스 농도를 측정하고, 측정한 유해가스 농도와 위치 정보를 실시간으로 전송하는 휴대형 유해가스 감지기, 상기 휴대형 유해가스 감지기로부터 상기 측정한 유해가스 농도 및 상기 위치 정보를 수신하고, 지리 정보 시스템(Geographic Information System, GIS)과 연동하여 상기 유해가스 농도와 상기 위치 정보를 매칭하여 오염 지역 지도를 생성하며, 현장지휘소 설치에 관한 지정 정보와 상기 오염 지역 지도를 기초로 상기 현장지휘소의 후보 위치를 생성하여 적어도 하나의 유관기관 서버 또는 유관기관 단말에게 전송하는 제어 장치, 그리고 상기 제어 장치와 유선 또는 무선으로 연결되어, 상기 오염 지역 지도 및 상기 후보 위치를 화면에 표시하는 스마트 상황판을 포함한다.",G09B29/007;G06Q50/10;G08B25/14;G06Q50/26;G01N33/0027;G08B21/10;G06F16/29,TAN SAN ELECTRONICS;UNIV HOSEO ACAD COOP FOUND,20190322,2019,KR,2,True,False,True
74224662,CN-112258361-A,Unmanned aerial vehicle intelligence real-time command management system,,"The invention provides an intelligent real-time command management system for an unmanned aerial vehicle. The unmanned aerial vehicle intelligent real-time command management system comprises a communication control station, a command and dispatch center and an unmanned aerial vehicle system, wherein the electrical output end of the unmanned aerial vehicle system is electrically connected with the electrical input end of the communication control station and the electrical input end of the command and dispatch center, and the unmanned aerial vehicle system comprises an unmanned aerial vehicle aircraft subsystem, a task and equipment subsystem, a measurement and control and information transmission subsystem, a command and control subsystem, an emission and recovery subsystem and a guarantee and maintenance subsystem. The intelligent real-time command management system for the unmanned aerial vehicle, provided by the invention, can transmit various information to the patrollers and the commanders in real time, is more convenient for the patrollers to command and acquire the security information of each forest area, and greatly improves the safety and the efficiency of the patrollers.",,B64U2201/20;B64C39/024;G06Q10/0631;G06Q50/26,ZZTF NANJING AVIATION RES INSTITUTE CO LTD,20200820,2020,CN,1,False,False,True
74508461,CN-112365368-A,Method and system for managing highway construction based on BIM technology,,"The invention relates to the technical field of highway construction management, in particular to a method and a system for managing highway construction based on a BIM technology. The method and the system for managing the highway construction based on the BIM technology enhance the communication coordination of all parties, dynamically master the participation condition of each party of a project in real time, enhance the dynamic management of the process, interactively confirm through an informationized means, enhance the management standardization of the construction process, provide powerful and reliable guarantee for cost saving, enhance the responsibility consciousness, ensure that each transaction can be responsible for the person through each task allocation and task tracking, carry out a visual management mode, enhance the understanding of the participating parties on the project and reduce the communication cost.",,G06Q10/0631;G06Q50/08;G06Q10/103,GUIZHOU ZHONGZHI IOT TECH CO LTD,20201105,2020,CN,1,False,False,True
74926428,CN-112488446-A,Intelligent manufacturing MES system,,"The invention discloses an intelligent manufacturing MES system, which comprises a production scheduling module, a work order issuing module, a work order coordination module, a work order execution module, a production control module, a production monitoring module, a data acquisition module, equipment management, quality process control, monitoring information release, production management and a production report And (5) zooming out and hiding.",,Y02P90/30;G06Q10/103;G06Q10/06315;G08C17/02;G06Q10/06395;G06Q10/0631;G06Q50/04,JANDA ELECTRIC CO LTD,20201102,2020,CN,1,False,False,True
74994071,CN-112529376-A,Gas pipeline-third party construction coupling hidden danger identification and management system,,"The invention discloses a gas pipeline-third-party construction coupling hidden danger identification and management system, which comprises a third-party construction management module, a supervision coordination module, a hidden danger management module, a task management module and a data management module, wherein the third-party construction management module is used for acquiring and analyzing third-party construction information and finishing information interaction between a gas company and a third-party construction unit; the supervision coordination module is used for assigning work order personnel of the gas company to perform dispatching, routing inspection, special supervision and coordination tasks on the pipelines in the third-party construction range; the hidden danger management module is used for managing and analyzing hidden danger data in the third-party construction process; the task management module is used for managing and analyzing the third-party construction hidden danger processing data; the data management module is used for storing and processing system data; the invention has the advantages that: the intelligent interaction platform of the gas company and a third-party construction unit is provided, and the informatization level of third-party construction management and the identification and treatment strength of the third-party construction hidden danger are improved.",,G06Q50/08;G06Q10/103;G06Q10/0639;G06Q10/06311,HEFEI ZEZHONG CITY INTELLIGENT TECH CO LTD;BEIJING INSTITUTE TECH;HEFEI INST PUBLIC SAFETY RES TSINGHUA UNIV,20201127,2020,CN,2,True,False,True
77135277,CN-113240356-A,Intelligent tower crane cooperative control system and method based on task tree model,,"The application provides an intelligent tower crane cooperative control system and method based on a task tree model. The method allows the engineering operation to be issued in the mode of descriptive information such as natural language and work order tables, converts the descriptive information of the engineering operation into a temporal correlation sequence consisting of a series of operation tasks, combines the equipment state parameter information of the intelligent tower crane and the real-time perception information of a working scene, executes matching of the operation tasks, the equipment state and the working scene of the intelligent tower crane, and performs task tree decision and cooperative scheduling on the basis of the temporal correlation sequence, so that an instant operation instruction is issued to each intelligent tower crane in the intelligent tower crane cluster in an autonomous decision mode, conflicts in the aspects of space and material are avoided, and the coordination control and adjustment capacity of the intelligent tower crane cluster is enhanced.",,G06N5/01;G06Q10/0631;G06Q50/08;G06Q10/06316,HANGZHOU DAJIE INTELLIGENT TRANS TECHNOLOGY CO LTD,20210712,2021,CN,2,True,False,True
77533237,CN-113359828-A,Unmanned aerial vehicle control right handover method based on air-ground cooperation,,"The invention provides an unmanned aerial vehicle control right handover method based on air-ground coordination, wherein the takeoff and recovery of an unmanned aerial vehicle are controlled by a ground station, and the unmanned aerial vehicle is handed over by a helicopter and the ground station when preparing to execute an aerial task and after finishing the task, namely the unmanned aerial vehicle is controlled by the helicopter in a task stage, so that the reconnaissance area of the unmanned aerial vehicle is not limited any more, a helicopter commander can directly acquire the state of the unmanned aerial vehicle, and the response and processing efficiency of emergency situations is improved. The task execution area of the unmanned aerial vehicle is not limited by a ground station any more, and the unmanned aerial vehicle can execute tasks by flying to a farther area along with a helicopter; the helicopter commander can know the state of the unmanned aerial vehicle in time, thereby avoiding the danger of the unmanned aerial vehicle approaching the helicopter and improving the flight safety; the helicopter instructs the unmanned aerial vehicle in the air, shortens the loop of the whole information decision, and reduces the action lag caused by mutual waiting in the mixed formation of the unmanned aerial vehicle and the human.",,G05D1/104,XIAN AISHENG TECH GROUP CO LTD;UNIV NORTHWESTERN POLYTECHNICAL,20210609,2021,CN,1,False,True,False
77771624,US-12106242-B2,"Multi-vehicle coordination-based vehicle scheduling system and method, electronic apparatus, and storage medium",,"A multi-vehicle coordination-based vehicle scheduling system and method, an electronic apparatus, and a storage medium. The scheduling system includes a parameter module configured for determining a scheduling parameter; a scheduling module configured for determining a scheduling result; a coordination module configured for determining a coordination impact value; a correction module configured for correcting the scheduling parameter, the correction module judging whether the coordination impact value is no less than a preset threshold, correcting the scheduling parameter based on a judgment result that the coordination impact value is no less than the preset threshold, and re-determining the scheduling result and the coordination impact value based on the corrected scheduling parameter; and an output module configured for outputting the scheduling result based on the judgment result that the coordination impact value is less than the preset threshold. Sequence order and task assignment problems when scheduling multiple vehicles are effectively solved.",,G06Q10/08355;G06Q10/06311;G06Q10/06316;G06Q10/0835,UISEE SHANGHAI AUTOMOTIVE TECH LTD,20200318,2020,EP;US;WO,4,True,False,True
78222589,US-12646123-B2,Systematic outage planning and coordination in a distribution grid,,"Disclosed is a system and method for automated outage and workflow planning system in a distributed electrical power grid with planned de-energization of electrical equipment as opposed to responding to an unplanned power outage. An automated system provides core conflict resolution and power outage planning. The present invention automatically notifies requestors of upcoming work orders. In addition, the present invention reduces scheduling inefficiencies by requiring requestors to confirm, decline, or edit on the fly their pending work order(s). The system also determines if all the orders are not completed and places the order back on the calendar for another day.",,G06Q10/06312;G01D4/002;H02J3/001;H02J13/34;Y04S10/18;Y04S10/12;Y02E60/00;Y02E40/70;H02J3/381;Y04S20/30;G06Q50/06,FLORIDA POWER & LIGHT CO,20200422,2020,US,2,True,True,True
78733370,CN-113743892-B,"Tracking processing method and device for power grid infrastructure problems, computer equipment and medium",,"The embodiment of the invention discloses a tracking processing method, a device, computer equipment and a medium for a power grid infrastructure problem. Wherein the method comprises the following steps: responding to a power grid infrastructure problem reported by a problem initiating node, forming a solution measure item aiming at the power grid infrastructure problem, and transmitting the solution measure item to at least one level of auditing node for item auditing; when an audit passing response matched with the solution item is detected, an electronic work order matched with the solution item is formed, and the electronic work order is issued to a matched responsible processing node for problem processing; and tracking and detecting at least one monitoring parameter in the electronic work order in real time, and executing a matched tracking processing strategy according to a tracking and detecting result. According to the embodiment of the invention, through the method, the problems of real-time statistics and tracking management of project information and problem conditions of the power grid infrastructure are solved, the improvement of working efficiency is realized, the reduction of error risks and the project problem coordination process control are realized.",,G06Q10/103;G06Q10/0635;G06Q50/06;Y04S10/50,,20210827,2021,CN,2,True,False,True
80935637,KR-102378499-B1,Solution for scaling/reducing employing 5G image communication,5g영상통신을 이용한 영상 확대/축소 솔루션,"An embodiment relates to an image enlargement/reduction solution using 5G image communication. Particularly, this solution is used for a 5G-based IoT device for mounting on an accident management vehicle. In addition, an embodiment relates to a 5G device-based two-way response image system technique between a control center and a command vehicle so that the control (command) center can grasp and respond to an on-site situation in real time when a disaster occurs in a bridge or a large bridge. In this case, an SR GAN-based deep learning-based image enlargement technique for centralized control is provided. Therefore, an embodiment secures a support technique capable of preventing secondary collisions and minimizing damage through recognition of traffic accidents, rapid determination according to accident types, and responses thereto. In the event of a collision, the control center can the collision and can support images to so that the collision is identified and the control center can cooperate with related organizations (fire department, police station, etc.). In addition, situations can be accurately transmitted and collisions can be handled by using image sharing, based on 5G new technology, in an accident handling communication system such as a radio and a wired/wireless telephone between the existing accident management vehicle and the control center. In addition, IP speakers are installed in each road facility section to support selective evacuation/announcement broadcast such as distance-specific bypass guidance, front-accident guidance, and warning broadcasting guidance around accident points, thereby providing convenience and smooth measures.","실시예는 5G영상통신을 이용한 영상 확대/축소 솔루션에 관한 것이다. 
구체적으로, 이러한 솔루션은 사고관리차량 탑재용 5G 기반의 IoT 디바이스 장치에 사용하는 것이다. 그리고, 또한 교량 및 대교에서 재난, 재해 사고가 났을 경우, 상황을 관제(지휘) 센터에서 현장의 상황을 실시간으로 파악하고 대응할 수 있도록 5G 디바이스 기반의 관제 센터/ 지휘 차량 간 양방향 대응 영상체계 기술이다. 그리고, 이러한 경우에, 집중 관제를 위한 SR GAN 기반형 딥러닝 기반 영상확대 기술을 포함하는 것을 특징으로 한다. 
따라서, 이를 통해 실시예는 교통사고에 대한 인지, 사고형태에 따른 신속한 판단과 대응을 통해 2차 추돌사고를 방지 및 피해 최소화할 수 있는 지원 기술확보를 제공한다. 
그리고, 충돌사고 발생 시, 관제 센터에서 이를 확인하고 유관기관(소방청, 경찰청 등)과 연계 협력이 이루어 질 수 있도록 영상 지원이 가능하다. 
또한, 기존 사고관리 차량과 관제 센터 간의 무전기, 유무선전화기 등 사고수습 의사교환 체계를 5G 신기술 기반 영상공유를 통해 정확한 상황 전달 가능 및 충돌사고 대처가 가능하다. 
이에 더하여, 또한 IP스피커를 통하여 도로시설물 구간별로 설치하고 사고지점을 중심으로 거리별 우회도로 안내, 전방 사고 안내, 경보방송 안내 등 선별 대피/안내방송 지원을 통해 편의와 원활하 조치를 제공한다.",H04H20/59;H04L61/2007;H04N7/141;H04L67/12;H04N21/4882;G06N3/08;H04N21/814;H04L61/302;H04N7/18;H04N7/0117,IGIO CO LTD,20211026,2021,KR,1,True,True,False
81018053,CN-114331369-B,Product production management system based on two-level analysis,,"The application provides a product production management system based on two-level analysis, which comprises an MES system, wherein the MES system is used for acquiring production orders and production data of target products, carrying out automatic matching and logic operation according to the production orders and the production data, generating MES work order information and generating a product bar code according to the MES work order information, the production data comprises process basic information, a process route basic table, material main information, a process and material comparison information, and the MES work order information comprises order quantity, production date, process path information and process material BOM information. The product production management system based on the secondary analysis can build a product production management, product tracing and after-sales service system of a unified identification system based on the secondary analysis, realize resource sharing and service coordination, and provide data support for purchase optimization, intelligent manufacturing and large-scale customization modes.",,Y02P90/30,,20211230,2021,CN,1,True,False,True
81583122,KR-102393285-B1,System and method for remote collaboration based on realistic content between field boundaries and command control in edge cloud,엣지 클라우드에서 현장 경계와 지휘 통제 간 실감 콘텐츠 기반의 원격 협업 시스템 및 방법,"A remote collaboration system according to an embodiment of the present invention includes: a client terminal for generating observation data by sensing an observation target; an edge terminal for extracting scalar information on the basis of observation data received from the client terminal, determining a normal or abnormal state of the observation target on the basis of the scalar information, and transmitting the observation data to a central server when a state is in an abnormal state; the central server that transmits situation information obtained by determining a situation of the observation target on the basis of the observation data received from the edge terminal to a control server; and the control server that performs a predetermined protocol according to the situation information. The system is used for robots, drones, and self-driving cars that require real-time data processing and interworking, and can be used for a new artificial intelligence ICT infrastructure interlocked with 6G technology in the future.","본 발명의 일 실시예에 따른 원격 협업 시스템은 관측 대상을 센싱하여 관측 데이터를 생성하는 클라이언트 단말; 상기 클라이언트 단말로부터 수신한 관측 데이터를 기초로 스칼라 정보를 추출하여 상기 스칼라 정보를 기초로 상기 관측 대상의 정상 또는 이상 상태를 판별하여 이상 상태인 경우에 상기 관측 데이터를 중앙 서버로 전송하는 엣지 단말; 상기 엣지 단말로부터 수신한 상기 관측 데이터를 기초로 상기 관측 대상의 상황을 판별한 상황 정보를 관제 서버에 전송하는 중앙 서버; 및 상기 상황 정보에 따라 기 정해진 프로토콜을 수행하는 관제 서버를 포함하여 실시간 데이터 처리와 상호 연동이 필요한 로봇, 드론, 자율주행자동차 등에 활용되어, 향후 6G 기술과 맞물려지는 새로운 인공지능 ICT 인프라에 활용이 가능하다.",G02B27/017;H04L69/26;G06Q10/103;G06Q10/063;H04L67/289;G06N20/00;G06N3/08;G06Q50/10,AST HOLDINGS CO LTD,20211101,2021,KR,1,True,False,True
82826192,KR-20220109929-A,Smart radioactive prevention system,스마트 방사능 방재 지휘 통제시스템,"The present invention relates to a smart radioactivity prevention commanding and controlling system capable of minimizing life/property damage by providing an integrated commanding and controlling service through alerts, evacuation guidance, an exposure situation, traffic information, and image provision by closely linking a site, a private company, a related agency, an administrative agency, and central government in a radiation leakage accident; and maximizing command and control efficiency by effectively supporting an emergency response procedure and a corrective measure. Since an integrated control server performs a control tower function for managing and controlling each related system, the present invention effectively prevents and reduces confusion and time consumption of victims due to provision of different information and countermeasure of each related system for a conventional radiation leakage accident.","본 발명은 방사능 누출사고 시, 현장, 민간업체, 유관기관, 행정기관 및 중앙정부와 긴밀하게 연동하여 경보, 대피유도, 피폭현황, 교통정보 및 영상 제공을 통해 통합적인 지휘 및 통제서비스를 제공으로써 신속하고 체계적인 대응 서비스를 제공하여 인명/재산피해를 최소화함과 동시에 비상대응절차 및 조치사항 수행을 효과적으로 지원하여 지휘 및 통제의 효율성을 극대화시킬 수 있고, 통합관제서버가 각 관련시스템을 관리 및 제어하는 컨트롤 타워 기능을 수행함으로써 종래에 방사능 누출 사고에 대한 각 관련시스템의 서로 다른 정보 및 대처방안 제공으로 인한 이재민의 혼란, 시간소모 등을 효과적으로 방지 및 절감시킬 수 있는 스마트 방사능 방재 지휘 통제시스템에 관한 것이다.",G06Q50/26;G06Q50/10;G21D3/06;H04N7/18;G06Q50/30;G06F3/048;G06T11/00;G06T19/00,LODICS CO LTD;ULJU GUN ULSAN METROPOLITAN CITY,20210129,2021,KR,2,True,True,True
82844349,KR-102426910-B1,Apparatus for 5G IoT device employing accident management vehicle,사고관리차량 탑재용 5G 기반의 IoT 디바이스 장치,"An embodiment relates to a 5G-based IoT device for mounting an accident management vehicle. Specifically, the IoT device comprises a 5G device-based video system technology for two-way responds between a control center and a command vehicle to allow the control (command) center to identify and respond to a situation in real time in case of a disaster or catastrophic accident on a bridge or large bridge. Additionally, the IoT device comprises a deep learning-based video magnification technology for centralized control and an IP speaker control technology for establishing a response system for each section. Therefore, the embodiment provides a support technology that can prevent secondary collisions and minimize damage through recognition of a traffic accident and rapid judgment and response according to a type of the accident. In addition, in case of a collision accident, video support is available such that the control center can check the collision accident and cooperate with related organizations (fire department, police station, etc.). Additionally, accurate transfer of a situation and response to the collision are possible through the 5G new technology-based video sharing for an existing accident handling communication system between an accident management vehicle and the control center, such as walkie-talkies and wired/wireless phones. Furthermore, IP speakers are installed for each road facility section and support selective evacuation/announcement such as detour guidance by distance centering on an accident point, forward accident guidance, and warning announcement, to provide convenience and smooth measures.","실시예는 사고관리차량 탑재용 5G 기반형 IoT 디바이스 장치에 관한 것이다. 
구체적으로, 이러한 IoT 디바이스 장치는 교량 및 대교에서 재난, 재해 사고가 났을 경우, 상황을 관제(지휘) 센터에서 현장의 상황을 실시간으로 파악하고 대응할 수 있도록 5G 디바이스 기반형 관제 센터/ 지휘 차량 간 양방향 대응 영상체계 기술이다. 그리고, 이러한 IoT 디바이스 장치는 이에 더하여, 집중 관제를 위한 딥러닝 기반 영상확대 기술과 구간별 대응체계 수립을 위한 IP스피커 제어기술을 포함하는 것을 특징으로 한다. 
따라서, 이를 통해 실시예는 교통사고에 대한 인지, 사고형태에 따른 신속한 판단과 대응을 통해 2차 추돌사고를 방지 및 피해 최소화할 수 있는 지원 기술확보를 제공한다. 
그리고, 충돌사고 발생 시, 관제 센터에서 이를 확인하고 유관기관(소방청, 경찰청 등)과 연계 협력이 이루어 질 수 있도록 영상 지원이 가능하다. 
또한, 기존 사고관리 차량과 관제 센터 간의 무전기, 유무선전화기 등 사고수습 의사교환 체계를 5G 신기술 기반 영상공유를 통해 정확한 상황 전달 가능 및 충돌사고 대처가 가능하다. 
이에 더하여, 또한 IP스피커를 통하여 도로시설물 구간별로 설치하고 사고지점을 중심으로 거리별 우회도로 안내, 전방 사고 안내, 경보방송 안내 등 선별 대피/안내방송 지원을 통해 편의와 원활하 조치를 제공한다.",H04L67/146;H04L67/12;G08B3/10;G08G1/091;G06T3/4053;G06Q50/26;G06Q50/30;H04N7/18;G08B25/016,IGIO CO LTD,20211026,2021,KR,1,True,True,True
83378791,CN-115130692-A,Equipment cloud monitoring system,,"The invention discloses an equipment cloud monitoring system which comprises a cloud platform, an equipment data acquisition module, an equipment asset management module, an equipment asset multi-dimensional display module, a maintenance management module, a work order management module, a maintenance planning module, a spare part management module, an equipment internet of things access module, a mobile coordination module, an equipment management signboard, a yield statistics signboard, a real-time query module, a reminding module and an alarm module, wherein the equipment data acquisition module is used for acquiring the data of equipment assets; the invention has the beneficial effects that: aiming at the current situation that timely process data cannot be acquired manually, the cloud monitoring system provides an equipment production data real-time acquisition function based on the intelligent gateway, and a user can effectively reduce the acquisition cost of related personnel through real-time query; by utilizing a signal representation and identification technology, the running condition of the equipment and the damage position and severity of the fault are diagnosed in real time, and when the equipment has an overrun fault, maintenance personnel are reminded to take measures in time; the equipment is detected when the overrun fault occurs, so that the detection accuracy of the overrun fault of the equipment is improved, and the false alarm is avoided.",,G06Q10/06311;G06Q10/20,CASICLOUD CLOUD MANUFACTURING TECH ZHEJIANG CO LTD,20220614,2022,CN,1,False,False,True
83757894,CN-115271567-B,Property service data analysis method and system based on work order scheduling platform,,"The invention provides a property service data analysis method and system based on a work order scheduling platform. The property service data analysis method comprises the following steps: the property service system sends work order information generated by each task execution mechanism in task execution to a work order scheduling platform, and the work order scheduling platform combines a work order monitoring time period setting model to set and monitor a monitoring time period for work order information reception; after receiving the work order information, the work order scheduling platform analyzes and identifies the data of the work order information to obtain the task execution state of each task execution mechanism, calls the work order information required by the task execution mechanism to the corresponding task execution mechanism, and performs coordination scheduling on the task execution among the task execution mechanisms of the property service system; and visually displaying the coordination scheduling condition of the work order scheduling platform by using the IOC platform. The system comprises modules corresponding to the method steps.",,G06Q50/163;G06Q10/0631,,20220930,2022,CN,2,True,False,True
84101467,KR-20220147817-A,Simulation training and evaluation system for fire fighting activity on-scene command system,소방활동 현장지휘체계 시뮬레이션 훈련 및 평가 시스템,"The present invention relates to a simulation training and evaluation system for a fire-fighting activity on-scene command system, which performs training, wherein an on-scene commander commands a fire-fighting activity for each fire type, through a simulation to evaluate and manage the same. According to the present invention, the simulation training and evaluation system for a fire-fighting activity on-scene command system, which enables a fire-fighting commander to perform the fire-fighting activity on-scene command system through a personal terminal and receive evaluation, includes: a scenario editing server (100) which edits a training scenario of a fire situation for each fire type to implement simulation training content, so that the on-scene commander can get education training through the personal terminal; a learning management system (LMS) server (200) which evaluates and manages a training result of the on-scene commander performing training through the personal terminal through the simulation training content implemented by the scenario editing server (100); and a training evaluation database server (300) which stores and manages data generated through the scenario editing server (100) and the LMS server (200). The LMS sever (200) is interconnected with the training evaluation database server (200) to be able to be interconnected with simulation training content for each fire type of the fire-fighting activity on-scene command system. Training content and user information are provided to be able to be modified and deleted through a web.","본 발명은 현장지휘관이 화재유형별로 소방활동을 지휘하는 훈련을 시뮬레이션을 통해 수행하고 이를 평가하여 관리할 수 있도록 하는 소방활동 현장지휘체계 시뮬레이션 훈련 및 평가 시스템에 관한 것이다. 
본 발명에 따른 소방활동 현장지휘체계 시뮬레이션 훈련 및 평가 시스템은 소방 지휘관이 개인 단말기를 통해 소방활동 현장지휘체계 훈련을 수행하고 평가받을 수 있도록 하는 소방활동 현장지휘체계 시뮬레이션 훈련 및 평가 시스템으로서,  
현장지휘관이 개인 단말기를 통해 교육 훈련을 할 수 있도록 화재유형별 화재상황의 훈련 시나리오를 편집하여 시뮬레이션 훈련 콘텐츠를 구현하는 시나리오 편집 서버(100)와; 상기 시나리오 편집 서버(100)에 의해 구현된 시뮬레이션 훈련 콘텐츠를 통하여 개인 단말기로 훈련을 수행하는 현장지휘관의 훈련 결과를 평가 관리하는 LMS(Learning Management System) 서버(200)와; 상기 시나리오 편집 서버(100) 및 LMS 서버(200)를 통하여 생성되는 데이터를 저장하고 관리하는 훈련 평가 데이터베이스 서버(300);를 포함하되, 상기 LMS 서버(200)는 훈련 평가 데이터베이스 서버(200)와 연동되어 화재유형별 소방 활동 현장지휘체계 시뮬레이션 훈련 콘텐츠와 연동이 가능하며, 훈련 내용 및 사용자 정보를 Web을 통해 조회 및 수정, 삭제할 수 있도록 제공된다.",G06Q10/105;G06Q10/06398;A62C99/0081;G06Q50/10;G06Q50/26;G06F30/20;G06N3/0475;G09B9/00;G06Q10/0637;G06Q50/20,CORESENSE CO LTD,20210428,2021,KR,2,True,True,True
84406806,KR-20220160374-A,Method of providing clothing producing matching and apparatus performing the same,의류 생산 매칭 및 협업 서비스 제공 서버 및 이를 실행하는 장치,"A server for providing clothing production, matching, and collaboration services according to an embodiment of the present invention comprises: a database in which clothing production factory information received from a factory terminal is stored; a tag generation unit which generates a plurality of tags by using the clothing production factory information stored in the database; a weighted value allocation unit which, upon receiving a work order for a production target clothing from a client terminal, assigns a weighted value to a tag matching the information on the work order; and a factory matching unit which calculates the total weighted value for the corresponding factory by using the weighted value assigned to each tag of the factory identifier, extracts the corresponding factories based on the calculated total weighted value, and generates and provides a recommended factory list. Therefore, the server can match a client and a factory so that the client can produce clothing through a collaboration process when the client produces products via a factory.","본 발명의 일 실시예에 따른 의류 생산 매칭 및 협업 서비스 제공 서버는 공장 단말로부터 수신된 의류 생산 공장 정보가 저장되어 있는 데이터베이스, 상기 데이터베이스에 저장되어 있는 의류 생산 공장 정보를 이용하여 복수의 태그를 생성하는 태그 생성부, 의뢰자 단말로부터 생산 대상 의류에 대한 작업 지시서를 수신하면, 상기 작업 지시서 상의 정보와 매칭되는 태그에 가중치를 할당하는 가중치 할당부 및 상기 공장 식별자 각각의 태그에 할당된 가중치를 이용하여 해당 공장의 전체 가중치를 산출하고, 상기 산출된 전체 가중치에 따라 해당 공장을 추출한 후 공장 추천 리스트를 생성하여 제공하는 공장 매칭부를 포함한다.",Y02P90/30;G06Q10/06393;G06Q10/0633;G06Q10/0637;G06Q10/103;G06Q50/04,BAE KWON;CHUNG YOO SUK,20210527,2021,KR,1,False,False,True
84949593,CN-115641090-A,"Item distribution method, item distribution system, computer device, and medium",,"The invention discloses a method, a system, a computer device and a medium for distributing items, which automatically identify execution departments for execution according to matching conditions of a processing work order and the execution departments contained in the processing items after matching corresponding processing items according to reported information, and when the processing work order is not bound with the execution departments, automatically match the execution departments by re-matching the corresponding execution departments according to identification characters after splitting the reported information into identification characters by using semantic identification, thereby preventing the corresponding execution departments from being incapable of being accurately matched due to unclear division of authority of the departments, solving the problems that in the prior art, the processing work orders contained in the processing items are more, and when the authority of the execution departments involved in the processing work order is not clear, the communication coordination efficiency among the execution departments is low easily, and improving the processing efficiency of the processing items.",,Y02P90/30,BEIJING BEIMING SHUKE INFORMATION TECH CO LTD,20221107,2022,CN,1,False,False,True
85321835,KR-20230031085-A,Robot and controlling method thereof,로봇 및 그 제어 방법,"A robot is disclosed. The robot includes a sensor, a driving unit, a communication interface, and a processor. The processor acquires first context data through the sensor, receives second context data acquired by at least one other robot through the communication interface, identifies at least one of the first context data and the second context data based on a collaboration scenario between the robot and the other robot, obtains task information corresponding to the robot by inputting the identified at least one context data to a preset task assignment algorithm related to collaboration, and controls the driving unit based on the obtained task information. Accordingly, since a plurality of robots can receive tasks necessary for collaboration between the plurality of robots and provide services without the intervention of a management server, user convenience can be improved.","로봇이 개시된다. 로봇은 센서, 구동부, 통신 인터페이스 및 프로세서를 포함한다. 프로세서는 센서를 통해 제1 컨텍스트(context) 데이터를 획득하고, 적어도 하나의 타 로봇에 의해 획득된 제2 컨텍스트 데이터를 통신 인터페이스를 통해 수신하고, 로봇 및 타 로봇의 협업 시나리오에 기초하여 제1 컨텍스트 데이터 및 제2 컨텍스트 데이터 중 적어도 하나의 컨텍스트 데이터를 식별하고, 협업과 관련된 기 설정된 태스크 할당 알고리즘에 식별된 적어도 하나의 컨텍스트 데이터를 입력하여 로봇에 대응되는 태스크 정보를 획득하고, 획득된 태스크 정보에 기초하여 구동부를 제어할 수 있다.",G05D1/69;B25J13/006;B25J9/1682;B25J11/008;G06Q10/06316;B25J9/1664;G06Q10/103;B25J9/1661;B25J5/007;G06Q10/0633;G06Q50/12;G05D1/0293;G05D1/0274;G06Q10/06;B25J9/16;G06Q10/10;B25J11/00;B25J5/00;G05D1/0287;G05D1/02,SAMSUNG ELECTRONICS CO LTD,20210826,2021,KR;WO,2,False,False,True
86118996,CN-116051321-A,Data management and control and application system for distributed education big data,,"The invention belongs to the technical field of work order task coordination, and particularly relates to a data management and control and application system of large data of distributed education, which comprises the following steps: s1: receiving an interaction instruction sent by a client; s2: acquiring an interaction instruction, extracting an interaction appointed keyword, arranging an upstream responsible person under a corresponding department according to the keyword, and marking the upstream responsible person as an initial upstream responsible person; s3, constructing a chat dialogue box between the client and the initial upstream responsible person, and processing the client problem by the initial upstream responsible person; the method for collaborative processing of worksheets in multitasking mode can enter upstream responsible persons of multiple departments simultaneously through constructing the multi-person chat dialog box to take charge of handling customer problems, meanwhile, the initial upstream responsible person judges and pulls upstream responsible persons of other departments, collaborative efficiency is improved, the initial upstream responsible person introduces the problems to the secondary upstream responsible person, omission is avoided, and customer experience is improved.",,Y02D10/00;G06Q50/205;G06Q10/06316,JIANGSU QINGYAN TECH CO LTD,20221211,2022,CN,1,False,False,True
86182322,CN-116071052-A,Comprehensive management system for subway field section,,"The invention relates to a comprehensive management system for subway field segments, which comprises: a hardware framework for providing an operating hardware environment for managing the software units; and the work order management module is used for generating a maintenance work order corresponding to the to-be-processed fault work order task according to the on-duty condition and the specialty corresponding to the to-be-processed fault work order task when receiving the to-be-processed fault work order task for the subway field section, and sending the maintenance work order to the work order to enable the work order to dispatch according to the maintenance work order, so that the fault elimination of the to-be-processed fault work order task is completed. The system of the invention realizes the functions of fault work order management, maintenance plan management, on-duty management, user information management and statistical analysis, provides informationized means for the management of the secondary dispatching fault work order, reduces the use of paper work orders and plans, improves the information transmission speed, improves the fault maintenance efficiency, and has the high efficiency and coordination consistency of dispatching comprehensive management.",,G06Q10/20;G06Q10/06311;G06Q50/26,BEIJING MTR CONSTRUCTION ADMINISTRATION CORP,20230406,2023,CN,1,False,False,True
92385124,CN-118536960-A,Distribution time determining system and equipment,,"The application discloses a distribution time determining system and equipment. The system comprises: the distribution terminal is used for sending the time of the second task of the first distribution object to the dispatching center; the first delivery vehicle and the second delivery vehicle are respectively used for sending the time of the fourth task of the first delivery vehicle and the time of the sixth task of the second delivery vehicle to the dispatching center; a dispatch center for determining a time of a first handover task based on the times of the second and fourth tasks, and determining a time of a second handover task based on the times of the first handover task and the sixth task; the distribution terminal is used for determining the time of the first task based on the time of the second handover task; the first delivery vehicle and the second delivery vehicle are configured to determine times of a third task and a fifth task based on times of the first handoff task and the second handoff task, respectively. Compared with a mode of neglecting the time of the first handover task, the time of the second handover task is determined based on the time of the first handover task, and the accuracy of the obtained time is higher.",,G06Q10/063114;G06Q10/083;G06Q10/1097,BEIJING SANKUAI ONLINE TECH CO LTD,20230222,2023,CN,1,False,False,True
92565784,CN-118607865-A,"Processing method, architecture, device, equipment and storage medium for work order delivery",,"The embodiment of the application provides a processing method, a framework, a device, equipment and a storage medium for work order delivery, wherein the method comprises the following steps: the first server side sends work order information to the first terminal; receiving test data which is transmitted by the first terminal and corresponds to the work order information and passes verification; and sending the test data to a second service end, so that the second service end sends the test data to a second terminal and receives client return visit information sent by the second terminal, wherein the client return visit information is used for indicating whether to confirm the test data. Therefore, the embodiment of the application can solve the problems that in the prior art, the work order delivery needs to be processed by clients and delivery personnel at the same time on the delivery site, and the coordination difficulty of the delivery process is high, so that the work order delivery is difficult to comprehensively manage.",,G06Q10/10;G06Q10/0631,CHINA TELECOM CO LTD,20240617,2024,CN,1,False,False,True
93349507,CN-118940990-A,Welding work order dispatching method based on nuclear power safety production management platform,,"The invention belongs to the technical field of nuclear power weld joint management, and particularly relates to a welding work order dispatching method based on a nuclear power safety production management platform. The method comprises the following steps: s1: pushing a welding cooperation list to a welding management system through a nuclear power safety production management platform; s2: after receiving the welding coordination list, the welding management system initiates a welding application programming and a welding application submitting based on the welding coordination list; s3: preparing a welding file and generating a welding line welding work order; s4: after the preparation of the welding work order of the welding seam is completed, the welding task is dispatched; s5: after the welding task is executed, recording welding completion data; s6: the welding management system sends welding completion data to a nuclear power safety production management platform; s7: and the nuclear power safety production management platform performs the total record of the completed data. The beneficial effects are that: the existing nuclear power safety production management platform is fully utilized, and the development cost of a welding management system is saved.",,G06Q50/06;G06Q10/103;G06Q10/06316;Y04S10/50,CNNC NUCLEAR POWER OPERATION MAN CO LTD,20240708,2024,CN,1,False,False,True
94031525,CN-119250450-B,Construction progress control method in engineering supervision,,"The invention discloses a construction progress control method in engineering supervision, which comprises the steps of calculating current on-time completion rate and process handover delay time of each subcontractor according to a real-time progress data set and a pre-established engineering project network diagram, identifying progress fluctuation modes of different engineering stages through a time sequence analysis method, building a correlation model of the subcontractor and the engineering stages, dynamically adjusting a construction plan and a resource allocation scheme of each subcontractor according to a priority score by taking the minimum whole construction delay and the resource idling as objective functions and utilizing an optimization algorithm to generate an optimized project progress plan, wherein the optimized project progress plan comprises specific work arrangement and resource allocation suggestions of each subcontractor, analyzing a successful coordination strategy in a history project, recommending coordination measures and generating a set of communication matrixes for project managers according to the characteristics and progress conditions of the current project, and the coordination measures comprise resource allocation suggestions, process optimization schemes and communication strategy templates.",,G06Q10/06314;G06Q10/0631,,20240927,2024,CN,2,True,False,True
94305165,CN-119358872-A,Data analysis system and method for intelligent community service platform,,"The invention relates to the technical field of community service platform management, in particular to a data analysis system and a method for an intelligent community service platform, comprising the following steps: the system comprises a platform data acquisition module, a target screening module to be coordinated, a maintenance progress analysis module and a work order coordination planning module, wherein equipment maintenance reservation data and equipment maintenance work order receiving data on a community service platform are acquired through the platform data acquisition module, maintenance delay risk coefficients of maintenance personnel are analyzed through the target screening module to be coordinated, maintenance work order to be coordinated targets are primarily screened out, a maintenance progress prediction model is established through the maintenance progress analysis module, maintenance conditions of the primarily screened maintenance work order to be coordinated targets are predicted, final maintenance work order to be coordinated targets are screened out through the work order coordination planning module, and prompt and coordination are carried out on maintenance work orders received by the screened targets, so that living equipment use problems of community residents are helped to be solved timely.",,G06Q50/22;G06Q10/20;G06Q10/06311,JINGJIANG DONGSHENG ASSET MAN CO LTD,20240906,2024,CN,1,False,False,True
95592491,CN-119963163-A,Information system operation maintenance service supervision optimization system,,"The invention discloses an information system operation maintenance service supervision optimization system, which relates to the field of service supervision and comprises an operation maintenance service supervision platform, wherein an information system management module, a data acquisition module, a data verification module, a supervision coordination module, a data analysis module and a supervision optimization module are arranged in the operation maintenance service supervision platform; the system comprises an information system management module, a data acquisition module, a data verification module, a supervision coordination module, a data analysis module and a supervision optimization module, wherein the information system management module is used for inputting system information and historical service work order data and constructing an operation and maintenance service association diagram, the data acquisition module is used for acquiring work order monitoring data, the data verification module is used for verifying the work order monitoring data according to the operation and maintenance service association diagram to generate work order data packets, the supervision coordination module is used for carrying out coordination allocation on data processing resources according to the work order data packets, the data analysis module is used for carrying out analysis on the work order data packets to generate operation and maintenance monitoring data according to analysis results, and the supervision optimization module is used for carrying out optimization processing on service work order data according to the operation and maintenance monitoring data.",,Y04S10/50,NANJING CHENGQUAN ELECTRONIC TECH CO LTD,20250113,2025,CN,1,False,False,True
96240922,CN-120278570-A,Intelligent monitoring system for logistics distribution of supply chain,,"The invention relates to the technical field of logistics distribution management, and discloses an intelligent monitoring system for logistics distribution of a supply chain, which comprises a multidimensional monitoring module and an intelligent distribution module. The intelligent monitoring system for logistics distribution of the supply chain acquires management data of all work orders and distribution data of all logistics vehicles through the multi-dimensional monitoring module, and classifies the management data and the distribution data into a data set, the intelligent distribution module analyzes production estimated speed of each work order, finishes average processing speed of each processing flow, divides daily throughput, analyzes configuration quantity of each work order corresponding to the logistics vehicles according to different types of logistics vehicles, forms a corresponding distribution plan, flexibly plans the distribution plan, improves resource configuration efficiency, the intelligent distribution module analyzes transportation state of each logistics vehicle, generates monitoring data sets and distribution estimated time length, evaluates vehicle state in a mobile processing process and distribution state of the work orders, generates corresponding early warning signals, and has high dynamic management coordination efficiency.",,G06Q10/083;G06Q10/06393,Jiangsu chaoda logistics co ltd,20250225,2025,CN,1,False,False,True
96270256,CN-120297883-A,Road and government work order generation method and system for intelligent coordination of vehicle and road,,"The application relates to the technical field of data processing, and provides a road and government work order generation method and system for intelligent cooperation of a vehicle and a road. The method comprises the steps of cooperatively collecting vehicle road state data of a target road through a vehicle-mounted terminal and a road side unit, verifying road damage based on the vehicle road state data to generate a disease verification result, performing maintenance authentication according to the verification result, collecting traffic flow and dynamically calculating maintenance priority, returning the target road, the verification result and the priority to a system, filling in a work order template according to fields to generate a first road political work order, connecting a service distribution system, and executing distribution and storage management of the work order. The application solves the technical problems of low work order generation efficiency and poor accuracy caused by manual input and insufficient data verification in the traditional road government work order generation, and realizes the technical effects of collecting vehicle road state data through a vehicle terminal and a road side unit, automatically verifying road diseases and improving the automation degree and the accuracy of the road government work order generation.",,G06F40/186;G06Q10/20;G06Q10/06316;G06Q10/10,INTELLIGENT INTERCONNECTION TECH CO LTD,20250304,2025,CN,1,False,False,True
97007491,CN-120655007-A,Coal yard safety equipment management method and system based on environment monitoring,,"The invention relates to the technical field of coal yard safety management and environment monitoring, and discloses a coal yard safety equipment management method and system based on environment monitoring, wherein the method comprises the steps of collecting environment data and equipment running state data in real time; generating an environment-running state-equipment association data set, eliminating interference data caused by production stoppage maintenance and operation planning, carrying out abnormal marking on data exceeding a preset safety threshold at any point in the association data set, carrying out risk index calculation on the abnormally marked data to obtain a risk index, generating a safety equipment action list based on a risk level automatic matching library, carrying out conflict detection on the action list, an equipment maintenance work order and an energy scheduling plan, and dynamically adjusting according to a safety priority-production guarantee-energy saving optimization principle. The invention effectively improves the instantaneity, accuracy, coordination and automation level of the coal yard safety management.",,G06F18/2431;G06F18/23;G06Q50/02;G06Q10/20;G06Q10/04;G06Q10/0635;G06Q10/06313;G06Q10/06312,NANJING RUISHI INTELLIGENT SECURITY TECH CO LTD,20250529,2025,CN,2,True,False,True
97453443,CN-120875359-A,"Multi-source data fusion-based intelligent power disaster decision and movement cooperative system, equipment and storage medium",,"The invention relates to the technical field of power system management, and discloses a power disaster intelligent decision and movement cooperative system, equipment and a storage medium based on multi-source data fusion. The system comprises a rule management module, an intelligent decision module and a mobile coordination module, wherein the rule management module is used for configuring a multi-disaster dynamic rule base supporting icing, forest fire and flood prevention, associating sensor threshold values with treatment strategies, the intelligent decision module is used for accessing sensor data streams such as weather, icing thickness and water level in real time, generating a treatment work order through rule matching by a rule engine, and the mobile coordination module is used for pushing the work order to a terminal and integrating a geographic information visualization interface, receiving on-site treatment images and progress feedback and realizing work order state closed-loop tracking. The system adopts a distributed architecture to process high concurrency data, combines role authority control to ensure data security, solves the problems of lag response, fragmentation disposal and low cooperative efficiency of the traditional disasters, and realizes the whole-flow mobile cooperative management of disaster sensing, decision making, execution and verification.",,G06F16/278;G06N20/00;G06N5/041;G06F16/29;G06Q50/06;G06Q10/20;G06Q10/06311,ELECTRIC POWER RES INSTITUTE CHINA SOUTHERN POWER GRID CO LTD,20250715,2025,CN,1,False,True,True
97467445,CN-120875688-B,Nuclear energy operation and maintenance optimization method based on map driving,,"The invention relates to the technical field of intelligent operation and maintenance, in particular to a nuclear energy operation and maintenance optimization method based on map driving, which comprises the following steps: and acquiring equipment data and maintenance records, matching the marking states, screening a maintenance strategy, extracting a fault path by combining semantic reasoning, classifying deviation to generate an adaptability label, screening undisturbed tasks, extracting work order mapping distribution, judging and executing unbalance, calculating the periodic difference of the resource and task ratio record, and generating an operation and maintenance progress monitoring structural index. According to the invention, the accurate evaluation of the health state is realized through the mapping relation between the operation data and the maintenance record construction equipment and the working condition, the fault path and the deviation degree are identified by combining semantic reasoning, the adaptability of the maintenance strategy and the working condition is improved, the task interference risk is avoided, the load fluctuation is identified by means of the work order execution data, the resource input benefit evaluation mechanism is constructed by combining the resource and the task quantity comparison, and the fault prediction accuracy, the task execution coordination and the resource configuration rationality are improved.",,G06F18/24;G06F40/30;G06Q50/06;G06Q10/20;G06Q10/06393,,20250925,2025,CN,2,True,False,True
98118703,CN-121212679-A,Multi-target cooperative scheduling method for lamp installation system and maintenance resource,,"The invention discloses a multi-target cooperative scheduling method for a lamp installation system and maintenance resources, and relates to the technical field of industrial manufacturing. The multi-objective collaborative scheduling method based on the three-dimensional evaluation matrix, the abnormal level, the equipment value and the maintenance worker skill is innovatively provided, so that maintenance tasks are automatically distributed to nearest skill matching personnel, and work orders are pushed in real time through micro-letters. The system integrates the AGV and the maintenance robot to cooperatively operate, wherein the AGV automatically distributes spare parts according to a maintenance scheme, and the maintenance robot receives disassembly and assembly guidance by means of AR (augmented reality) glasses, so that the maintenance efficiency of complex equipment is improved. Meanwhile, a cross-factory resource borrowing mechanism is established, when the local spare parts are insufficient, the adjacent factory stock is automatically searched, and an allocation instruction is generated, so that the efficient sharing and coordination of the multi-factory maintenance resources are realized. The method remarkably improves abnormal response speed, equipment utilization rate and maintenance resource scheduling intellectualization level, and is suitable for large-scale distributed manufacturing scenes.",,,NINGBO HOMELINK ECO ITECH CO LTD,20250923,2025,CN,1,False,False,True
98285076,CN-121303476-A,Multi-park-oriented equipment operation and maintenance work order dispatching method and path planning system,,"The application provides a multi-park-oriented equipment operation and maintenance work order dispatching method and a path planning system, and belongs to the technical field of multi-park management. The method comprises the steps of constructing a digital twin model of six-level topology of &#39;park-building-space-equipment-accessory-operation and maintenance personnel&#39;, splitting an operation and maintenance work order into feature vectors of skill requirements, accessory requirements and energy consumption sensitivity, generating an initial dispatching scheme and path planning based on the topological relation and the feature vectors, and dynamically adjusting the dispatching scheme and the path planning according to real-time feedback of an equipment monitoring system in the execution process. The application realizes the integrated intelligent decision and dynamic optimization of accessories, personnel, paths and energy consumption, effectively solves the problems of difficult resource coordination and response delay in multi-park operation and maintenance, and remarkably improves the operation and maintenance efficiency and the resource utilization rate.",,,WUHAN QICHUANG POWER DIGITAL TECH CO LTD,20251212,2025,CN,2,True,False,True
98474951,CN-121390760-A,Secondary transfer system and method for fusing historical worksheets and job matching traffic complaints,,"The invention relates to the technical field of intelligent work order processing, in particular to a system and a method for secondarily transferring traffic complaints by integrating historical work orders and functions, comprising an interface service layer, a processing layer and a processing layer, wherein the interface service layer is configured to receive work order requests and return transfer results to realize a null value fault tolerance mechanism, and the system is used for automatically replacing a work order title or call content with &#39;none&#39; when the work order title or call content is null, and dynamically selecting final processing content based on the states of the title and the call content; the intelligent transferring engine dynamically prompts the engineering module, and has the beneficial effects that the dispatching accuracy is remarkably improved through a double verification mechanism, a verification basis is provided for historical work order experience, and department function matching ensures the correspondence of rights and responsibilities. In practical application, the accuracy rate of complex work order processing is improved to more than 93%, cross-department coordination errors are reduced by 70%, and the success rate of first dispatch of fuzzy complaints of responsibilities is improved to 89%.",,,INSPUR CLOUD INF TECH CO LTD,20251030,2025,CN,1,False,False,True
98579836,CN-121457875-A,Intelligent dispatching method and system for container terminal trucks based on multiple driving modes,,"The invention discloses an intelligent dispatching method and system for container terminal trucks based on a multi-driving mode, comprising the steps of constructing a full-flow system architecture integrating a central dispatching platform, a vehicle-mounted intelligent terminal and a sensing and communication network, collecting basic data of vehicles, tasks, road networks and environments, constructing a multi-objective optimization function, establishing a dangerous goods risk integration model, respectively setting mathematical constraints for task assignment, path planning, hybrid driving coordination, dynamic path tracking and mode switching to form a multi-dimensional mathematical model, adopting an improved non-dominant ordering genetic algorithm solution model to generate a personalized dispatching scheme comprising vehicle-task assignment, path planning, time requirements and risk control rules, respectively adopting MPC dynamic path tracking for unmanned vehicles, providing visual and voice state guiding for manual driving vehicles through the cooperation of the central dispatching platform and the vehicle-mounted intelligent terminal, and implementing hybrid driving coordination control to ensure the operation efficiency of the vehicles and the transportation safety of dangerous goods.",,G06N3/126;G06Q50/40;G06Q10/06311,UNIV HUBEI TECHNOLOGY,20250919,2025,CN,1,False,False,True
98751537,CN-121543888-A,Intelligent object management full-state system management application,,"The invention discloses an intelligent object management state management system and method, and belongs to the technical field of property management informatization. The system comprises a central server and a user terminal communicated with the central server, and integrates a plurality of business modules such as comprehensive project management, financial charging, warehouse management, personnel attendance, special vehicle management, municipal sanitation management and the like. The core of the invention is that through the cooperative operation of the modules, the data island of each department in the traditional property management is broken, and the automation of the cross-department business process is realized. For example, the work order generated by the system can automatically call personnel, materials and vehicle resources to complete the whole-flow closed-loop management from task issuing to cost accounting. Meanwhile, the system is used for interfacing external requirements through the owner service applet and automatically generating various operation reports. The invention effectively solves the problems of low management efficiency and rough management of the traditional property, and realizes the intelligent and refined management of property states and the efficient coordination of resources.",,G06Q50/163;G06Q10/103;G06Q10/105;G06Q10/063,QINGDAO DEXIN ZHENSHAN SMART URBAN OPERATION SERVICE CO LTD,20251125,2025,CN,1,False,False,True
98822015,KR-102926114-B1,Hospital disaster computer system,병원 재난 전산 시스템,,"본 발명은 병원 내외 재난, 사고 등이 초래될 경우를 대비한 훈련과 실제 재난, 사고 등의 발생에 있어 의료서비스의 중지 및 혼선이 없이 상시적으로 병원 내외 재난훈련을 가능토록 하여 병원 관계자들에게 명확한 역할 부여 및 이에 따른 상황 대응, 지휘체계, 협업, 평가 및 미비점 보완 등이 이루어짐에 따라 실제 재난, 사고 발생시 즉각적인 대응 및 의료서비스의 지속성을 유지하는 병원 재난 전산 시스템에 관한 것으로, 교육자로 하여금 재난상황 설정 및 피교육자로 하여금 설정된 재난상황에 대한 대응을 입력 가능하게 하여 실시간 재난상황 훈련과 소통을 가능하게 하는 입력부(100); 입력부(100)에 입력된 교육자의 재난상황 설정 데이터 및 피교육자의 대응 데이터를 저장 및 관리하여 성과 평가와 개선을 가능하게 하는 서버부(200); 서버부(200)에 저장된 데이터를 적어도 한 구역 이상 분할된 화면으로 출력하여 교육자 및 피교육자로 하여금 가시적으로 재난상황 및 재난상황에 대한 대응내역을 확인 가능하게 하는 출력부(300);로 구성되며, 상기 입력부(100);는, 재난상황 설정과 피교육자에 대한 임무를 할당 가능한 교육자입력부(110); 교육자입력부(110)에 의해 설정된 재난상황에 대한 대응을 입력 가능한 피교육자입력부(120);로 구성되어 교육자가 설정한 재난상황에 대하여 피교육자의 대응능력 및 피교육자들간 소통 협업을 이루어지도록 하고, 상기 교육자입력부(110);는, 재난상황의 명칭, 장소, 시간, 목표, 교육자 정보가 포함된 기본정보를 입력 가능하게 하는 기본정보입력부(111); 재난상황 교육내용, 시간, 진행 교육자 정보가 포함된 교육프로그램 정보를 입력 가능하게 하는 교육프로그램입력부(112); 재난상황 발생 및 각 재난상황에 대한 안내 메시지를 순차적으로 발송하고 발송되는 메시지의 저장 및 수정, 발송 순서를 입력 가능하게 하는 메시지입력부(113); 재난상황 교육이 실시되는 병원 정보를 입력 가능하게 하는 병원정보입력부(114); 재난상황의 피교육자의 연락처, 근무부서, 직종, 직책을 포함하는 피교육자정보를 입력 가능토록 하고 입력된 피교육자정보를 수정 입력이 가능한 피교육자정보입력부(115); 재난상황에 대한 요약정보를 입력 가능하게 하여 피교육자로 하여금 재난상황을 문자로 확인할 수 있도록 하는 재난정보입력부(116); 재난상황 하에 피교육자의 활동 팀과 임무를 입력 가능하게 하는 팀및임무할당부(117); 재난상황 하에 활용 가능한 물품의 종류와 수량을 입력 가능하게 하는 물품입력부(118); 피교육자들의 재난상황 대응 결과 및 시기를 설정, 삭제 가능하게 구성하는 사고조치입력부(119);를 포함하며, 상기 피교육자입력부(120);는, 재난상황의 대응 내용을 작성 및 전송 가능하게 하는 피교육자메시지입력부(121); 피교육자에게 할당된 임무와 설정된 팀의 변경, 자구 수정 입력을 가능하게 하는 정보변경부(122);를 포함하고, 상기 피교육자메시지입력부(121);는, 재난상황 발생시 메시지 전송으로 피교육자간 소통을 위한 문구를 설정 및 추가 입력을 가능하게 하는 입력설정부(121a);를 더 포함하고, 상기 출력부(300);는, 입력부(100)에 교육자가 입력하는 정보를 토대로 적어도 한 구역 이상 구분된 화면으로 출력하여 교육자의 재난상황 설정과 피교육자의 대응내역을 확인 가능하게 하는 교육자출력부(310); 입력부(100)에 피교육자가 입력하는 정보를 토대로 적어도 한 구역 이상 구분된 화면으로 출력하여 피교육자간 대응과 임무의 완수하도록 하는 피교육자출력부(320);로 구성되어 피교육자간 협업과 재난상황 훈련이후 피교육자의 훈련성과 평가 및 개선점을 파악할 수 있도록 하며, 한편, 상기 교육자입력부(110) 상에는 피교육자입력부(120)와 달리 피교육자입력부(120)에 비해 추가로 재난상황에 능숙한 전문가를 구별할 수 있는 사용자 인증이 추가로 이루어지고, 또한, 상기 교육자입력부(110)의 각 기본정보입력부(111); 교육프로그램입력부(112); 메시지입력부(113); 병원정보입력부(114); 피교육자정보입력부(115); 재난정보입력부(116); 팀및임무할당부(117); 물품입력부(118); 사고조치입력부(119);에는 데이터를 입력하기 위해 각각 분할된 화면이 제공되고, 공란에 데이터를 입력하는 방법으로 각각의 기본정보, 교육프로로그램 정보, 피교육자정보, 병원정보가 입력됨과 아울러 출력부(300) 상에도 입력이 필요한 정보를 공란으로 설정하고 이에 대한 데이터 입력이 가능한 화면을 제공하며, 그리고, 피교육자정보입력부(115) 상에는 피교육자의 연락처, 근무부서, 직종, 직책을 작성 가능한 문서를 제공하는 문서제공부(115a); 문서제공부(115a)의 제공 문서에서 피교육자의 연락처, 근무부서, 직종, 직책에 대한 기재내용을 문자판독하는 문자판독부(115b); 문자판독부(115b);에 의해 판독된 문자를 피교육자의 연락처, 근무부서, 직종, 직책별로 구분하여 입력되도록 하는 판독문자자동입력부(115c);를 더 포함하고, 또한, 상기 교육자출력부(310) 상에는 기본정보입력부(111)에 입력되는 기본정보를 토대로 교육목록을 출력하는 교육목록출력부(311); 기본정보입력부(111)의 기본정보에 포함된 교육자 정보를 토대로 교육자목록을 출력하는 교육자목록출력부(312); 메시지입력부(113)에 저장된 메시지를 출력하는 교육메시지출력부(313); 피교육자정보입력부(115) 및 팀및임무할당부(117)에 입력된 피교육자별 팀과 임무를 구분하여 표 형식으로 출력하는 피교육자및부서출력부(314); 피교육자의 접속 여부를 확인 가능하게 출력하는 접속출력부(315); 피교육자별 대응내역을 확인 가능하게 구성하고 대응내역을 일지로 구성하여 출력하는 일지출력부(316); 사고조치입력부(119)의 재난상황 대응 결과 및 시기를 설정, 삭제 가능하도록 출력하는 사고조치출력부(317);를 더 포함하여 이루어진다.",G09B9/00;G06Q50/2057;G06Q10/0639;G06F3/048;G16H40/20,KNL CO LTD;KIM YOUNG JIN;CHOI DAI HAI,20241224,2024,KR,1,True,True,True
98846282,CN-121581792-A,Work order full-flow intelligent circulation system with base surface facing hotline,,"The invention provides a work order full-flow intelligent circulation system with base-oriented hotline, belonging to the crossing field of artificial intelligence and digital government technology, the invention disassembles the whole work order flow of the hotline into subtasks completed by six special agents of work order acceptance and semantic understanding, classification and routing, dispatch and scheduling, treatment execution, result checking and feedback, citizen evaluation and data analysis. The agents communicate and cooperate based on the MCP protocol, and the MCP server is used for uniformly calling tools, inquiring a knowledge base and managing contexts, so that precise understanding, efficient dispatching, closed-loop treatment and intelligent analysis of citizen appeal are realized. The system effectively solves the problems of dependence on manpower, low efficiency, unsmooth circulation, difficult tracing and the like in the traditional heat-line work order processing, and realizes the automation, the intellectualization and the coordination of the whole work order processing flow.",,G10L15/26;G06F40/30;G06N20/00;G06N5/022;G06N3/006;G06Q50/26;G06Q10/06316;G06Q10/06311;G06Q10/103,INSPUR SMART CITY TECH CO LTD,20251112,2025,CN,1,False,False,True
98962459,CN-121638757-A,Intelligent work order dynamic scheduling processing method based on multi-source data fusion,,"The invention discloses an intelligent work order dynamic scheduling processing method based on multi-source data fusion, which is characterized in that data fusion layers are used for collecting internet of things data, resource data and personnel data, an intelligent decision layer is used for analyzing the internet of things data in real time to create a pre-diagnosis work order or manually create a fault work order and submit the fault work order to the intelligent decision layer, when the work order enters a system, the intelligent decision layer calculates comprehensive scheduling scores for all maintenance personnel meeting the conditions, the work order is automatically distributed to the personnel with the highest scores and all information is pushed to a communication terminal of the maintenance personnel, warehouse inventory is automatically checked through a resource coordination layer while dispatching, and after maintenance is completed, the result and the time are recorded back to the system to form a self-learning closed loop. The invention changes from &#39;people looking for something&#39; and &#39;people looking for something&#39; to &#39;people looking for something&#39; and &#39;things are good&#39;, is a fundamental innovation of operation and maintenance modes, can improve the average efficiency of people, reduce the cost and get rid of excessive dependence on personal experience.",,G06F16/283;G06Q10/063112,ZHUHAI PUTIAN HUIKE INFORMATION TECH CO LTD,20251127,2025,CN,1,False,False,True
99115178,CN-121726006-A,Automatic distribution method and system for gynecological nursing tasks,,"The invention relates to the technical field of resource scheduling, in particular to an automatic distribution method and system for gynecological nursing tasks, comprising the following steps of acquiring task data and counting intensive grades, and extracting action information and patient state, judging task executability, generating personnel capability mapping by combining the completion condition and the shift task quantity, and generating an automatic allocation scheme according to the priority and the personnel number. According to the invention, through multidimensional extraction and association analysis of task density, operation elements, patient states and personnel performances, accurate identification of task execution conditions and operation adaptation grading are realized, action sequencing and matching assignment are completed by combining personnel capacity and task priority, the degree of fit between tasks and personnel and feasibility of path execution in the assignment process are enhanced, the task completion efficiency and stability are improved, and the response speed of nursing task assignment, the reasonable degree of resource utilization and the coordination level of the whole flow are further promoted.",,,UNIV NANTONG,20251224,2025,CN,1,False,False,True
99155788,CN-121745586-A,"Personnel deployment method, device, equipment and storage medium",,"The embodiment of the application discloses a personnel deployment method, a device, equipment and a storage medium, wherein the method comprises the steps of determining the predicted quantity of a first type of worksheets of a first grid in a first time period; the first grid is any one of a plurality of grids obtained by dividing a target area, a first objective function is constructed based on the work order prediction quantity, a first objective parameter value when the first objective function takes the minimum function value is determined, the function value of the first objective function indicates the cost of a first deployment scheme, the first objective deployment scheme indicated by the first objective parameter value comprises the target quantity of ground staff with first skills distributed to the first grid, and the ground staff is deployed according to the first deployment scheme. By applying the ground staff deployment method in the embodiment of the application, the demand prediction can be performed in advance, the skill matching degree can be improved, the space-time coordination can be performed efficiently, and the dynamic adjustment capability can be improved.",,,NANJING LEADING TECH CO LTD,20251219,2025,CN,1,False,False,True
99340664,CN-121836190-A,Intelligent vehicle operation management system in field of ocean engineering construction,,"The invention discloses a vehicle intelligent operation management system in the field of ocean engineering construction, which relates to the field of vehicle operation management and comprises a vehicle intelligent operation management platform, a work order generation module, a driver execution module and a site regulation and control module, wherein the work order generation module analyzes the vehicle use condition of an engineering project and generates a work order list, the driver order receiving module is used for receiving orders and executing tasks for allocation tasks in the work order generation module, and the site recording module regulates and controls the vehicle use according to the actual condition of a construction site. According to the invention, the vehicle dispatcher, the on-site driver and the on-site responsible person are connected, the vehicle requirements of the construction task and the vehicle information are combined, the construction vehicle is precisely allocated, the vehicle is reasonably regulated and controlled in real time, an intelligent information interaction platform is constructed, the real-time monitoring of the vehicle state, the dynamic matching of the transportation requirements and the precise issuing of the dispatching instructions are realized, and the transfer efficiency and the resource coordination level of the ocean engineering equipment are effectively improved.",,G06Q10/0631;G06Q10/103;G06Q10/06315,COOEC FLUOR HEAVY IND CO LTD,20251219,2025,CN,1,False,False,True
99483371,KR-102949504-B1,Portable tvws (tv white space) integrated battery pack for disaster response and military tactical operations,재난 및 군 전술 작전을 위한 장병 휴대용 tvws 통합 배터리 팩,,"본 발명은 재난 및 군 전술 작전을 위한 장병 휴대용 TVWS 통합 배터리 팩에 관한 것으로, 해결하고자 하는 과제는 다수의 군사장비를 동시에 운용하는 환경에서 전력 제어와 TVWS(TV White Space) 기반 무선 통신을 통합하여, 안정적 전력 공급과 실시간 지휘 통신을 동시에 수행하는데 있다. 
일례로, 전력을 저장하고 일정 전압으로 변환하여 출력하며, 통신 신호와 통합된 전력 신호를 단일 케이블을 통해 다수의 군사장비로 전달하는 전력 공급부; 상기 전력 공급부의 출력을 제어하고, 각 군사장비에 전력을 분배하며, BMS(Battery Management System)와 NMS(Network Management System)를 기반으로 전력 상태와 통신 상태를 감시하는 전력 제어부; 상기 전력 공급부와 상기 전력 제어부의 제어 하에 전력 신호와 데이터 신호를 통합하여 전송하며, TVWS(TV White Space) 기반 무선 네트워크를 통해 외부 지휘체계 서버와 양방향 통신을 수행하는 무선 연동부를 포함하는 재난 및 군 전술 작전을 위한 장병 휴대용 TVWS 통합 배터리 팩을 개시한다.",H04W4/90;H04W24/04;H04W24/02;H04W16/14;H04W12/03;H02J7/855;H02J7/82;H02J7/60;H01M50/574;H01M50/247;H01M10/4257,BATTERY POWER SOLUTIONS;NZIA CONNECT INC;KIM YU SEOK,20251027,2025,KR,1,True,True,True
