publication_number,application_number,country_code,kind_code,family_id,filing_date,priority_date,publication_date,grant_date,title_en,title_ko,abstract_en,abstract_ko,claims_en,cpc_codes,ipc_codes,assignees,assignee_countries,hit_context,hit_cpc
CN-119933803-A,CN-202510340368-A,CN,A,95545540,20250321,20250321,20250506,0,Mine post-disaster environment advanced detection robot,,"The invention discloses a mine post-disaster environment advanced detection robot which comprises key component modules such as an environment advanced detection module, a communication module, an information fusion module, a carrying module, a walking obstacle crossing module, a power supply module, a control module and the like. The advanced detection and the map construction of the post-disaster environment of the mine are realized by the multi-source cooperation collection of the post-disaster air environment, the geological morphology and the personnel information of the mine through various sensors, radars, life detectors, the carried metamorphic robot, the carried flying robot and the like of the robot. The system provides more scientific and comprehensive detection information for the rescue command center, helps rescue workers to make rescue decisions more quickly after rescue, and improves safety and high efficiency of actions after disaster.",,,,E21F17/00;B62D55/116;B62D55/065;B25J11/00;E21F17/18,UNIV CHINA MINING,,True,False
KR-200470606-Y1,KR-20130005301-U,KR,Y1,51409701,20130628,20130628,20140102,20140102,Emergency calling apparatus for elevator,엘리베이터 비상통화 연결장치,,"본 고안은 건물내 모기의 회선을 통한 인터폰 통화와, 비상 상황시에 인터폰 통화가 안되는 경우에 외부의 국선을 통한 유무선 전화 통화를 지원하는 엘리베이터 비상통화 연결장치에 관한 것으로서, 보다 상세하게는 외부와 유무선 전화 통화를 지원하기 위한 가동에 필요한 전원으로 배터리 등의 별도의 전원공급수단을 사용하는 것이 아니라 국선의 전원을 이용하는 엘리베이터 비상통화 연결장치에 관한 것이다.  
본 고안에 따른 엘리베이터 비상통화 연결장치는 마이크 및 스피커를 이용한 통화를 지원하는 통화지원부와,  건물내 모기의 회선과 상기 통화지원부를 접속연결하는 트랜스정합부와,  외부의 국선과 상기 통화지원부를 접속연결하는 가입자선로정합부와,  상기 가입자선로정합부에 연결되는 상기 국선을 활성화시키는 선로선택부와,  비상버튼의 상태를 검출하여, 상기 트랜스정합부가 가동되도록 하는 비상버튼검출부와,  상기 트랜스정합부의 가동에 따른 상기 건물내 모기의 응답이 일정시간 이내에 없는 경우에 상기 선로선택부가 가동되도록 하는 슈퍼바이저부와,  상기 건물내 모기의 무응답으로 상기 선로선택부 및 가입자선로정합부가 가동되면 기설정된 외부전화로 발신되도록 하는 주제어부를 포함하여 이루어지되,  상기 슈퍼바이저부는 상기 국선의 전원을 구동전원으로 사용하는 것을 특징으로 한다.",,B66B5/021;H04M11/04,B66B3/00,,,True,False
CN-115631548-A,CN-202211350046-A,CN,A,84908430,20221031,20221031,20230120,0,Public security patrol platform based on big data,,"The invention discloses a public security patrol control platform based on big data, which relates to the technical field of public security patrol control and comprises an area division module, a command center, a personnel distribution module and a patrol control scheduling module; the region division module is used for carrying out statistical analysis on the alarm condition data daily accumulated in the alarm condition information fusion data platform, and determining and dividing the patrol control region; the command center is used for issuing patrol tasks according to the divided patrol areas and analyzing patrol attraction values of the patrol areas by utilizing the personnel allocation module; then allocating a corresponding number of patrol personnel to execute patrol tasks according to the patrol attraction values; when patrolmen perform patrolling tasks, the patrolling scheduling module is used for counting and analyzing the time which is easy to generate the emergency warning situation in the patrolling area, and patrolling the patrolling area at different time periods and different frequencies; for a period of high occurrence of the alarm condition in a certain patrol area, the patrol frequency can be reasonably adjusted, the possible emergency alarm condition in the patrol area can be effectively monitored, and the alarm condition processing efficiency is improved.",,,G07C1/20;G08B27/006,G08B27/00;G07C1/20,ANHUI ZHONGKE XINCHEN TECH CO LTD,,True,True
CN-119443782-A,CN-202411354627-A,CN,A,94524459,20240927,20240927,20250214,0,Coal mine major disaster risk prevention and control system and method based on artificial intelligence,,"The invention relates to the technical field of coal mine safety, in particular to a coal mine major disaster risk prevention and control system and method based on artificial intelligence, comprising a data acquisition module, a data transmission module, a data processing module, a disaster prediction module, a decision support module and a user interaction module, wherein the data acquisition module acquires coal mine environment data, the data transmission module transmits the acquired environment data to a ground control center, the data processing module is used for ensuring the accuracy and consistency of data through data preprocessing, data fusion and anomaly detection, the disaster prediction module is used for predicting potential disasters and generating a risk assessment report, the decision support module is used for providing an intelligent decision proposal and an emergency proposal according to a prediction result, and the user interaction module is used for providing a visual interface.",,,G06N3/04;G06N20/10;G06F18/24;G06F18/25;G06Q10/04;G06Q50/02;G06Q10/0635,G06Q50/02;G06Q10/04;G06N20/10;G06N3/04;G06F18/25;G06F18/24;G06Q10/0635,YUNDING TECH CO LTD,,True,False
CN-121032200-A,CN-202511135644-A,CN,A,97771694,20250814,20250814,20251128,0,Fire risk influence assessment method based on multi-source data space-time correlation analysis,,"The invention belongs to the technical field of data processing, and relates to a fire risk influence assessment method based on multi-source data space-time correlation analysis, which comprises the following steps: the method comprises the steps of multi-source data acquisition, text preprocessing, text word segmentation, fire sample set construction, keyword matching, named entity recognition, space-time matching, multi-source data fusion analysis, fire influence evaluation level judgment and result pushing, wherein the result of the fire influence evaluation level is pushed to an emergency command center system for reference decision of command personnel. The method realizes the efficient fusion of the multi-source unstructured alarm data and the structured event data, breaks the data island between the traditional alarm systems, realizes the event normalization processing through natural language processing and a space-time matching algorithm, avoids misjudgment and repeated response, improves the event identification accuracy, establishes a scientific and reasonable fire influence evaluation index system, and covers multiple dimensions such as site response intensity, casualties, social attention and the like.",,,G06Q50/265;G06Q10/0635,G06Q50/26;G06Q10/0635,CETC KESHUZHI TECH CO LTD,,True,True
CN-118987551-A,CN-202411426078-A,CN,A,93476536,20241014,20241014,20241122,0,Fire emergency water supply control system and method thereof,,"The invention discloses a fire emergency water supply control system and a method thereof, which relate to the technical field of fire control and comprise a distributed control network, a control system and a control system, wherein the distributed control network is used for establishing communication connection with a plurality of fire detection devices and a plurality of water supply devices, receiving and processing fire related parameters from various fire detection devices and controlling the operation of the water supply devices; the fire detection equipment is used for continuously collecting fire related parameters; a plurality of water supply devices including fire valves and fire pumps; the standby power supply module is used for supplying power to the system when the main power supply fails; and the remote monitoring and control module is used for carrying out data exchange with the fire control command center and receiving control instructions. The invention realizes accurate judgment and real-time tracking of fire conditions through multi-source information fusion and dynamic analysis, and greatly improves the accuracy and timeliness of system response.",,,G08B17/12;G08B17/117;G08B17/06;G08B17/10;G08B17/125;G08B25/12;G06F17/10;A62C31/00;A62C37/00,G08B25/12;G08B17/12;G08B17/117;G08B17/10;G08B17/06;G06F17/10;A62C31/00;A62C37/00,LINFEN CITY YAODU DISTRICT XINJIAXING TECH CO LTD,,False,True
CN-101847303-A,CN-200910061268-A,CN,A,42771913,20090326,20090326,20100929,0,Speech digital network fire alarm design based on single chip,,"The invention discloses a speech digital network fire alarm design system based on a single chip, wherein an AT89C51 single chip is used, an integrated temperature sensor AD590 and a gas sensor TGS202 are selected as the sensitive elements, and a speech digital network alarm applicable to the fire alarm of a small institute is developed by using a multi-sensor information fusion technology. The alarm hardware consists of a temperature smoke signal acquisition module, an audible and visual alarm module, the a single chip and a Modem communication module. The sudden change of the indoor smoke (CO2, CO) and temperature can be alarmed (audible and visual alarm); in the case of hardware faults (such as sensor drop, damage of internal device and the like), a fault alarm can be sent; if a parameter is abnormal (for example, the smoke concentration is excessively great or the temperature is excessively high,), an abnormity alarm signal can be sent such that the operator on duty can handle the situation on site; if both the smoke and the temperature are abnormal, a fire disaster happens, a fire alarm is sent, and the fire information is reported to a fire command center. The system is safe and reliable and ensures low rate of false alarm. Moreover, the system has wide application prospect due to the small size, convenient operation and maintenance, low cost, and the like.",,,,G08B17/00;G08B29/00,YVLING HE,,True,False
CN-120655084-A,CN-202510620319-A,CN,A,97005028,20250514,20250514,20250916,0,Disaster risk dynamic analysis system based on unmanned aerial vehicle data,,"The invention discloses a disaster risk dynamic analysis system based on unmanned aerial vehicle data, which comprises an unmanned aerial vehicle platform, a data transmission module and a ground control center, wherein the unmanned aerial vehicle platform comprises a data acquisition module, the data acquisition module is used for acquiring disaster site data, the data transmission module is used for transmitting the data in real time and accurately and has a data encryption function to ensure the data safety, and the ground control center comprises a data arrangement unit, a multi-source data fusion unit, a disaster prediction unit, an early warning unit and a display unit. According to the disaster development prediction method, various data can be collected rapidly through an unmanned aerial vehicle, the jagged data can be systematically processed through the data integration unit, and then the disaster can be analyzed and predicted through a prediction model constructed by a ground control center, so that the disaster development prediction accuracy and efficiency can be improved.",,,G06F2119/12;G06F2111/10;G06F30/27;G08B21/10;G06N5/01;G06N3/0464;G06F18/2411;G06F18/251;G06F18/213;G06F18/2113;G06F18/15;G06Q50/26;G06Q10/0635;G01J5/48;G01S13/88;G01N21/84;G01D21/02,G08B21/10;G06Q50/26;G06N5/01;G06N3/0464;G06F119/12;G06F111/10;G06F30/27;G06F18/25;G06F18/2411;G06F18/213;G06F18/2113;G06F18/15;G01S13/88;G01N21/84;G01J5/48;G01D21/02;G06Q10/0635,SICHUAN GEELY UNIV,,True,True
CN-108806297-A,CN-201810820378-A,CN,A,64077912,20180724,20180724,20181113,0,Traffic accident prevention system based on fusion big data analysis,,"The invention discloses a traffic accident prevention system based on fusion big data analysis, which comprises a vehicle-mounted terminal, a big data fusion platform, a hidden danger factor analysis platform and a command center terminal, wherein the vehicle-mounted terminal is in communication connection with the command center terminal, the command center terminal is in communication connection with the hidden danger factor analysis platform, and the hidden danger factor analysis platform is in communication connection with the big data fusion platform; the vehicle-mounted terminal is provided with a unique identification number and is used for acquiring the position information of the vehicle and interacting with a driver; the big data fusion platform is used for acquiring data and fusing the acquired data; the hidden danger factor analysis platform is used for analyzing the information obtained by fusion processing in the big data fusion platform to obtain a hidden danger object list; and the command center terminal is used for displaying the hidden danger object list obtained by the hidden danger factor analysis platform, and reminding a driver through the vehicle-mounted terminal when the distance between the running vehicle and the accident site or the potential safety hazard road section is within a set range.",,,G08G1/096775;G08G1/0967;G06Q50/26;G08G1/0125;G08G1/123,G08G1/01;G08G1/123;G08G1/0967;G06Q50/26,SICHUAN DIGIT LIGHTHOUSE TECH CO LTD,,False,True
CN-115691084-A,CN-202211344072-A,CN,A,85045936,20221031,20221031,20230203,0,Slope safety monitoring method and device based on multi-source heterogeneous sensor data fusion,,"The invention discloses a slope safety monitoring method and device for multi-source heterogeneous sensor data fusion, which comprises the following steps: step 1: designing the number and the type of the multi-source heterogeneous sensors and the arrangement position according to the pre-monitored slope; step 2: arranging the multi-source heterogeneous sensors at corresponding positions of the side slope, connecting the multi-source heterogeneous sensors with a data transmission module, and wirelessly connecting the data transmission module with a control center module; and step 3: the data transmission module transmits the environmental parameters acquired by the multi-source heterogeneous sensor to the control center module, and the control center module performs data fusion analysis; and 4, step 4: and judging the stability grade of the side slope, and timely giving out early warning when the side slope is in a more unstable or unstable state.",,,,G08B21/10;G08B25/10;G08B25/08;G08B31/00,XIAN CHANGDIKONGTIAN TECH CO LTD,,False,True
CN-122022712-A,CN-202511939717-A,CN,A,99687849,20251222,20251222,20260512,0,Intelligent community comprehensive command center dispatching system and method,,"The invention relates to the technical field of intelligent community management and service, and discloses a dispatching system of an intelligent community integrated command center, which comprises a private domain intelligent body command dispatching service station, a communication coordination module and a feedback evaluation module, wherein the private domain intelligent body command dispatching service station is used for constructing a localized and trusted intelligent dispatching center on a community level, the service station comprises a data fusion module, a task analysis module, a resource matching module, a communication coordination module and a feedback evaluation module, and community intelligent manager nodes are deployed in a community public area and are in communication connection with the command dispatching service station and used for collecting community environment data, resident behavior data and public facility state data and executing dispatching instructions from the service station. The intelligent decision-making capability is extended from the center to the edge and the terminal through the three-level architecture of the private domain intelligent agent command dispatching service station, the community intelligent manager node and the household intelligent manager terminal, so that the load pressure of a center server is reduced, and the quick sensing and accurate response of community public affairs and household private domain requirements are realized.",,,Y02P90/02,G06V40/20;G06V40/16;G06V10/764;G06Q50/26;G06N3/006;G06F9/54;G06F9/50;G06F9/48;G06Q10/10,SHANGHAI SHUYU IND GROUP CO LTD;SHANGHAI BATH & TECH RESEARCH CENTER,,False,True
CN-113344326-A,CN-202110482882-A,CN,A,77469326,20210430,20210430,20210903,0,System and method for identifying dynamic hidden danger and evaluating risk of multi-information fusion special operation site,,"The application provides a multi-information fusion special operation site dynamic hidden danger identification and risk assessment system and method. The system comprises: the special operation artificial olfaction detection unit acquires a response signal generated by gas at a special operation site, and the special operation visual detection unit acquires image information and video information of the special operation site; the calculation control center receives and summarizes response signals, image information and video information generated by the gas in the special operation field; the multi-information fusion potential safety hazard identification unit carries out scene matching according to the collected response signals of artificial olfaction and the image video of visual detection, identifies according to a multi-information fusion algorithm and marks the position of a potential hazard; and the risk assessment and intelligent early warning unit carries out real-time risk assessment on the risk degree in the operation process according to a risk grading algorithm. The invention solves the problems of lack of manual monitoring and safety monitoring information, incomplete identification factors, low detection accuracy, early warning lag and the like in the current special operation.",,,G06Q10/0635;G06Q10/06393;G06Q50/265;Y04S10/50,G06K9/00;G06Q50/26;G06Q10/06,UNIV XI AN JIAOTONG,,False,True
KR-20230131525-A,KR-20220028510-A,KR,A,88014164,20220307,20220307,20230914,0,A non-face-to-face electronic loan service system using a metabus platform,메타버스 플랫폼을 활용한 비대면 전자대출 서비스 시스템,"The present invention relates to a non-face-to-face electronic loan service system utilizing a metaverse platform, and more specifically, has the effect of providing a non-face-to-face electronic loan service between users and financial institutions without information leakage on the blockchain-based metaverse platform by accessing the blockchain-based metaverse platform, users may perform credit consultation (ChatBot) and application through the financial service department after signing up for membership through the membership registration form on the user terminal, and automatically submit personal and business owner authentication and ERP data, and receiving and confirming financial self-diagnosis, the personal and business owner authentication and the ERP data through the diagnosis service department, and monitoring the progress of the credit, verifying the business registration number and representative stated on the business registration certificate as business owner and representative authentication is carried out simultaneously with the credit application and is accessed through Hometax, proceeding with representative&#39;s identity verification to confirm that he/she is the representative of the applicant business through mobile authentication in the person&#39;s name and verification of the real-name account of the transaction bank, automatically transmitting data whose information consistency is verified by comparing it with Hometax information to the financial institution server for credit application after selecting the business registration number, data base year, and transmission data to obtain information by accessing an ERP system server linked to the service when applying for the credit, and identifying industry analysis, competitor analysis, business partner analysis, financial credit analysis, future projections, and diagnosis results reports through self-diagnosis.","본 발명은 메타버스 플랫폼을 활용한 비대면 전자대출 서비스 시스템에 관한 것으로서, 더욱 상세하게는 이용자 단말기에서 회원가입부를 통해 회원 가입한 후 블록체인 기반 메타버스 플랫폼에 접속하여 금융서비스부를 통해 여신상담(ChatBot) 및 신청과, 본인 및 사업자 인증과 ERP 자료의 자동 제출을 수행하고, 진단서비스부를 통해 재무 자가진단과, 본인 및 사업자 인증과 ERP 자료를 수신하여 확인하고, 여신의 진행 상황을 모니터링함으로써, 블록체인 기반 메타버스 플랫폼에서 정보의 유출 없이 이용자와 금융기관 간의 비대면 전자대출 서비스를 제공할 수 있고, 사업자 및 대표자 인증은 여신신청시 동시 진행됨은 물론 Hometax에 접속하여 사업자등록증에 명시된 사업자번호와 대표자를 확인할 수 있고, 신청 사업자의 대표자임을 확인하는 대표자 본인인증은 본인명의 모바일 인증 및 거래은행의 실명계좌 확인을 통해 진행할 수 있으며, 여신 신청시 서비스와 연계되어 있는 ERP시스템 서버에 접근하여 사업자번호, 자료기준년도, 전송자료를 선택하여 정보를 입수한 후 Hometax 정보와 비교하여 정보 정합성이 인증된 자료를 여신 신청을 위해 금융기관서버로 자동 전송할 수 있음은 물론 자가진단을 통해 산업분석, 경쟁기업 분석, 거래처 분석, 재무신용도 분석, 미래추정 및 진단결과보고서를 파악할 수 있는 효과가 있다.",,G06Q40/03;G06Q10/10;G06Q40/12;G06Q10/063;G06T19/003;G06T13/40;G06Q30/0631;H04L9/3213;H04L67/1097;H04L9/50,G06Q40/02;G06Q10/06;G06Q10/10;G06Q30/06;G06Q40/00;G06T13/40;G06T19/00;H04L9/32;H04L67/1097,MCG INC,KR,True,False
CN-111188597-A,CN-201911405768-A,CN,A,70705966,20191231,20191231,20200522,0,Safety monitoring system and method for marine riser in soft suspension state,,"The invention relates to a riser safety monitoring system and a method in a soft suspension state, wherein the system comprises a riser stress-strain monitoring system, a top flexible joint inclination angle monitoring system, a laser interference monitoring system, an information fusion center and a platform control center; the platform control center sends typhoon early warning instructions to each monitoring system when typhoon or other dangerous conditions exist near the platform; the stress-strain monitoring system of the information marine riser measures the stress-strain parameters of the marine riser in real time; the top flexible joint inclination angle monitoring system measures deflection angle parameters of a flexible joint at the top of the marine riser in real time; the laser interference monitoring system measures the central offset parameter of the marine riser in real time; the information fusion center compares each real-time measurement value with the parameter early warning value, and when the real-time measurement value is greater than the parameter early warning value, the information fusion center sends early warning information to the platform control center; the platform control center adjusts the speed and the direction of the platform. The invention can be widely applied to the petroleum pipeline monitoring field.",,,E21B44/00;E21B43/0107,E21B44/00;E21B43/01,CHINA NAT OFFSHORE OIL CORP;CNOOC RES INST CO LTD;CHINA OILFIELD SERVICES LTD,,True,False
CN-110858340-A,CN-201810958070-A,CN,A,69634742,20180822,20180822,20200303,0,Information and command integration method in security field based on information fusion technology,,"The invention relates to an information and command integrated method in the security field based on an information fusion technology, which comprises data fusion, system fusion and service fusion, wherein an information system generates event early warning through comprehensive information analysis and pushes two levels of early warning of emergency and emergency to a command center alarm receiving and processing system to generate early warning events; the information system carries out information research and judgment through comprehensive information analysis means such as dynamic management of key personnel and attention on most key objects, and the research and judgment results are pushed to the emergency command combat system; the system pushes the final information research and judgment result to a decision-making department in real time, and performs visual display through a large screen, an intelligent terminal and a GIS, quickly establishes a command model, and assists in performing accurate decision-making and one-key scheduling.",,,G06Q10/06311;G06Q50/26;G06Q10/0637,G06Q50/26;G06Q10/06,CHINA CHANGFENG SCIENCE TECHNOLOGY IND GROUP CORP,,True,True
KR-20200049462-A,KR-20190043614-A,KR,A,70677375,20190415,20181029,20200508,0,Safety management system using electronic safety fence based on composite sensor and safety management method,복합 센서 기반의 전자 안전펜스를 이용한 안전 관리 시스템 및 안전 관리 방법,"According to an embodiment, disclosed are a safety management system and a safety management method using a composite sensor-based electronic safety fence. The safety management system includes: an electronic safety fence including an imaging unit capturing an image of an object and a sensor unit outputting an ultrasonic signal to an approaching object and receiving an ultrasonic signal reflected from the object; and an integrated control center receiving the ultrasonic signal and the image from the electronic safety fence, estimating the location of the object based on the provided ultrasonic signal, generating a monitoring image by matching between the estimated object location and the image, and displaying the generated monitoring image. The electronic safety fence includes: multiple slave fences; and a master fence collecting the ultrasonic signal and the image from the slave fences and providing the signal and the image for the integrated control center.","실시예에 의한 복합 센서 기반의 전자 안전펜스를 이용한 안전 관리 시스템 및 안전 관리 방법이 개시된다. 상기 안전 관리 시스템은 접근하는 대상체에 초음파 신호를 출력하여 상기 대상체에 반사된 초음파 신호를 수신하는 센서부와 상기 대상체의 영상을 촬영하는 촬영부를 포함하는 전자 안전펜스; 및 상기 전자 안전펜스로부터 상기 초음파 신호와 상기 영상을 제공받고 상기 제공받은 초음파 신호를 기초로 상기 대상체의 위치를 추정하고, 상기 추정된 대상체의 위치와 상기 영상을 정합하여 감시 영상을 생성하고, 상기 생성된 감시 영상을 디스플레이하는 통합 관제센터를 포함하고, 상기 전자 안전펜스는 다수의 슬레이브 펜스와 상기 다수의 슬레이브 펜스로부터 상기 초음파 신호와 상기 영상을 수집하여 상기 통합 관제센터에 제공하는 마스터 펜스를 포함한다.",,E04H17/14;G08B13/1618;G08B13/122;G08B13/196;E04H17/23;G08B25/00,E04H17/14;G08B13/16;G08B13/12,DTECO CO LTD,KR,False,True
CN-116016515-A,CN-202211688196-A,CN,A,86031202,20221227,20221227,20230425,0,Wisdom mine platform system architecture,,"The invention discloses a smart mining platform system structure in the technical field of mining platforms, which comprises an industrial Internet system, a big data and private cloud center, a production management and control subsystem, a production automation subsystem, a dispatching monitoring system and a safety management and control subsystem; the networking transmission of the industrial Internet system adopts a loop network mode networking, the video monitoring system is used for independent transmission, the reliability of the whole network and the survivability under emergency conditions are ensured, the network communication stability of equipment is ensured through a station and line thought of &#39;1+1&#39;, the normal data transmission is ensured, the high reliability and high robustness of various monitoring and remote control system operation of the system are ensured, the intelligent analysis and early warning linkage of mine disasters are realized on the basis of centralized control and data fusion, and safety accidents are avoided; the new mine management mode is based on a data center, a centralized control center and the like, and is based on an intelligent mine management and control system, and is based on closed-loop management and control with high integration and intelligent analysis as main characteristics, and the responsibility is clear.",,,Y02P90/02,H04L12/42;H04L41/22;H04L67/12;E21F17/00;H04W4/38;H04L67/10;H04Q9/00;H04W4/02;H04N7/18,ANHUI CRRC RUIDA ELECTRIC CO LTD,,True,False
CN-120257092-A,CN-202510372017-A,CN,A,96192555,20250327,20250327,20250704,0,Multi-mode city security video abnormal behavior real-time detection system and method,,"The invention discloses a multi-mode urban security video abnormal behavior real-time detection system and method, which belong to the technical field of artificial intelligence and urban security, and comprise an edge node module, a central coordination server module, a dynamic federal policy module and an alarm linkage module, wherein the edge node module is used for collecting local video streams and sensor data, executing local model training and real-time abnormal detection, the central coordination server module is used for federal model parameter aggregation, global model distribution and dynamic resource coordination, the multi-mode data fusion module is used for realizing cross-mode feature fusion through a space-time alignment and attention mechanism, the dynamic federal policy module is used for calculating load and network state according to edge nodes, self-adaptively adjusting model parameter aggregation frequency, and the alarm linkage module is used for triggering local acousto-optic alarm when abnormal behaviors are detected and encrypting and transmitting event information to a command center. The invention can solve the problems of privacy disclosure, bandwidth pressure and multi-mode data collaboration in the prior art, minimize calculation overhead and adapt to heterogeneous equipment on the premise of ensuring data privacy.",,,,H04N7/18;H04L65/65;H04L9/40;G08B19/00;G08B7/06;G06V20/40;G06V10/82;G06V10/44;G06Q50/26;G06Q10/10;G06Q10/0631;G06N3/0464;G06N3/045;G06N3/0442;G06F21/62;G06F18/25;G06F18/214;G06F18/2415,INSPUR SMART CITY TECH CO LTD,,False,True
CN-115529317-B,CN-202211260739-A,CN,B,84701692,20221014,20221014,20241022,20241022,Light pole alarm deduplication analysis method and system based on Bian Yun cooperative computing,,"The invention discloses a lamp post alarm deduplication analysis method and system based on Bian Yun cooperative calculation; wherein the method comprises: the edge gateway obtains an analysis request sent by the control center server, and if the analysis request is continuous frame operation analysis, the collected video is sent to the cloud server; if the discontinuous frame operation analysis is performed, the collected video is processed in the edge gateway; the edge gateway is arranged inside the street lamp pole; after receiving the video, the cloud server and the edge gateway firstly judge whether the required computing resources exceed a set threshold value, if not, the video is subjected to structural analysis, and the cloud server feeds the analysis result back to the edge gateway; and the edge gateway judges repeated data according to the structural analysis result, sends alarm information to the control center server according to the judgment result, and links related equipment.",,,G08B25/002;G08B21/182;H04L67/12;H04L67/10,H04L67/60;H04L67/12;G08B25/00;G08B21/18;H04L67/10,,,False,True
CN-115691084-B,CN-202211344072-A,CN,B,85045936,20221031,20221031,20250912,20250912,Slope safety monitoring method and device for multi-source heterogeneous sensor data fusion,,"The invention discloses a slope safety monitoring method and device for multi-source heterogeneous sensor data fusion, comprising the following steps of 1, designing the number and types of multi-source heterogeneous sensors and layout positions according to a pre-monitored slope, 2, arranging the multi-source heterogeneous sensors at corresponding positions of the slope, connecting the multi-source heterogeneous sensors with a data transmission module, and wirelessly connecting the data transmission module with a control center module, 3, transmitting environmental parameters acquired by the multi-source heterogeneous sensors to the control center module by the data transmission module, and carrying out data fusion analysis by the control center module, 4, judging the stability grade of the slope, and timely giving out early warning when the slope is in a relatively unstable or unstable state.",,,,G08B25/10;G08B25/08;G08B21/10;G08B31/00,,,False,True
CN-220751235-U,CN-202322286317-U,CN,U,90551653,20230824,20230824,20240409,20240409,Ore earthquake detection life information detection and transmission device,,"The utility model discloses a mining earthquake detection and storage life information detection and transmission device, which relates to the technical field of life information detection and search and rescue. The mining earthquake detection life information detection and transmission device can rapidly collect and organically fuse various different kinds of information such as gas, environment, temperature, life information and the like of a region to be detected in real time when collapse accidents such as coal mine collapse and earthquake disasters occur, and can transmit the information of the region to be detected to a ground command center in real time and reliably by utilizing a computer technology, a wireless and wired transmission technology, a heterogeneous sensor technology, an information fusion technology and the like, and can transmit rescue instructions of rescue command centers at all levels to the scene.",,,,G01D21/02;G01V11/00,INST SHAANXI ENERGY,,True,False
KR-20240094222-A,KR-20220175842-A,KR,A,91711042,20221215,20221215,20240625,0,System for rescuing emergency employing biometric techniques of solid space and hololens,3차원공간에서의 생체객체와 현실객체의 정합기술을 이용한 응급환자 구조 시스템,"The embodiment relates to an emergency patient rescue system using a technology for aligning a bio-object and a real object in a three-dimensional space. Specifically, the rescue system provides a three-dimensional bio-object recognition and alignment method that maximizes intelligent realism and immersion by applying MR technology to an emergency situation where on-site support is impossible. The emergency patient rescue system using a technology for aligning a bio-object and a real object in a three-dimensional space includes: an MR device that is individually equipped for a plurality of different users and acquires an MR (Mixed Reality) image by synchronously processing bio-object recognition and real object recognition in a three-dimensional space for a surrounding patient; a portable integrated controller that is installed around the MR device and processes the MR image of the MR device and additional information including the body temperature and location of a registration sensor and surrounding environment information, registration structure content, and interaction between the user and the patient according to the registration structure scenario, and collectively provides the information to a remote registration management server; and a management server that checks the patient&#39;s condition at a remote location and provides guidance and rescue according to the information provided by the portable integrated controller. According to embodiments, the on-site situation is transmitted to a medical control center using an MR device and high-speed wireless communication, and emergency responders can receive medical guidance from the medical control center and provide treatment.","실시예는 3차원공간에서의 생체객체와 현실객체의 정합기술을 이용한 응급환자 구조 시스템에 관한 것이다. 
구체적으로는, 이러한 구조 시스템은 현장지원이 불가능한 응급 상황에 MR 기술을 적용하여 지능화된 현실감 및 몰입감을 극대화하는 3차원 생체객체 인식 및 정합 방식을 제공한다. 그리고, 이러한 방식은 MR 디바이스를 활용한 MR기반으로 제작된 콘텐츠(현장 초동조치, 구급차 탑승 후 조치, 현장 의료조치 도구)를 통하여 만들어진다. 
그래서, 이러한 방식으로 초기 의료대응을 위하여 현장의 상황을 의료상황실로 전송하고 응급처치 요원이 의료상황실의 의료지도를 받아 처치하는 원격 의료지원을 제공한다. 이러한 경우, 현장 상황 전송은 MR 디바이스를 이용하여 고속 통신을 활용한 영상, 음성 등 원활한 정보 송수신으로 응급상황에 신속하게 대응한다. 예를 들어, 현장에서 필요한 MR 디바이스를 이용한 처리 부문(3차원공간 생체객체 인식 및 정합, 영상전송, 스냅샷 전송, 음성인식 및 음성합성(TTS), MR 콘텐츠 디스플레이 등)과 원격 의료상황실용(상황 모니터링, 처치 지도 등)으로 구분해서 만든다. 
이러한 경우, MR기반 현장 초동조치와, 구급차 탑승 후 조치, 의료조치 등으로 구분하여, 구조 콘텐츠와 구조 시나리오를 만든다. 그리고, 이러한 구조 콘텐츠와 구조 시나리오에 사용자 또는 환자와의 상호작용을 처리하여, 현장상황에 적절한 구조 정보를 제공한다. 
따라서, 이를 통해 실시예에서는 MR 디바이스와 고속 무선통신 등을 이용하여 현장의 상황을 의료상황실로 전송하고 응급처치요원이 의료상황실의 의료지도를 받아 처치를 제공할 수 있도록 한다. 
그리고, 현장지원이 불가능한 응급 상황에서 3차원 공간의 생체객체 인식 및 정합 기술 이용한 MR 기반의 의료 대응을 제공한다.",,G06T7/30;G06T19/006;G16H80/00;G16H40/67,G16H80/00;G06T19/00;G06T7/30;G16H40/67,ELEC COM CO LTD,KR,True,False
CN-119309097-A,CN-202411575313-A,CN,A,94190585,20241106,20241106,20250114,0,Emergency response and repair method for routing of underwater pipeline,,"The invention relates to an emergency response and repair method for an underwater pipeline route, which comprises the following steps of S1, firstly placing a detection device into a pipeline along the flowing direction of a fluid medium, S2, starting a measuring instrument of a head mechanism, carrying out data fusion and transmitting the data to a control center of the head mechanism in real time, S3, opening a fan plate, starting a propeller on the head mechanism and a propeller on a propelling mechanism, wherein the two mechanisms work together to realize the swimming and steering movement of the detection device in the pipeline, the sensor is used for detecting the condition in the pipeline, S4, when the head mechanism detects that the flow velocity is suddenly changed in the pipeline, the fan plate is retracted, the propeller and an axial propeller are closed, the descending propeller is started to enable the detection device to be attached to the inner wall of the pipeline, S5, the crawling mechanism drives the detection device to creep, S6, when the flow velocity trend is changed from rising to descending trend, the fixing device is arranged on the inner wall of the pipeline, S7, the repair mechanism works, and S8, the monitoring ring is started. The invention can automatically and efficiently detect and repair the pipeline in an automatic way.",,,F16L2101/60;F16L2101/30;F16L55/17;F16L55/163;F17D5/00;F16L55/18;F16L55/40;F16L55/32,F17D5/00;F16L101/60;F16L101/30;F16L55/40;F16L55/18;F16L55/17;F16L55/163;F16L55/32,UNIV SHANDONG,,True,False
KR-100902275-B1,KR-20080119031-A,KR,B1,40982629,20081127,20081127,20090610,20090610,Cctv system for intelligent security and method thereof,지능형 보안방범을 위한 폐쇄회로티브이 시스템 및 그 방법,A CCTV system for intelligent security and a method thereof are provided to enable a manager to directly set an area for security and set conditions of various accident types which can occur by setting an object. A security crime situation recognizing module(500) recognizes a security crime situation through matching of interesting accident types registered in a setting DB. A security crime situation managing module(600) stores all interesting accident type information and situation information provided from the security crime situation recognizing module in a situation managing DB. A security crime situation alarm module(700) generates alarm information due to a situation of each interesting accident type of security crime situation recognizing information transmitted from the security crime situation recognizing module. A security crime situation service module(800) provides a service necessary for security by using the alarm information and situation information related to security crime recognition.,"본 발명은 지능형 보안방범을 위한 폐쇄회로티브이(CCTV) 시스템 및 그 방법에 관한 것으로, 하나 이상의 영상입력장치로 구성되어 복수의 영상을 결합하고 전송하는 영상입력모듈; 상기 영상입력모듈에서 입력된 영상으로부터 카메라 설정에 따른 정지영상을 캡처하고, 보안방범을 위한 영역과 관심 객체를 지정하여 해당 사건들에 대한 관심사건의 유형을 설계하며, 설계된 유형들에 대한 상황을 설정하여 보안방범 관심상황설정DB에 등록하는 보안방범 상황설정모듈; 상기 보안방범 상황설정모듈에서 설정된 관심사건의 유형을 저장하여 영상분석모듈과 보안방범 상황인지모듈에 관심사건의 유형정보를 제공하는 보안방범 관심상황설정DB; 상기 보안방범 관심상황설정DB에 등록된 관심사건 유형으로부터 관심영역만을 대상으로 영상입력모듈을 경유하여 입력되는 동영상으로부터 실시간 영상분석을 수행하여 객체를 검지하고, 객체의 종류를 분류하며, 관심 객체를 추적하여 보안방범 상황인지를 위해 필요한 영역정보 및 객체정보와 사건정보를 보안방범 인지모듈에 전달하는 영상분석모듈; 상기 영상분석모듈로부터 전달된 정보를 조합하고 보안방범 관심상황설정DB에 등록된 관심사건 유형 사이의 정합을 통하여 보안방범 상황인지를 수행하고, 그 결과를 보안방범 상황관리모듈과 보안방범 상황알람모듈에 전송하는 보안방범 상황인지모듈; 상기 보안방범 상황인지모듈에서 인지되어 제공된 모든 관심사건 유형정보 및 상황정보를 보안방범 상황관리DB에 저장하고, 보안방범 상황서비스모듈로부터 요구되는 보안방범 상황인지정보의 검색 및 갱신과 삭제 등의 요청에 관 한 정보를 보안방범 상황관리DB로부터 제공하는 보안방범 상황관리모듈; 상기 보안방범 상황설정모듈로부터 설정된 보안방범의 다양한 상황에 따른 알람의 등급정보 및 알람의 통보방식을 정의 및 관리하고, 보안방범 상황인지모듈에서 전송된 보안방범 상황인지정보의 각 관심사건 유형별로 상황에 따른 알람정보를 생성하여 보안방범 상황서비스모듈에 통보하는 보안방범 상황알람모듈; 상기 보안방범 상황알람모듈에 의해 통보되는 알람정보와 보안방범 상황관리모듈을 통하여 보안방범 상황관리DB에서 제공되는 보안방범 인지와 관련된 상황정보를 활용하여 보안방범에 필요한 서비스를 제공하는 보안방범 상황인지정보의 수요자에 해당하는 관리자 및 소프트웨어와 시스템을 포함하는 보안방범 상황서비스모듈; 상기 보안방범 상황관리모듈에 의해 등록되거나 관리되는 보안방범 인지정보를 저장하고, 보안방범 상황관리모듈로부터 요구되는 다양한 보안방범 인지정보를 제공하기 위하여 일정기간동안 메모리 역할을 수행하는 보안방범 상황관리DB를 포함하는 시스템의 제공으로, 보안방범을 필요로 하는 지역에서 요구되는 보다 효율적이고 실질적인 안전을 도모한 것이다. 
       
     지능형, 보안방범, 관심영역, 객체, 사건, 폐쇄회로티브이",,G08B25/008;H04N7/181;G08B13/19645;H04N23/60,H04N7/18,CVTECH INC;NES INFORMATION TECHNOLOGY CO,KR,False,True
CN-119933803-B,CN-202510340368-A,CN,B,95545540,20250321,20250321,20251028,20251028,Mine post-disaster environment advanced detection robot,,"The invention discloses a mine post-disaster environment advanced detection robot which comprises key component modules such as an environment advanced detection module, a communication module, an information fusion module, a carrying module, a walking obstacle crossing module, a power supply module, a control module and the like. The advanced detection and the map construction of the post-disaster environment of the mine are realized by the multi-source cooperation collection of the post-disaster air environment, the geological morphology and the personnel information of the mine through various sensors, radars, life detectors, the carried metamorphic robot, the carried flying robot and the like of the robot. The system provides more scientific and comprehensive detection information for the rescue command center, helps rescue workers to make rescue decisions more quickly after rescue, and improves safety and high efficiency of actions after disaster.",,,,E21F17/00;B62D55/116;B62D55/065;B25J11/00;E21F17/18,,,True,False
KR-20150006674-A,KR-20130080395-A,KR,A,52569940,20130709,20130709,20150119,0,Direct calling system,직접통화장치,"The present invention relates to an elevator emergency calling system and, more specifically, to a direct calling system which provides direct calling between people in an elevator and an emergency spreader. The direct calling system comprises: a circuit matching unit which forms a calling channel with an emergency calling device inside an elevator; a memory which stores a calling progress message, an emergency spreader terminal information, and a field identification information used when a maintenance office does not respond to an emergency calling; a key input unit and a display unit which displays input of the emergency spreader terminal information and the field identification information; a PSTN matching unit which forms a calling channel with a public telephone network; a PSTN connection sensing unit which senses connection with the public telephone network; and a control unit which forms a calling channel between the emergency calling device and the emergency spreader terminal when an intercom of the maintenance office does not respond to an emergency calling signal generated from the emergency calling device. The control unit reads the calling progress message indicating that a calling from the memory is in progress in order to control a voice transmission to the emergency calling device and call the emergency spreader terminal through the public telephone network; and forms a calling channel between the emergency calling device, generating the emergency calling, and the emergency spreader terminal when a response exists.","본 발명은 승강기 비상호출 시스템에 관한 것으로, 특히 승강기 탑승자와 비상상황 전파자 사이에 직접 통화가 가능한 직접통화장치에 관한 것으로, 각 승강기 내의 비상호출기와 통화로 형성하기 위한 회선 정합부와; 비상호출시 관리실 인터폰이 무응답할 경우 이용하기 위한 호출진행 메시지 및 비상상황 전파자 단말정보, 현장식별정보가 저장되는 메모리와; 상기 비상상황 전파자 단말정보 및 현장식별정보를 입력 표시하기 위한 키입력부 및 표시부와; 공중전화망과 통화로 형성하기 위한 PSTN 정합부와; 공중전화망의 연결을 감지하기 위한 PSTN 연결 감지부와; 상기 비상호출기로부터 발생된 비상호출신호에 관리실 인터폰이 무응답할 경우 해당 비상호출기와 상기 비상상황 전파자 단말 사이에 통화로를 형성해 주기 위한 제어부;를 포함하되, 상기 제어부는 상기 관리실 인터폰 무응답시 상기 메모리에서 현재 호출 진행중임을 지시하는 호출진행 메시지를 독출하여 해당 비상호출기로 음성 송출 제어하면서 공중전화망을 통해 상기 비상상황 전파자 단말을 호출하고, 그 응답이 있을 경우 비상호출 발생한 비상호출기와 비상상황 전파자 단말 사이에 통화로를 형성해 줌을 특징으로 한다.",,H04M3/5116;H04M11/04,H04L12/66;B66B1/00,SERA SYSTEM ENGINEERING CO LTD,KR,True,False
CN-119939675-A,CN-202510080593-A,CN,A,95543215,20250120,20250120,20250506,0,Multi-source information fusion and intelligent decision method for emergency call terminal,,"The invention discloses a multisource information fusion and intelligent decision method of an emergency call terminal, which relates to the technical field of emergency call terminals and comprises a system body, wherein a plurality of layers are arranged in the system body and respectively comprise a sensing layer, a transmission layer, a data processing layer, a decision layer and an application layer, a data acquisition module is arranged in the sensing layer, a communication module is arranged in the transmission layer, a data preprocessing module and a multisource information fusion module are arranged in the data processing layer, an intelligent decision module is arranged in the decision layer, an instruction output module is arranged in the application layer, and an image acquisition unit for acquiring image data of a disaster site, a voice acquisition unit for collecting voice information of the site and a sensor unit for acquiring ambient temperature and humidity are respectively arranged in the data acquisition module.",,,,G06F21/60;G06F18/25;G06F18/2431;G06F18/214;G06F21/64,HUBEI NORTH STAR TIMES INFORMATION TECH CO LTD,,True,False
CN-116962448-A,CN-202210393431-A,CN,A,88449842,20220414,20220414,20231027,0,Unmanned vehicle monitoring method and device based on global perception and storage medium,,"The invention discloses a method, a device and a storage medium for monitoring an unmanned vehicle based on global perception, wherein the method comprises the following steps: acquiring static environment information and dynamic event environment information based on global environment perception; receiving external input emergency information; information fusion is carried out according to the static environment information and the dynamic event environment information, and associated event information of the emergency information is determined; and generating a control decision according to the associated event information. According to the unmanned vehicle monitoring method, device and storage medium based on the global perception, provided by the embodiment of the invention, the cloud control center is mainly used for acquiring the perception information and determining the associated event information of the emergency information based on the fusion of the perception information, so that a corresponding control decision is generated. Therefore, the overall control of the cloud control center on the unmanned vehicles is realized, and the technical problem that the monitoring on the unmanned vehicles in the prior art seriously depends on the operation of equipment of the unmanned vehicles and cannot realize the overall control on the unmanned vehicle group is solved.",,,Y02P90/02;H04L67/12,H04L67/12,ZHONGKE DALU QINGDAO TECH CO LTD,,True,False
CN-121397510-A,CN-202511593522-A,CN,A,98461904,20251103,20251103,20260123,0,Visual self-organization-based method for constructing temporary communication network of unmanned aerial vehicle group,,"The invention discloses a method for constructing a temporary communication network of an unmanned aerial vehicle group based on visual self-organization. The method comprises the steps of establishing an unmanned aerial vehicle node system and a security audit management system to realize flight control and message encryption exchange, realizing airborne perception through a visual candidate site identification system, carrying out multi-mode data fusion and site scoring, realizing field autonomy and weighted election through a distributed voting and election system, determining a relay node, completing multi-hop path scheduling, monitoring and self-adaptive reconstruction based on a multi-hop relay and route maintenance system, and executing target detection, positioning and emergency reporting through a search and rescue positioning and situation returning system. The method can quickly recover the voice and data links when the ground communication facilities are damaged or unavailable, and enables the unmanned aerial vehicle group to autonomously and distributively identify the safe position and negotiate to establish a reliable multi-hop communication network under the condition of limited communication and energy, thereby supporting emergency rescue and positioning service.",,,Y02D30/70,H04W84/18;H04W84/08;H04W84/06;H04W40/24;H04W40/22;H04W40/20;H04W24/00;H04L45/28;H04L45/24;H04L45/16;H04L41/00;G05D1/226;H04W4/90,RESEARCH INSTITUTE OF ZHEJIANG UNIV OF TECHNOLOGY TAIZHOU,,True,True
CN-111188597-B,CN-201911405768-A,CN,B,70705966,20191231,20191231,20220315,20220315,Safety monitoring system and method for marine riser in soft suspension state,,"The invention relates to a riser safety monitoring system and a method in a soft suspension state, wherein the system comprises a riser stress-strain monitoring system, a top flexible joint inclination angle monitoring system, a laser interference monitoring system, an information fusion center and a platform control center; the platform control center sends typhoon early warning instructions to each monitoring system when typhoon or other dangerous conditions exist near the platform; the stress-strain monitoring system of the information marine riser measures the stress-strain parameters of the marine riser in real time; the top flexible joint inclination angle monitoring system measures deflection angle parameters of a flexible joint at the top of the marine riser in real time; the laser interference monitoring system measures the central offset parameter of the marine riser in real time; the information fusion center compares each real-time measurement value with the parameter early warning value, and when the real-time measurement value is greater than the parameter early warning value, the information fusion center sends early warning information to the platform control center; the platform control center adjusts the speed and the direction of the platform. The invention can be widely applied to the petroleum pipeline monitoring field.",,,E21B43/0107;E21B44/00,E21B44/00;E21B43/01,,,True,False
CN-120708343-A,CN-202410343376-A,CN,A,97111741,20240325,20240325,20250926,0,"Distributed fire positioning alarm device, system and method based on multi-sensor information fusion",,"The invention discloses a distributed fire positioning alarm device, a system and a method based on multi-sensor information fusion, wherein the alarm device comprises a wireless detection device, a wireless detection device and a wireless detection device, wherein the wireless detection device comprises a plurality of wireless nodes distributed in a detection space, and each wireless node comprises a sensing module and a wireless node controller in signal connection with the sensing module; the fire alarm controller is used for integrating alarm signals of all wireless nodes into fire alarm positioning signals, and the communication device comprises an internal communication module and an external communication module. The system has the advantages that the system response speed and accuracy are improved by simultaneously monitoring a plurality of parameters such as temperature, smoke, flame, CO, O  2  and the like in real time and analyzing and judging through a fusion algorithm, so that signs of fire hazard are found early, the false alarm rate and the missing alarm rate are reduced, automatic alarm is realized, alarm signals of wireless nodes are uniformly received and integrated through a fire alarm controller and then are sent to an external fire control center, and quick and accurate positioning and fire extinguishing are ensured.",,,G08B25/10;G08B17/06;G08B17/10,G08B25/10;G08B17/06;G08B17/10,UNIV SUZHOU SCI & TECHNOLOGY,,False,True
CN-121705479-A,CN-202511883293-A,CN,A,99078099,20251215,20251215,20260320,0,Intelligent event sponsor unit identification method for grid command center platform,,"The invention discloses an intelligent identification method for an event sponsor unit of a grid command center platform, and relates to the technical fields of urban management informatization and intelligent command scheduling. The method comprises the steps of obtaining event information comprising event description text and field images, extracting feature vectors of the text and the images, carrying out deep fusion on the two feature vectors to generate multi-mode event feature vectors, inquiring a pre-constructed knowledge graph based on the feature vectors, searching an initial sponsor unit set, filtering and optimizing the initial set according to real-time resource states of the sponsor units, and outputting a final sponsor unit list. The method solves the problems of inaccurate identification, low efficiency, low resource matching degree and the like of the sponsor units in the prior art, combines real-time resource states through multi-mode information fusion and knowledge graph semantic reasoning, realizes the intelligent identification of the event sponsor units with accurate, efficient and usability guarantee, and effectively improves the processing efficiency and resource allocation rationality of the gridding events.",,,,G06Q50/26;G06N5/04;G06N5/022;G06N3/0464;G06N3/0455;G06F18/25;G06F18/213;G06F16/9035;G06F16/9038,BEIHAI CITY AREA SOCIAL GOVERNMENT GRID GUEHUA COMMAND CENTER;GUANGXI CHENGSHI TECH DEVELOPMENT CO LTD,,False,True
KR-20200015010-A,KR-20180090233-A,KR,A,69569942,20180802,20180802,20200212,0,Automatic response system for same contents 119 call,동일내용119신고 자동응답시스템,"The present invention relates to an automatic answering machine connected to a report phone line of a 119 situation room to allow the 119 situation room to response to all situations without delay even if a plurality of situations occur at the same time zone by filtering duplicate reports with the automatic answering machine in order to prevent occurrence of a situation that 119 report phone calls of other accidents can not be received due to occupancy of all report phone lines of the 119 situation room by congestion of 119 report phone calls with the same content when fire and rescue situations occur. According to the present invention, a procedure that a report phone call originated within a predetermined distance around an accident occurrence point is connected to the automatic answering machine to be hung up by being notified that a rescue team is already responded in case of the same content, and a report for requesting a rescue in a corresponding accident field or a report for providing necessary information or a report for other accidents is connected to a worker for a telephone conversation by pressing a guide button to take a measure without delay for all situations by the 119 situation room, is performed. Therefore, when the 119 situation room uses a system of the present invention, a report reception for other accidents occurring in the same time zone can be performed without delay by preventing occupancy of report phone lines of the 119 situation room by having several reports with the same content at the same time when fire and rescue situations occur.","본 발명은 화재·구조·구급 상황이 발생하였을 때 같은 내용의 119신고전화가 폭주하여 119상황실의 모든 신고전화회선이 잠식되어 또 다른 사고의 119신고전화를 받을 수 없는 상황이 발생하지 않게 함을 목적으로, 자동응답기로 중복된 신고를 거름으로써 같은 시간대에 다수의 상황이 발생하여도 모든 상황에 대해 119상황실이 지체 없이 대응할 수 있도록 한 119상황실의 신고전화회선에 연결하는 자동응답기에 관한 것이다. 
본 발명에서는 사고가 발생한 지점을 중심으로 일정 거리 내에서 발신된 신고전화는 자동응답기로 연결시켜 같은 내용의 신고이면 이미 출동하였음을 알려 전화를 끊게 하고, 당해 사고현장에서 구조를 요청하거나 필요한 정보를 제공할 목적의 신고이거나 다른 사고의 신고이면 안내하는 버튼을 누르게 하여 근무자와 통화를 연결함으로써 모든 상황에 대해 119상황실이 지체 없이 조치를 취하게 하는 절차로 되어 있다. 
119상황실에서 본 발명 시스템을 쓰면 화재·구조·구급 상황 발생 시 동시에 여러 건의 같은 내용 신고가 이루어져 119상황실 신고전화회선을 잠식하는 것을 방지함으로써 같은 시간대에 발생한 다른 사고에 대한 신고접수가 지체 없이 이루어질 수 있다.",,H04M3/42348;H04M3/493,H04M3/42;H04M3/493,LEE CHANG SEOP,KR,True,False
CN-120257162-A,CN-202510383167-A,CN,A,96177376,20250328,20250328,20250704,0,Safety monitoring system and method based on multi-mode data fusion,,"The invention discloses a safety monitoring system and a safety monitoring method based on multi-mode data fusion, which relate to the technical field of safety monitoring and comprise a monitoring center, wherein the monitoring center is in communication connection with a multi-source data acquisition module, a data processing fusion module, a safety evaluation module and an emergency response module; the method comprises the steps of arranging a plurality of acquisition points and a plurality of types of sensors through a multi-source data acquisition module to form a sensor contact network to acquire multi-source sensing data, denoising and correcting the data of the multi-source sensing data through a data processing fusion module, fusing the multi-source sensing data to generate a fusion data set, carrying out pattern recognition through a safety evaluation module to further identify the real-time environment state associated with the current fusion data set, generating an emergency report through an emergency response module and triggering corresponding emergency measures, and therefore efficient and accurate safety monitoring is achieved.",,,H04Q2209/84;G08B25/008;G08B25/007;G08B25/002;G06Q10/20;G06Q10/0635;H04Q9/00;G01D21/02;G06F18/214;G06F18/251;G06F18/10;G06F18/2431;G06F18/2433,H04Q9/00;G08B25/00;G06Q10/20;G06Q10/0635;G06F18/25;G06F18/2431;G06F18/214;G06F18/10;G01D21/02;G06F18/2433,SHENYANG KUNSHANG TECH CO LTD,,True,True
CN-115983515-B,CN-202310265216-A,CN,B,85963487,20230320,20230320,20230919,20230919,Search and rescue system and search and rescue method based on cloud computing,,"The invention belongs to the technical field of data processing, and provides a search and rescue system and a search and rescue method based on cloud computing. The search and rescue system comprises: the cloud processing platform is used for carrying out information fusion on the search and rescue task information, the collected information and the search and rescue resource information to generate rescue situation information; the comprehensive control center is used for determining information related to the area to be searched and rescuing, further determining a search and rescue path to determine a search and rescue scheme and generating a rescue scheduling instruction; the communication unit is used for distributing rescue scheduling instructions to the rescue resource control console; and the rescue resource control console executes the search and rescue task based on the received rescue scheduling instruction. The method solves the problem that the materials cannot be effectively scheduled due to the fact that the search and rescue resources cannot be shared, can quickly determine the search and rescue path to determine the search and rescue scheme, generates the rescue scheduling instruction, and distributes the rescue scheduling instruction to control execution of the search and rescue scheme.",,,,G06Q10/047;G06F16/9537;G06Q50/26,,,True,True
CN-118574076-A,CN-202410843670-A,CN,A,92471082,20240627,20240627,20240830,0,Fire scene firefighter positioning method assisted by smoke alarm,,"The invention discloses a fire scene firefighter positioning method assisted by a smoke alarm, which comprises the following steps: a smoke alarm is arranged in the protection area and comprises a smoke sensing module and a positioning module; when smoke is detected, the positioning module and a battery power supply mode are activated, and the positioning module periodically broadcasts positioning signals to the space; when fire fighters carry the positioning terminal to enter a fire disaster area, the positioning terminal receives the positioning signal broadcast by the smoke alarm in real time, obtains the received signal strength RSSI value, analyzes the MAC address of the smoke alarm, carries out self-position fusion calculation and Kalman filtering, takes the filtering result as the position estimation of the positioning terminal, and returns the position estimation to a command center through an emergency communication network. The invention has the technical characteristics of multi-source data fusion and is beneficial to constructing a fire fighter real-time positioning system in a fire scene.",,,G08B17/10;H04W4/90;H04W4/38;H04W4/021;Y02D30/70,H04W4/90;H04W4/38;G08B17/10;H04W4/021,SHANGHAI SPACEFLIGHT MEASUREMENT & CONTROL COMMUNICATION INST,,True,True
KR-102629967-B1,KR-20210157234-A,KR,B1,86540907,20211116,20211116,20240130,20240130,System for rescuing emergency employing biometric techniques of solid space and hololens,홀로렌즈와 3차원공간에서의 생체인식기술을 이용한 응급환자 구조 시스템,,"실시예는 홀로렌즈와 3차원공간에서의 생체인식기술을 이용한 응급환자 구조 시스템에 관한 것이다. 
구체적으로는, 이러한 구조 시스템은 초기 의료대응을 위하여 사용자 주변에 현장의 상황을 의료상황실 등으로 전송하고 응급처치 요원이 의료상황실의 의료지도를 받아 처치를 제공한다. 
구체적으로는, MR 디바이스 측에서 다수의 상이한 사용자별로 설치되어서, 사용자 주변에 현장에서 영상을 촬영하여 홀로렌즈로 투영해서 입체 영상을 수집하여 관리 정보처리장치에 일괄적으로 전달한다. 
그리고, 또한 이러한 경우에 MR 디바이스에서는 입체 영상을 전달할 경우마다, 해당 입체 공간에서의 현장 대상에 대한 생체 객체를 등록 생체 객체와의 비교를 통해 상이한 사용자별로 인식하고, 현장 대상의 실제 객체와 인식한 생체 객체를 정합하여 전달한다. 
이때, MR 디바이스에서는 생체 정보를 입체 공간에서 일실시예의 생체 정보의 인식을 위한 아날로그 클러스터링 인식포맷으로 인식하므로, 생체 정보를 선형적으로 인식하여 원활하게 인식을 한다. 
그러면, 관리 정보처리장치 측에서는 이러한 MR 디바이스에 의해 전달받은 각각의 입체 영상 내 객체와 응급 환자에 관한 설정 이상 객체를 비교하여 응급 환자의 발생 여부를 판별한다. 
그래서, 상기 판별 결과, 응급 환자가 발생한 경우에는 응급 구조정보를 구성하여 내부(또는, 외부 등록 구조 장치)로 알림한다. 반면에 응급 환자가 발생하지 않는 경우에는 알림하지 않으므로, 구조를 수행한다. 
예를 들어, 이러한 경우에, MR 디바이스에서는 상기 관리 정보처리장치로부터 해당 구조 콘텐츠에 따른 구조 정보를 제공받아서, 상기 구조 정보로 상기 MR 디스플레이의 동작을 제어하여 안내한다. 
따라서, 이를 통해 실시예에서는 MR 디바이스 등에서 모니터링한 정보를 관리 정보처리장치에 제공할 경우 등에, 사용자 측에서 홀로렌즈를 통한 감시영상을 획득하여 입체적으로 정보분석해서 현장에 있는 특정한 대상의 생체정보를 신속하게 얻는다. 
그리고 나서, 이러한 정보를 원격지의 관리 정보처리장치에 전달하여 응급 조치를 즉시 받을 수 있도록 함으로써, 응급 환자 등이 발생한 상황에서 신속하게 구조 등을 제공하고 원활하게 할 수 있도록 도움을 준다.",,G16H40/40;G02B27/0944;G06T19/006;G16H40/20;G16H40/67,G16H40/40;G02B27/09;G06T19/00;G16H40/20;G16H40/67,,,True,False
CN-115983515-A,CN-202310265216-A,CN,A,85963487,20230320,20230320,20230418,0,Search and rescue system and search and rescue method based on cloud computing,,"The invention belongs to the technical field of data processing, and provides a search and rescue system and a search and rescue method based on cloud computing. This search and rescue system includes: the cloud processing platform is used for carrying out information fusion on the search and rescue task information, the collected information and the search and rescue resource information to generate rescue situation information; the comprehensive control center is used for determining information related to the area to be searched and rescued, further determining a search and rescue path to determine a search and rescue scheme and generating a rescue scheduling instruction; the communication unit is used for distributing rescue scheduling instructions to the rescue resource console; and the rescue resource console executes the search and rescue task based on the received rescue scheduling instruction. The method and the device solve the problem that the search and rescue resources cannot be shared to cause the problem that goods and materials cannot be effectively scheduled, can quickly determine the search and rescue path to determine the search and rescue scheme, generate the rescue scheduling instruction, and distribute the rescue scheduling instruction to control the execution of the search and rescue scheme.",,,,G06Q10/047;G06Q50/26;G06F16/9537,BEIJING TAIJI JIANGTAI TECH DEVELOPMENT CO LTD,,True,True
CN-121583148-A,CN-202511658837-A,CN,A,98846304,20251113,20251113,20260227,0,"Low-altitude target detection, identification and countercontrol prevention and control system",,"The present invention relates to the field of low altitude prevention and control technology, particularly to a low altitude target detection, recognition, and countermeasure prevention and control system, comprising an operation and maintenance management platform, a multi-source data fusion unit, an intelligent noise reduction preprocessing unit, a general command platform, a dynamic threat assessment unit, and a cross domain collaborative interface module. The present invention improves the accuracy and efficiency of detection and recognition through intelligent noise reduction and multi-source data fusion, achieves intelligent collaborative countermeasures through an intelligent decision-making center and a full chain countermeasure unit, strengthens the overall situational awareness through cross domain data collaboration, and optimizes operation and maintenance management and system stability through a predictive maintenance module and modular architecture. It can make up for the shortcomings of existing systems in China, ensure the safety of key scene airspace, and reduce long-term operating costs.",,,G06F18/25;H04W84/06;H04W12/80;H04W28/084;H04W4/90;H04W4/30;H04W24/04;G08B31/00;G08G5/26;G08G5/22,H04W84/06;H04W28/084;H04W24/04;H04W12/80;H04W4/90;H04W4/30;G08G5/26;G08B31/00;G06F18/25;G08G5/22,SHANDONG ZHENGCHEN POLYTRON TECH CO LTD,,False,True
CN-119796273-A,CN-202411958774-A,CN,A,95279241,20241230,20241230,20250411,0,Train safety driving early warning device,,"The application relates to a train safe driving early warning device, which relates to the technical field of railway transportation safety and comprises a main control unit, a track state detection module, an obstacle recognition module, a weather condition monitoring module, a communication module and a display alarm module, wherein the main control unit is responsible for integral coordination and data processing, the track state detection module comprises a vibration sensor and a displacement sensor which are arranged on a rail, the obstacle recognition module comprises an infrared sensor and a laser radar, the weather condition monitoring module comprises a miniature weather station and a satellite data receiver, the communication module is used for data transmission, the display alarm module is used for real-time display and alarm, the reliability and the accuracy of an early warning system of a train under complex terrain and severe weather conditions are improved through multi-sensor data fusion and AI intelligent analysis, the real-time monitoring and quick response mechanism shortens the emergency response time, the driving safety is ensured, and meanwhile, the real-time communication with a ground control center improves the integral operation efficiency.",,,Y02A90/10,B61L23/04;B61L15/00,NAT RAILWAY PRINTING CO LTD,,True,False
CN-111832808-A,CN-202010545078-A,CN,A,72897710,20200615,20200615,20201027,0,Flood early warning monitoring method based on big data,,"The invention relates to the technical field of natural disaster early warning, and discloses a flood early warning monitoring method based on big data, which comprises the following steps that 1, collecting stations in various places upload data collected by monitoring equipment to a convergence switch through the switch; step 2, the aggregation switch analyzes data and uploads the analyzed data to the Internet; and 3, comparing the data uploaded to the Internet through the main control center. According to the flood early warning and monitoring method based on the big data, the used data resources are fully utilized to collect and summarize, the straight-through data transmission mode of the switch is adopted for data transmission, then the data analysis is carried out by establishing the model through the data mining algorithm, then the data fusion technology is adopted, the analysis can be completed quickly, the data with problems are transmitted to the corresponding switch through the convergence switch after the analysis is completed, a closed loop is formed, and the forecasting precision is increased.",,,Y02A10/40;G06F2216/03;G06F16/2465;G06Q10/04;G06Q50/265,G06Q50/26;G06F16/2458;G06Q10/04,HUBEI ZHIWANG ELECTRONICS CO LTD,,True,True
CN-115497249-A,CN-202211039174-A,CN,A,84465705,20220829,20220829,20221220,0,Forest fire monitoring system based on remote sensing technology and monitoring method thereof,,"The invention discloses a forest fire monitoring system based on a remote sensing technology and a monitoring method thereof, which relate to the technical field of forest fire monitoring and comprise a ground information acquisition device and a satellite remote sensing monitoring module, wherein the ground information acquisition device acquires information in the ground and the space below a crown in a forest area and sends the information to a control center, the satellite remote sensing monitoring module is used for acquiring remote sensing satellite information on the upper layer of the forest, and the satellite remote sensing monitoring module acquires the information on the upper layer of the forest and then sends the information to the control center, and the forest fire monitoring system further comprises the following specific steps: the forest information acquisition, synchronization to the control center, ground and satellite information fusion and forest real-time data output are realized, environmental signals in the forest and on the upper layer of the forest are acquired through gridding forest ground information acquisition and remote sensing satellite information acquisition, and the fact that a single acquisition point has ground information and remote sensing information can be realized, so that fire can be found in time during forest fire monitoring, and property and forestry resource loss is reduced.",,,Y02A40/28;G08B17/10;G08B17/125;G01D21/02,G08B17/12;G08B17/10;G01D21/02,BEIJING YUANTU TECH DEVELOPMENT CO LTD,,True,False
CN-118391097-B,CN-202410602965-A,CN,B,92007578,20240515,20240515,20250429,20250429,Dynamic intelligent early warning method for shield tunneling induced ground collapse,,"The invention discloses an intelligent dynamic early warning method for ground subsidence induced by shield tunneling. The data acquisition comprises the steps of acquiring engineering geological conditions, hydrogeological conditions, tunnel geometric features, shield construction parameters and other feature factors and ground subsidence data, extracting main features through a random forest model, establishing a model, using multi-factor Taylor series expansion Kalman filtering to fuse the feature factors, optimizing weight coefficients of the feature factors through a differential evolution algorithm, predicting ground subsidence at the next time step by using the model through prediction and early warning, identifying catastrophe singular points according to gradient ratio criteria, and carrying out ground subsidence early warning. The method combines a multisource data fusion technology and a catastrophe theory, is used for solving the problem that ground collapse disasters are difficult to early warn when the shield machine passes through a composite stratum, assists parameter setting and decision of a shield control center, and improves construction safety and efficiency.",,,E21D9/06;E21F17/18,E21D9/06;E21F17/18,,,True,False
CN-114462974-A,CN-202210130524-A,CN,A,81413158,20220211,20211028,20220510,0,Intelligent fire-fighting full-chain prevention and control system and multi-source information fusion decision-making method,,"The embodiment of the application discloses an intelligent fire-fighting full-chain prevention and control system and a multi-source information fusion decision-making method, relates to the technical field of fire fighting, and aims to improve the effective starting rate of an alarm condition processing device of the fire-fighting prevention and control system. The system comprises: the system comprises detection equipment, a fire fighting decision platform, a fire fighting central control platform and alarm situation processing equipment; the fire-fighting decision platform comprises a multi-source information fusion decision module; the detection equipment is connected with the fire-fighting decision-making platform, the multi-source information fusion decision-making module is connected with the fire-fighting central control platform, and the fire-fighting central control platform is connected with the alarm situation processing equipment; the detection equipment detects a fire prevention and control area to obtain first detection information and second detection information, the multi-source information fusion decision module judges whether a fire exists according to the received first detection information and the second detection information, if the fire exists, the multi-source information fusion decision module sends fire information to the fire control center control platform, and the fire control center control platform sends a control signal to control the start of the alarm processing equipment in the fire area. The application is suitable for discovering and processing fire.",,,G06F18/25;A62C37/38;G16Y10/35;A62C27/00;G06Q10/103;G06N3/084;G06Q50/26,G16Y10/35;A62C37/38;G06N3/08;G06Q10/10;G06Q50/26;G06K9/62;A62C27/00,CHINESE MINING UNIV BEIJING,,True,True
US-11399095-B2,US-202016812995-A,US,B2,72334746,20200309,20190308,20220726,20220726,Apparatus and method for emergency dispatch,,"A disclosed method includes receiving data inputs for a plurality of events including alarms, sensors, and mobile device emergency call and emergency alert related emergency data; determining event correlations based on the data inputs to generate a set of correlated events; determining emergency network dispatch rules for each correlated event based on event type; applying corresponding emergency network dispatch rules to each corresponding correlated event; and sending a dispatch recommendation to an emergency network entity for each correlated event based on application of the corresponding emergency network dispatch rules.",,,H04M3/5116;H04W4/024;H04W4/90;H04W4/38;H04W4/14;G06N5/025;H04W4/021;H04M2207/18;H04W4/70;H04W76/50;G06N20/00;H04W4/022;H04W4/029,H04W4/029;G06N20/00;H04W4/90;H04W76/50;H04M3/51;G06N5/02;H04W4/021,RAPIDSOS INC,US,True,True
CN-121641033-A,CN-202511691468-A,CN,A,98951828,20251118,20251118,20260310,0,Intelligent wearable device emergency call system with voiceprint recognition assistance,,"The invention discloses an intelligent wearable device emergency call system assisted by voiceprint recognition, which relates to the technical field of intelligent devices, wherein a multimode data acquisition module is used for acquiring voice information, physiological signals and environment data of a user, a voiceprint recognition and identity verification module is used for extracting voiceprint characteristics of the user, a voiceprint model is built, an emotion state analysis module is used for analyzing the emotion state of the user, and a physiological risk assessment module and an environment risk assessment module are used for respectively assessing the physiological state and the environment of the user in real time. The risk assessment module adopts a multisource data fusion algorithm, comprehensively considers the identity verification result, the emotion state, the physiological state and the environmental factors of the user, and calculates a more accurate comprehensive risk score. The emergency response strategy execution module triggers the emergency response strategy of the corresponding level according to the comparison result of the comprehensive risk score and the preset threshold value, and improves the accuracy of emergency situation identification and the timeliness of response.",,,G06N3/08;G06N3/0442;G06F18/256;G10L25/30;G10L25/66;G10L25/63;G10L17/02,G10L25/66;G10L25/63;G10L25/30;G06N3/08;G06N3/0442;G06F18/25;G10L17/02,TIANJIAN ELECTROACOUSTIC CO LTD,,True,False
CN-113443033-A,CN-202010215723-A,CN,A,77806586,20200325,20200325,20210928,0,Vehicle-mounted cooperative disaster assessment system,,"A vehicle-machine cooperative disaster assessment system comprises a mission planning unit, a 2D/3D modeling and picture splicing unit, a data transmission unit, a geographic information data fusion unit, a remote control unit, a system function unit, a multispectral imaging data fusion unit, a target identification and tracking unit, an intelligent analysis unit, a target measurement and analysis unit and a vehicle-machine cooperative system unit; still connect in car machine platform unit, communication system unit, task load unit, patrol and examine robot and unmanned aerial vehicle. According to the method, an external field operator specifies an operation route and operation requirements according to field conditions, an inspection robot finishes driving of a key node of the specified route according to a remote data instruction, an unmanned aerial vehicle automatically takes off according to a command to finish task investigation after the inspection robot reaches the key node, a vehicle or an airplane carries out fine inspection after a suspicious point is found, the whole operation data is returned to a command center in real time, and the command center gives detailed analysis and risk assessment to the suspicious point according to big data.",,,B64U10/10;B64U2101/00;B60W30/09;B64D47/08;B64C25/62;G07C1/20;B60W30/095;B64C27/20;B62D55/088,G07C1/20;B64C27/20;B64C25/62;B60W30/095;B64D47/08;B62D55/088;B60W30/09,SHAANXI SHANGYIDA IOT TECH CO LTD,,True,False
CN-113443033-B,CN-202010215723-A,CN,B,77806586,20200325,20200325,20221206,20221206,Vehicle-mounted cooperative disaster assessment system,,"A vehicle-machine cooperative disaster assessment system comprises a mission planning unit, a 2D/3D modeling and picture splicing unit, a data transmission unit, a geographic information data fusion unit, a remote control unit, a system function unit, a multispectral imaging data fusion unit, a target identification and tracking unit, an intelligent analysis unit, a target measurement and analysis unit and a vehicle-machine cooperative system unit; still connect in car machine platform unit, communication system unit, task load unit, patrol and examine robot and unmanned aerial vehicle. According to the method, field operating personnel specify an operating route and operating requirements according to field conditions, an inspection robot finishes driving of a key node of the specified route according to a remote data instruction, an unmanned aerial vehicle automatically takes off according to an instruction to finish task investigation after the inspection robot reaches the key node, a vehicle or an airplane carries out fine inspection after a suspicious point is found, the whole operating data is transmitted back to a command center in real time, and the command center gives detailed analysis and risk assessment to the suspicious point according to big data.",,,B64U2101/00;B64U10/10;B64D47/08;B64C27/20;B64C25/62;B62D55/088;G07C1/20;B60W30/09;B60W30/095,B64C27/20;B60W30/095;B64C25/62;G07C1/20;B64D47/08;B62D55/088;B60W30/09,,,True,False
CN-119740194-A,CN-202510251464-A,CN,A,95130501,20250305,20250305,20250401,0,Multi-mode data communication method and system using Beidou satellite system,,"The invention discloses a multi-mode data communication method and a system using a Beidou satellite system, which relate to the technical field of multi-mode data fusion, wherein the method utilizes an unmanned aerial vehicle carrying sensor and a high-definition camera to collect communication data, environment data and field video data of disaster areas in real time, and the data quality is evaluated by transmitting the data quality index to a command center through a Beidou satellite system, calculating a visual transmission efficiency index scx, an acoustic transmission definition index scz and an environmental interference index hgz, further obtaining a comprehensive transmission quality index czy, and presetting a first data transmission quality threshold A and a second data transmission quality threshold B. The damaged condition and the communication requirement of the disaster area are combined, and the data transmission is prioritized, so that the limited communication resources are optimized, and the stable and reliable communication of the disaster area is ensured. The method overcomes the defect of the traditional communication means when the communication facilities of the disaster area are damaged, and improves the instantaneity, the stability and the resource utilization efficiency of the communication of the disaster area.",,,,H04W4/90;G06F18/25,,,True,True
CN-121258092-A,CN-202511439211-A,CN,A,98182221,20251010,20251010,20260102,0,Dynamic task allocation system based on multi-source data fusion,,"The invention discloses a dynamic task distribution system based on multi-source data fusion, belongs to the technical field of intelligent task scheduling, and aims to solve the problems of response delay and execution failure caused by indiscriminate rule verification, fuzzy resource matching logic and inaccurate real-time state evaluation in the traditional task distribution system. The system acquires a task request through a task receiving module, converts a plurality of indexes through a data standardization processing module, performs multi-rule verification through a rule matching engine to output matching degree scores, calculates the current capability value of an executor through a real-time capability assessment module, dynamically adjusts double weights according to the emergency degree of the task and generates comprehensive scores, eliminates time, resource and skill conflicts through a conflict detection unit, and finally selects an optimal executor to issue the task through a task distribution unit. The system is suitable for the fields of dispatching orders, emergency response, logistics distribution, maintenance service and the like of the grid command center, which need efficient and accurate task distribution.",,,,G06Q30/0601;G06N20/20;G06N5/02;G06N5/01;G06F18/22;G06F18/214;G06Q10/0631,BEIHAI CITY AREA SOCIAL GOVERNMENT GRID GUEHUA COMMAND CENTER;GUANGXI CHENGSHI TECH DEVELOPMENT CO LTD,,True,False
CN-118391097-A,CN-202410602965-A,CN,A,92007578,20240515,20240515,20240726,0,Dynamic intelligent early warning method for shield tunneling induced ground collapse,,"The invention discloses an intelligent dynamic early warning method for inducing ground collapse by shield tunneling, which comprises the following steps: data acquisition, feature extraction, model establishment and prediction early warning. The data acquisition comprises the steps of acquiring engineering geological conditions, hydrogeological conditions, tunnel geometric characteristics, shield construction parameters and other characteristic factors and ground subsidence data; extracting main features through a random forest model; the model is established, characteristic factors are fused by using multi-factor Taylor series expansion Kalman filtering, and weight coefficients of the characteristic factors are optimized through a differential evolution algorithm; and predicting and early warning the ground subsidence of the next time step by using the model, identifying the catastrophe singular points according to the gradient ratio criterion, and carrying out ground subsidence early warning. The method combines a multisource data fusion technology and a catastrophe theory, is used for solving the problem that ground collapse disasters are difficult to early warn when the shield machine passes through a composite stratum, assists parameter setting and decision of a shield control center, and improves construction safety and efficiency.",,,E21D9/06;E21F17/18,E21D9/06;E21F17/18,NANJING UNIVERSITY,,True,False
CN-120725263-A,CN-202510716620-A,CN,A,97161361,20250530,20250530,20250930,0,Chemical accident emergency response method and system under real-time monitoring,,"The application provides a chemical accident emergency response method and system under real-time monitoring, which relate to the technical field of emergency response and generate multi-source synchronous data by collecting multi-source heterogeneous data in real time for time alignment, extracting multi-mode characteristics of the multi-source synchronous data for chemical accident identification, retrieving accident scene parameters, carrying out accident response analysis based on an accident identification result, formulating an emergency response scheme and carrying out resource scheduling analysis to construct a resource scheduling network diagram, carrying out accident monitoring early warning signals according to the resource scheduling network diagram in combination with the multi-source synchronous data, generating a real-time decision instruction and pushing the real-time decision instruction and the emergency response scheme to an emergency command center. The method solves the technical problems of low accuracy of identifying the chemical accident and lagged response flow caused by lack of multi-source heterogeneous data fusion and real-time linkage mechanisms in the prior art, and achieves the technical effects of improving the identification accuracy of the chemical accident and the emergency response speed.",,,G06F2123/02;G06F18/253;G06F18/10;G06Q50/265;G06Q50/26;G06Q10/06316;G06Q10/06315;G06Q10/06312;G06Q10/063,G06Q50/26;G06Q10/0631;G06F123/02;G06F18/25;G06F18/10;G06Q10/063,EMERGENCY MAN DEPARTMENT BIG DATA CENTER,,True,True
CN-113344326-B,CN-202110482882-A,CN,B,77469326,20210430,20210430,20231010,20231010,System and method for identifying dynamic hidden danger and evaluating risk of special operation site,,"The application discloses a system and a method for identifying dynamic hidden danger and evaluating risk of a special operation site. The system comprises: the special operation artificial smell detection unit acquires a special operation site gas generation response signal, and the special operation visual detection unit acquires image information and video information of the special operation site; the computing control center receives and gathers a gas generation response signal, image information and video information of a special operation site; the multi-information fusion potential safety hazard identification unit performs scene matching according to the collected response signals of artificial smell and the image video of visual detection, and identifies and marks the potential safety hazard position according to a multi-information fusion algorithm; and the multi-information fusion risk assessment and intelligent early warning unit carries out real-time risk assessment on the risk degree in the operation process according to a risk grading algorithm. The application solves the problems of manual monitoring, lack of safety monitoring information, incomplete identification elements, low detection accuracy, early warning lag and the like in the existing special operation.",,,G06Q10/0635;G06Q10/06393;G06Q50/265;Y04S10/50,G06Q10/0635;G06Q10/0639;G06Q50/26;G06V20/40,,,False,True
US-2020288295-A1,US-202016812995-A,US,A1,72334746,20200309,20190308,20200910,0,Apparatus and method for emergency dispatch,,"A disclosed method includes receiving data inputs for a plurality of events including alarms, sensors, and mobile device emergency call and emergency alert related emergency data; determining event correlations based on the data inputs to generate a set of correlated events; determining emergency network dispatch rules for each correlated event based on event type; applying corresponding emergency network dispatch rules to each corresponding correlated event; and sending a dispatch recommendation to an emergency network entity for each correlated event based on application of the corresponding emergency network dispatch rules.",,,H04W76/50;H04W4/90;H04W4/38;H04W4/14;H04W4/021;H04W4/024;H04W4/70;H04M3/5116;G06N5/025;G06N20/00;H04M2207/18;H04W4/022;H04W4/029,H04W4/90;H04M3/51;H04W76/50;H04W4/029;H04W4/021,RAPIDSOS INC,US,True,True
CN-117692386-A,CN-202311476492-A,CN,A,90138003,20231107,20231107,20240312,0,Self-adaptive disaster site communication and cross-platform data fusion method and system,,"The invention relates to the technical field of data fusion, in particular to a self-adaptive disaster site communication and cross-platform data fusion method and system, which comprises the following steps: s1: the communication network for automatically detecting the field energy comprises a public network, a private network and satellite communication; s2: collecting holographic information of a disaster site; s3: performing preliminary analysis on the data collected in the step S2, and judging the emergency degree and type of the data; s4: adjusting the communication priority to ensure the priority transmission of key information; s5: converting the data with different formats and sources into a unified format; s6: combining data from different platforms, and extracting key information; s7: and feeding the processed key information channel back to the rescue command center. According to the invention, the accuracy and the transmission speed of disaster site information are obviously improved by realizing self-adaptive communication and high-efficiency data fusion, so that the timeliness and the effectiveness of rescue decisions are enhanced.",,,H04W4/90;H04L43/08;H04L45/851;G06F18/2411;G06V10/764;G06T17/05;G06F18/29;G06Q50/265;G06F18/25,H04L45/851;G06F18/20;G06F18/2411;G06F18/25;G06Q50/26;G06Q50/50;G06T17/05;G06V10/764;H04L43/08;H04W4/90,SHANGHAI FIRE RES INSTITUTE OF MEM,,True,True
CN-121936112-A,CN-202511842924-A,CN,A,99519063,20251209,20251209,20260428,0,"Fire control three-dimensional visualization and emergency deduction method, device, equipment and medium based on CIM technology",,"The application discloses a fire control three-dimensional visualization and emergency deduction method, device, equipment and medium based on CIM technology, and belongs to the technical field of computers. The method comprises the steps of obtaining a basic CIM three-dimensional model, fire-fighting exclusive real-time data and building structure basic data, fusing the basic CIM model and the fire-fighting exclusive real-time data through a dynamic fire-fighting attribute mapping algorithm to obtain a fire-fighting CIM model, quantizing the fire-fighting CIM model and the building structure data through a weight algorithm, generating regional fire risk data and visualizing the regional fire risk data through a thermodynamic diagram, obtaining real-time environment and peripheral fire-fighting resource data, performing fire simulation and resource matching, generating an optimization suggestion through a linkage historical case library, obtaining an emergency deduction result, building a multi-view interactive channel, and synchronizing front line marking data and the command center fire-fighting CIM model. According to the technical scheme, fire control data fusion and risk visualization can be achieved, deduction scientificity is improved, and emergency rescue efficiency is greatly improved.",,,G06F2119/14;G06F2119/08;G06T17/00;G06F30/20;A62C99/009,G06T17/00;G06F119/14;G06F119/08;A62C99/00;G06F30/20,SHANGHAI LINBO CONSTRUCTION ENG CO LTD,,True,False
KR-102953459-B1,KR-20250154376-A,KR,B1,99671045,20251023,20251023,20260417,20260417,Method and System for Drone Mission Automation Based on Heterogeneous External Platform Event Integration,이기종 외부 플랫폼 이벤트 연계 기반 드론 임무 자동화 방법 및 이를 수행하기 위한 시스템,,"본 발명은 이기종(異機種) 외부 감시·센서 플랫폼에서 발생하는 이벤트를 표준화된 인터페이스를 통해 수신·검증하고, 이를 기반으로 드론 임무를 자동 생성·수행하는 기술에 관한 것으로,  
CCTV, IoT 센서, 기상·교통 데이터베이스 등 서로 다른 프로토콜을 사용하는 외부 플랫폼으로부터 발생한 이벤트를 드론 운용에 연계하기 위한 방법에 있어서, 
(a) REST, MQTT, OPC-UA 중 적어도 하나를 통해 이벤트를 수신하고, 수신된 이벤트를 시간·위치·유형·신뢰도 필드를 포함하는 통합 이벤트 스키마로 정규화하는 단계; 
(b) API 토큰 검증, 디지털 서명 확인 및 TLS 기반 암호화 검증을 수행하고, 멱등성 검증으로 중복 이벤트를 제거하며 순서 보장 로직으로 다중 소스 이벤트의 시간적 정합을 확보하는 단계; 
(c) 동일 시간·공간에서 발생한 복수 이벤트에 대해 센서 유형 가중치, 이벤트 발생 빈도 및 소스 신뢰도를 반영하여 이벤트 신뢰도 점수를 산출하는 단계; 
(d) 상기 통합 이벤트 스키마와 신뢰도 점수에 기초하여, 화재·침수·침입 등 이벤트 유형별 드론 임무 프로파일(정찰, 열화상 탐색, 순회탐색, 방송, 운반 등)을 자동 생성하는 단계; 
(e) 다수 이벤트가 동시 또는 근접하여 발생한 경우, 위험도·거리·예상 도착시간·배터리 잔량·페이로드 구성·기상 및 비행허가 제약을 포함하는 상태 변수에 기초하여 드론 자원에 대한 우선순위 산출 및 스케줄링/재할당을 수행하는 단계; 
(f) 생성된 임무에 따라 드론을 자동 출동시켜 실시간 스트리밍과 고해상 영상·센서 데이터를 수집하되, 멀티카메라·멀티센서 융합으로 동일 객체 여부를 판정하는 단계; 
(g) 수집 데이터와 임무 메타데이터를 중앙 관제 상황판에 실시간 공유함과 아울러, 원발 이벤트의 소스 외부 플랫폼 데이터베이스로 피드백 연동하여 이벤트-임무-결과를 결합 저장하는 단계를 포함하는 것을 특징으로 한다.",,H04L9/3297;H04L9/3247;H04L9/3236;H04L9/3213;H04L69/18;H04L65/60;G06V20/17;B64C39/024;H04L67/125,H04L69/18;H04L65/65;H04L65/60;H04L9/32;G06V40/10;G06V20/17;G06Q50/10;B64C39/02;H04L67/125,JB TECH CO LTD,KR,True,False
CN-119740194-B,CN-202510251464-A,CN,B,95130501,20250305,20250305,20250527,20250527,Multi-mode data communication method and system using Beidou satellite system,,"The invention discloses a multi-mode data communication method and a system using a Beidou satellite system, which relate to the technical field of multi-mode data fusion, wherein the method utilizes an unmanned aerial vehicle carrying sensor and a high-definition camera to collect communication data, environment data and field video data of disaster areas in real time, and the data quality is evaluated by transmitting the data quality index to a command center through a Beidou satellite system, calculating a visual transmission efficiency index scx, an acoustic transmission definition index scz and an environmental interference index hgz, further obtaining a comprehensive transmission quality index czy, and presetting a first data transmission quality threshold A and a second data transmission quality threshold B. The damaged condition and the communication requirement of the disaster area are combined, and the data transmission is prioritized, so that the limited communication resources are optimized, and the stable and reliable communication of the disaster area is ensured. The method overcomes the defect of the traditional communication means when the communication facilities of the disaster area are damaged, and improves the instantaneity, the stability and the resource utilization efficiency of the communication of the disaster area.",,,,H04W4/90;G06F18/25,,,True,True
CN-115529317-A,CN-202211260739-A,CN,A,84701692,20221014,20221014,20221227,0,Street lamp pole alarm deduplication analysis method and system based on edge cloud collaborative computing,,"The invention discloses a street lamp pole alarm deduplication analysis method and system based on edge cloud collaborative computing; the method comprises the following steps: the edge gateway acquires an analysis request sent by the control center server, and sends the acquired video to the cloud server if the analysis request is continuous frame operation analysis; if the frame is non-continuous frame operation analysis, processing the collected video inside the edge gateway; the edge gateway is arranged inside the street lamp pole; after receiving the video, the cloud server and the edge gateway judge whether the required computing resource exceeds a set threshold value, if not, the video is subjected to structured analysis, and the cloud server feeds back the analysis result to the edge gateway; and the edge gateway judges repeated data according to the structural analysis result, sends alarm information to the control center server according to the judgment result and simultaneously links related equipment.",,,H04L67/12;G08B21/182;G08B25/002;H04L67/10,G08B25/00;G08B21/18;H04L67/60;H04L67/12;H04L67/10,JINAN SANXING LAMPS CO LTD,,False,True
US-2023036290-A1,US-202217873930-A,US,A1,72334746,20220726,20190308,20230202,0,Apparatus and method for emergency dispatch,,"A disclosed method includes receiving data inputs for a plurality of events including alarms, sensors, and mobile device emergency call and emergency alert related emergency data; determining event correlations based on the data inputs to generate a set of correlated events; determining emergency network dispatch rules for each correlated event based on event type; applying corresponding emergency network dispatch rules to each corresponding correlated event; and sending a dispatch recommendation to an emergency network entity for each correlated event based on application of the corresponding emergency network dispatch rules.",,,H04W4/024;H04W4/029;H04W4/90;H04W4/021;H04M3/5116;H04W4/14;H04M2207/18;H04W76/50;H04W4/70;G06N20/00;G06N5/025;H04W4/38;H04W4/022,H04W76/50;H04W4/90;H04M3/51;G06N5/02;H04W4/029;H04W4/021;G06N20/00,RAPIDSOS INC,US,True,True
CN-111750281-A,CN-202010637567-A,CN,A,72679151,20200705,20200705,20201009,0,Unmanned intelligent laser inspection system for gas leakage,,"The invention relates to an unmanned intelligent laser inspection system for gas leakage. The intelligent cruise control system comprises a cruise trolley, six mechanical arms, a laser absorption spectrum intelligent sensing unit, a data remote transmission module and a cloud control center. The cruise trolley and the six-axis mechanical arm obtain accurate positioning and posture reconstruction of the intelligent sensing unit through data fusion and spatial data decoupling. The laser absorption spectrum intelligent sensing unit obtains a laser absorption spectrum signal for judging whether gas is leaked or not, and transmits the spatial information and the leakage amount of the monitoring point to the cloud control center through the data remote transmission module. The invention can detect whether the gas pipeline leaks by using the six-axis mechanical arm to carry the laser absorption spectrum intelligent sensing unit, and can detect the inspection blind spot which is difficult to involve in the leak detection system. Meanwhile, the laser absorption spectrum intelligent sensing units carried by the six-axis mechanical arm and the six-axis mechanical arm are controlled through the cloud control center, detection data are collected, and high-automation intelligent detection is achieved.",,,F17D5/02;H04L67/025;G08B25/08;F16M3/00;F16M7/00,H04L29/08;F16M7/00;F16M3/00;G08B25/08;F17D5/02,UNIV JILIANG CHINA,,False,True
CN-119309097-B,CN-202411575313-A,CN,B,94190585,20241106,20241106,20251114,20251114,Emergency response and repair method for routing of underwater pipeline,,"The invention relates to an emergency response and repair method for an underwater pipeline route, which comprises the following steps of S1, firstly placing a detection device into a pipeline along the flowing direction of a fluid medium, S2, starting a measuring instrument of a head mechanism, carrying out data fusion and transmitting the data to a control center of the head mechanism in real time, S3, opening a fan plate, starting a propeller on the head mechanism and a propeller on a propelling mechanism, wherein the two mechanisms work together to realize the swimming and steering movement of the detection device in the pipeline, the sensor is used for detecting the condition in the pipeline, S4, when the head mechanism detects that the flow velocity is suddenly changed in the pipeline, the fan plate is retracted, the propeller and an axial propeller are closed, the descending propeller is started to enable the detection device to be attached to the inner wall of the pipeline, S5, the crawling mechanism drives the detection device to creep, S6, when the flow velocity trend is changed from rising to descending trend, the fixing device is arranged on the inner wall of the pipeline, S7, the repair mechanism works, and S8, the monitoring ring is started. The invention can automatically and efficiently detect and repair the pipeline in an automatic way.",,,F16L2101/60;F16L2101/30;F16L55/17;F16L55/163;F17D5/00;F16L55/18;F16L55/40;F16L55/32,F17D5/00;F16L101/60;F16L101/30;F16L55/40;F16L55/18;F16L55/17;F16L55/163;F16L55/32,,,True,False
CN-118987551-B,CN-202411426078-A,CN,B,93476536,20241014,20241014,20241213,20241213,Fire emergency water supply control system and method thereof,,"The invention discloses a fire emergency water supply control system and a method thereof, which relate to the technical field of fire control and comprise a distributed control network, a control system and a control system, wherein the distributed control network is used for establishing communication connection with a plurality of fire detection devices and a plurality of water supply devices, receiving and processing fire related parameters from various fire detection devices and controlling the operation of the water supply devices; the fire detection equipment is used for continuously collecting fire related parameters; the system comprises a main power supply, a plurality of water supply devices, a standby power supply module and a remote monitoring and control module, wherein the main power supply module is used for supplying power to the system when a main power supply fails, and the remote monitoring and control module is used for carrying out data exchange with a fire control command center and receiving control instructions. The invention realizes accurate judgment and real-time tracking of fire conditions through multi-source information fusion and dynamic analysis, and greatly improves the accuracy and timeliness of system response.",,,G08B17/12;G08B17/117;G08B17/06;G08B17/10;G08B17/125;G08B25/12;G06F17/10;A62C31/00;A62C37/00,G08B25/12;G08B17/12;G08B17/117;G08B17/10;G08B17/06;G06F17/10;A62C31/00;A62C37/00,,,False,True
CN-114827221-A,CN-202210455354-A,CN,A,82510361,20220428,20220428,20220729,0,Intelligent community comprehensive intelligent analysis and early warning system and method,,"The invention discloses a comprehensive intelligent analysis and early warning system and method for a smart community, and belongs to the technical field of smart communities. In order to solve the problems of data closure and difficulty in early warning in time, the monitoring camera is installed in each security area, the face recognition module is electrically connected with the behavior analysis module and the AI analysis module, the practical situations that the property management work is difficult to implement and the potential safety hazard is difficult to prevent are solved, by the technical means of high-definition monitoring, face recognition, AI, intellectualization and the like, the potential safety hazard is accurately recognized, the real-time alarm event is accurately handled, the large data query unit gathers all data in the district, the data island of each level of unit information is broken through, data fusion is realized, the fusion analysis module comprehensively analyzes community information by combining monitoring video stream data and all data in the district, based on data, scientific decision making, real-time popup early warning of abnormal conditions and key events are realized, and a command center can check on line, so that online trace management of events and full-process closed-loop management are realized.",,,H04L67/125;H04N7/18;G06V20/52;G06V40/166;G06V40/20;G06Q50/26,G06Q50/26;H04N7/18;H04L67/125;G06V40/16;G06V20/52;G06V40/20,LIANYUNGANG WUTUOBANG CULTURE MEDIA CO LTD,,False,True
KR-20230071876-A,KR-20210157234-A,KR,A,86540907,20211116,20211116,20230524,0,System for rescuing emergency employing biometric techniques of solid space and hololens,홀로렌즈와 3차원공간에서의 생체인식기술을 이용한 응급환자 구조 시스템,"An embodiment relates to an emergency patient rescue system using a biometric recognition technology in hololens and three-dimensional space. The emergency patient rescue system comprises: an MR device; and a management information processing device. Therefore, the present invention is capable of providing prompt rescue and the like and helping in ensuring a smooth operation in a situation wherein an emergency patient and the like occur.","실시예는 홀로렌즈와 3차원공간에서의 생체인식기술을 이용한 응급환자 구조 시스템에 관한 것이다. 
구체적으로는, 이러한 구조 시스템은 초기 의료대응을 위하여 사용자 주변에 현장의 상황을 의료상황실 등으로 전송하고 응급처치 요원이 의료상황실의 의료지도를 받아 처치를 제공한다. 
구체적으로는, MR 디바이스 측에서 다수의 상이한 사용자별로 설치되어서, 사용자 주변에 현장에서 영상을 촬영하여 홀로렌즈로 투영해서 입체 영상을 수집하여 관리 정보처리장치에 일괄적으로 전달한다. 
그리고, 또한 이러한 경우에 MR 디바이스에서는 입체 영상을 전달할 경우마다, 해당 입체 공간에서의 현장 대상에 대한 생체 객체를 등록 생체 객체와의 비교를 통해 상이한 사용자별로 인식하고, 현장 대상의 실제 객체와 인식한 생체 객체를 정합하여 전달한다. 
이때, MR 디바이스에서는 생체 정보를 입체 공간에서 일실시예의 생체 정보의 인식을 위한 아날로그 클러스터링 인식포맷으로 인식하므로, 생체 정보를 선형적으로 인식하여 원활하게 인식을 한다. 
그러면, 관리 정보처리장치 측에서는 이러한 MR 디바이스에 의해 전달받은 각각의 입체 영상 내 객체와 응급 환자에 관한 설정 이상 객체를 비교하여 응급 환자의 발생 여부를 판별한다. 
그래서, 상기 판별 결과, 응급 환자가 발생한 경우에는 응급 구조정보를 구성하여 내부(또는, 외부 등록 구조 장치)로 알림한다. 반면에 응급 환자가 발생하지 않는 경우에는 알림하지 않으므로, 구조를 수행한다. 
예를 들어, 이러한 경우에, MR 디바이스에서는 상기 관리 정보처리장치로부터 해당 구조 콘텐츠에 따른 구조 정보를 제공받아서, 상기 구조 정보로 상기 MR 디스플레이의 동작을 제어하여 안내한다. 
따라서, 이를 통해 실시예에서는 MR 디바이스 등에서 모니터링한 정보를 관리 정보처리장치에 제공할 경우 등에, 사용자 측에서 홀로렌즈를 통한 감시영상을 획득하여 입체적으로 정보분석해서 현장에 있는 특정한 대상의 생체정보를 신속하게 얻는다. 
그리고 나서, 이러한 정보를 원격지의 관리 정보처리장치에 전달하여 응급 조치를 즉시 받을 수 있도록 함으로써, 응급 환자 등이 발생한 상황에서 신속하게 구조 등을 제공하고 원활하게 할 수 있도록 도움을 준다.",,G16H40/40;G16H40/20;G16H40/67;G02B27/0944;G06T19/006,G06T19/00;G16H40/20;G02B27/09;G16H40/40;G16H40/67,ELEC COM CO LTD,KR,True,False
KR-20120109181-A,KR-20110027511-A,KR,A,47280596,20110328,20110328,20121008,0,Operating system for automatic defibrillator and operating method therefor,신속 응급처치를 위한 자동제세동기의 운용 시스템 및 그 운용 방법,PURPOSE: An automatic defibrillator operating system for quick first aid and an operating method thereof are provided to enable a first aid man to quickly find a near automatic defibrillator through an AR(Augmented Reality) image displayed on a mobile communication terminal based on the location of an emergency patient. CONSTITUTION: A plurality of automatic defibrillator operating units(140) transmit a video file of a first aid site situation to a server. A database server(120) stores location information of the automatic defibrillator operating units. An automatic defibrillator-integrated operation server(110) transmits a remote control signal. A mobile communication terminal(130) matches the location information of the automatic defibrillator operating units with actual images. [Reference numerals] (110) Automatic defibrillator-integrated operation server; (111) Augmented reality application storage unit; (112) Monitor; (113) Microphone; (114) Data transceiving unit; (115) Automatic defibrillator self-diagnosis program storage unit; (116) Control signal transceiving unit; (120) Database server; (121) Automatic defibrillator location information database; (122) Automatic defibrillator manual database; (123) Automatic defibrillator management information database; (124) Automatic defibrillator manager information database; (130) Mobile communication terminal; (140) Automatic defibrillator operating unit; (141) Storage unit; (142) Display unit; (143a) Camera 1; (143b) Camera 2; (144a) Microphone; (144b) Speaker; (145a) Data transceiving unit; (145b) Control signal transceiving unit; (146a) Door-open sensor; (146b) Automatic defibrillator sensor; (149) Control unit; (150) Manager communication terminal; (160) SMS server; (17) Information device; (170) Base station; (180) Automatic voice guide center server; (AA) Mobile communication network; (BB) Control unit; (CC) Wire/wireless internet network; (DD) Auxiliary battery,"본 발명은 일반 응급처치자가 응급환자의 발생 위치를 기준으로 이동통신 단말기에 표시되는 증강현실 화면을 통해 인접한 자동제세동기를 신속히 찾은 후, 통합상황실에서 전송되는 동영상과 관리자 음성을 통해 자동제세동기를 올바르게 작동시키면서 응급처치를 할 수 있도록 하는 신속 응급처치를 위한 자동제세동기의 운용 시스템 및 그 운용 방법에 관한 것으로서, 본 발명에 따른 신속 응급조치를 위한 자동제세동기의 운용 시스템은, 자동제세동기, 상기 자동제세동기의 응급처치 장면을 촬영하는 현장카메라, 상기 자동제세동기의 사용법 및 응급처치 요령 안내를 위한 디스플레이부 및 스피커, 응급처치 현장의 음성 획득을 위한 마이크, 상기 현장카메라, 디스플레이부, 스피커, 마이크의 작동 제어 및 전체적인 제어 기능을 하는 제어부, 상기 자동제세동기를 수납하는 도어 장착형 보관함, 상기 보관함에서 상기 자동제세동기가 인출되는지 여부를 감지 후 자동제세동기 인출시 해당 신호를 상기 제어부에 입력하는 자동제세동기 탈착 감지센서를 포함하고, 상기 현장카메라에서 촬영되는 응급처치 현장의 상황을 동영상 파일로 서버에 전송하며, 여러 지역에 분산되어 설치되는 복수의 자동제세동기 운용부와, 상기 자동제세동기 운용부의 위치정보가 저장되는 데이서베이스 서버와, 상기 복수의 자동제세동기 운용부가 유무선 인터넷망을 통해 접속되고, 상기 자동제세동기의 작동 설명을 위한 영상 매뉴얼 정보 및 마이크를 구비하며, 상기 데이터베이스 서버로부터 상기 자동제세동기 운용부의 위치정보를 검출한 후 이를 이동통신망을 통해 이동통신 단말기에 출력하는 동시에, 자동제세동기 운용부의 상기 현장카메라, 디스플레이부, 스피커, 마이크 작동을 위한 원격제어신호를 상기 유무선 인터넷망을 통해 전송하는 자동제세동기 통합운영서버와, 자동제세동기의 위치 확인을 위한 증강현실 어플리케이션이 저장되고, 카메라가 장착되며, 상기 증강현실 어플리케이션의 실행 후 상기 카메라로 일정 영역을 비추면 자체 기능에 의해 획득한 현재 위치정보를 이동통신망을 통해 상기 통합운영서버에 전송하고, 상기 이동통신망을 통해 전송되는 자동제세동기의 위치정보를 수신 후 이를 상기 카메라에 의해 비춰지는 실사 영상에 정합하여 증강현실 화면으로 출력하는 이동통신 단말기를 포함하여 구성된다.",,G08B25/10;G08B21/18;A61N1/3925;G06Q50/22,G06Q50/22,HONG JUNG RAE,KR,True,True
US-12323557-B2,US-202217873930-A,US,B2,72334746,20220726,20190308,20250603,20250603,Apparatus and method for emergency dispatch,,"A disclosed method includes receiving data inputs for a plurality of events including alarms, sensors, and mobile device emergency call and emergency alert related emergency data; determining event correlations based on the data inputs to generate a set of correlated events; determining emergency network dispatch rules for each correlated event based on event type; applying corresponding emergency network dispatch rules to each corresponding correlated event; and sending a dispatch recommendation to an emergency network entity for each correlated event based on application of the corresponding emergency network dispatch rules.",,,G06N5/025;G06N20/00;H04W76/50;H04W4/029;H04W4/022;H04W4/90;H04W4/38;H04W4/024;H04W4/021;H04W4/70;H04W4/14;H04M2207/18;H04M3/5116,H04W76/50;H04W4/90;H04W4/029;H04W4/021;G06N20/00;G06N5/025;H04M3/51,RAPIDSOS INC,US,True,True
CN-121526339-A,CN-202511785720-A,CN,A,98709398,20251201,20251201,20260213,0,Intelligent management and service platform for expressway,,"The invention discloses an intelligent management and service platform for a highway, which belongs to the technical field of intelligent service platforms for the highway and comprises a control center, wherein the control center is in communication connection with a data transmission module, the data transmission module is respectively in communication connection with an emergency command system, a charging operation analysis system, an electromechanical maintenance system, a member management system and a safety supervision system, the data transmission module is electrically connected with a data temporary storage module, the data temporary storage module is in communication connection with the control center, and the control center is in communication connection with a cloud database. The intelligent management and service platform for the expressway can integrate and cooperatively manage various basic data of the expressway, achieves the management targets of dynamic perception, data fusion, multiple service and high decision efficiency, and comprehensively improves the intelligent level of expressway operation management and information service.",,,G06F18/25;G06Q50/26;G06Q10/06312;G06Q10/0635,G06Q50/26;G06Q10/0631;G06F18/25;G06Q10/0635,HEBEI JIAOTOU INTELLIGENT TECH CO LTD;HEBEI EXPRESSWAY DEV GROUP CO LTD;UNIV BEIJING JIAOTONG;UNIV HEBEI TECHNOLOGY,,True,True
CN-120783441-A,CN-202511096976-A,CN,A,97285404,20250806,20250806,20251014,0,Emergency linkage control system for monitoring fire hazard of oil depot in real time,,"The invention discloses an emergency linkage control system for monitoring fire hazards of an oil depot in real time, which relates to the technical field of safety monitoring and comprises an emergency linkage control center, wherein the emergency linkage control center is in communication connection with a multi-source data fusion sensing module, and the multi-source data fusion sensing module is used for constructing a multi-mode sensor network, collecting multi-source heterogeneous data in real time, and carrying out fusion analysis to generate a dynamic distribution map of the hazards. According to the invention, a multi-mode sensor network is constructed, various sensors are integrated to realize real-time high-frequency acquisition of oil depot environment, equipment and disaster evolution data, a space-time data fusion engine is combined, data noise is eliminated, a hidden danger dynamic distribution map is generated, so that monitoring data covers the whole area of the oil depot, the time resolution reaches the second level, compared with a traditional threshold triggering mode, the system can dynamically capture multi-source heterogeneous data of key areas of the oil depot, discover hidden danger evolution trend in advance, the disaster early warning time is shortened, and the active inhibition capability is remarkably improved.",,,G06F18/256;G06N3/006;A62C37/10;G08B31/00;G08B21/182;G08B17/00,G08B31/00;G08B21/18;G06N3/006;G06F18/25;A62C37/10;G08B17/00,CHINA SHANXI SIJIAN GROUP CO,,True,False
CN-120725263-B,CN-202510716620-A,CN,B,97161361,20250530,20250530,20260227,20260227,Chemical accident emergency response method and system under real-time monitoring,,"The application provides a chemical accident emergency response method and system under real-time monitoring, which relate to the technical field of emergency response and generate multi-source synchronous data by collecting multi-source heterogeneous data in real time for time alignment, extracting multi-mode characteristics of the multi-source synchronous data for chemical accident identification, retrieving accident scene parameters, carrying out accident response analysis based on an accident identification result, formulating an emergency response scheme and carrying out resource scheduling analysis to construct a resource scheduling network diagram, carrying out accident monitoring early warning signals according to the resource scheduling network diagram in combination with the multi-source synchronous data, generating a real-time decision instruction and pushing the real-time decision instruction and the emergency response scheme to an emergency command center. The method solves the technical problems of low accuracy of identifying the chemical accident and lagged response flow caused by lack of multi-source heterogeneous data fusion and real-time linkage mechanisms in the prior art, and achieves the technical effects of improving the identification accuracy of the chemical accident and the emergency response speed.",,,G06F2123/02;G06F18/253;G06F18/10;G06Q50/265;G06Q50/26;G06Q10/06316;G06Q10/06315;G06Q10/06312;G06Q10/063,G06Q50/26;G06Q10/0631;G06F123/02;G06F18/25;G06F18/10;G06Q10/063,,,True,True
