family_key,rep_publication,title_en,title_ko,abstract_en,abstract_ko,cpc_codes,assignees,earliest_priority,earliest_filing_year,countries,n_publications,has_grant,hit_context,hit_cpc
100987646,US-2026255163-A1,Integrated Space and Terrestrial Network,,"The present teachings disclose an architecture for the integration of terrestrial and space networks to enhance global connectivity for mission critical applications. The architecture utilizes Commercial Off-the-Shelf (COTS) User Equipment (UE), ensuring interoperability and security across varying domains from garrison to mission settings. In addition to commercial applications, this architectural framework is aligned with the U.S. Government’s Combined Joint All Domain Command and Control (CJADC2) to provide resilient connectivity, utilizing commercial cellular and satellite capabilities. A trusted core, Open Radio Access Network (O-RAN), and an implementation of satellite Non-Terrestrial Networks (NTN) for Direct to Device (D2D) are components for unified communication. This architecture supports a range of applications that are related to infrastructure maintenance, energy, and disaster response besides national security. Moreover, network management systems that prioritize security, resiliency, and operational efficiency are used to provide next-generation global connectivity.",,H04W12/06;H04B7/18541;H04W12/0431;H04W76/10,HUGHES NETWORK SYSTEMS LLC,20250226,2025,US,1,False,True,False
32107103,US-7649852-B2,Arrangement for router attachements between roaming mobile routers in a clustered network,,"A mobile router is configured for attaching to a selected router in a clustered network (e.g., a mobile ad hoc network) based on identifying a network topology model of the clustered network from received router advertisement messages that include tree information option fields specifying attributes of the network topology model. The mobile router selects which router advertisement originator to attach to based on correlating the attributes of the router advertisement originators relative to identified priorities, and orders the router advertisement originators within a default router list based on the identified priorities. If the mobile router detects a router from a second clustered network, the mobile router advertises to the attachment router that the second clustered network is reachable, enabling the two clustered networks to communicate using a point-to-point link between the respective attachment routers.",,H04L45/48;H04W40/02;H04W40/32;H04W40/246;H04W40/22;H04L45/04;H04W84/18,CISCO TECH INC,20021028,2007,US,2,True,False,True
32825201,US-2008320305-A1,Method and apparatus for secure communications and resource sharing between anonymous non-trusting parties with no central administration,,"A unifying network model with a structure and architecture configured to address security, interoperability, mobility, and resource management, including priority and quality of services is provided. The network of the network model is structured as a hierarchical mesh network, with dynamically generated routing tables. The configuration of the network model optimizes routing and distributes communication load. Every device on the network is capable of being both an endpoint and a forwarder of communications. The network model may include underlying networks that are represented with one of two models, the link model or the star model. The nodes are organized in a hierarchical relationship structure to optimizes throughput. The model may include a cryptographic method of dynamically assigning local network addresses.",,H04L47/70;H04L9/3249;H04L41/0894;H04L12/44;H04L12/28;H04L12/22;H04L9/32;H04W40/02;Y02D30/70;H04L63/0428;H04L47/125;H04W84/18;H04L63/061;H04L47/2441;H04L9/302;H04L47/828;H04L47/16;H04L63/10;H04L63/08;Y02B70/30;H04L47/806;H04W40/246;Y02D30/50;H04L47/41;H04L47/822;H04L47/805;H04L47/782;H04L45/46;H04L47/746;H04L63/1458;H04L45/04;H04L9/14;H04W40/248;H04L63/083,BRUESTLE JEREMY;TUCKER MARK L,20030124,2008,US,5,True,False,True
33432078,US-8085744-B2,"Wireless communication system, wireless communication apparatus, wireless communication method, and compute program",,"A wireless communication network that forms an ad-hoc network without the arrangement of a controlling station sets a period that a communication apparatus can utilize with priority and performs isochronous communication in the period as required. When isochronous communication has not been performed or after isochronous communication has finished in the priority utilization period, other communication apparatuses perform arbitrary communication. When another communication is performed in a communication apparatus&#39;s own priority utilization period, the start of isochronous communication is temporarily delayed. In an ad-hoc communication environment, data having a real-time characteristic, such as AV content, can be efficiently transmitted through the isochronous communication.",,H04W72/56;H04W84/18;H04W76/10;H04W72/0446;H04W74/0816;H04L12/2801;H04B7/00;H04B7/2603,SUGAYA SHIGERU;SAITO SHIN;SAKODA KAZUYUKI;SONY CORP,20030507,2008,US,14,True,False,True
35425117,US-8681804-B2,"Method and apparatus for persistent communications, interoperability and situational awareness in the aftermath of a disaster",,"A system for providing situational awareness outside a temporary incident area network includes a prioritized connection module for connecting a mesh network at the incident area to one of a plurality of available communications channels, with the selection based not only on the availability of a communications channel but also on the associated expense, speed, reliability or bandwidth, so that high bandwidth traffic such as video and pictures can be reliably sent from the incident area to a location outside of the incident area. In one embodiment switching to a satellite phone network bypasses problems with terrestrial networks such as cell phone networks and landlines which may be down.",,H02J9/00;H04L69/18;H04W48/18;H04W92/02;H04B7/18539;H04W84/18;H04W4/08;H04W40/02;H04B7/18563;H04W76/10;H04W4/90;H04W28/10;H04W76/50;H04L69/08;H04W4/02;H04W84/22;H04B7/14;Y02D30/70,GREENE MICHAEL F;DELANEY WILLIAM J;SPANG KRISTIN A;KIMBARK MARK E;BAE SYS INF & ELECT SYS INTEG,20040528,2009,US,6,True,True,True
35516062,WO-2007052249-B1,Dynamic time-slot allocation and qos priority access in a mobile ad hoc network,,"Method and system for allocating a transmission time slot to a node in a dynamic transmission network wherein nodes may have different Media Access Priority Levels. In a present schedule, each node is allocated a transmission allocation having in each transmission-access cycle a number of transmission time slots that is a function of a respective Media Access Priority Level of the node and wherein there is a registration slot allocation of at least one slot in an aggregation of cycles of communications slots. At least two nodes actively renew their respective transmission allocations in a next schedule by transmitting in at least one of its transmission allocation slots in a present schedule. Any node of the plurality of nodes may apply to the at least two nodes for allocation of at least one transmission slot in the next schedule, by transmitting a request for transmission reservation during a registration slot to the at least two nodes who are actively renewing their transmission allocation; and at least one registration slot is allocated in the next schedule.",,H04W72/56;H04L9/40;H04B7/2643;H04B7/2612;H04W74/04;H04W84/18;H04W72/04;H04W56/00,ISRAEL AEROSPACE IND LTD;PLUTOV ALEXANDER;REUVENI RAN,20051031,2006,EP;US;WO,5,False,False,True
36696660,US-2012195263-A1,Peer-to-peer wireless communication system,,"A method and apparatus may be used for peer-to-peer communications. A first non-access point (non-AP) station (STA) may receive a message for establishing a direct communication link from a second non-AP STA. The message may include a service priority. The first non-AP STA may transmit another message in response to receiving the message from the second non-AP STA, and communicate directly with the second non-AP STA. The system may be an Ad hoc network comprising a plurality of STAs without an access point (AP) where each STA maintains a database of one-hop and two-hop STAs, and establishes a direct link to other STAs after informing neighboring STAs of an intention to establish a direct communication link.",,H04W92/18;H04L65/00;H04W28/16;H04W76/14;H04W84/18;H04L67/1068;H04L12/28,CHANDRA ARTY;LEVY JOSEPH S;GRANDHI SUDHEER A;ZEIRA ELDAD;INTERDIGITAL TECH CORP,20050125,2012,US,2,True,False,True
37395060,US-9602193-B1,Transportation support network utilized fixed and/or dynamically deployed wireless transceivers,,"An application that creates a dynamic ad hoc network by wirelessly linking a plurality of mobile Bluetooth transceivers. The dynamic ad hoc network enables communication between a transmitting Bluetooth transceiver and a receiving Bluetooth transceiver through at least one intermediary Bluetooth transceiver exclusive of other higher power consuming and expensive communication protocols, such as cellular networks. The network provides a number of solutions, including transportation management, traffic alerts, traffic telematics, information associated with road signs, warnings of speed limit changes, navigation, emergency scenarios (more specifically in a condition where a cellular network is inoperable or unavailable), etc. Navigation can utilize GPS, motion sensors, references from RF beacons signals, and the like to determine a user&#39;s location and routing.",,G08C17/02;H04B7/26;H04W84/18;G07B15/02;G01C21/3685;H04W4/02;G07F9/001;G07F17/246;G07F9/009;G08G1/14;H04W88/02;H04W64/006;H04W4/025;G06Q30/0261;G01S5/04;H04W4/024;H04B7/24;G06Q20/327;G07B15/00;G01C21/206,MENDELSON EHUD,20050412,2014,US,1,True,False,True
37482348,KR-20080007658-A,Methods of channel access in a meshed network,메시 네트워크 내에서의 채널 액세스 방법,"Methods for providing a client access to a channel in a meshed wireless local area network are disclosed. The methods comprise that a client in the meshed wireless local area network implement a polling based channel access methodology. The client determines that the channel is available by sensing that the channel is not busy and sends a request for access to the channel to an access point, wherein the request specifies a priority of data that is to be transmitted when the client is granted access to the channel. The client waits a time period before receiving at least one of a) a rejection of the request for access to the channel, b) access to the channel, c) modification of the request for access to the channel, and d) delay access to the channel.","메시 WLAN(a meshed wireless local area network) 내의 채널에 대한 클라이언트 액세스를 제공하는 방법이 개시된다.  방법은, 메시 WLAN 내의 클라이언트가 폴링 기반 채널 액세스 방법론을 구현한다.  클라이언트는, 채널이 비지(busy)가 아니라는 것을 감지함으로써 채널이 이용가능하다고 판정하고, 채널에 대한 액세스 요청을 액세스 포인트에 보내며, 요청은 클라이언트의 채널에 대한 액세스가 허용되는 경우 송신될 데이터의 우선도를 정한다.  클라이언트는 시간 기간을 대기한 후에 a)채널에 대한 액세스 요청의 거절, b)채널에 대한 액세스, c)채널에 대한 액세스 요청의 수정, 및 d)채널에 대한 액세스를 지연 중의 적어도 하나를 수신한다. 
       
     무선 WLAN, AP, 다운스트림 트래픽, 메시 WLAN, 액세스 포인트",H04W84/18;H04W74/0808;H04W84/12;H04W74/08,MOTOROLA INC,20050602,2006,KR,1,False,False,True
37545248,CN-100454873-C,Receive power priority flooding in mobile ad hoc networks,모바일 애드혹 네트워크에서 수신 전력 우선순위 플러딩방법,"An improved method is provided for disseminating information in an ad hoc wireless network. The method includes: receiving an incoming message at a recipient node of the network; scheduling a retransmission of the message, where the schedule time for the retransmission is proportional to a signal strength at which the message was received by the recipient node; and canceling the retransmission of the message when the same message is received from a different node in the network prior to the schedule time for the retransmission. The effect is reduced network traffic on the network with minimized latency.","애드혹(ad hoc) 무선 네트워크에서 정보를 전파하기 위한 개선된 방법이 제공된다. 이 방법에서, 인입(incoming) 메시지는 상기 네트워크의 수신측 노드에서 수신된다. 상기 메시지의 재전송은, 상기 재전송을 위한 스케줄 시간이 상기 수신측 노드에 의해서 수신된 상기 메시지의 신호 세기에 비례하도록 스케줄링된다. 상기 재전송을 위한 상기 스케줄 시간 이전에 상기 네트워크의 상이한 노드로부터 동일한 메시지가 수신되면, 상기 메시지의 상기 재전송은 취소된다. 본 발명은 최소 레이턴시(latency)를 가짐으로써 네트워크상에서 네트워크 트래픽을 감소시키는 효과가 있다. 
       
     애드혹(ad hoc) 네트워크, 플러딩(flooding), 레이턴시(latency)",H04L45/32;G08G1/161;H04W40/00;H04W84/18,DENSO CORP,20050629,2006,CN;KR,4,True,False,True
37836505,WO-2007030689-A3,Surveillance apparatus and method for wireless mesh network,,"Provided are video nodes for wireless networks and methods thereof that wirelessly extend a wired surveillance system. A wireless interface device services wireless communications between a wired video surveillance network and a wireless viewing node. According to another aspect, a wireless interface device transmits an alert over the wireless network upon a triggering event. In yet another aspect, a technique for viewing an image source from a surveillance system includes displaying available surveillance systems for a user to select according to a display criteria and responsive to selection of an available surveillance system, enabling wireless access to the surveillance system.",,G08B13/19645;H04L67/52;G08B13/1966;G08B13/19682;H04L67/12;G08B13/19697;G08B25/009;G08B25/10;G08B25/08;H04N7/181;G08B13/19693;H04N5/76;H04L67/04;H04N21/4524;H04W4/023;H04N21/25841;G08B13/19656,AGILEMESH INC;DICKERSON JAMES W;CROMWELL MARK C;SMITH DENNIS K;SATINSKY MARK S,20050909,2006,US;WO,4,True,False,True
37889210,WO-2007034387-A3,"Method for communicating between a plurality of nodes using a wireless communication protocol, inter-vehicle network",,"The present invention relates to method for communicating between a plurality of mobile nodes (1, 2, 3) in an ad-hoc network comprising the steps of: starting an application by a node (S31), wherein each application has assigned a preset priority value (Pappl); determining the amount of different applications running in the predetermined area (S34); calculating a sum of preset priority values in accordance to the amount of applications already running (S36); calculating a share of bandwidth depending on the preset priority value (Pappl) of the application and the sum of preset priority values; adjusting a network parameter according to the share of bandwidth of the application (S37); communicating by use of adjusted network parameter (S38). It further relates to an inter-vehicle network and a node within such inter-vehicle network. The invention provides a solution in which a total bandwidth is shared between all applications running at the same time in a predetermined area. Thus it is possible to implement a distributed management system providing quality of service to the nodes depending on the priority of the applications. By using an environment factor used for weighting and the recovery strategy, successful operation of applications having a low priority is achieved.",,H04W72/56;H04L47/70;H04W28/20;H04L47/803;H04W84/18;H04L47/824;H04W28/021;H04L47/828;H04L47/2475,PHILIPS INTELLECTUAL PROPERTY;KONINKL PHILIPS ELECTRONICS NV;RUFFINI MARCO;REUMERMAN HANS-JUERGEN,20050926,2006,WO,2,False,False,True
38161341,US-7852816-B2,Apparatus and method for packet transmission scheduling in wireless ad-hoc network,,"A method and apparatus for transmitting packets is capable of saving energy in a mobile ad-hoc network. In the method and apparatus, a phenomenon of abnormality is prevented by one or more mobile terminals exchanging with each other, in an Ad-hoc Traffic Indication Message (ATIM) window period, an ATIM frame containing information about the number of packets attempted to be transmitted and information about the number of continuous transmission failures. As a result of the exchange, each terminal determines transmission priorities of itself and the other terminals using the information. Thus, each mobile terminal can fairly transmit data during a data transmission window.",,H04W84/18;H04W72/569;H04W72/20;H04L12/28;Y02D30/70,SAMSUNG ELECTRONICS CO LTD,20051227,2006,US,2,True,False,True
38173309,US-2007140129-A1,Ad-hoc network routing metric optimization,,A network processing device calculates variable link metrics and then prioritizes selection of network links for sending packets according to the calculated variable link metrics. The variable link metrics can include a link capacity index that represents a combination of platform and interface capabilities for nodes on opposite ends of the network links. The link metrics can also include an expected retransmission value that indicates the percentage of packets that may have to be transmitted over different links.,,H04L45/124;H04W40/04;H04W40/14;Y02D30/70;H04W84/18,PACKETHOP INC,20051221,2006,US;WO,4,True,False,True
38192185,WO-2007091219-A1,Network and method for repetitively broadcasting messages in a wireless ad-hoc network,,"The invention relates to a method for wireless communicating between a plurality of nodes (A, B, C) in an ad-hoc network, in which a single wireless channel is used for broadcasting messages. To provide a network and a method performing a distribution of high priority messages with high reliability independently from the density of nodes in an ad-hoc network the method comprises the steps of: detecting an event by a first node (A); evaluating the event, whether to be broadcasted to all other nodes (B, C) in the receiving range of the first node (A); broadcasting a message including information of the event; periodically repeating the message broadcasting; listen to the channel between transmissions of the message during a listen interval; amending the repetition interval for broadcasting the message if the same message is received within a predetermined period. Thereby a solution is presented in which the message dissemination is distributed resulting in an increased reliability and bandwidth efficiency. The danger warning message will be broadcasted reliable in case of low density of nodes in the area of relevance. In case of high density of nodes the common shared channel is used efficiently due to the distributed broadcasting of the danger warning message.",,H04W84/18;G08G1/162,PHILIPS INTELLECTUAL PROPERTY;KONINKL PHILIPS ELECTRONICS NV;REUMERMAN HANS-JURGEN;HIERTZ GUIDO R;ZANG YUNPENG;STIBOR LOTHAR,20060210,2007,WO,1,False,False,True
38232655,US-7733818-B2,Intelligent node communication using network formation messages in a mobile Ad hoc network,,"A method for node communication in a mobile ad hoc network, which network includes a plurality of wireless mobile nodes and a plurality of wireless communication links connecting the nodes together, includes the steps of transmitting node condition information from a given mobile node using a signal; determining a node condition of the given mobile node, where the node condition includes priority of information to be transmitted by the given mobile node; and varying the signal by changing a transmission characteristic based upon changes in priority of information to be transmitted by the given mobile node.",,G07C9/28;G08B25/009;H04W48/08;G06Q10/08;H04W84/18;G06Q10/087,TERAHOP NETWORKS INC,20001222,2006,US,2,True,False,True
38263066,KR-100728297-B1,Apparatus and method for a wireless resource processing of mobile ad hoc network,무선 애드 혹 네트워크에서의 무선 자원 처리 방법 및 그장치,"A method for processing a wireless resource in a wireless ad hoc network and an apparatus thereof are provided to make it possible to transmit a data frame between a receipt terminal and a transmission terminal by the most transmission rate. A method for processing a wireless resource in a wireless ad hoc network comprises the following several steps. A transmission or a receipt terminal scans channels used by neighbor terminals on the ad hoc network according to a set cycle(S101), and analyses states of the scanned channels(S102). The transmission or the receipt terminal generates a channel quality information table where quality information for each channel is set according to a state of each channel(S103). The transmission terminal transmits an RTS frame to the receipt terminal wherein the RTS frame includes the channel quality identification information which identifies the channels sequentially according to a priority of the quality information by using the generated quality table(S104). The receipt terminal detects and stores the channel quality identification information included in the received RTS frame(S105). The receipt terminal compares the stored channel quality identification information with that included in the channel quality information table generated by itself and selects an optimal available channel(S106). The receipt terminal generates a CTS frame including the selected available channel and transmits the generated CTS frame to the transmission terminal(S107). The transmission terminal measures receipt strength of the CTS frame and detects corresponding frame transmission rate(S108). The transmission terminal detects an optimal channel included in the received CTS frame and generates a data frame to be transmitted to the receipt terminal(S109) and transmits the data frame to the receipt terminal by using the channel, which detects the generated data frame, and the frame transmission rate(S110).","본 발명에 따른 무선 애드 혹 네트워크(Ad hoc Network)에서의 무선 자원 처리 방법 및 그 장치는, 상기 네트워크 상의 무선 자원들을 직간접적으로 스캔하고, 상기 무선 자원들의 상태에 따른 상기 각 무선 자원별 퀄리티 정보를 설정하며, 상기 퀄리티 정보에 따른 상기 각 무선 자원의 식별 정보가 포함되는 프레임 전송 요청 메시지를 송신하는 제1단말과, 상기 제1단말로부터 수신되는 상기 각 무선 자원별 퀄리티 식별 정보와, 스캔되는 각 무선 자원별 퀄리티 정보에 따라 점유율이 최소 상태인 무선 자원을 선택하고, 상기 선택된 무선 자원을 포함하는 프레임 전송 응답 메시지를 상기 제1단말에 송신하는 제2단말을 포함하여 무선 자원을 효율적으로 사용하도록 한다. 
     또한, 본 발명에 따른 무선 에드 혹 네트워크에서의 무선 자원 처리 방법 및 그 장치는, 수신 단말이 송신 단말로부터 수신되는 프레임 전송 요청 메시지의 수신 강도에 상응하는 프레임 전송율을 검출하도록 하여, 검출된 프레임 전송율을 사용하여 송수신 양 단말이 데이터 프레임을 전송하도록 함으로써, 송수신 단말간이 최상의 전송율로 데이터 프레임을 전송할 수 있는 효과를 얻을 수 있다.",H04W72/20;H04W72/563;H04W84/18;H04B7/2612,SAMSUNG ELECTRONICS CO LTD,20060117,2006,KR,1,True,False,True
38611593,KR-20070081733-A,Apparatus for setting multipath and method thereof,다중 경로 설정 장치 및 방법,"An apparatus for setting multiple paths and a method thereof are provided to eliminate interference among plural paths by considering a previous hop address in an ad-hoc network, to prevent reactive path setup when setting the multiple paths, and to efficiently transmit data on the basis of a priority. A method for setting multiple paths comprises the following two steps. According as a main path is set, a wireless node receives a path response packet, including information on a previous hop address, from prior nodes on the main path via a packet receiver where the path response packet can be received via a unicast scheme if the prior node on the main path is a destination node and can be received via a broadcast scheme if the prior node on the main path is not a destination node(S110). A controller of the wireless node determines whether an insulation region of the wireless node itself is included on the basis of the information on the previous hop address within the path response packet received via the packet receiver(S120).","본 발명은 이전 홉 어드레스 정보를 고려하여 다중 경로를 설정하는 다중 경로 설정 장치 및 방법을 제안한다. 
     이를 위해 본 발명은, 소스 노드, 중계 노드 및 상기 소스 노드로부터 상기 중계 노드를 통하여 메시지를 수신하는 목적지 노드를 포함하는 무선 노드 간의 다중 경로 설정 방법에 있어서, 이전 홉 어드레스 정보를 수신하는 수신단계; 및 상기 이전 홉 어드레스 정보에 기반하여 상기 이전 홉 어드레스 정보를 수신한 무선 노드의 격리 지역 포함 여부를 결정하는 결정단계를 포함한다. 
       
     RREP, RREQ, 다중 경로, 에드-혹",H04L45/00;H04W84/18;H04L45/24;H04L12/28,SAMSUNG ELECTRONICS CO LTD;UNIV CITY,20060213,2006,KR,1,False,False,True
38649967,US-7835351-B2,Selection of information for transmission and storage in an ad-hoc network based upon local synopsis exchange,,"A method of managing traffic in an ad-hoc network includes receiving, at a local node, a received synopsis of data sample updates in a neighbor storage of a neighboring node, the synopsis being based at least in part on dynamic priorities associated with the data samples. The received synopsis is then compared with data sample updates in a local storage of the local node and the local node determines which data samples will be transmitted.",,H04W84/18;H04L67/1095;H04L67/04;H04L67/12;H04L67/61;H04W28/14;H04L67/63,PALO ALTO RES CT INC,20060703,2006,EP;JP;US,5,True,False,True
39082839,US-8391255-B2,Content throughput on wireless mesh networks,,"In one embodiment, a method includes receiving an inbound data packet over a wireless link at a wireless intermediate network node. The inbound data packet indicates the packet was transmitted by a node at an edge of the mesh. The inbound data packet is associated with a low priority minimum wait interval and a low priority maximum wait interval for reducing contention on the wireless link. An outbound data packet based on the first data packet is transmitted over the wireless link after a wait time. The wait time is based on a high priority minimum wait interval and a high priority maximum wait interval for reducing contention. The low priority minimum wait interval is greater than the high priority minimum wait interval. These techniques allow long packet queues at the edge but quickly clear packets already forwarded by the mesh.",,H04W72/569;H04L47/2416;H04W8/04;H04W28/14;H04L47/2441;H04W28/18;H04W88/08;H04W88/04;H04L47/28;H04W74/0875;H04W28/02,RIBIERE VINCENT;THUBERT PASCAL;WETTERWALD PATRICK;CISCO TECH INC,20060817,2006,EP;US;WO,5,True,False,True
39085351,CN-100568308-C,Multi-functional onsite alarming controller,,"Multi-functional onsite alarming controller comprises: microprocessor MCU, audio alert module, power module, MCU links to each other with the security protection field apparatus with central Based Intelligent Control server respectively, the audio alert module is connected with MCU, and the security protection field apparatus also is connected with MCU by passive node; When communication line just often, MCU is as the communication bridge of up central Based Intelligent Control server and descending security protection field apparatus, when communication line breaks down, MCU will work alone, monitoring defence area security protection state, if invade, the alarm signal of security protection field apparatus outputs among the MCU with the dry contact pulse mode, MCU starts the audio alert module, realize the audio alert function, simultaneously at this locality storage invasion record, treat that communication line recovers after, can download and occur in all alarm records during the communication failure.The present invention has multiple type of alarm, has improved the reliability of security protection field apparatus network, and the support parameter configuration, comprises customization alarm sound, the time that automatically resets, synchronous clock and download alarm logging etc.",,,UNIV BEI HANG,20070827,2007,CN,1,True,False,True
39222938,KR-20080011150-A,A method for energy-efficient multi-hop multi-radio mobile ad hoc network formation based on application demands,응용 요구 기반의 에너지 효율적인 다중 홉 다중 라디오모바일 애드 혹 네트워크 형성 방법,"A method for forming an energy-efficient multi-hop multi-radio mobile ad hoc network based on application demands is provided to increase the energy efficiency of mobile devices by activating and using only a radio interface for satisfying a demand for an application. A network is divided into a control plane for transmitting a control message and a data plane for transmitting data. In this case, there are provided a part allowing exchanging of the control message when data transmission is required in a state that a low-power radio interface that every node has commonly is always activated, and a part for configuring the data plane by activating a required network interface according to a request of an application. A state for forming a network is established by performing a soft-state multi-hop signaling protocol through the control plane. In detail, a transmitter establishes a state for forming a network for devices on a path from the transmitter to a receiver by using a request of an application. The state established in each device is updated by repeatedly transmitting a request periodically to the transmitter. When a desired operation is finished in the application or if it is not necessary to maintain the established state any longer, the established state is released.","본 발명은 다중 홉 다중 라디오 모바일 애드 혹 네트워크 환경에서 응용의 요구에 기반한 네트워크 형성 방법에 관한 것으로서, 일시적 상태(soft-state) 방식의 다중 홉 신호(signaling) 프로토콜을 사용하여 전송하려고 하는 경로의 라디오 인터페이스를 설정하고, 그 과정에서 응용의 요구가 충돌하는 문제를 처리하기 위해 우선순위 기반의 결정을 통하여 네트워크를 형성한다. 다중 홉 신호 프로토콜은 저전력의 라디오 인터페이스를 통해 제어 메세지를 주고받으며, 상태 설정, 상태 갱신, 그리고 상태 제거 동작을 사용하여 멀티 홉 경로에 존재하는 장치의 라디오 인터페이스들 중에 필요한 인터페이스만을 활성화시키고 필요하지 않은 인터페이스를 비활성화시킴으로써 에너지 효율적인 네트워크를 형성하게 된다. 그리고, 상태 설정 단계에서 우선순위 기반의 상태 결정과 요청 확인 메시지를 통한 역방향의 상태 설정을 통해, 서로 다른 응용의 요구가 다중 홉 네트워크에서 충돌하는 문제를 해결하고 있다.",H04W24/02;H04W84/18;H04W76/20;H04W88/04;H04W92/18;Y02D30/70,ICU RES & IND COOP GROUP,20071221,2007,KR,3,True,False,True
39342235,KR-100800605-B1,Rf id reader having ad-hoc networking interface and method for transmitting data thereof,애드 혹 네트워크 인터페이스를 구비한 무선 태그 판독장치및 그 판독장치의 데이터 전송방법,"An RFID(Radio Frequency IDentification) tag reader having an ad hoc network interface and a data transmission method of the reader are provided to transmit data obtained from an RFID tag through an ad hoc network, thereby increasing a degree of freedom of network configuration while separate infrastructure facility for transceiving RFID tag data is not necessary. A tag reading unit(310) obtains tag data from an RFID tag located within a propagation arrival distance. A data packet generator(320) generates a data packet by inserting device ID information uniquely assigned to an RFID tag reader(150) into the obtained tag data. A terminal information manager(330) manages reading device information consisting of device ID information of another RFID tag reader, device priority information, and RFID tag ID information. A routing path setup unit(340) determines a transmission path of a data packet received from another reader or the generated data packet. If the obtained first tag data is identical with the second tag data detected from the data packet received from another reader, a data transmission controller(350) selects tag data to be transmitted through the determined path among the first and second tag data based on the priority information included in the reading device information.","애드 혹 네트워크 인터페이스를 구비한 무선 태그 판독장치 및 그 판독장치의 데이터 전송방법이 개시된다. 태그 판독부는 전파도달거리 내에 위치하는 무선 태그로부터 태그 데이터를 획득한다. 데이터 패킷 생성부는 태그 판독부가 무선 태그로부터 획득한 태그 데이터에 장치에 고유하게 부여된 장치식별정보를 삽입하여 데이터 패킷을 생성한다. 단말기정보 관리부는 애드 혹 네트워킹이 가능한 거리 내에 위치하는 다른 무선 태그 판독장치의 장치식별정보, 장치우선순위정보 및 각각의 수신된 태그 데이터로부터 검출한 무선 태그 식별정보를 포함하는 판독장치정보를 관리한다. 라우팅 경로 설정부는 보유하고 있는 라우팅테이블과 판독장치정보를 기초로 데이터 패킷 생성부에 의해 생성된 데이터 패킷 또는 다른 무선 태그 판독장치로부터 수신된 데이터 패킷의 전송경로를 결정한다. 데이터 전송 제어부는 태그 판독부가 획득한 제1태그 데이터와 다른 무선 태그 판독장치로부터 수신된 데이터 패킷에서 검출한 제2태그 데이터가 동일하면 판독장치정보에 포함되어 있는 우선순위정보를 기초로 제1태그 데이터 및 제2태그 데이터 중에서 결정된 전송경로를 통해 전송할 태그 데이터를 선택한다. 본 발명에 따르면, 이동성이 보장되는 무선 태그 판독장치들이 장소의 제한을 받지 않고 무선 태그로부터 획득한 데이터를 정보수집장치로 전송할 수 있다.",H04W84/18;G06K17/00;H04B5/77,IUCF HYU,20061026,2006,KR,1,True,False,True
39475626,US-2008130565-A1,"Method of performing medium access control (mac) and allocating resources to nodes in wireless ad hoc network, and computer-readable recording medium storing frame structure for executing the method",,"Provided is a recording medium for storing a structure of a frame for performing Medium Access Control (MAC) and allocating resources in a multi-hop wireless Ad hoc network, and a method of performing Medium Access Control (MAC) and allocating resources in a multi-hop wireless Ad Hoc network. The method includes performing initialization of communication by receiving or transmitting a Request-To-Send (RTS) message and a Clear-To-Send (CTS) message from or to a node that is to be communicated with in the multi-hop wireless Ad hoc network; constructing a frame comprising at least one slot comprising an initialization field for performing the initialization of communication, a high level link region for communication between Full Function Device (FFD) nodes in the multi-hop wireless Ad hoc network which exist within a one-hop distance in the multi-hop wireless Ad hoc network, and a low level link region for communication between Reduced Function Device (RFD) nodes in the multi-hop wireless Ad hoc network which exist within a one-hop distance from the reference FFD node; allocating the resources to the frame on the basis of data types, priorities, and estimated interference values; and performing communication between nodes in the multi-hop wireless Ad hoc network within the length of the frame, and then returning to the operation of performing initialization of communication. Therefore, by effectively executing MAC and allocating resources according to a variety of data requests, it is possible to improve the reliability and Quality of Service (QoS) of the multi-hop wireless Ad hoc network and reduce power consumption.",,H04W84/18;H04W74/0816;H04W74/004;H04W74/006;H04W72/0446;H04W72/541;Y02D30/70,KOREA ELECTRONICS TELECOMM;YONSEI UNIVERSITY INDUSTRY ACA,20061205,2007,US,1,False,False,True
39529748,EP-2225901-B1,Transport of priority data in an ad-hoc network,,"Device and method for transporting data streams in a network including several nodes in a given configuration at a given instant. The device includes a database storing the message(s) to be transmitted; a congestion control module connected to the database; a scheduler having as inputs the messages stored in the database, the route determined for a message by a routing table and a neighboring node table and information coming from a receiving module; a module comprising an opportunistic transport protocol receiving information from the scheduler and from a measurement module, the opportunistic transport protocol being designed to split a message to be transmitted into N packets Pi, and transmitting said packets to the network layer of the node; and a module designed to decide if the current node is capable of accepting an incoming handover of a message.",,H04L47/283;H04W8/04;H04W28/10,THALES SA,20071207,2008,EP;WO,3,True,False,True
39648302,KR-20080040873-A,Digital video recorder,디지털 비디오 레코더의 동작 상태 감시장치 및 데이터전송방법,"An apparatus for monitoring an operation state of a DVR(Digital Video Recorder) and a data transmission method are provided to enhance convenience of the work of an operator by preventing a possible occurrence of a crime and an accident. When a DVR monitor program is to be executed in a central server(21), a PC-DVR transmits an authentication request to the central server(22). The central server transmits a public key value to the PC-DVR(23). The PC-DVR generates a random key, encodes it as a public key, and transmits it to the central server(24). The central server deciphers a packet received from the PC-DVR, and encodes a session key and a unique authentication code as a SEED by using the random key value obtained from the deciphered packet(25). The central server transmits the encoded packet to the PC-DVR(26). The PC-DVR deciphers the packet received from the central server with the SEED by using the random key value(27). The PC-DVR performs XOR of the unique authentication code and its serial number, and encodes information about a program performed besides the PC-DVR, and data such as a DVR program and a DVR state to create a packet(28). The PC-DVR repeatedly exchanges the encoded DVR information packet for a certain time, and if information with a problem is received(29) or if no information is received(30), the central server outputs a control signal to a text generation transmission unit to send corresponding text information to a mobile phone of an operator(31).","본 발명은 DVR 전원 꺼짐이나 카메라의 고장 등으로 인한 비디오 무수신, 통신두절, DVR 전원 강제 꺼짐, 프로그램 강제 종료, DVR외 다른 프로그램이용 등에 대해 중앙서버에서 DVR을 실시간으로 감시하고 있다가 상기의 상황이 발생하게 되면 이를 운영자에게 실시간으로 알려 범죄 예방 및 사고를 미리 방지하여 관리자의 업무 편리함을 도모하도록 한 디지털 비디오 레코더의 동작 상태 감시장치 및 데이터 전송방법에 관한 것이다. 
     상기의 본 발명은, 
     카메라부, 영상입력부, 영상처리부, 상태감시부, 영상표시부, 네트워크, 중앙서버, 경보발생 송출부 등으로 구성하되, 
     카메라부의 영상신호를 입력받는 영상입력부에서는 영상처리부를 통하여 영상표시부로 전달하여 화면에 영상이 표시되도록 한다. 
     상태감시부는 DVR 운영프로그램 외 허용되지 않는 프로그램의 동작 및 카메라고장, 보안모드시 감시화면 변화를 감시하여 중앙서버와 네트워크를 통해 실시간으로 통신하도록 한다. 
     동작 상태에 관련 경보가 발생된 경우 중앙서버는 상태감시부로부터 상기 경보와 관련된 암호화된 데이터를 받아 이를 운영자에게 신속하게 알려주도록 한다. 
     중앙서버는 일정 시간마다, DVR에 PING 데이터를 보내어 되돌아오는 데이터의 유/무를 판단하고, DVR 전원 꺼짐 상태를 관리하며 되돌아오는 데이터가 일정시 간 없을 경우 해당하는 경보발생 문자를 운영자의 핸드폰으로 발송하도록 한다. 
     중앙서버는 DVR 운영프로그램에게 암호화된, 운영프로그램 실행 확인 인증을 일정시간마다 보내어 운용프로그램 실행 유/무를 판단하도록 한다. 
     중앙서버는 인증코드를 일정한 시간마다 반복하고 여러 번 인증시도에도 불구하고 응답이 없을 경우 해당하는 경보발생 문자를 운영자에게 발송하도록 구성함을 특징으로 한다.",G08B21/18;H04L9/32;G08B27/006;H04N23/81;H04L12/56;H04N5/77;H04N7/18,CYUS CO LTD,20061106,2006,KR,1,False,False,True
39771157,KR-100837809-B1,"Manufacturing methods of multi -functional marine ecosystem friendly concrete for recycling of resource utilizing coal ash, reaction irritant, water glass and new materials for reinforcement","석탄회, 반응자극제, 물유리 및 보강용 신소재를 활용한다기능 자원순환형 해양생태 친화 콘크리트의 제조방법","A method for manufacturing multi-functional marine ecosystem-friendly concrete is provided to maximize the effective amount of coal ash used, to prevent the depletion of natural resources, and to activate a coastal ecosystem. A method for manufacturing multi-functional marine ecosystem-friendly concrete includes the steps of: using blast-furnace slag cement or general portland cement as a mixed cement; using coal ash powder as a substitute for cement; thereto adding NaOH or NaCl as a reaction irritant; thereto adding water glass to ensure the required strength of cured concrete and increase the strength of concrete; using coarse aggregate such as smashed stone or coal ash coarse aggregate; using fine aggregate such as sand or coal ash fine aggregate; using a liquid acrylic emulsion-based polymer dispersant or silica fume as a reinforcement admixture for increasing strength and durability of concrete; and thereto adding a high performance superplasticizer or high-performance AE water reducing agent as a concrete admixture for improving workability of concrete. The concrete has a water-binder ratio of 35-55%, an air amount of 3.0-6.0%, a unit binder amount(the amount of the binder per concrete 1 M^3) of 300-520 kg, an absolute volume of the total aggregates per concrete 1 M^3 of 55-80%, and a fine aggregate content of 40-60%.","본 발명은 근래 국내산업 및 경제규모의 비약적인 성장과 더불어 전력소비량의 급증 및 화력발전소의 전력생산 의존도의 증가로 매년 발생량이 증가하고 있어 그 처리방안의 모색이 절실한 실정인 석탄회를 고부가가치의 해양생태 친화 콘크리트용 사용재료(결합재, 잔골재 및 굵은골재)로 유효 재활용하고, 석탄회의 실리카용해 속도 증진과 알칼리 활성화를 위한 반응자극제, 물유리 및 고기능 신소재를 석탄회 활용 콘크리트의 혼화재료 및 보강재로 사용함으로서 석탄회의 유효 활용량을 극대화 시키며, 이러한 석탄회를 대량 활용한 콘크리트를 최근 지구 온난화 현상과 무분별한 개발 및 각종 오염 등에 의해 훼손 및 파괴된 연안 환경을 복원시키기 위한 해양생태 친화형 콘크리트 구조물(인공해양목장 조성을 위한 어초·어소블록, 해양림 및 인공해양산맥 구축을 위한 해조블록, 연안시설의 보호 및 해양생태계와 육상생태계의 단절초래 문제 개선을 위한 해양생태 소파블록 및 옹벽구조물)에 적용시킴으로서 폐자원의 재활용을 통한 환경보전, 천연자원의 고갈방지 및 연안 해역 생태계를 활성화 시키는 석탄회, 반응자극제, 물유리 및 보강용 신소재를 활용한 다기능 자원순환형 해양생태 친화 콘크리트의 제조방법에 관한 것이다.  
       
     자원순환형 해양생태 친화 콘크리트, 해양목장 조성용 어초·어소블록, 해양 림 및 인공해양산맥구축용 해조블록, 해양생태 소파블록 및 옹벽구조물, 석탄회, 반응자극제, 물유리, 폴리에틸렌섬유, 폴리프로필렌섬유, 실리카퓸, 폴리머분산제",C04B14/06;C04B2111/74;E02B3/06;C04B2111/00017;C04B2103/302;C04B2103/304;C04B28/08;C04B18/06;C04B7/02;C04B16/0633;C04B18/146;Y02W30/91,IAC IN NAT UNIV CHUNGNAM,20071206,2007,KR,1,True,True,False
39794182,US-2012093037-A1,Path shortening in a wireless mesh network,,"In one embodiment, a method includes a mesh point receiving mesh advertisement messages from advertising mesh points of a wireless mesh network having a mesh portal with a wired connection to a wired network. Each mesh advertisement message specifies a corresponding metric for reaching the mesh portal and has a corresponding signal strength indicator. An ordered group of parent access points, ordered based on the respective metrics, is generated from among the advertising mesh points, starting with a first parent access point having a corresponding optimum metric for reaching the mesh portal and independent of the corresponding signal strength indicator. A registration message is sent to each of the parent access points identifying a corresponding specified priority based on a corresponding position in the ordered group, for use by the corresponding parent access point in selecting a minimum interframe spacing for forwarding a wireless packet received from the mesh point.",,H04W40/22;H04W40/08,THUBERT PASCAL;WETTERWALD PATRICK;RIBIERE VINCENT JEAN;MOON BILLY GAYLE;KRUYS JOHANNES PETRUS;CISCO TECH INC,20070330,2011,US,1,False,False,True
39938413,WO-2009014504-A1,Wireless local area networking devices providing quality of service based on packet content transmitted over local area networks,,"This invention is related to Automatic Classification and Prioritization Software and Wireless Local Area Networking devices that can run this software in order to enable wireless transmission of voice or video packets at required quality by classifying packets. Those devices can form IEEE 802.11s Standard compliant wireless mesh networks and transfer voice and video or like signals at high quality by forming the said IEEE 802.11s Standard compliant wireless mesh networks in order to overcome wireless signal attenuation problems encountered in concrete buildings. The devices invented may also include VoIP, IPTV or DSL modem features integrated in the same hardware.",,H04L47/2416;H04W28/02;H04L47/2433;H04L47/2441,AIRTIES KABLOSUZ ILETISIM SANA;TASKIN METIN ISMAIL;BIRLIK FIRAT;ERCETIN OZGUR;GURBUZ OZGUR,20070725,2008,WO,1,False,False,True
39945438,US-2009040984-A1,Apparatus and method for channel reservation in wireless communication systems,무선 통신 시스템들에서 채널 예약을 위한 장치 및 방법,"An exemplary method for reserving medium access in an ad hoc network comprises transmitting a reservation request by a reservation owner, the reservation request identifying a reservation allocation, a reservation target, and a reservation type. The reservation type identifies exclusive use of the reservation allocation by the reservation owner and the reservation target during a reservation period. The reservation target may employ a prioritized contention access (PCA) scheme to access the reservation allocation. Alternatively, an idle portion of the reservation allocation may be subdivided into a plurality of slots including even slots and odd slots, and the reservation owner gains access to the idle portion by starting to transmit during an even slot, while the reservation target gains access to the idle portion by starting to transmit during an odd slot. In yet another embodiment, the reservation owner transmits an outgoing clear to send (CTS) communication to the reservation target to transfer ownership of the reservation allocation to the reservation target, and receives an incoming clear to send (CTS) communication from the reservation target to regain ownership of the reservation allocation.","ad hoc 네트워크에서 매체 액세스(medium access)를 예약하기 위한 예시적인 방법은 예약 소유권자에 의하여 예약 요청을 전송하는 단계를 포함하며, 예약 요청은 예약 할당(allocation), 예약 타겟(target) 및 예약 타입(type)을 식별한다.  예약 타입은 예약 기간동안 예약 소유권자 및 예약 타겟에 의한 예약 할당의 독점적 사용(exclusive use)을 식별한다.  예약 타입은 예약 할당을 액세스하기 위하여 우선순위 부여 경쟁 액세스(PCA: prioritized contention access) 방식을 사용할 수 있다.  대안적으로, 예약 할당의 유휴 부분은 짝수 슬롯들 및 홀수 슬롯들을 포함하는 다수의 슬롯들로 재분할(subdivide)될 수 있으며, 예약 소유권자는 짝수 슬롯동안 전송하는 것을 시작함으로써 유휴 부분에 대한 액세스를 획득하는 반면에, 예약 타겟은 홀수 슬롯동안 전송하는 것을 시작함으로써 유휴 부분에 대한 액세스를 획득한다.  또 다른 실시예에서, 예약 소유권자는 예약 타겟에 예약 할당의 소유권을 이전(transfer)하기 위하여 예약 타겟에 출력 CTS(clear to send) 통신을 전송하고, 예약 할당의 소유권을 재획득하기 위하여 예약 타겟으로부터 인입 CTS(clear to send) 통신을 수신한다.",H04W84/18;H04W28/26;H04W74/0875;H04W74/0816;H04W74/08;H04W76/10,QUALCOMM INC,20070808,2007,CN;EP;KR;US;WO,8,True,False,True
40023516,KR-100859811-B1,Routing device and method for selecting request path in multi-radio multi-channel wireless mesh network,다중 라디오 다중 채널 무선 메쉬 네트워크에서 요구형경로 선택이 가능한 라우팅 장치 및 방법,"A routing apparatus capable of selecting a request path in a multi-radio multi-channel wireless mesh network and a method thereof are provided to obtain an optimum path by more positively utilizing all radios and channels without broadcasting a routing control message to all channels. A first routing device transmits a routing control request message, including a switchable radio and channel information, to a second routing device(S1). The second routing device confirms priority information of a routing path of radio and a channel and includes the confirmed priority information of the routing path in a routing control response message after transmitting the message to the first routing device(S2). The first routing device compares priority information of the routing path of radio and channel included in the routing control response message with its routing priority information of radio and channel, and detects an optimum routing path(S3). The first routing device switches a routing path with the second routing device into the detected optimum routing path(S4).","본 발명에 따른 다중 라디오 다중 채널 무선 메쉬 네트워크에서 요구형 경로 선택이 가능한 라우팅 방법은 제 1 라우팅 장치가 스위칭 가능한 라디오와 채널 정보를 포함하는 라우팅 제어 요청 메시지를 제 2 라우팅 장치로 전송하는 단계; 상기 제 2 라우팅 장치가 라디오와 채널의 라우팅 경로의 우선순위 정보를 확인하고, 확인된 라우팅 경로의 우선순위 정보를 라우팅 제어 응답 메시지에 포함시켜 상기 제 1 라우팅 장치로 전송하는 단계; 상기 제 1 라우팅 장치가 라우팅 제어 응답 메시지에 포함된 라디오와 채널의 라우팅 경로의 우선순위 정보와 자신의 라디오와 채널의 라우팅 우선순위 정보를 비교하여 최상의 라우팅 경로를 검출하는 단계; 및 상기 제 1 라우팅 장치가 검출된 최상의 라우팅 경로로 제 2 라우팅 장치와의 라우팅 경로를 스위칭하는 단계를 포함하는 것으로, 모든 채널에 라우팅 제어 메시지를 방송하지 않고 모든 라디오와 채널을 적극적으로 활용하여 보다 최적의 경로를 획득할 수 있는 것이다.",H04W84/18;H04L45/14;H04W40/02,SAMSUNG ELECTRONICS CO LTD,20070410,2007,KR,1,True,False,True
40055402,JP-2008277919-A,Wireless lan access point and wireless lan terminal,,"&lt;P&gt;PROBLEM TO BE SOLVED: To improve connection quality such as loss probability, in a wireless LAN system.  &lt;P&gt;SOLUTION: The number of simultaneous connections of wireless LAN access points is monitored, and when the number of sessions exceeds a threshold, the communication mode of a wireless LAN terminal is automatically switched to an ad hoc mode. The communication mode of the terminal is switched to the ad hoc mode, and then when a speech communication is started, origination and termination are performed through an ad hoc network. Further, the maximum number of connections is itemized by definitions corresponding to the purposes of use for origination, termination, emergency communication, roaming, etc., and a dedicated free band is prepared for top-priority communication, so that even when the call loss of the area of an object terminal is large, the call loss is decreased.  &lt;P&gt;COPYRIGHT: (C)2009,JPO&amp;INPIT",,,HITACHI LTD,20070425,2007,JP,1,False,True,True
40168910,JP-2008294605-A,Radio station and program for relay control of packet in ad hoc network,,"&lt;P&gt;PROBLEM TO BE SOLVED: To provide a radio station which is capable of relaying data packets without establishing a multipath in an ad hoc network and to provide a program.  &lt;P&gt;SOLUTION: The radio station is connected to the ad hoc network for radio communication and is capable of listening a packet to be transmitted from a transmission source radio station to a destination radio station. A header of the packet includes a priority level according to a quality of service. The radio station includes a listening means capable of listening to and receiving the packet, a priority level judgement means for judging whether the priority level of the packet is higher than a reference priority level or not, and a packet relay transmission means for transmitting the packet to the destination radio station when it is judged by the priority level judgement means that it is higher.  &lt;P&gt;COPYRIGHT: (C)2009,JPO&amp;INPIT",,,KDDI CORP,20070523,2007,JP,1,False,False,True
40221378,US-2009010258-A1,Packet prioritization in ad hoc networks,,"A wireless communication device operable as a node in an ad hoc network ( 100 ), the device including a controller communicably coupled to a transceiver, wherein the controller is configured to determine priority of a packet received by the transceiver for forwarding to another node in the ad hoc network. The controller is also configured to establish a priority link in the ad hoc network if the priority of the packet satisfies a priority condition, and to cause the transceiver to transmit the received packet on the priority link if the priority condition is satisfied. In one application, the high priority packets are originated by a public safety official communicating in a mesh network.",,H04W72/56;H04W16/14;H04W84/18,MOTOROLA INC,20070703,2007,EP;US;WO,3,False,True,True
40295291,US-2009028169-A1,Method and device for routing mesh network traffic,,"A method and device for routing mesh network traffic from a mesh access point to a non-mesh network as provided improves network efficiency. According to one aspect, the method includes identifying a data flow in the mesh network traffic. A priority of the data flow is then determined. A preferred mesh gateway is then selected from a plurality of mesh gateways based on the priority of the data flow and preference information of the plurality of mesh gateways, where the plurality of mesh gateways provide routes to the non-meshed network. The data flow is then routed to the preferred mesh gateway, wherein the preferred mesh gateway routes the data flow to the non-mesh network.",,H04L45/123;H04W8/04;H04L45/302;H04L47/2441;H04W40/12;H04L47/24;H04L47/2408;H04W28/02,MOTOROLA INC,20070727,2007,US,1,False,False,True
40362903,US-2009046706-A1,Managed Wireless Mesh Telephone Network And Method For Communicating High Quality Of Service Voice And Data,,"A telecommunications system includes a managed wireless mesh network capable of transmitting Internet Protocol (IP) packets therethrough, a controller in communication with the mesh network and in communication with the Public Switched Telephone Network, and a communication device in communication with the mesh network. The communication device converts a sound communication into at least one VOIP packet, and transmits and receives VOIP and non-VOIP packets to and from the mesh network, respectively. The packet containing the converted sound communication is set to a higher priority than a non-VOIP packet that does not contain the converted sound communication.",,H04L65/70;H04L12/5692;H04L65/765;H04L65/103;H04W8/04;H04L47/2433;H04L47/2416;H04W28/02,CHERNOW FRED,20070816,2008,US;WO,2,False,False,True
40369066,KR-20080110113-A,Broadcasting method to reduce network fragmentation in vehicle ad-hoc network,차량간 에드혹 네트워크에서 네트워크 단절을 줄이기 위한브로드캐스팅방법,"A broadcasting method for reducing a network disconnection in ad hoc network between vehicles is provided to reduce network disconnection which is frequently generated in ad hoc network between vehicles and transmit an emergency message stably even if the density of vehicle is high or low. If accident is generated while driving(S1), it determines whether to be a connection mode in a source node(S2). An emergency message is transmitted from the source node in a connection mode(S3). The node receiving the emergency message set up a waiting time for broadcasting according to distance(S4). The nodes in which the latency time for the broadcasting is expired retransmits the emergency message(S5). The nodes which are re-received with the emergency message before the latency time is expired is selected as the relaying node(S6).","본 발명의 목적은 차량간 에드혹 네트워크에서 빈번하게 발생하는 네트워크 단절을 줄이고, 네트워크 단절 시에만 선택적으로 브로드캐스팅 영역 외부의 노드들을 응급메시지 전파에 참여시키므로, 노드밀도가 낮은 경우에도 네트워크 단절에 강하며 높은 노드밀도에서도 효율적으로 응급메시지를 전파할 수 있는 차량간 에드혹 네트워크에서 네트워크 단절을 줄이기 위한 브로드캐스팅방법을 제공하는 것이다. 
       
     차량, 에드혹, 네트워크, 단절, 브로드캐스팅방법",H04W40/18;H04W84/18;H04W40/24,FOUNDATION OF DAEGU UNIVERSITY,20070614,2007,KR,1,False,False,True
40369604,KR-20080111326-A,Method for cognitive radio base station and customer premises equipment operating ad-hoc mod,인지 무선 기지국 및 단말기의 애드 혹 모드 운영 방법,An ad-hoc mode operation method of a wireless base station and a terminal capable of performing an ad-hoc mode in a wireless system is provided to be capable of the ad-hoc mode in the wireless system and to increase the processing ratio of data communication in the recognition wireless system. An ad hoc network configuration request with a second terminal(120) is received from a first terminal(110). The ad-hoc mode initiating request with the first terminal is transmitted from the second terminal and configures ad hoc network. The comprised ad hoc network protects a priority user. A third terminal participates in the ad-hoc network.,"인지 무선 기지국 및 단말기의 애드 혹 모드 운영 방법이 제공된다. 본 발명의 실시예에 따른 인지 무선 기지국의 애드 혹 모드 운영 방법은, 제 1 단말기로부터 제 2 단말기와의 애드 혹 네트워크 구성 요청을 수신하는 단계와, 제 1 단말기와 제 2 단말기에 애드 혹 모드 개시 요청을 송신하여 애드 혹 네트워크를 구성시키는 단계와, 애드 혹 네트워크에서 우선 사용자를 보호하는 단계를 포함한다. 
       
     인지 무선, cognitive radio, 애드 혹 모드, ad-hoc mode",H04W92/18;H04W84/18;H04W76/14,SAMSUNG ELECTRONICS CO LTD,20070618,2007,KR,1,False,False,True
40488920,KR-20090008911-A,Fire prevention apparatus by electric wiring,전기배선에 의한 화재 방지 장치,"An apparatus for preventing fire due to electric wiring is provided to block electric power supply before coating is damaged by sensing overheat of the wiring due to overload. A power supply unit(100) supplies power to a load(400). In case the current supplied from the power supply unit to the load is over reference current, a fuse box(300) blocks approval of current. A sensor(500) is connected between the fuse box and the load. The sensor outputs a control signal in case amount of the current applied to the load or the temperature of the wire connected between the fuse box and the load is over reference current or standard temperature. According to the control signal of the sensor, a blocking part(200) cut off the current flowing in the wire. According to the control signal of sensor, an alert part generates warning tone and alarm signal. The alarm signal is generated by a warning lamp consisting of an LED(Light Emitting Diode).","본 발명은 전기배선에 의한 화재 방지 장치에 관한 것이다. 
     더욱 상세하게는 전원을 부하로 공급하는 전원공급부와, 상기 전원공급부로부터 상기 부하로 공급되는 전류가 기준전류이상일 경우 단절되어 전류의 인가를 차단하는 휴즈박스와, 상기 휴즈박스와 상기 부하 사이에 연결되어 상기 부하로 인가되는 전류의 양을 감지하거나 상기 휴즈박스와 상기 부하사이에 연결된 전선의 온도를 감지하여 기준전류나 기준온도 이상인 경우 제어신호를 출력하는 감지부 및 상기 감지부로부터 상기 제어신호를 입력 받아 전선에 흐르는 전류를 차단하는 차단부를 포함하여 이루어지는 것을 특징으로 하는 전기배선에 의한 화재 방지 장치에 관한 것이다. 
     본 발명은 과부하에 의해 배선이 과열되는 것을 감지하여 피복이 파손되기 전에 전원공급을 차단하고, 과전류상태를 장비 운전자에게 소리나 경고등을 통하여 사전에 알려줌으로서 화재를 예방하는 효과가 있다. 
       
     배선, 화재 방지, 과부하, 감지",H02H3/04;H01H85/04;H02H5/041;G08B21/185,VOLVO CONSTR EQUIP HOLDING SE,20070719,2007,KR,1,False,True,False
40677118,US-2009144740-A1,Application-based enhancement to inter-user priority services for public safety market,,"A system and method for application based enhancement to the traditional per-user based inter-user priority services is provided. This method includes provisioning a user&#39;s profile, not only with an assigned inter-user priority, but also with zero, one or more specified and provisioned applications that are considered as critical applications which require special preferential treatment by the access network. The method continues with accessing the inter-user priority profile associated for sessions established for the user. The system then recognizes that a session may have been assigned to at least one provisioned critical application. The system may then provide inter-user priority services operative to provide the specified preferential treatment for at least the critical applications associated with the session when the critical application(s) are activated. In this form, the critical applications are better served including protection again congestion and availability of resources whenever they are needed. This system may grant preferential treatment on a session and/or application basis so that there will be no impact on other general applications when no critical applications are activated. This is especially useful for public safety implementation where protecting the mission-critical communication is a fundamental requirement.",,H04L67/61;H04W28/24;H04L67/306;H04W4/90;H04W76/50,LUCENT TECHNOLOGIES INC,20071130,2007,US,1,False,True,True
40891929,CN-101489310-A,Routing protocol priority comparison algorithm in Ad Hoc network fusion,,The present invention provides an Ad Hoc network routing protocol priority comparing algorithm which is used for the routing protocol which is used for predetermining the information of fused network according to the information of prior respective network and further optimizing the network performance after confirming the fusion of a plurality of Ad Hoc networks. The algorithm is easy and effective and comprises the following steps: A. predetermining the network information after fusion; B. scoring and evaluating the routing protocol which is likely used for the fused network; and C. finally confirming the routing protocol used by the fused network.,,,UNIV BEIJING POSTS & TELECOMM,20081219,2008,CN,1,False,False,True
40891931,CN-101489312-A,Wireless Ad Hoc network fusion mechanism for different routing protocol,,The present invention provides a fusion mechanism of wireless self-organizing network operating different routing protocols. The aim of the mechanism is self-adaptingly execute network fusing through perception in the gradual closing process of two networks. The node finds the other network through real-time interception. The network authentication is executed through handshaking information. A uniform routing protocol is confirmed through a priority comparing algorithm and the conflicted IP is discovered through Hash algorithm. The mechanism simply and effectively realizes the fusion of two networks and finally unifies routing protocols. The IP conflict is settled and the long-time communication of two networks is facilitated.,,,UNIV BEIJING POSTS & TELECOMM,20081219,2008,CN,1,False,False,True
41241351,JP-2009224990-A,Radio terminal device and battery control method therefor,,"&lt;P&gt;PROBLEM TO BE SOLVED: To provide a radio terminal device can suppress power waste and extend operation time.  &lt;P&gt;SOLUTION: The radio terminal device 100 includes a CPU 11, a radio communication part 12 for performing communication by mutually forming an ad hoc network with another radio terminal device within a communication range, a battery 13 for supplying power to the radio communication part 12, a memory 15 for storing information indicating priority of the communication of the terminal allocated beforehand, and a battery control part 17. The radio communication part 12 transmits the information indicating priority, to the other radio terminal device under the control of the CPU 11 and receives the information indicating the priority transmitted from the other radio terminal device. The battery control part 17 decides whether there exists a terminal whose priority is higher than the reference, on the basis of the received information, and stops power supply from the battery 13 to the radio communication part 12, when it determines that there is no terminal whose priority is higher than the reference is not present.  &lt;P&gt;COPYRIGHT: (C)2010,JPO&amp;INPIT",,Y02D30/70,TOSHIBA CORP,20080314,2008,JP,1,False,False,True
41284042,CN-101568164-B,Opportunistic routing algorithm of Ad hoc network,,"The invention provides an opportunistic routing algorithm of an Ad hoc network based on node priority levels. In the algorithm, an intermediate node transferring list from a source node to a destination node is established by a routing request message and a routing response message; the nodes in the transferring list undergo priority level setting according to the distances away from the destination node which are indicated in the response message; the shorter the distance is, the higher the priority level is; the transferring list is carried at the head part of each data packet; all intermediate nodes in the transferring list have the opportunity to transfer the received data packets; broadcast storm is avoided by setting serial numbers for the data packets; repeated transference of a certain number of data packets can be avoided by comparing the priority levels; and the success rate of information transmission is improved by a transferring node of more than one next hop node. An opportunistic routing mechanism can perform transference by fully utilizing the transferring node which is closer to the destination node in a scene with poorer channel quality, and can ensure higher mailing rate and shorter terminal-to-terminal time delay.",,,UNIV BEIJING POSTS & TELECOMM,20090608,2009,CN,2,True,False,True
41301758,KR-20090093255-A,Terminal With Broadcasting Contents Information In Mobile P2P Ad-hoc Network And Method Of Distributing Contents Information In Mobile P2P Ad-hoc Network,모바일（ｍｏｂｉｌｅ）Ｐ2Ｐ（Ｐｅｅｒ―ｔｏ―Ｐｅｅｒ）애드혹（ａｄ―ｈｏｃ） 네트워크 환경에서 콘텐츠 정보를방송하는 단말 및 콘텐츠 정보의 분배 방법,"A terminal and a contents information distribution method in mobile P2P ad-hoc network environment are provided to transmit the contents information according to a priority and impose the priority to an interest query between terminals. A terminal receives an interest query from terminals(S100). A controller determines whether the concern query received exists in the database(S110). After the controller obtains the priority about the register of the query database(S120), the content information about the concern query is broadcasted(S170).","본 발명은 모바일(mobile) P2P(Peer-to-Peer) 애드혹(ad-hoc) 네트워크 환경에서 콘텐츠 정보를 방송하는 단말 및 콘텐츠 정보의 분배 방법에 관한 것이다. 본 발명은, 모바일(mobile) P2P(Peer-to-Peer) 애드혹(ad-hoc) 네트워크 환경에서 통신 가능한 단말들이 콘텐츠 정보를 서로 분배하는 방법에 있어서, (a) 상기 단말들 각각이 자신을 제외한 다른 단말들 각각의 선호 정보를 학습에 의해 획득하는 단계; 및 (b) 상기 단말들 각각이 자신을 제외한 다른 단말들에게 상기 획득한 선호 정보에 부합하는 콘텐츠 정보를 방송하는 단계를 포함하고, 상기 (a) 단계는, 상기 단말들 각각이 자신을 제외한 다른 단말들로부터 적어도 하나의 관심 질의(query)를 수신하고 마르코프 체인(Markov chain)을 이용하여 상기 적어도 하나의 관심 질의에 대한 우선순위를 획득하여 이를 저장하고, 상기 (b) 단계는, 상기 단말들 각각이 자신을 제외한 다른 단말들에게 상기 획득한 우선순위에 따라 상기 적어도 하나의 관심 질의에 관한 콘텐츠 정보를 방송하는 것을 특징으로 하는 모바일 P2P 애드혹 네트워크 환경에서 콘텐츠 정보의 분배 방법과, 이를 수행하는 콘텐츠 정보를 방송하는 단말을 제공한다.",H04W4/06;G06Q50/10;H04L67/104;H04W84/18,UNIV KOREA RES & BUS FOUND,20080229,2008,KR,2,True,False,True
41359420,KR-20090101710-A,Apparatus and method of processing security function in home network system,홈 네트워크 시스템의 방범 기능 처리 방법 및 그 장치,"PURPOSE: A security unction processing method of a home network system and an apparatus thereof providing security function are provided to sense the introduction at home although network between a security server and a security terminal network is interrupted. CONSTITUTION: A home network system includes a generation instrument, a crime prevention server(200) and a sensor. The sensor provides the sensing signal. The generation unit transmits the cracking message the sensing signal is provided in the state where the crime prevention mode is set up. The generation instrument transmits the incursion occurrence message the crime prevention mode is not canceled within the predetermined time. The crime prevention server receives the cracking message from each generation instrument. The crime prevention server transmits the first invasion alarm message with the terminal the incursion occurrence message is received within the predetermined time.","본 발명은 세대에 침입이 감지되면, 감지 신호를 제공하는 감지부와, 방범 모드가 설정된 상태에서 상기 감지 신호가 제공되면, 침입 메시지를 전송하고, 일정 시간 이내에 상기 방범 모드가 해제되지 않으면, 침입 발생 메시지를 전송하는 적어도 하나 이상의 세대 기기와, 상기 각 세대 기기로부터 상기 침입 메시지가 수신되고, 일정 시간 이내에 상기 침입 발생 메시지가 수신되면, 제1 침입 경보 메시지를 단말로 전송하고, 상기 일정 시간 이내에 상기 침입 발생 메시지가 수신되지 않으면, 제2 침입 경보 메시지를 상기 단말로 전송하는 방범 서버를 포함하는 홈 네트워크 시스템을 개시함으로써, 홈 네트워크 시스템의 세대 기기와 방범 서버 및 경비 단말간 네트워크가 단절되거나, 악의적인 목적으로 세대 기기로 공급되는 전원이 차단되는 경우라도 침입 발생을 판단할 수 있도록 하는 것이다.",H04L43/10;G08B25/08;G08B25/008;H04L12/2823,SEOUL COMMTECH CO LTD,20080324,2008,KR,1,False,False,True
41399811,US-2009303042-A1,Intruder detection system and method,,"This invention is an intruder detection system which integrates wireless sensor network and security robots. Multiple ZigBee wireless sensor modules installed in the environment can detect intruders and abnormal conditions with various sensors, and transmit alert to the monitoring center and security robot via the wireless mesh network. The robot can navigate in the environment autonomously and approach to a target place using its localization system. If any possible intruder is detected, the robot can approach to that location, and transmit images to the mobile devices of the securities and users, in order to determine the exact situation in real time.",,G08B13/19645;G08B13/19647;G08B25/009,UNIV NAT CHIAO TUNG,20080604,2008,US,2,True,False,True
41400261,US-2009305659-A1,Emergency alerting method and system,,"A method and system of notifying individuals at a location of an event. The method includes the steps of receiving, at a first device, a data broadcast system (DBS) message, wherein the first device is associated with at least one group and analyzing, by the first device, the DBS message. After analyzing, the first device performs at least one of the following: (1) presenting, by the first device, an alert message, wherein the alert message comprises an audio or visual message including text that is descriptive of the event, and (2) transmitting, by a mesh network transceiver of the first device, the DBS message so that it may be received by at least one additional device within the group.",,H04M11/04;H04W76/50;H04L12/1895;H04W4/90;H04W84/18,SMART WARNING SYSTEMS LLC D B,20080605,2009,US,4,True,True,True
41572786,US-8121036-B2,Wireless mesh network for inter-component data communications in satellite systems,,"A network system for inter-component communications in an electronic device is disclosed. The system comprises a plurality of components for an electronic device, where each of the components communicates with at least one other component over a communications medium for a wireless mesh network. Each of the components comprises a communications transceiver operable to determine network traffic load levels for an exchange of communication data between the components, and allocate the network traffic between at least one pair of the components over a plurality of wireless links within the wireless mesh network based on potential-field based measurements at each of the components. In addition, each of the communications transceivers share the exchange of the communication data between the components based on a prescribed priority level for allocation of the network traffic.",,H04B7/18515;H04B7/18502;H04W84/18;H04W40/04;H04W40/12;H04B7/18597;H04L45/24,LIU HAIYANG;HAQUE JAMAL;PECZALSKI ANDRZEJ;HONEYWELL INT INC,20081223,2008,JP;US,3,True,False,True
41600654,US-2010091700-A1,Ad-hoc network acquisition using chaotic sequence spread waveform,,"Method and system for identifying neighbor nodes in an ad-hoc wireless network including two or more nodes. The method involves generating a beacon signal at a first node of the network for alerting other nodes in the network of the presence of the first node. A digitally generated first spreading sequence is also generated at the first node. Thereafter, the beacon signal is modulated with the first spreading sequence to produce a spread spectrum signal which is then transmitted. The spreading sequence is selected to be a chaotic sequence.",,H04W48/16,HARRIS CORP,20081009,2008,US,1,False,False,True
41685311,KR-20090122897-A,Application method of virtual reality using the 3d background screen and direct advertisement,3차원 바탕화면을 통한 가상현실의 구현과 다이렉트광고,"PURPOSE: An implementation of a virtual reality through 3D background using 3D virtual reality engine and direct advertisement is provided to supply a second advertisement opportunity and implement virtual reality implementation. CONSTITUTION: A configuration setting storage unit(U1) stores an item, a character, and a texture from a service provider. A 3D screen initializing unit(U2) writes out a mapping table by analyzing the environment setting information by a user decision. A background screen configuring unit(U10) performs an architecture mode, an item deletion mode and an item change mode by a user intention. A 3D engine control unit performs an event separation, a priority determination and 3D image configuration generated by the user.","본 발명은 3D 가상현실엔진을 통해 3차원 가상현실 바탕화면을 구현함으로서, OS수준의 2D 환경을 3D 환경으로 만들고 실존하는 상품을 아이콘화(아이템, 자세한 상품정보, 사용법 등)하여 제공함으로서, 컴퓨터사용자가 자신의 기호에 맞게 재배치하여 독창적이며 유일한 자신만의 환경을 구축함으로서, 보다 효과적이며, 생동감 있고, 재미있는 한 차원 높은 컴퓨팅환경을 구현하기 위한 것이다. 
     이를 실현하기 위한 본 발명은 컴퓨터사용자가 인터넷망으로 접속하여 3D  환경구축을 위한 3D 가상현실엔진 프로그램을 다운로드 받아, 자신의 또 다른 표현인 캐릭터를 생성하거나 선택하는 과정을 진행한 후, 서비스제공자가 운영하는 사이트에 등록절차를 거쳐 ID인증을 받으면, 환경을 재구성 할 수 있는 아이템들과 정보, 그리고 아이콘 DB로부터 새롭게 갱신된 자료를 다운로드 받아 자신의 기호에 맞는 아이템을 선택하는 과정을 거쳐 원하는 형태로 재배치한 후, 업무 및 솔루션웨어(워드, 그래픽 등의 작업) 사용하게 되고,  
     여기서, 사용자와 서비스제공자와의 인터넷망 접속은 사용자가 미리 정하거나 의사에 의해 결정되며, 새롭게 갱신된 자료의 다운로드와 동시에 인터넷 통신망과의 접속은 단절하는 것을 원칙으로 한다.  이는 최근 인터넷의 비약적인 발전으로 홍수처럼 범람하는 정보로부터 사용자를 보호함과 아울러 선택에 의해 제공된  아이템은 특별함을 부여받고, 광고주는 오프라인 상에서 자신이 제공한 아이템(상품)에 대해 배타적인 광고 권리를 획득하며, 소비자중심 광고에 효과적으로 접근하여 광고주에 대한 인식을 쇄신하고, 공존 상생하는 소비자생활 환경을 구현함으로서, 자연스런 소비자요구에 의한 인터넷 접속으로부터 다이렉트옥션(직접구매 소비생활)을 이끌어내게 하는 것이다. 
       
     가상현실 바탕화면, 3D 바탕화면, 대기모드 바탕화면, 게임연결 바탕화면, 능동적 광고, 오프라인 광고, 소비자중심 광고, 다이렉트옥션",G06Q30/0641;G06T2219/2004;G06T13/40;G06T19/20,AN JUNG GEUN;AN GUK JEONG,20091030,2009,KR,1,False,True,False
41707311,KR-20100021880-A,System and method for supporting qos(quality of service) in ubiquitous sensor network,유비쿼터스 센서 네트워크에서 ＱｏＳ 지원을 위한 시스템 및 방법,"PURPOSE: A system and a method for supporting QoS(Quality of Service) in a ubiquitous sensor network are provided to support the QoS stably in a WiBEEM(Wireless Beacon-enabled Energy-Efficient Mesh network) device. CONSTITUTION: WMC(WiBEEM Mesh Coordinator)(160) configures a super-frame including a QoS data transmission dedicated interval, and synchronizes each node and the super-frame which are configured through one network. The node generates a beacon frame including the QoS use information according to the necessity of QoS data transmission. The node broadcast the beacon frame to the beacon dedicated interval of the super-frame. When the QoS data transmission is required, the node generates the QoS data frame for which priority is determined. The node transmits the QoS data frame to the QoS data transmission dedicated interval of the super-frame.","본 발명은 QoS(Quality of Service) 데이터 전송 전용 구간이 포함된 슈퍼프레임을 조직하여 하나의 네트워크로 구성된 각 노드와 상기 슈퍼프레임을 동기화하는 메쉬 코디네이터(Mesh Coordinator), QoS 데이터 전송 필요 여부에 따라 QoS 사용 여부 정보가 포함된 비컨 프레임을 생성하여 상기 슈퍼프레임의 비컨 전용 구간에 브로드캐스팅하고, QoS 데이터 전송이 필요한 경우 우선순위가 설정된 QoS 데이터 프레임을 생성하여 상기 슈퍼프레임의 QoS 데이터 전송 전용 구간에 전송하는 노드로 구성된 유비쿼터스 센서 네트워크에서 QoS 지원을 위한 시스템 및 방법에 관한 것으로, QoS가 필요한 데이터의 경우 일반 데이터와 구분을 두어 데이터 전송 품질의 향상 및 안정성을 확보할 수 있고, QoS 데이터에 우선순위를 두어 QoS 데이터 간에도 가장 중요한 데이터의 경우 가장 빠르고 안정적으로 전송할 수 있다.  
       
     QoS, 비컨, 슈퍼프레임, 우선순위, 유비쿼터스",H04W4/00;H04W48/12;H04W28/16;H04W4/80;H04W84/18;H04W8/04;H04L47/24;Y02D30/70,SK TELECOM CO LTD,20080818,2008,CN;KR,2,True,False,True
42060397,WO-2010036885-A3,Wireless mesh network with pinch point and low battery alerts,,"A wireless mesh network includes a plurality of wireless devices and a gateway organized in a multi hop mesh topology. Each wireless device maintains and reports radio statistics to the gateway, and also reports battery conditions of its power source. The device manager communicates with the gateway and provides an alert indicating existence of a pinch point within the mesh network based upon the radio statistics. When a low battery condition is reported by a device, the device manager determines whether loss of that device is a pinch point or will cause a pinch point, and provides a low battery alert prioritized based upon the pinch point analysis.",,H04W52/0225;H04W84/18;H04W8/22;Y02D30/70,FISHER ROSEMOUNT SYSTEMS INC;CARLSON DANIEL CLIFFORD;SHARP IAIN PETER;IVISON MARK RICHARD;HODGSON PETER;SHAW KEVIN ANDREW;CITRANO JOSEPH,20080925,2009,CN;EP;US;WO,10,True,False,True
42142690,CN-101697635-A,Access method and control method of cognitive wireless MESH network,,"The invention discloses an access method of a cognitive wireless MESH network, comprising the following steps of: dividing the wireless network into a multi-layer structure; selecting a cluster head of each single-hop cluster, and taking each cluster head of the same layer as a node of each single-hop cluster of the upper layer thereof until the highest layer; and finishing negotiation between every two transceiving nodes through a common control channel, and locking channel communication through the negotiation. The invention also discloses a control method of the cognitive wireless MESH network, and in the method, each node generates and maintains a data channel priority information table and a neighbor node communicating table; each transceiving node broadcasts and updates information on the corresponding common control channel; and communication is carried out on the channel in a DATA-ACK-DATA-ACK mode. The control method has the advantages that a data transmission channel between every two transceiving nodes can be flexibly matched; interference of a neighbor node is overcome; channel dynamic switch is implemented according to channel quality information; the business demands of a cognitive user is satisfied, and the priority of the user is guaranteed; and self-adaptation loading and regulation are carried out according to the variation of cognitive nodes.",,Y02D30/70,UNIV CHONGQING,20090916,2009,CN,2,True,False,True
42278702,KR-20100053830-A,Early warning method and system for landslide and rock fall,산사태 및 낙석 조기경보 시스템 및 방법,"PURPOSE: A system and a method for sounding an alarm related to a landslide or a rock-fall are provided to transmit the measured value for the ground state of a target to a server by forming a multi-hoe ad-hoc wireless sensor network. CONSTITUTION: A ground inserting unit(130) is installed on the ground of a target. A sensor(110) is installed in the ground inserting unit. In a pre-set interval, a ground state related to a landslide or a rock-fall is monitored. A connection unit(120) is connected with the sensor and transfers the vibration energy of the ground state to the sensor. A transceiver(170) is connected with the connection unit and receives the information related to the ground state.","본 발명은 산사태 및 낙석 조기경보 시스템 및 방법에 관한 것이다. 보다 상세하게는 멀티홉 애드혹(Multi-Hop Ad-Hoc) 무선센서 네트워크를 형성하여 측정대상지반의 상태 측정값을 서버까지 더욱 안정적으로 송신하고, 측정대상지반에 대한 계측빈도를 조절하여 산사태 또는 낙석의 조짐이 있을 때 이에 대한 경계 수위를 높일 수 있도록 하는 산사태 및 낙석 조기경보 시스템과 이러한 산사태 및 낙석 조기경보 시스템을 이용한 산사태 및 낙석 조기경보 방법에 관한 것이다. 
     본 발명은 상기 목적을 달성하기 위해 소정시간 간격으로 산사태 및 낙석과 관련된 지반상황을 센싱하는 센서; 상기 센서가 센싱한 지반상황정보를 송수신하는 송수신부; 일측이 상기 센서에 연결되어 상기 센서를 지지하는 연결부; 및 측정대상 지반에 설치되며, 상기 연결부의 타측단이 내부 바닥에 삽입 고정되는 지반 삽입부를 포함하는 것을 특징으로 하는 산사태 및 낙석 감지장치를 제공한다. 
     본 발명에 의하면 계측장비 설치시 위험한 경사면에서의 케이블 포설 작업을 최소화 할 수 있으며, 산간벽지에도 산사태 또는 낙석에 대한 모니터링 네트워크를 용이하게 구축할 수 있다. 
     
     산사태, 낙석, 계측센서, 무선센서 네트워크",G08B21/10;G08B21/182;G08B25/002;G08B25/10,KT CORP,20081113,2008,KR,1,False,True,True
42310038,US-2012109404-A1,Apparatus and method for controlling environmental conditions in a data center using wireless mesh netwworks,,"Various embodiments provide an apparatus and method for controlling environmental conditions in a data center using wireless mesh networks. An example embodiment includes receiving an alert message from a reporting wireless network sensor of a plurality of wireless network sensors via a wireless sensor network, the alert message including information indicative of a modification needed to an environmental condition; and using the information indicative of a modification needed to an environmental condition at a networked controller to command a device capable of modifying the environmental condition to modify the environmental condition in a manner corresponding to the information in the alert message.",,G05D23/00;H04L12/2827;H04W84/18;H04L67/12,PANDEY RAJU;PFEIFER RAY;SYNAPSENSE CORP,20081230,2008,EP;JP;US;WO,5,True,False,True
42336889,JP-2010171525-A,Wireless communication device for wireless ad hoc network,,"&lt;P&gt;PROBLEM TO BE SOLVED: To prevent and clear congestion in a wireless ad hoc network.  &lt;P&gt;SOLUTION: A wireless communication device acquires a traffic evaluation index value from each node in one rank lower layer from a node in one rank higher layer, determines parameters regarding to suitable priority control for each node in one rank lower layer according to the traffic evaluation index value, and notifies and makes the establishment. In the case where a node in one rank higher layer detects that the congestion occurs or clears, the node adjusts the priority degrees or the parameters, which is reported and set.  &lt;P&gt;COPYRIGHT: (C)2010,JPO&amp;INPIT",,H04L43/0894;H04L41/5022,FUJITSU LTD,20090120,2009,JP,1,False,False,True
42575422,JP-2010157838-A,"Communication system including ad hoc network, mobile communication equipment for communication system, and communication method in communication system",,"&lt;P&gt;PROBLEM TO BE SOLVED: To provide a communication system including an ad hoc network for enabling the ad hoc network to efficiently select a gateway for connecting a fixed external network.  &lt;P&gt;SOLUTION: When the ad hoc network 1 is composed of a plurality of mobile routers MR, the mobile routers to be a gateway GW to an external network 2 transmit and receive a gateway notification packet including a gateway priority and radio link information among mobile routers. Thus, each mobile router selects and changes a gateway by continuing and canceling the gateway or determining to be a new gateway, and selects and change the gateway by autonomous distributed control of each mobile router without requiring a special node.  &lt;P&gt;COPYRIGHT: (C)2010,JPO&amp;INPIT",,,MITSUBISHI ELECTRIC CORP,20081226,2008,JP,1,False,False,True
42581991,JP-2010166136-A,"Ad hoc network communication terminal, control method of the same, and ad hoc network communication system",,"&lt;P&gt;PROBLEM TO BE SOLVED: To avoid overlapping of addresses among a plurality of different external networks connected to an ad hoc network.  &lt;P&gt;SOLUTION: A communication terminal includes: a memory device which stores corresponding information of an external network which is different from the ad hoc network, and a connection priority degree to the external network; and a connection network arbitration processing unit which executes: transmission processing to other communication terminals composing the ad hoc network of connection arbitration messages including the corresponding information; receiving processing from other communication terminals of other connection arbitration messages including other corresponding information of other external networks different from the ad hoc network possessed by other communication terminals, and other connection priority to other external networks; and connection processing to a server through the external networks when transmission connection priority is higher than other receiving connection priority.  &lt;P&gt;COPYRIGHT: (C)2010,JPO&amp;INPIT",,,HITACHI ULSI SYS CO LTD,20090113,2009,JP,1,False,False,True
42712197,US-2011007687-A1,QUEUING ARCHITECTURES FOR ORTHOGONAL REQUIREMENTS IN QUALITY OF SERVICE (QoS),,"A node in a mobile ad-hoc network or other network classifies packets (a) in accordance with a first set of priority levels based on urgency and (b) within each priority level of the first set, in accordance with a second set of priority levels based on importance. The node: (a) queues packets classified at highest priority levels of the first and/or second sets in high-priority output queues; (b) queues packets classified at medium priority levels of the first set in medium-priority output queue(s); and (3) queues packets classified at low priority levels of the first and/or second set in low-priority output queue(s). Using an output priority scheduler, the node serves the packets in order of the priorities of the output queues. In such manner, orthogonal aspects of DiffServ and MLPP can be resolved in a MANET or other network.",,H04W72/569;H04W84/18;H04L47/10,HOWE WAYNE R;QURESHI MUHAMMAD AKBER,20090709,2009,US,4,True,False,True
42730648,US-8223786-B2,Quality of service scheduling for home mesh network,,An embodiment is a technique to perform packet scheduling for QoS. A plurality of buffers is visited in a variable round robin manner. The buffers store packets having packet types associated with priority levels and having buffer types according to the packet types. The packets are generated for transmission from an application according to a network protocol in a multi-hop mesh network having a local node and a remote node. The buffers are dequeued according to the buffer types and using an amount dynamically weighted by the priority levels associated with the buffer types.,,H04W72/569;H04W72/52;H04L47/6215;H04W8/04;H04L47/6275;H04L47/50;H04W84/18;H04W28/02,JING XIANGPENG;LIU AIXIN;PATIL ABHISHEK;NGUYEN DJUNG N;SONY CORP;SONY ELECTRONICS INC,20090311,2009,US,2,True,False,True
42730654,US-8194593-B2,Quality of service architecture for home mesh network,,An embodiment is a technique to perform QoS. An interface between an upper layer and a lower layer in a multi-hop mesh network receives and transmits packets from and to a local node and a remote node. A classifier classifies the received packets into a plurality of packet types having different priority levels. A queue manager manages a plurality of buffers organized according to the packet types. The plurality of buffers stores the classified packets based on the packet types. A scheduler schedules distributing the packets from the plurality of buffers based on the priority levels according to a scheduling policy.,,H04W8/04;H04L47/50;H04L47/2441;H04L47/6215;H04L47/2433;H04L47/623;H04W28/02,JING XIANGPENG;PATIL ABHISHEK;LIU AIXIN;BHATNAGAR ANUJ;NGUYEN DJUNG N;SONY CORP;SONY ELECTRONICS INC,20090311,2009,US,2,True,False,True
42826136,US-2010254364-A1,Rate-adaptive method for wireless mesh network,,"This invention relates to a rate-adaptive method for wireless mesh network in areas of wireless networking technology. In the invention, each node in the wireless mesh network broadcasts probe packets and meanwhile receives probe packets from its neighboring nodes, and maintains a rate priority table in time based on the sending success ratio of probe packets, and then sets up a new dynamic probe queue according to this rate priority table, selectively sending all the probes with rates that are listed in the rate priority table or close to them, and the automatic rate selection is accomplished by decisions on probes&#39; sending success ratio. This invention can adapt to the changes of the network conditions very well, and reduce the influence of route broadcast and convergence on network throughput as much as possible, and at the meantime, it takes the changes in network topology into account, thus is very suitable for conditions with a complex spatial distribution of electromagnetic waves.",,H04W84/18;H04W72/54,YI PING;ZHANG SHUAI;WU YUE;LI JIANHUA,20100616,2010,US,1,False,False,True
42981374,US-2010267390-A1,"Fault-tolerant, multi-network detour router system for text messages, data, and voice",,"The invention provides a method and system for fault-tolerant communication. It utilizes three wide area networks, including the cell phone network, the internet and the telephone network (PSTN). The method and system monitors the wide-area networks and sends warning messages if they cannot be accessed from a local site. Primary failure conditions relate to the access and use of the three wide-area networks. Secondary failure conditions include power outages. The possible fault conditions include: ‘telephone out’, ‘internet out’, ‘wireless radio out’, ‘power out’. If these failure conditions are detected, the method and system alerts the user and redirects voice, text message, and data traffic via a detour over a different wide-area network in order to avoid that failure. 
     A method and system has been disclosed that routs information over one of multiple networks in a fault-tolerant manner. In case of network failure, detour routers allow the start-detour routers to switch the information flow over another network to an end-detour router, where the information flow is switched back to the originally-intended network. Cell radios are utilized, as well as telephones and the internet to provide redundancy and fail-over under ‘telephone out’, ‘internet out’, ‘cell phone out’ conditions. The method has particular strengths in supporting communication even with dynamically assigned addresses, thus assuring that remote users receive monitoring and alarm information in a timely manner.",,H04L61/2517;H04L69/40;H04L51/58,LIN GAO;Chen lan tao;VON KONIGSLOW RAINER,20080904,2008,US,1,False,True,False
43004874,KR-20100097829-A,Method for transmitting data over mobile ad hoc network and recorded medium for performing method for transmitting data over mobile ad hoc network,이동 애드혹 네트워크에서 데이터 전송 방법 및 이동 애드혹 네트워크에서 데이터 전송 방법이 기록된 기록매체,"PURPOSE: A method for transmitting data over a mobile ad hoc network and a recorded medium for performing the method for transmitting data over the mobile ad hoc network are provided to secure the service quality of data sensitive to delay by maximally satisfying an inter-end transmission delay time. CONSTITUTION: If an intermediate node is placed at a first hop, the intermediate node determines the priority of a received packet based on inter-end whole hop number and allowable maximum delay(340,350). If the intermediate node is placed at a kth hop, the intermediate node determines a packet priority for a various hope as well as a packet priority based on a packet urgent level in a current(360). If the priorities of both a newly received packet and cue-standby packets are determined, the intermediate node transmits the packet according to the higher priority(380).","이동 애드혹 네트워크에서 지연에 민감한 데이터의 서비스 품질을 보장할 수 있고, 트래픽 부하를 전체 네트워크로 분산시킬 수 있는 이동 애드혹 네트워크에서 데이터 전송 방법 및 이동 애드혹 네트워크에서 데이터 전송 방법이 기록된 기록매체가 개시된다. 경로 긴급도에 기초하여 패킷의 전송 경로를 설정하고, 설정된 전송 경로를 통해 소스 노드가 패킷을 전송한다. 설정된 전송 경로 상에 존재하는 소정의 중간 노드가 패킷을 수신하고, 설정된 전송 경로의 전체 홉 수 정보 및 허용 가능한 최대 지연 정보에 기초하여 수신된 패킷의 패킷 우선순위를 결정한 후 결정된 패킷 우선순위에 기초하여 패킷을 전송한다. 따라서, 이동 애드혹 네트워크에서 종단간 전송 지연 시간을 최대한 만족시킬 수 있고, 이로 인해 지연에 민감한 데이터의 서비스 품질을 보장할 수 있다. 또한, 트래픽 부하를 전체 네트워크로 분산시킬 수 있다. 
       
     	애드혹, 지연, 스케줄링, 드랍, 라우팅, 홉",H04W28/14;H04W84/18;H04W40/28;H04L47/2425;H04W28/0284;H04W40/02,POSTECH ACAD IND FOUND,20090227,2009,KR,2,True,False,True
43408634,KR-20100124425-A,Method for routing in ad-hoc network,애드 혹 네트워크에서의 라우팅 방법,"PURPOSE: A routing method in an ad hoc network is provided not to select the routing path such as general case, thereby transmitting important data rapidly and safely. CONSTITUTION: An ad hoc network searches a routing route between a second nodes and a target node(201). If the emergency case occurred, the ad hoc network searches a routing path between a first nodes and the target node(203,205). The ad hoc network again searches a routing route between the second nodes and the target node. The ad hoc network searches the optimal routing route(207).","본 발명은 애드 혹 네트워크(Ad-hoc Network)에 관한 것으로, 특히 애드 혹 네트워크에서 데이터를 실시간으로 통신할 수 있도록 하는 라우팅 방법에 관한 것이다. 이러한 본 발명은 애드 혹 네트워크에서 데이터 통신을 위한 라우팅 경로를 탐색하는 라우팅 방법에 있어서, 제1 노드들과 목적노드 간의 라우팅 경로를 탐색하고, 상기 제1 노드들보다 우선순위가 높은 제2 노드들과 상기 목적노드 간의 라우팅 경로를 탐색하고, 상기 제2 노드들과 상기 목적노드 간의 라우팅 경로를 우선하여 상기 제1 노드들과 상기 목적 노드 간의 라우팅 경로를 재 탐색함으로써 데이터를 실시간으로 송수신할 수 있다. 
       
     애드 혹 네트워크, 라우팅 경로, 우선순위, 채널 용량",H04W40/12;H04W84/18;H04W40/04,SAMSUNG THALES CO LTD,20090519,2009,KR,2,True,False,True
43437140,CN-101945460-A,Energy-saving AODV routing method used in Ad Hoc network environment,,"The invention discloses an energy-saving AODV routing method used in an Ad Hoc network environment, provides a novel energy-saving routing method by starting from the energy-saving requirement of a user and utilizing an on-demand routing protocol and topological structure analysis method. Factors such as low energy consumption of nodes, link capacity and the like are comprehensively considered. On the basis, the invention provides a network routing method based on dynamic priority factors and a single back-up route; and secondary judgment is set and factors that energy of the nodes of the user influences routing are comprehensively considered. A simulation result verifies that the method not only can save network energy, but also can postpone routing update so as to delay network fragmentation.",,Y02D30/70,UNIV XIANGTAN,20100826,2010,CN,2,True,False,True
43730459,JP-2011066568-A,Communication apparatus and communication method,,"&lt;P&gt;PROBLEM TO BE SOLVED: To improve robustness against variation in network state.  &lt;P&gt;SOLUTION: An acquisition part 110 acquires a radio cost for each path down to other communication apparatus in an ad hoc network to which a communication apparatus 100 belongs. An accumulation part 120 accumulates radio cost for each of a plurality of paths acquired at different times by the acquisition part 110. A deciding part 130 decides priority of each path, based on time correlation among paths for the radio cost of each of the plurality of paths accumulated by the accumulation part 120. A communication part 140 communicates with other communication apparatus 100 preferentially using a path having a higher priority decided by the deciding part 130.  &lt;P&gt;COPYRIGHT: (C)2011,JPO&amp;INPIT",,H04W40/02;H04L45/122;H04W84/18;H04L45/128,FUJITSU LTD,20090916,2009,JP;US,3,True,False,True
43771375,KR-20110011116-A,A road accident alarm system,도로 사고 발생 경보 시스템,"PURPOSE: A road accident alarming system is provided to expand a monitoring range according to the distances between systems and the number of the systems. CONSTITUTION: A signal transmitting and receiving system(10) generates and receives periodical electric signals. A connecting line(11) transmits and receives the electric signals of the signal transmitting and receiving system and is disconnected in case of the occurrence of accidents. A connecting line attaching unit(12) attaches a connecting line to the guardrail of a road, the median strip of the road, and the collapsible ground. If the connecting line is disconnected, a road accident alarming system(21) is operated.","본 발명은 도로의 사고발생 경보시스템에 관한 것으로 도로상의 교통사고, 지반침하 등 도로의 사고 발생을 알지 못하고 현장에 접근하는 이에게 사고 발생을 경고하여 서행 또는 정지를 유도함과 동시에 사고발생을 원거리에 있는 관리자에게 알려줌으로써 즉각적 조치가 이루어지도록 하는데 그 목적이 있다. 
     도로 사고발생 경보시스템의 구성은 주기적인 전기신호의 발생과 발생된 신호의 입출력을 담당하는 신호송수신시스템(10)과, 두 신호송수신시스템 간에 전기신호를 전달해주며 차량충돌, 낙교, 지반침하 등의 사고발생시 단선이 발생하는 연결선(11), 감시가 필요한 물체에 연결선(11)을 고정하는 연결선 부착창치(12), 신호송수신의 단절이 일어났을 경우 이를 인식하고 사고발생알림장치(21)을 작동시키는 위험감지시스템(20)과, 사고발생신호가 감지되었을 경우 LED 표지판의 발광, 경고음, 유무선신호송출 등으로 사고발생을 알리는 사고발생알림장치(21), 전체 장치에 전기를 공급하는 태양광집열판(30)으로 구성된다. 본 시스템을 설치할 경우 수 개의 장치만으로 긴 도로 및 다수의 위험 지역에 대한 감시가 가능하다. 
       
     신호송수신시스템(10), 연결선(11), 연결선부착장치(12), 위험감지시스템(20), 사고발생알림장치(21), 태양광집열판(30), 도로의 난간 및 중앙분리대(40), 지반붕괴구간(50)",G08B25/10;G08B13/12;G08B5/22;G08G1/0967;G08B3/10,LEE JAE SEONG,20090728,2009,KR,1,False,False,True
43843321,CN-102013162-B,Method for dispatching vehicular Ad Hoc network service with broadcast priority,,"The invention discloses a method for dispatching vehicular Ad Hoc network service with broadcast priority, and is suitable for communication of vehicles and roadside units in a vehicular Ad Hoc network. The method consists of a stage of requesting to jump the queue of a roadside unit service and a stage of serving the request, wherein the stage of requesting to jump the queue of the roadside unit service is the key point of the service dispatching method, which realizes effective arrangement to the requests on the service queue of the roadside unit; and the stage of serving the request by the roadside unit is to complete the subsequent work of the first stage, namely the roadside unit serves or abandons the request sent by the vehicle. The dispatching method improves the state of channel bandwidth waste due to the fact that the conventional simple priority policy does not consider the difference of communication modes, and cannot provide uniform service for the same request sent by a plurality of vehicles, and ensures that the channel utilization is increased and the load of the roadside unit is reduced by providing uniform broadcast service for the same request sent by the plurality of vehicles.",,,UNIV BEIHANG,20101123,2010,CN,2,True,False,True
43939293,KR-101024268-B1,Apparatus and method for processing data in ad-hoc network,애드 혹 네트워크에서의 데이터 처리 장치 및 그 방법,"PURPOSE: An apparatus and a method for processing data in ad-hoc network are provided to selectively process urgent voice data, and general data using a silence mode of a node. CONSTITUTION: A decision unit(110) decides what data to create between a first data, and a second data which has lower priority than the first data. According to the decision, if a specific data is generated, a measuring unit(120) measures a mode value related to the drive of the first node which currently has the specific data. A processing unit(130) processes the created data considering the created data content and the measured mode value.","본 발명은 애드 혹 네트워크 특히 MANET에서의 데이터 처리 장치 및 그 방법에 관한 것이다. 본 발명은 (a) 제1 데이터 및 제1 데이터보다 우선순위가 낮은 제2 데이터 중 어느 하나의 데이터를 생성할 것인지 결정하는 단계; (b) 상기 결정에 따라 특정 데이터가 생성되면, 생성된 특정 데이터를 현재 보유한 제1 노드의 구동과 관련한 모드값을 측정하는 단계; 및 (c) 제1 노드가 생성된 데이터의 내용과 측정된 모드값을 고려하여 생성된 데이터를 처리하는 단계를 포함하는 것을 특징으로 하는 애드 혹 네트워크에서의 데이터 처리 방법을 제공한다. 본 발명에 따르면, 네트워크를 통한 우선순위가 높은 노드의 긴급한 음성 데이터 전달시 트래픽 경로에 대한 간섭을 제거할 수 있으며, 데이터의 전달 지연이나 전달 손실을 제거할 수 있다.",H04W76/50;H04W76/12;H04W76/45;H04W84/18,LIG NEX1 CO LTD,20100720,2010,CN;JP;KR;US,6,True,False,True
44279061,EP-2466981-A1,"Method for resource allocation in a mobile meshed communication network with limitation of inter-cluster interference, system and network implementing the method",,"The method involves generating a chart of configurations having different allocation priority indices for time slots of time windows of communication resources, where the indices vary from 0 to n-1, and n is strictly positive integer equal to the number of slots. The configurations are assigned to clusters (C1-C7) such that positive preset number of indices is not assigned to the same slots for adjacent clusters. The slots are allocated to intra cluster communications in the order of priorities defined in the configurations assigned to the clusters. The time windows are time division multiple access (TDMA) windows. Independent claims are also included for the following: (1) an onboard communication system embedded in a mobile node communicating within a mobile ad hoc network (2) an ad hoc network comprising a set of mobile nodes communicating with one another.",,H04W72/56;H04W84/18,THALES SA,20101217,2011,EP,1,False,False,True
44491601,CN-102170660-A,Multi-path route constructing method and system based on APDV (Ad Hoc On-demand Distance Vector),,"The invention relates to a multi-path route constructing method and a system based on APDV (Ad Hoc On-demand Distance Vector). The method comprises the following steps: recording the times of a reply route response packets by a destination node or a middle node containing the newest route of the destination node; when the preset times are achieved, stopping the reply route response packets, and discarding the follow-up route request packets; judging whether the router response packets are received for the first time or not by a transmission node, if so, transferring the router reply packets, otherwise discarding the router reply packets; carrying out priority comparison on the paths constructed by the route reply packets through a source node, using the optimal path as a main path, using the suboptimal route as a backup path, and deleting other paths. In the invention, the number of the repeated route reply packets in network can be reduced, and the repeated transfer of the route reply packets can be reduced, and thus, the risk of network congestion can be decreased. The invention can adapt to the characteristic of frequent changes of Ad Hoc network topology structure, and is convenient to set up multi-path route quickly and effectively.",,,UNIV BEIJING JIAOTONG,20110511,2011,CN,2,True,False,True
44511515,US-2012025979-A1,Methods and systems for sending messages regarding an emergency that occurred at a facility,,"Systems and methods are disclosed for sending messages regarding an emergency at a facility. The messages can be sent to an emergency response service or directly to another facility through a wireless mesh network. The wireless mesh network can comprise one or more nodes that route measurement data, such as utility meter reading data. The emergency messages can be assigned a higher priority so that they travel through the wireless mesh network more quickly. A device receiving an emergency message may identify the address of the associated facility, for example, by identifying an address associated with utility service also provided at the same facility. The address can be forwarded to an emergency response service and a confirmation or other message may be sent back to the facility. A device at a facility may receive various messages from a control center, such as a weather center, over the wireless mesh network.",,H04W76/50;G08B21/0484;H04W4/90;G08B25/006;G08B27/005;G08B25/007;G08B25/016;G08B25/009;H04L61/35,MONNERIE EMMANUEL;SHUDARK JEFFREY B;CHASKO STEPHEN J;CELLNET INNOVATIONS INC,20100729,2010,US;WO,3,True,True,True
44531263,US-2011216655-A1,A system and method for using ad hoc networks in cooperation with service provider networks,,"Systems and methods for using ad hoc networks in cooperation with service provider networks. Multi-network devices communicate with each other as peers in an ad hoc network while each accessing a service provider network. The multi-network devices may each receive the same real-time multimedia stream, be it broadcast or unicast, while sharing stream parity information. The peers may take corrective action to maintain uninterrupted playback of the real-time multimedia stream with no or minimal loss in perceived quality. The peers may further cooperate to facilitate bandwidth and power optimization, fast channel switching, and real-time mobile traffic and network analysis, displays and alerts.",,H04N21/43637;H04W84/18;Y02D30/70;H04L43/00;H04L1/0023;H04W4/00,CHEN JOHN ANTHONY;FILIPPI GEOFF;GOULD KENNETH;COUGHLIN BRIAN,20100305,2010,US,4,True,False,True
44711468,WO-2011121671-A1,"Firmware updating method, communication unit, and program",,"Disclosed is a data updating method executed by communication apparatuses in an ad hoc network or other network which connects communication units directly or through other communication units. The gateway of the transmission source of firm data selects a predetermined number of neighboring &#34;parent&#34; communication units so that the ones with a low evaluation value, which includes wireless quality, are given priority, transfers the updated firm data, and executes data update. Similarly, the parent communication units in which update has been executed select a predetermined number of other neighboring &#34;child&#34; communication units, in which data upgrade has yet to be executed, so that the ones with a relatively low evaluation value indicating the channel quality pertaining to reachability of the final address, transfer the upgraded firm data, and execute data upgrade. Hereinafter, similar selection from the child communication units, with respect to &#34;grandchild&#34; communication units and &#34;great grandchild&#34; communication units is performed, and data transfer processing by upgraded firm data is repeated.",,H04W4/06;H04W84/18;H04W64/00,FUJITSU LTD;SATO FUYUTA;SHIBAGAKI CHIKARA,20100331,2010,WO,1,False,False,True
44785606,US-8552857-B2,Failsafe signal transmission for wireless sensor mesh,,"An apparatus is provided. The apparatus includes a plurality of transceivers arranged in a mesh network that each synchronously communicate with at least one other of the plurality of transceivers in an assigned slot of a TDMA channel, at least a first of the plurality of transceivers asynchronously transmitting a priority message on a priority channel that is different than the TDMA channel and at least a second of the plurality of transceivers that detects an information content of the asynchronous priority message on the priority channel and retransmits the detected information content synchronously on the TDMA channel to a third transceiver of the plurality of transceivers.",,H04W84/18;G08B25/009;H04W74/06;G08B25/10,BEREZOWSKI ANDREW G;RAUWORTH TIM;KORE VINAYAK SADASHIV;HONEYWELL INT INC,20101014,2010,CN;EP;US,5,True,False,True
45028738,KR-20110113373-A,A sector-based method of messaging direction decision in vehicular ad hoc networks,차량 애드 혹 네트워크 시스템의 노드를 위한 섹터 기반 메시징 방향 판단 방법,,"본 발명에 따르는 차량 애드 혹 네트워크 시스템의 노드를 위한 섹터 기반 방향 판단 방법은, 긴급 메시지에 자신의 위치정보 및 진행 방향 정보를 삽입하여 주변 노드들로 브로드캐스팅하는 단계; 상기 긴급 메시지가 수신되면, 긴급 메시지를 전송한 차량을 중심으로 일정 크기 간격의 기울기를 가지는 직선들로 공간을 다수의 섹터로 분할하고, 상기 긴급 메시지에 포함된 위치정보에 따른 위치에서 자신의 위치정보에 따른 위치를 나타내는 직선의 기울기가 속하는 섹터를 검출하는 단계; 상기 섹터가 상기 긴급 메시지에 포함된 진행 방향 정보에 대응되면, 상기 긴급 메시지를 처리하고 주변 노드들로 브로드캐스팅하는 단계; 상기 섹터가 상기 긴급 메시지에 포함된 진행 방향 정보에 대응되지 않으면, 상기 긴급 메시지를 삭제하는 단계;를 포함하는 것을 특징으로 한다.",H04W64/006;H04W4/026;H04W4/06;H04W84/18,KYUNGPOOK NAT UNIV IND ACAD,20100409,2010,KR,2,True,False,True
45445896,EP-2611085-A1,System and method for providing mobile communication,,"The present invention provides a mobile communication system comprising a radio access network, wherein the radio access network comprises: a plurality of base stations; a smart node connected with at least one of the base stations, wherein the smart node is adapted to buffering data between the base stations and user equipments, and wherein the data comprises low priority application data with high latency budget, or real-time or an interactive application data. The present invention also provide a method for such mobile communication. The system and the method according to the present invention may reduce load of the backhaul network through handling appropriate traffic closer to end-user, i.e. the base stations and gateways. It may further reduce the peak load of the network by scheduling traffic of delay-tolerant applications for later delivery, buffering it at base stations. The computing gateway may perform data tunnelling, act as a mobility anchor and analyse the tunnelled traffic to serve mobile users&#39; requests locally.",,H04W28/14;H04W28/0247;H04L49/9057;H04L47/245,DEUTSCHE TELEKOM AG;UNIV BERLIN TECH,20111230,2011,EP,1,False,False,True
45556127,US-2012033652-A1,System and Method for Simultaneous Infrastructure and Ad Hoc Networked Communications,,"A method and a system are disclosed for maintaining a simultaneous communication between a first wireless station and both an access point and a second wireless station. The first and second wireless stations are associated with the access point, or only one of the wireless stations, but not both, is associated with the access point. The first wireless station gains an instance of medium access by using applicable medium access protocols. Once the first wireless station gains an instance of medium access, it transmits frames to the access point on an infrastructure network and to the second wireless station on the same infrastructure network or an ad hoc network. The overall air time must not exceed the maximum air time allowed for the instance of medium access. All transmitted frames must have a user priority mapped to the access category for which the instance of medium access was obtained.",,H04W74/00;H04W76/20;H04W88/06;H04W84/18;H04W88/04;H04W12/062,HO JIN-MENG;XHAFA ARITON E;TEXAS INSTRUMENTS INC,20100803,2010,US,1,False,False,True
45562144,US-8743716-B2,"Systems, methods, and apparatus for identifying invalid nodes within a mesh network",,"Systems, methods, and apparatus for identifying, invalid nodes within a mesh network are provided. A routing table may be maintained by a utility meter. The routing table may include information associated with one or more devices in communication with the utility meter via a mesh network. A change in the routing table may be identified by the utility meter, and an alert message associated with the identified change may be generated by the utility meter. The generated alert may then be output by the utility meter for communication to a central controller configured to process the alert message to identify an invalid node within the mesh network.",,H04W40/246;H04L41/06;H04W40/02;H04L41/0677,REE BRADLEY RICHARD;BOOT JOHN CHRISTOPHER;GEN ELECTRIC,20110204,2011,US,1,True,False,True
45787963,US-8135353-B1,System and method for testing emergency dispatch systems,,"A system and method for testing and monitoring all critical operational aspects of a conventional, non-trunked, radio communications base radio or repeater system and alerting the dispatcher when a communication failure or error occurs. The system includes a monitor radio, a dispatch display unit, a communications link from the dispatch center to a remote base station, and a master control unit that is in communication with the monitor radio, the dispatch display unit, and an existing dispatch console.",,H04M3/2227;H04M3/5116;H04W24/08;H04M2207/18;H04W24/00;H04W84/047;H04W88/08,SCHURMAN DAVID B,20080320,2009,US,1,True,True,False
45839978,KR-101110111-B1,Method for mesh networking of street lamp and apparatus thereof,가로등 원격 제어를 위한 메쉬 네트워킹 방법 및 이에 적용되는 장치,PURPOSE: A mesh networking method for remotely controlling a street lamp is provided to implement a mesh networking for controlling the turn of or off of a street lamp based on a local area communication module. CONSTITUTION: A short cut information for each via node is prepared based on inherent ID of a street lamp(213) or fixed coordinates. The information for controlling the street lamp is transmitted or each control mode for collecting event information of each street lamp are performed by the priority of transmission node list information. Transmission success list information is created by the return of ID information which successfully performs communication. A broadcast mode is performed by the transmission success list.,"본 발명에서 가로등의 지능형 네트워킹 방법을 개시한다. 본 발명에 따른 방법은 a) 가로등의 고유 ID 및 고정 좌표를 기반으로, 각 가로등의 설치 위치에 따른 전송 가로등 좌표정보, 차기 전송가로등 좌표리스트 정보, 전송 목적지 좌표 정보를 포함하여, 상기 통신모듈의 송수신 반경 이내에서 경유 노드에 대한 최소거리 정보를 구축하는 단계; b) 최소거리 정보에 기초하여 가로등 간 통신 순서를 위한 우선순위가 결정된 전송노드 리스트 정보를 구축하는 단계; 및 c) 전송노드 리스트 정보에 의한 우선순위에 따라 가로등을 개별적으로 제어하기 위한 제어정보를 전송하거나, 각 가로등의 이벤트 정보를 수집하기 위한 개별제어 모드를 수행하며, 상기 전송노드 리스트 정보에 기초하여 노드간 통신이 이루어진 후, 통신에 성공한 고유 ID 정보를 회신하여 전송성공 리스트 정보를 생성하고, 전송성공 리스트에 의해 각 가로등(213)에 대한 일괄 제어 또는 가로등 간의 연동 제어가 이루어지는 브로드케스트 모드를 수행하는 단계;로 이루어진 것을 특징으로 한다. 
따라서, 본 발명은 가로등주 별로 고유코드를 갖고 설치된 근거리 통신모듈에 기반하여, 가로등주 점소등 제어를 위한 메쉬 네트워킹을 구현함으로써, 설비비 및 운영비를 격감시킬 수 있는 효과가 있다.",H04L12/12;H04W84/18,FMWORKS INC,20111118,2011,KR,1,True,False,True
45985878,CN-102438002-A,Video file data transmission method based on ad hoc network,,"The embodiment of the invention discloses a video file data transmission method based on an Ad hoc network, which comprises the following steps: error resilient coding a video file to be transmitted; forward Error Correction (FEC) coding is used for the video file which completes the error elastic coding; performing data scheduling processing on the video file subjected to the FEC encoding processing by using a 2-path priority transmission method and a hierarchical priority scheduling method; and transmitting the video file subjected to the data scheduling processing in a physical layer based on the bit stream. The design makes the wireless network more suitable for the transmission of multimedia data; by adopting the improved 2-path transmission method, routing selection can be carried out more intelligently according to the specific requirements of services, the requirement on time delay is relatively low, and the data with relatively strict time delay can be data with small time delay; when the time delay is not large, a more reliable route can be adopted for data transmission.",,,RES INST SUN YAT SEN UNIV SHENZHEN,20110810,2011,CN,2,True,False,True
46199298,KR-20120064278-A,Routing apparatus and method for a mobile ad-hoc network,모바일 애드혹 네트워크의 라우팅 장치 및 방법,PURPOSE: A routing device of a mobile ad-hoc network and a method thereof are provided to maintain energy balance of a mobile node by selecting a transfer path according to a priority of a message. CONSTITUTION: An order determining unit(110) determines a priority of a message which is transmitted from a source node to a destination node. A transmission path selecting unit(120) selects a path of the determined message from the source node to destination node. A message transmitting unit(130) transmits the message through the transmission path.,"본 발명은 모바일 애드혹 네트워크의 라우팅 장치 및 방법에 관한 것으로, 메시지의 우선 순위에 따라 상이한 전송경로를 선택함으로써 전체적인 모바일 노드의 에너지 균형을 유지하도록 경로를 분산시킬 수 있으므로, 최적 경로에 통신량이 집중되는 정체 현상을 방지할 수 있고, 전체적인 네트워크의 성능과 수명을 효율적으로 증대시킬 수 있도록 한 것이다.",H04W40/246;H04W40/10;Y02D30/70,KOREA ELECTRONICS TELECOMM,20101209,2010,KR,1,False,False,True
46613540,US-8244249-B1,Methods and systems for a mesh-network takeover,,"Methods and systems for a mesh-network takeover are provided. In one embodiment, a first controller having a first attribute and a first group of nodes in its network receives a message from a node in the first group. The message indicates that the node in the first group received a signal from a node that is in a second group and associated with a second controller having a second attribute. Further, the message includes the second attribute. Responsive to receiving the message, the first controller compares the first attribute with the second attribute. As a result of comparing the first attribute with the second attribute, the first controller makes a determination that it has a lower priority than the second controller. Responsive to making the determination, the first controller no longer communicates with the first group, resulting in at least one node in the first group joining the second network.",,H04W84/18;H04W36/14,EVERSON JOHN M;DELKER JASON R;TITUS JEREMY G;NORRIS JAMES W;SPRINT SPECTRUM LP,20070309,2007,US,1,True,False,True
46940616,US-8718548-B2,Method and apparatus for adaptive partitioning of links,,"Methods and apparatus for efficiently scheduling links in wireless communications networks are described. Various described methods and apparatus are well suited for use in ad hoc wireless networks in which scheduling decisions are made in a distributed and/or decentralized manner. In some embodiments, the links in a network, e.g., in a peer to peer ad hoc network, are adaptively grouped based on comparable link channel gain. Exemplary signaling used, in some but not necessarily all embodiments, by devices to estimate channel gains include broadcast connection identifier signals and reverse broadcast connection identifier signals. Grouping links into sets based on comparable link channel gain, and selectively ordering the scheduling priorities of the different groups, is used to improve scheduling efficiency, e.g., decrease the likelihood that unnecessary yielding occurs.",,H04W72/542;H04W84/18;H04W72/541;H04W72/56;H04W72/121;Y02D30/70;H04W40/16,CHANG CHRISTOPHER S;SUBRAMANIAN SUNDAR;WU XINZHOU;KHUDE NILESH;QUALCOMM INC,20070710,2011,CN;EP;US;WO,6,True,False,True
47010391,EP-2581891-A2,A low current RF alarm device mesh network,,"A wireless alarm device network (1) comprises alarm devices (A-J, L) each having a processor, a wireless communication interface, and a condition sensor. The devices are communicate by wirelessly transmitting messages, and in a learning mode, automatically register in a monitoring cluster according to received signal strengths. A device (A-J, K) recognises a device as being in its cluster if at least received signal strength exceeds a threshold. Each device is adapted to monitor each other device or devices in its cluster, and to generate an alert if it determines that a device in its cluster is not sending messages.",,G08B25/009;G08B29/06;G08B25/003,E I TECHNOLOGY LTD,20111012,2012,EP,2,False,False,True
47067867,US-2012275490-A1,"Multi-path radio transmission input/output devices, network, systems and methods with on demand, prioritized routing protocol",,"Devices, networks, systems and methods for coordinating communications on multi-path radio transmission mesh networks include delaying replies to route requests based on available path metrics to ensure the best available connection routes through the network can be understood and utilized.",,H04W40/28;Y02D30/70;H04W84/18;H04L45/122;H04W40/12;H04W40/246,COURTICE HARRY JOHN,20110429,2011,CN;US,6,True,False,True
47565771,KR-101207060-B1,Pressure Recorder having the Function of Black Box and Smart RTU for City Gas SCADASupervisory Control and Data Acquisition System having the Function of Calibration for Measuring Instrument,블랙박스 기능을 갖춘 압력 레코더와 계기 교정 기능을 갖춘 네트워크 기반의 도시가스 원방감시용 스마트 알티유,"PURPOSE: A network-based smart RTU(Remote Terminal Unit) for monitoring a town gas remote area is provided to reduce installation costs of a magnetism pressure record meter by including the magnetic pressure record meter of a town gas constant pressure facility in the inner side of a recorder. CONSTITUTION: A network-based smart RTU for monitoring a town gas remote area collects operating state including pressure, flow rate, and gas leakage alarm of a town gas constant pressure facility and transmits it to a remote situation room server. The network-based smart RTU creates real-time state of the town gas constant pressure facility as a chart form using a graphic screen(300), an industrial panel PC(111) including a touch panel, and an analog data acquisition board(114). A pressure recorder functions as a black-box in the network failure or accident, and trouble occurrence. [Reference numerals] (114) Analog data acquisition board(DAQ); (115) Power supply unit; (116) External storing memory; (AA) Wired internet; (BB) Wireless internet; (CC) Private line modem; (DD) USB device","본 발명은, 배관을 통하여 가스를 공급하는 도시가스 공급시설에 있어 중압의 가스를 저압으로 감압하여 수요처로 공급하는 도시가스 정압시설의 원방감시장치(RTU: Remote Terminal Unit)에 관한 것으로, 특히 압력, 유량, 가스누설경보 등 정압시설의 작동상태를 수집하여 원격지 상황실 서버로 전송함과 더불어 정압설비의 작동상태를 자동으로 저장하는 블랙박스 기능을 갖춘 레코더(301)와 압력 전송기 등의 센서의 신호를 프로그램으로 교정할 수 있는 기능, 전용회선의 통신장애 발생 등에 대비하여 인터넷 네트워크 기반의 유?무선 이중화 통신망을 활용할 수 있도록 하는 기능, 웹캠, 지문인식기를 부착하여 정압시설 출입자를 감시할 수 있는 기능 등 확장성을 구비한 블랙박스 기능을 갖춘 레코더(301), 계기 교정 기능을 갖춘 네트워크 기반의 도시가스 원방감시용 스마트 RTU에 관한 것이다.",A61B5/1172;G08B21/16;G08B25/08,,20120210,2012,KR,1,True,True,True
47686385,JP-2013012864-A,"Relay node device, ad hoc network and radio relay method therefor",,"PROBLEM TO BE SOLVED: To provide a relay node device capable of suppressing a decreased communication speed according to a communication environment, in the multistage relay connection of ad hoc communication.SOLUTION: When each of a plurality of node devices mutually performs direct radio communication in an ad hoc mode, the relay node device (radio base station 1) is used in an ad hoc network for multi-hop communication by a bucket brigade system to connect the communication. The relay node device (radio base station 1) comprises: first detection means (111) for detecting the priority of each of the plurality of relay node devices, a use communication band and a link speed between relay nodes; second detection means (112) for detecting duplication of a first and a second communication route which are different in each of the plurality of relay node devices; and when the second detection means detects the duplication of the first and second communication routes, control means (113) for changing one of the first and second communication routes, based on the detection result of the first detection means.",,,NEC ACCESS TECHNICA LTD,20110629,2011,JP,1,False,False,True
47697768,CN-102938920-A,Movable multicast routing method based on cognitive Ad hoc network,,"The invention discloses a movable multicast routing method based on a cognitive Ad hoc network. The method comprises the steps that: nodes are started, and a physical layer scans the information of an available channel; the physical layer selects certain receiving point as a core node, detects available frequency spectrum information and deliveries the information of the available channel to a network layer; the node transmits MA-RREQ to generate a multicast tree and sets one multicast tree based on the core node for each multicast group, wherein MA-RREQ includes the information of the available channel of the core node; MA-RREP information is rewritten to the information of the available channel of the core node in MA-RREQ information, and the receiving node sends the MA-RREP information to the core node; the core node extracts the MA-RREP information and calculates the available probability of the channel, namely the channel priority; and the multicast tree and a channel scheduling mechanism (which is executed in a data link layer) are generated so as to carry out multicast communication. According to the invention, channel interruption among the multiple multicast groups can be effectively reduced, and the throughput capacity performance of the whole network can be improved.",,,UNIV SHANDONG,20121121,2012,CN,2,True,False,True
47837179,KR-20130006004-A,An anti-theft security system for atm and the anti-theft security method,금융자동화기기의 도난 방지용 보안 시스템 및 이를 이용한 금융자동화기기의 도난 방지용 보안 방법,"PURPOSE: An antitheft security method of an automatic teller machine(ATM) and an antitheft security method are provided to improve security of the ATM. CONSTITUTION: An antitheft security system of an ATM includes a wireless communication module(100), a communication modem(300) and a wired/wireless router(200). The wireless communication module is equipped into the ATM. The communication modem is installed in an extra space in the ATM and exchanges information between the ATM and a financial server through a connected communication network. The wired/wireless router is connected to the communication modem and is installed in the extra space in which the communication modem is installed. The wired/wireless router exchanges the information with the wireless communication module through wireless communication. [Reference numerals] (120) External power; (AA) Communication network","본 발명은 금융자동화기기의 도난 방지용 보안 시스템 및 이를 이용한 금융자동화기기의 도난 방지용 보안방법에 관한 것으로서, 더욱 상세하게는 통상의 금융자동화기기 내부에 구비되어 통신회선을 통해 금융자동화기기와 금융서버간의 통신을 수행하던 통신모뎀을 금융자동화기기 외부의 별도 공간에 설치하고, 통신모뎀에 유무선 라우터를 연결하여 상기 유무선 라우터와 금융자동화기기가 무선 통신하도록 구성하여, 상기 금융자동화기기의 기기 오류, 전원 차단 및/또는 도난 발생 등으로 인해 상기 금융자동화기기와 유무선 라우터간의 통신이 두절되는 경우, 상기 유무선 라우터가 이에 연결된 통신모뎀을 통해 경보신호를 금융서버로 전송함으로써, 금융자동화기기의 이상장애 또는 도난 등의 사고로 인한 통신중단과 일반적인 통신회선의 접속장애로 인한 통신중단을 용이하게 구분하여, 관리자에게 금융자동화기기의 현장 점검 및 보안 작업에 대한 편의성을 제공해주는 동시에, 발생 가능한 도난 사고에 신속하게 대처할 수 있도록 하는 금융자동화기기의 도난 방지용 보안 시스템 및 이를 이용한 금융자동화기기의 도난 방지용 보안 방법에 관한 것이다.  
이를 위하여 본 발명은, 금융자동화기기 내부에 구비되는 무선통신 모듈; 금융자동화기기 외부의 별도 공간에 설치되어 연결된 통신망을 통해 상기 금융자동화기기와 금융 서버간의 정보를 교환하는 통신모뎀; 및 상기 통신모뎀에 연결되어 상기 통신모뎀이 설치된 별도 공간에 설치되며, 상기 무선통신 모듈과의 무선 통신을 통해 정보를 교환하는 유무선 라우터;를 포함하여 구성되어, 상기 유무선 라우터와 무선통신 모듈간의 통신이 단절되는 경우, 상기 유무선 라우터가 연결된 통신모뎀을 통해 금융서버로 경보신호를 전송하도록 구성되는 것을 특징으로 한다.",G07F19/00;G08B25/08,NAUTILUS HYOSUNG INC,20110708,2011,KR,2,True,False,True
47895538,KR-20130015800-A,Multi-path qos(quality-of-service) routing method for wireless mesh network,무선 메쉬 네트워크에서의 다중 경로 ＱｏＳ 라우팅 방법,"PURPOSE: A multi-path quality of service routing method in a wireless mesh network is provided to restore and select a path by using an RREQ(Route REQuest) message, an RREP(Route ResPonse) message, and an RERR(Route ERRor) message. CONSTITUTION: The reliability of paths is compared from each other in nodes. Each of the nodes selects a main path and one or more alternative paths(S520). Each of the nodes determines the priority of the paths based on the reliability(S530). Each of the nodes stores the main path, and the alternative path, and the priority in a routing table(S540). When the main path is disconnected, the disconnected node deletes the main path in the routing table(S560). The disconnected node modifies a posterior ranking path to the main path based on the priority. [Reference numerals] (AA) Disconnection of the main path is occurs; (BB) No; (CC) Yes; (S510) Searching paths satisfying QoS which is required by application services; (S520) Selecting a main path and alternative paths; (S530) Determining the priority of the paths; (S540) Storing the main path, alternative paths, and priority in a routing table; (S550) Transmitting packets through the main path; (S560) Deleting the main path from the routing table and modifying a posterior ranking path to the main path","본 발명은 무선 메쉬 네트워크에서의 QoS(Quality of Service) 경로 선택 알고리즘에 관한 것이다. 
본 발명의 일 실시예에 따르면 다중 경로 라우팅 방법이 제공된다. 상기 다중 경로 라우팅 방법은 응용서비스(application)가 요구하는 QoS(Quality of Service)를 만족하는 복수의 경로들을 탐색하는 단계, 상기 복수의 경로들의 신뢰도를 비교하여 주 경로와 적어도 하나 이상의 대체 경로를 선택하는 단계, 상기 신뢰도에 기반하여 상기 복수의 경로들의 우선 순위를 결정하는 단계, 상기 주 경로, 상기 대체 경로 및 상기 우선 순위를 라우팅 테이블에 저장하는 단계 및 상기 주 경로에 단절이 발생하였을 경우 상기 주 경로를 상기 라우팅 테이블에서 삭제하고, 상기 우선 순위에 기반하여 후 순위 경로를 주 경로로 수정하는 단계를 포함한다. 
따라서, 무선 네트워크의 QoS(Quality of Service)를 보장하고, 높은 강건성(robustness)을 지닌 다중 경로 QoS 라우팅을 수행할 수 있다.",H04L45/24;H04W84/18;H04L45/302;H04W40/12;H04W40/24,KOREA ELECTRONICS TELECOMM,20110805,2011,KR,1,False,False,True
47906723,KR-101207374-B1,An automatic alarm apparatus for rainfall or water level with dual communication and a method for the same,통신 이중화가 가능한 자동 우량 또는 수위 경보장치 및 방법,"PURPOSE: An automatic rainfall amount or water level alarm device and method are provided to prepare for the generation outrage of communication by using CDMA(code division multiple access) communications when an error is generated in VHF(very high frequency) communications. CONSTITUTION: An automatic rainfall amount or water level alarm device comprises a rainfall amount station(100), a control station(300), an alarm station(400), and a monitoring station(500). The rainfall amount station observes amount of rainfall and transmits a rainfall value to the control station in the request of the control station. The rainfall amount station transmits an alarm event signal to the control station when the rainfall value is greater than or equal to a set reference value. The control station transmits a rainfall value request signal every constant time and receives the rainfall value or the alarm event signal and transmits an alarm notice signal to the control station. The control station receives the alarm notice signal and outputs an alarm message according to the alarm notice signal. The monitoring station is connected to the control station and monitors the control station and instructs a warning command or an announcement command. [Reference numerals] (100) Rainfall amount station; (200) Water level station; (300) Control station; (400) Alarm station; (500) Monitoring station","본 발명은 통신 이중화가 가능한 자동 우량 또는 수위 경보장치 및 방법에 관한 것으로서, 보다 구체적으로는 강우의 양을 관측하며, 통제국의 요청 시 상기 통제국에 우량값을 전송하고, 우량값이 기 설정 기준값 이상인 경우 상기 통제국에 경보 이벤트 신호를 전송하는 우량국; 상기 우량국에 일정 시간 간격으로 우량값 요청 신호를 송신하며, 상기 우량국으로부터 상기 우량값 또는 상기 경보 이벤트 신호를 수신하고 경보국에 경보발령 신호를 전송하는 통제국; 상기 통제국으로부터 경보발령 신호를 수신하고, 상기 경보발령 신호에 따라 경보 메시지를 출력하는 경보국; 및 상기 통제국과 연결되어 상기 통제국을 모니터링하고, 경보 명령 또는 안내 방송 명령을 지시하는 감시국을 포함하되, 상기 우량국 또는 상기 경보국은, 제1 통신 방법에 의하여 상기 통제국과 통신한 뒤 기설정 시간 내에 상기 통제국으로부터 수신 확인 신호를 수신하지 못할 경우 상기 제1 통신 방법이 실패한 것으로 판단하고, 상기 제1 통신 방법이 기설정 횟수만큼 실패한 경우 제2 통신 방법을 이용하여 상기 통제국과 통신하는 것을 그 구성상의 특징으로 한다. 본 발명에서 제안하고 있는 통신 이중화가 가능한 자동 우량 또는 수위 경보장치 및 방법에 따르면, 우량국과 통제국을 포함하는 각 구성 간의 통신을 이중화하여, 기본적으로는 VHF 통신을 사용하되 VHF 통신에 오류가 발생하면 CDMA 통신을 사용함으로써 통신 장애 발생을 대비할 수 있다. 또한 본 발명에 따른 통신 이중화가 가능한 자동 우량 또는 수위 경보장치 및 방법은, 평시에는 통제국이 일정 시간(1시간) 간격으로 우량국에 우량값을 요청하도록 하고, 우량값이 기준값 이상인 비상 상황일 경우에는 우량국이 자체적으로 통제국에 경보를 송신할 수 있도록 하여 우량국의 전력 사용을 대폭 절감할 수 있다.",G01F23/18;G08C17/02;G08B3/10;G08B25/10,HANSUNG ELECTRONIC IND CO LTD,20110729,2011,KR,1,True,True,True
47994863,JP-2013074410-A,"Ad-hoc network communication terminal, ad-hoc network communication terminal control method, and ad-hoc network communication system",,"PROBLEM TO BE SOLVED: To make it possible to control communication accuracy corresponding to temporal change in the transmission priority of data in an ad-hoc network.SOLUTION: An ad-hoc network communication terminal 100 comprises: a network interface 113 for exchanging a packet with another communication terminal 101; and an arithmetic unit 111 for performing processing of calculating the transmission priority of a packet by applying a lapsed time from packet reception clock time to next packet transmission clock time at the communication terminal to a temporal change function of the transmission priority depending on a packet type indicated by the packet for each packet received from the other communication terminal 101 via the network interface 113, processing of determining earlier transmission order according to height of the calculated transmission priority per packet among packets scheduled to be transmitted, and processing of transmitting each packet scheduled to be transmitted on the basis of the determined transmission order at an arrival of the next packet transmission clock time.",,H04W72/569;H04W84/18;H04W72/56,HITACHI LTD,20110927,2011,JP;WO,2,False,False,True
48667931,WO-2013094001-A1,Transmission control method and nodes,,"Each of a plurality of nodes, which form an ad hoc network, determines whether an identifier, which indicates data having a high priority, has been added to data received from another node. Then, if the identifier has been added to the data, each node determines whether the local node is a device that is to relay the received data to the destination thereof. Thereafter, each node, if having determined that the local node is a device that is to relay the received data to the destination thereof, transmits the received data to the destination thereof. Otherwise, each node does not perform the data transmission to any other node.",,H04W84/18;H04W40/30;H04L45/306;H04L69/22;H04W4/90;H04W28/021;H04B7/15,FUJITSU LTD;AMANO MITSUHARU;KAWATOKO MAKOTO;KUROGI YASUHIRO;OKAMASU TAKAYUKI;NOMURA YAYOI,20111219,2011,US;WO,3,True,False,True
48670066,WO-2013181444-A3,Device-to-device (d2d) cross link power control,,"Device-to-device (D2D) cross link power control systems and methods may be disclosed. For example, a device such as a UE or WTRU may determine whether it may have simultaneous transmissions where at least one of the transmissions may include a cross link transmission. The device may further determine whether a total transmit power of the simultaneous transmissions may exceed a maximum transmit power of the device. If the device may have simultaneous transmissions and such transmissions may exceed the maximum transmit power, the device may reallocate power based on a priority or priority setting. The device may further determine a maximum cross link power, a maximum device power, and a cross link transmit power level such that the device may further control the power for transmissions based thereon.",,H04W92/18;H04W52/242;H04W76/14;H04W52/386;H04W76/15;H04W52/281;H04W52/367;H04W52/383;H04W52/365;H04W88/06;H04W52/346,INTERDIGITAL PATENT HOLDINGS,20120531,2013,CN;EP;WO,4,False,False,True
48914306,EP-2693800-A1,Radio Resource Managment for Dual Priority Access,,"The present invention relates to performing radio resource management tasks in a communication system including at least a base station and a terminal. In order to avoid inconsistencies in executing the radio resource management tasks for the dual-priority devices, which may run a delay-tolerant and a normal application at the same time, when the device priority changes, the change is indicated to the base station either from the terminal or from the core network. The device priority may be indicated as an overall priority per device or as a priority per bearer configured for the device.",,H04W72/52;H04W72/56;H04W28/0289;H04W76/36,PANASONIC CORP,20120803,2012,EP;US,4,True,False,True
49195482,CN-103326942-A,Reliable routing protocol used for vehicle-mounted Ad Hoc network,,"The invention discloses a reliable routing protocol used for a vehicle-mounted Ad Hoc network. According to the reliable routing protocol, in a route discovery phase, a priority node judgment mechanism is introduced through extension of an RREQ message format, so that the forwarding number of an RREQ message is restricted, and flooding broadcast of the RREQ message in the network is prevented. In a route maintenance phase, if a main route loses efficacy, a source node does not need to send a routing request, instead, a backup route is directly utilized for route repair, so that the efficiency of the route repair is improved. By the adoption of the technical scheme of the reliable routing protocol, the delivery rate of data packets can be increased, routing overhead can be lowered, routing repair time after a link is disconnected can be shortened, and the performance of the vehicle-mounted Ad Hoc network is improved.",,,UNIV SOUTH CHINA TECH,20130619,2013,CN,1,False,False,True
49216447,KR-20130091123-A,"Node, method and device for setting routing in wireless mesh network","무선 메쉬 네트워크에서의 노드, 라우팅 설정 방법 및 장치","PURPOSE: A node, a method for setting routing in a wireless mesh network and an apparatus thereof are provided to assure quality of jitter performance which is deemed to be most important in Quality of Service (QoS) of real-time data transmission, by setting routing by considering the jitter characteristics of a packet. CONSTITUTION: A jitter information acquisition unit (401) acquires jitter information of nodes included in multiple paths from a source node to a destination node. A routing setting unit (403) sets routing from the source node to the destination node using the acquired jitter information of the nodes. Each node calculates the jitter information differently according to the priority of the traffic coming into each node. The jitter information is calculated by using at least one of the priority of the traffic, the period of the traffic, the arrival rate of the traffic and the service rate of the traffic. [Reference numerals] (401) Jitter information acquisition unit; (403) Routing setting unit; (411) Jitter dispersion calculation unit; (413) Route selection unit","본 발명에서는 무선 메쉬 네트워크에서의 노드, 라우팅 설정 방법 및 장치가 개시된다. 무선 메쉬 네트워크에서의 라우팅 설정 방법은 소스 노드에서 목적지 노드에 이르는 다중 경로 각각에 포함되는 각 노드들의 지터 정보를 획득하는 단계(a); 및 상기 각 노드들의 지터 정보를 이용하여 상기 소스 노드에서 상기 목적지 노드로의 라우팅을 설정하는 단계(b)를 포함한다. 본 발명에 따르면, 패킷의 지터 특성을 고려하여 라우팅을 설정함으로써 실시간 데이터 전송의 OoS에서 가장 중요하게 여기는 지터 성능의 품질을 보장하는 효과가 있다.",H04W40/12;H04W84/18;H04L45/30;H04L45/24,UNIV YONSEI IACF,20120207,2012,KR,1,False,False,True
49262515,US-8553561-B1,Quality of service for mesh networks,,"Quality of service for mesh networks is described. In embodiment(s), communication data can be prioritized as priority data and/or non-priority data for communication from a source node to a destination node in a mesh network. A first communication route in the mesh network can be determined to communicate the priority data from the source node to the destination node based on a minimum number of intermediate nodes via which the priority data is communicated. Additionally, a second communication route in the mesh network can be determined to communicate the non-priority data from the source node to the destination node based on a highest bit rate to communicate the non-priority data. A time duration to communicate the priority via the first communication route is less than a time duration to communicate the non-priority data via the second communication route.",,H04L45/125;H04L45/122;H04W28/0268;H04W40/02,CHOKSHI RONAK ANJAN;SHUKLA ASHISH KUMAR;BHAGWAT RAJESH SHREERAM;MARVELL INT LTD,20070822,2008,US,2,True,False,True
49583080,CN-104662843-B,System and method for joint channel and route allocation for wireless mesh networks,,"Systems, methods, and apparatus are provided that may use joint channel and route allocation. In some embodiments, a system includes nodes in a network configured to perform distributed joint channel and route allocation of communications by exchanging information with other nodes. The allocation is repeatedly updated based on whether the updating results in an increase in the value of the function related to the throughput of traffic in the network. In some embodiments, the allocation is determined based on a random decision, which is taken if a function using routing and channel information in the allocation is improved. In some embodiments, the assignment is determined based on communication priority, where target nodes with high communication levels are assigned routes and frequency channels with characteristics adapted for interference reduction in the network.",,H04W40/16;H04L45/125;H04W40/00;H04L47/00;H04W84/18,,20120517,2013,CN;US,4,True,False,True
49608032,CN-103415056-B,A kind of mobile ad-hoc network routing method on demand based on link-quality,,"The invention discloses a kind of mobile ad-hoc network routing method on demand based on link-quality, the problem in the most reliable path cannot be found for the mobile ad-hoc network On-demand routing algorithm based on most billet number, by converting radio link quality to route discovery priority, and then convert route discovery time delay to, source node and each intermediate node send route requests message according to time delay to respective neighbor node, node first time forwards when receiving route requests message, the route requests message again received directly is abandoned, to ensure that the path with optimized link state can be chosen as routed path.Adopt routing discovering method of the present invention, optimum route can be found in mobile ad-hoc network.In addition, the present invention also adds the scheme that routing state is safeguarded on route discovery basis, can find that the malfunctioning node in mobile ad-hoc network enters and unstable link, so that the optimum route of real-time update.",,,,20130808,2013,CN,1,True,False,True
49670825,US-2013324070-A1,Airliner-mounted cellular base station,,"An aircraft-mounted base transceiver station (mBTS) for providing intermittent coverage in a cellular radio network. The mBTS utilizes the existing protocol of its terrestrial counterparts, thereby avoiding dual-mode devices and enabling common usage of terminal monitoring and device management systems for devices connected to a single radio access network even when outside terrestrial coverage areas. The aircraft follows a transient flight pattern, providing intermittent flyover connectivity for remote radio device such as machine-type devices. Connectivity may be store and forward. Channel usage may be adjusted to avoid interfering with terrestrial communication cells during flyover. Doppler effects due to aircraft speed may be accounted for. The mBTS may be configured to service in-range radio devices which are outside a Doppler-inhibited region and/or to prioritize communication with devices based on expected time outside the Doppler-inhibited region. An aircraft mounted antenna may have a radiation pattern focused toward devices outside the Doppler-inhibited region.",,H04W4/90;H04B7/18506;H04W84/005,BENNETT STEVEN JOHN;VOS GERALD GUSTAV;SIERRA WIRELESS INC,20120529,2012,EP;US;WO,4,True,False,True
50086215,JP-2014039261-A,Data scheduling method and system in area-limited ad hoc network,,PROBLEM TO BE SOLVED: To provide a data scheduling method and a system in an area-limited ad hoc network.SOLUTION: The method includes: constituting a limited area of an ad hoc network on the basis of an overlapped area of a cover range of a plurality of signal transmitters located in an ad hoc network area; dividing the limited area into a plurality of sub-areas and giving position priority to each of the sub-areas; determining the position priority given to the sub-area as a position priority of a node in the sub-area; calculating data transfer priority for each node from the acquired position priority for each node and other predetermined priorities; and transferring the data among the nodes on the basis of the calculated data transfer priority for each node.,,Y02D30/70,RICOH CO LTD,20120816,2013,JP,1,False,False,True
50190491,US-10034211-B2,Delegated channel switching for mesh-type networks,,"The disclosure describes is a channel switching strategy and corresponding protocol for a mesh network which comprises a segment controller (SC) and a large number of outdoor luminaire controllers (OLCs) or other network nodes. A channel switching process is initiated and managed by the SC which transmits a channel switching command to all nodes in the system. Following the actual channel switch, the SC delegate&#39;s responsibility to request an orphan node to switch to the new channel to a selected delegate node which is a neighbor node of the orphan node. The selection of the delegate node may be based on a prioritization. When an OLC does not receive any messages for a specified, prolonged period of time, it may scan available frequency bands to find the (new) channel in which the networked system operates at that time.",,H04W72/541;H04L12/28;H04W84/18;H04W88/08;H04W24/02;H04W36/0055;H04W36/20;H04W72/082;H05B47/199;H05B47/19;H04W36/0064,PHILIPS LIGHTING HOLDING BV,20130102,2013,US,1,True,False,True
50241511,US-9019824-B2,Prioritized queueing in a mesh network based on age of payload data,,"In one embodiment, a method comprises identifying an age of payload data in a data packet by a wireless network node configured for transmitting the data packet to a multi-hop destination via a wireless mesh network; determining by the wireless network node a schedule for the data packet reaching the multi-hop destination; and the wireless network node prioritizing queuing of the data packet for Collision Sense with Multiple Access and Collision Avoidance (CSMA-CA) based wireless transmission in the wireless mesh network based on the corresponding age, relative to the schedule and respective ages of other data packets awaiting transmission by the wireless network node to the destination, where a higher-aged data packet relative to the schedule is granted a higher priority than a lower-aged data packet relative to the schedule.",,H04W84/18;H04W72/569;H04W72/1221;H04W72/1242,CISCO TECH INC,20130215,2013,CN;EP;US;WO,8,True,False,True
50338790,US-8873518-B2,System and method for broadcasting messages to nodes within a wireless mesh network,,"A node within a wireless mesh network is configured to forward a high-priority message to adjacent nodes in the wireless mesh network by either (i) transmitting the message during successive timeslots to the largest subset of nodes capable of receiving transmissions during each timeslot, or (ii) transmitting the message on each different channel during the timeslot when the largest subset of nodes are capable of receiving transmissions on each of those channels.",,H04W72/04;H04W84/18;H04W40/02,SILVER SPRING NETWORKS INC,20120924,2012,US,4,True,False,True
50396831,JP-2020109990-A,Scheduling request procedure in D2D communication,,"To develop a method and a system that allow D2D communication to be incorporated into an LTE system such that a required change to the current system is as small as possible.SOLUTION: A terminal device includes a transmission unit that transmits, on an uplink shared channel resource assigned to a communication device, a direct link buffer status report which is a message for providing a base station device with information on the amount of D2D data to be transmitted from the communication device to a receiving side terminal of D2D communication, and a reception unit that receives a D2D grant to schedule D2D resources for the D2D communication. The direct link buffer status report has a lower priority than uplink buffer status report and higher priority than data from a logical channel.SELECTED DRAWING: Figure 12",,H04W72/21;H04W72/543;H04W76/14,SUN PATENT TRUST,20140321,2020,JP,1,False,False,True
50504503,CN-103747530-A,Wireless Mesh network channel allocation system and wireless Mesh network channel allocation method under partially overlapped channels,,"The invention relates to a wireless Mesh network channel allocation system and a wireless Mesh network channel allocation method under partially overlapped channels. The system comprises a neighbor-interface binding module, a channel allocation order determination module and a greedy channel allocation module; the neighbor-interface binding module determines neighbor-interface binding relations according to the adjacent relations between nodes of a physical topology, and links which share the same interface serve as a whole and share the same channel when channels are allocated; the Rank descending order is used by the channel allocation order determination module, and the channel allocation order of each link is determined according to the principle that the link with the greatest Rank value is given priority in channel allocation; in order to minimize total interference in a network, the greedy channel allocation module uses the greedy algorithm to allocate channels to all the links in the network. The invention can effectively decrease the probability of network jamming, reduce interference in the network, increase the parallel transmission count in the network and increase the network capacity.",,,UNIV JILIN,20140106,2014,CN,2,True,False,True
50572849,CN-103781148-B,Stable cluster method for routing based on link-aware in vehicular ad hoc network,,"The present invention proposes stable cluster method for routing based on link-aware in a kind of vehicular ad hoc network, belongs to vehicular ad hoc network technical field.The method utilizes node similarity S in Affinity Propagation clustering method, internodal cohesion IN and Connected degree D to calculate node priority, and the node of priority maximum becomes a bunch head；After cluster, disconnect information according to the method for node link perception to crossing trigger link；Junction node calculates connected probability again according to the break-make in section in nearest k the cycle of record, and junction node utilizes again connected probability and greedy method choice optimal candidate bunch, and arrives the gateway node of optimal candidate bunch according to greedy method choice.Method shown in the present invention significantly improves the delivery ratio of packet, reduces the time delay needed for packet transmission, adds the stability of bunch head, decrease a bunch head number, reduces jumping figure and the average delay of data transmission, greatly reduces routing cost.",,,,20140225,2014,CN,1,True,False,True
50630629,EP-2940672-A1,Vehicular safety system,,"A vehicular safety system employing an adaptive epidemic information dissemination protocol running on a wireless ad-hoc network composed by neighbouring vehicles (305, 306) and roadside stations (301). The protocol is based on collaborative storage and retransmission of messages by on-board units in vehicles; both storage time and retransmission period are adaptively adjusted in order to make information spread through the network reasonably certain. An on-board system (120) of each vehicle monitors amongst other parameters a vehicle&#39;s speed and acceleration in order to detect collisions or any other situation that might endanger road users or compromise the safety of driver and passengers; when such an event is detected a short time-stamped message that optionally identifies the vehicle and that contains its approximate location and the type of event is transmitted. A panic button is included to trigger an emergency message in case of situations that represent an immediate threat to the physical integrity of driver and passengers. Roadside stations (301) add their location to the messages they relay, making satellite or map-based positioning technologies unnecessary; they also receive messages transmitted from passing vehicles (305, 306), relaying them to law-enforcement agencies. Roadside stations (301) can also broadcast messages aimed at locating and safely disabling stolen vehicles.",,G08G1/096791;G08G1/163;G08G1/0967;G08G1/096716;G08B25/009;G08B25/007;G08B25/016,FUJITSU LTD,20140429,2014,EP;US,3,True,False,True
50709005,CN-103812785-A,Space ad hoc network flow control method and system for power emergency communication system,,"The invention provides a space ad hoc network flow control method and a space ad hoc network flow control system for a power emergency communication system. The space ad hoc network flow control method comprises the steps that, a service source node allocates DSCP (Differentiated Service Code Point) corresponding to service flows according to the priority of the service flows, and then a middle node performs interrupt processing according to the transmitting behavior corresponding to the DSCP; thereby, the scheduling of resources of the network and effective bandwidth allocation are achieved, and the operating quality of the network is improved; the method is not limited by space, and can be flexibly applied to network structures of ground-ground, space-space, space-ground and other ad hoc networks in the air-ground-space integrated network.",,,STATE GRID CORP CHINA;INFORMATION COMM BRANCH OF STATE GRID CHONGQING ELECTRIC POWER COMPANY,20131210,2013,CN,1,False,True,False
50709486,CN-103813407-A,Ad hoc network routing recovery method and system,,"The invention discloses an ad hoc network routing recovery method and system. Information of a beacon message transmitted by a transmitting node is acquired, a routing table recording a plurality of pieces of path information capable of reaching a destination end is generated according to the information of the beacon message, and a node replacing a next-hop node is selected for forwarding according to the routing table when the next-hop node is not positioned in a forward zone of a current node. The path information capable of reaching the destination end is recorded in the generated routing table, the system can directly select a neighbor node of the current node with high priority level as the next-hop node according to the routing table when routing collapse is caused by removal of a relay node in a next-hop zone, a FERROR message does not need to be transmitted to a previous-hop node for recalculating and selecting the next-hop node, the expenditure of a routing algorithm is effectively reduced, network load is reduced, and network performances are improved.",,,CHINA ELECTRONICS TECHNOLOGY GROUP CORP NO 7 RES INST,20131216,2013,CN,2,True,False,True
50828316,WO-2014084848-A1,Dynamic access class assignment and secondary public safety users offload in public safety network,,"Systems, methods, apparatuses, and computer program products for dynamic access class provisioning of devices and secondary public safety user offload are provided. One method includes receiving a trigger request and the IMSI of a UE that requires a higher priority AC from a PS application server. The trigger request may include an indication to update the AC of the UE to the higher priority AC. The method may then include initiating a MT-SMS with priority that is sent to the UE via serving nodes.",,H04W48/08;H04W4/50;H04W8/18;H04W4/90;H04W60/04;H04W60/001,NOKIA SIEMENTS NETWORKS OY;WONG CURT;CHANDRAMOULI DEVAKI,20121130,2012,WO,2,False,True,True
50912098,CN-103874049-A,Method and device for triggering BSR,,"The embodiment of the invention discloses a method and device for triggering BSR and relates to the field of wireless communication. The method and device for triggering BSR are used for solving the problem that no D2D Padding BSR triggering mechanism exists in the prior art. According to the method and device for triggering BSR, when organizing D2N MAC PDU, a terminal determines the size of a Padding resource; according to the size of the Padding resource and the priority of D2D Padding BSR MAC CE, whether D2D Padding BSR is triggered or not is judged, and then the D2D Padding BSR triggering mechanism is achieved.",,H04W72/21;H04W72/20;H04W88/02;H04W28/0278;H04W76/14;H04W24/10;H04W28/06;H04W72/569,CHINA ACADEMY OF TELECOMM TECH,20140331,2014,CN;EP;US;WO,6,True,False,True
50976676,US-2015189649-A1,Method for Transmission of Messages Having Different Priority Levels Between Transmitter-Receiver Nodes of an Ad Hoc Network,,"The message transmission method for transmitting messages in an ad hoc network comprises at least two transmitter-receiver nodes that are capable of receiving and transmitting messages. The nodes communicate with each other through the despatch of messages within random access time slots organised in frames. The nodes of the network are distributed into groups in accordance with a basic distribution rule. The nodes in each group have the right to send messages in one time slot per frame of a predefined subset of frames specific to the group in accordance with the basic distribution rule. 
     The messages include at least messages having a low priority level and messages having a high priority level. Each of the nodes transmits the low priority level messages only in one time slot per frame of the predefined subset of frames specific to its own group. Each of the nodes transmits the high priority level messages in one time slot (c 1 ) per frame of the predefined subset of frames specific to its own group (T 2 ) and in at least one other time slot (c 2 , c 3 ). The node transmits any message having a high priority level a greater number of times than any message having a low priority level.",,H04W72/566;H04W72/56;H04W72/10;H04W72/0446;H04W74/0833;H04W84/18;H04L1/00,THALES SA,20131231,2014,EP;US,4,True,False,True
51041637,CN-103916215-B,The implementation method of real-time mobile Ad hoc networks based on token passing mechanism,,"The invention discloses a kind of implementation method of the real-time mobile Ad hoc networks based on token passing mechanism, it comprises the following steps：Step one：Whom priority arbitration stage, all nodes will count in them and hold limit priority message；Token is transmitted in a network, and will reach all nodes, and token holds limit priority message in network；Step 2：In the authorized transmissions stage, calculated in last node in priority arbitration stage by link-quality matrix and reach the shortest path for holding limit priority information node, and it is licensed to by the transmission of this path；Step 3：In the message transmission stage, the message transmission stage, the node for holding limit priority message have received mandate according to the authorized transmissions stage, and it, which is aware of, oneself holds limit priority message, initializes the frame in the stage, and message is sent to destination node.This invention ensures that data reach destination node in real time, so that there is provided preferable data transfer real-time ability.",,,,20140314,2014,CN,2,True,False,True
51229046,US-8797160-B1,Apparatus for tamper proof security mechanism and tamper evident indicator,,"A system, apparatus, and method for a high degree of container security using tamper evident indicator is provided. According to one embodiment, the tamper evident indicator may be a visible alarm, an audible alarm, or their combinations. Further, the tamper evident indicator may be incorporated into a smart container monitoring system. More specifically, the tamper evident indicator may be linked to a mesh network, thus a primary container in a set of linked containers may alert inspectors to other containers that have been tampered.",,G06Q10/083;B65D90/22;B65D90/008;G08B13/08;G08B25/009;B65D2211/00,MEYERS RICHARD C;GLOBALTRAK LLC,20110106,2012,US,1,True,False,True
51297379,US-2014226532-A1,Method and apparatus for enhanced navigation in a dispatch communication system,,A method and apparatus provide enhanced navigational alerts for a vehicular two-way radio operating in a dispatch communication system. The integration and prioritization of navigational alerts with dispatch voice communication ensures that navigational alerts do not compromise mission critical voice communications. Navigational alerts in the form of navigational voice instructions and navigational tones are selectively prioritized based on predetermined parameters associated with the dispatch call.,,H04L65/403;H04W4/90;H04M3/561;H04M3/567;H04W4/22,MOTOROLA SOLUTIONS INC,20130212,2013,US,2,True,False,True
51370408,CN-104009913-A,Broadcasting method based on distance and energy balance in mobile Ad Hoc network,,"The invention discloses a broadcasting method based on distance and energy balance in a mobile Ad Hoc network. A node obtains information of neighbor nodes according to groupings received from the neighbor nodes, determines the distance between itself and the neighbor nodes, and builds or updates a neighbor information table; forwarding priorities are determined according to the distance between the node and the neighbor nodes and the residual energy of the node, the node carries out time-sharing forwarding according to the forwarding priorities, and channel competition and grouping collision are reduced. A lost packet retransmission mechanism is included in the method, whether broadcasting groupings are sent successfully or not is judged according to the fact whether the same broadcasting grouping forwarded by the neighbor nodes is received or not, and the broadcasting reliability is further improved. The method can well restrain the broadcasting storm, and the broadcasting reliability is improved; meanwhile, the time delay is small, and the requirement of QoS application can be better met; the method can further balance the energy consumption of the nodes in the network better, and the service life of the network is prolonged.",,,UNIV ZHEJIANG GONGSHANG,20140410,2014,CN,2,True,False,True
51391685,EP-3291588-A1,Network assisted device to device discovery,,"Methods, systems, and devices for network selection and traffic routing are disclosed herein. User equipment (UE) is configured to store an access network selection and detection function (ANDSF) management object (MO). The ANDSF MO may include network selection rules indicating relative priority based on a specific radio access technology (RAT) types of different access networks. The UE is configured to identify one or more available access networks. The UE is configured to establish a connection with an access network of the one or more available access networks. The UE establishes the connection with an access network having a RAT with a highest relative priority of the one or more available access networks based on the network selection rules.",,H04W72/30;H04W72/21;H04W72/23;H04W40/02;H04L61/2539;H04W74/04;H04L61/2514;H04L27/2614;H04W76/28;H04W48/14;H04W76/14;H04W88/06;H04L61/2575;H04W4/70;H04L12/4633;H04W74/002;H04W84/12;H04L61/2564;H04L47/11;H04W28/12;H04W4/80;H04W24/06;H04W48/08;H04W72/02;H04W48/16;H04W76/27;H04W52/0216;H04W52/028;H04W28/02;H04W74/02;H04W24/02;H04W48/18;H04L45/30;H04W74/08;H04L61/2525;H04W76/23;H04L47/12;H04W40/244;H04W36/0088;H04L61/2592;H04W72/0446;H04W8/005;H04W92/18;H04W72/25;H04W72/0453;H04W36/087;Y02D30/70;H04L2101/677,INTEL IP CORP,20130222,2013,EP,1,False,False,True
51429354,WO-2016024890-A1,Pre-emption and resource allocation prioritization for d2d communications,,"A network node assigns resources for use in wireless communication based on priority. The network node receives, from a wireless communication device, a service request message that requests connection of a communication session. The network node determines a priority level for the requested communication session. The priority level comprises a cellular layer admission priority of whether the network node can preempt cellular resources of an existing communication session in order to admit the requested communication session on the cellular layer, and a device-to-device (D2D) layer admission priority of whether the network node can preempt D2D resources of an existing communication session in order to admit the requested communication session on the D2D layer. The network node assigns resources based at least in part on the priority level. The resources are used for D2D communication or cellular communication.",,H04W72/56;H04W72/51;H04W28/16;H04L47/824;H04L47/805;H04L47/745;H04L47/245;H04W76/36;H04W76/14;H04W88/10;H04W28/0215,ERICSSON TELEFON AB L M,20140811,2014,US;WO,3,True,False,True
51492479,US-2015072716-A1,Method of and system for controlling communications over a public safety network,,"A public safety (PS) device has a channel operating configuration during communications over a PS network. A key term associated with a PS incident is registered on the PS network. The PS network identifies any communication on the PS network that refers to the registered key term, modifies the channel operating configuration in response to such identification, and alerts a PS person operating the PS device to an identified communication by transmitting the identified communication to the PS person via the modified channel operating configuration.",,H04W4/90;H04M2242/04;H04W76/50;H04M3/2281;H04W84/08;H04W4/22,MOTOROLA SOLUTIONS INC,20130911,2013,US;WO,2,False,True,True
51621331,CN-105075370-A,User equipment and method for distributed channel access for D2D communications,,"The invention relates to a user equipment and method for distributed channel access for D2D communications. Embodiments of a system and method for distributed channel access for device-to-device (D2D) communication in a wireless network are generally described herein. User equipment (UE) may transmit a connection identifier (CID) code at a beginning of a contention window to request channel access for a D2D transmission to a receiving device. Links for D2D transmissions from a transmitting device to a receiving device are identified by a CID that is mapped to a CID code. The UE may receive a bandwidth grant from the receiving device during the contention window, along with bandwidth grants for other CIDs, in an order based on a priority level of the CI D. The UE may transmit data after reception of the bandwidth grants in time-frequency resources indicated in an associated one of the bandwidth grants. In some embodiments, spatial-reuse and variable resource size allocation are supported.",,H04L5/0007;H04N21/8456;H04W36/0072;H04N21/8543;H04L2025/03426;H04W48/12;H04W36/0022;H04L5/0051;H04B7/063;H04L65/80;H04B7/0695;H04W48/18;H04W56/001;H04W36/0011;H04W36/26;H04L5/0085;H04L1/1864;H04W36/08;H04W36/125;H04N21/2402;H04W28/02;H04W4/021;H04L5/0057;H04L47/803;H04B7/0617;H04B7/088;H04L65/752;H04L65/756;H04L47/83;H04L65/764;H04L65/613;H04L65/762;H04L65/70;H04L5/0053;H04L5/0055;H04L5/1469;Y02D30/70;H04W24/10;H04W24/04;H04W36/22;H04W74/08;H04W76/14;H04W76/11;H04W72/56;H04B7/0452;H04W76/15;H04M1/72457;H04L65/75;H04L65/65;H04W72/541;H04W28/082;H04B1/56;H04B7/0417;H04B7/0619;H04L5/0048;H04L25/0204;H04L25/03305;H04W8/02;H04W8/06;H04W8/082;H04W24/00;H04W24/02;H04W28/0226;H04W28/0289;H04W28/20;H04W48/06;H04W48/16;H04W72/0446;H04W72/046;H04W84/042;H04W84/045;H04W84/12;H04W88/02;H04W88/08;H04W88/10,INTEL IP CORP,20130329,2013,CN;US;WO,5,True,False,True
51690440,CN-105556998-A,MAC subheader for D2D broadcast communication for public safety,"공중 안전 어플리케이션들의 컨텍스트에서 디바이스-투-디바이스, ｄ２ｄ 통신을 위한 ｌｔｅ ｍａｃ 서브헤더","Methods, apparatuses, and computer program products for wireless communication are provided. The apparatus configures at least a non-access stratum (NAS) protocol layer or a Radio Resource Control (RRC) protocol layer to enable device-to-device (D2D) communication with at least a second apparatus and to communicate with at least the second apparatus when the apparatus is out of network coverage. The medium access control field provides group number information indicating the number of group IDs included in the MAC subheader, to which the UE belongs. Also, the additional field indicates a time interval when the lower priority session should not start.","무선 통신을 위한 방법, 장치 및 컴퓨터 프로그램 제품이 제공된다.     장치는, 장치가 네트워크 커버리지 외에 있을 때 적어도 제 2 장치와의 디바이스-투-디바이스 (D2D) 통신을 가능하게 하기 위해 적어도 비액세스 계층 (NAS) 프로토콜 계층 또는 무선 리소스 제어 (RRC) 프로토콜 계층을 구성하고, 제 2 장치와 통신한다.     매체 액세스 제어 필드들은, UE 가 속하는 MAC 서브헤더에 포함된 그룹 ID들의 넘버를 표시하는 그룹 넘버 정보를 제공한다.     또한, 부가적인 필드는 하위 우선순위 세션이 시작하지 않아야 하는 시간 간격을 표시한다.",H04W72/30;H04W88/04;H04W72/00;H04W76/40;H04W92/18;H04W4/08;H04W4/06;H04W28/06;H04W76/14,QUALCOMM INC,20130920,2014,CN;KR;WO,5,True,True,True
51788911,US-2016037547-A1,"Systems, methods, and devices for distributed scheduling for device-to-device interference mitigation",,"Systems, methods, and devices for device-to-device (D2D) distributed scheduling are disclosed herein. User equipment (UE) is configured to measure a received power level for a reference signal received from a target UE and measure received power levels for reference signals received from one or more non-target UEs. The UE is configured to generate a resource usage map for the target UE and the one or more non-target UEs. The UE is configured to determine a priority, with respect to the target UE, for each resource element group based on the resource usage map and an anticipated signal-to-interference ratio (SIR). The UE is configured to transmit data to the target UE during one or more resource element groups with the highest priorities for the target UE.",,H04W72/542;H04W72/20;H04W72/52;H04W72/21;H04W72/23;H04J11/00;H04W52/0212;H04J11/005;H04W52/325;H04W4/70;H04W76/18;H04W76/28;H04W48/18;H04W60/00;H04N21/4728;H04N7/147;H04J11/0023;H04W52/146;H04W36/0066;H04W52/242;H04L1/1671;H04W52/08;H04L5/0044;H04L67/02;H04W48/06;H04W76/14;H04W88/02;H04L5/0073;H04N21/6437;H04L43/16;H04N21/4788;H04W72/0446;H04N7/15;H04L5/0007;H04L5/0055;H04W76/38;H04W24/06;H04W8/005;H04L5/005;H04W52/0216;H04W88/06;H04N7/141;H04W8/22;H04W28/0236;H04L5/0032;H04W76/27;H04W72/044;H04W72/04;H04L67/10;H04L5/0033;H04L12/1407;H04L65/1073;H04W52/32;H04L1/1861;H04L65/1069;H04W68/00;H04W72/0453;H04L1/1812;Y02D30/70;H04W68/02;H04L65/403;H04L65/80;H04W76/023;H04W72/1231;H04L65/1016;H04L65/1104;H04L65/65;H04L65/762;H04L65/1045;H04W36/0064;H04W36/035;H04W16/14;H04W36/1443;H04W36/0058;H04W36/0009;H04W76/36,YANG RONGZHEN;YIN HUJUN;NIU HUANING,20130426,2014,CN;EP;US;WO,6,True,False,True
51806994,CN-104134332-A,Distribution-area integrated-reading-system dynamic ad hoc network method based on wireless sensor network technology,,"The invention relates to a distribution-area integrated-reading-system dynamic ad hoc network method based on a wireless sensor network technology, and compared with the prior art, the disadvantage that a conventional wireless-sensor-network ad hoc network method is not applicable to large-scale network is solved. The method comprises preprocessing regard information, powering on wireless sensor nodes, setting an information-sending time interval T according to network situation, and establishing self regard information of each wireless sensor node; performing update processing on the regard information, sending the regard information by each wireless sensor node, and updating the regard information of the node by a neighbor node according to received regard information; establishing a communication network according to the updated regard information; and performing optimization selection on a network path, utilizing the received regard information to judge the data transmission priority of a friendly node, and selecting an optimum path from multiple pieces of routing information to send data. The method only needs to update the friendly node routing information of each wireless sensor node, so that the hold-up time of a same regional channel is reduced.",,,STATE GRID CORP CHINA;STATE GRID ANHUI LU AN CITY RURAL POWER CO LTD;LIUAN POWER SUPPLY CO OF STATE GRID ANHUI ELECTRIC POWER CO,20140731,2014,CN,1,False,False,True
51867628,US-10091709-B2,Prioritized synchronization signals and mechanism for distributed device-to-device systems,,"Embodiments described herein relate generally to a user equipment (“UE”) that is to transmit and receive signals associated with synchronization. The UE may be receive signals associated with synchronization from a plurality of synchronization sources, such as an evolved Node B (“eNB”), a global navigation satellite system (“GNSS”), or another UE. The UE may synchronize to a signal received from a synchronization source based on a priority associated with that synchronization source and/or signal. However, if the UE does not receive any signals associated with synchronization, the UE may generate and transmit a signal that indicates a request for synchronization.",,H04W48/14;H04W8/005;H04W4/025;H04W56/001;H04W8/02;H04W4/90;H04W48/18;H04W84/18;H04W84/045;H04W64/00;H04W48/20;H04W48/16;H04W36/245;H04W36/008375,INTEL IP CORP,20130506,2013,EP;US;WO,6,True,False,True
51900456,CN-106922221-A,"Frame structure, apparatus for receiving communication signals, apparatus for transmitting communication signals, and method for receiving or transmitting communication signals",,"A frame structure (100) for network communication with high priority and low priority data, in particular for device-to-device network communication, wherein the frame structure comprises a control channel (101) associated with a first communication resource, a high priority data channel (103) associated with a second communication resource, a low priority data channel (105) associated with a third communication resource; wherein the control channel (101) comprises a high priority data channel control part (107) configured to communicate control data relating to the high priority data channel, and a low priority data channel control part (109) configured to communicate control data relating to a low priority data channel.",,H04W92/18;H04W84/18;H04W56/001;H04W72/569;H04W72/56;H04W72/542;H04W72/20,HUAWEI TECH CO LTD,20141117,2014,CN;EP;US;WO,6,True,False,True
51998781,KR-101454795-B1,Early warning method and system for landslide and rock fail using wireless mesh network and location tracking,무선 메쉬 네트워크와 위치추적을 이용한 산사태 및 낙석 조기 경보 방법 및 시스템,"The present invention relates to an early warning method and system for landslide and rock fail using a wireless mesh network and location tracking. The early warning method and system for landslide and rock fail using a wireless mesh network and location tracking according to one embodiment of the present invention includes: a first step of performing location analysis by using a real time location system access point (RAP) for location tracking according to a predetermined period; a second step of detecting the location displacement of each tag; and a third step of checking the location of landslide and rock fail through the location of the detected tag. More particularly, in an aspect of the present invention, the early warning method and system for landslide and rock fail using a wireless mesh network and location tracking can include other embodiments.","본 발명은 무선 메쉬 네트워크와 위치추적을 이용한 산사태 및 낙석 조기 경보 방법 및 시스템에 관한 것이다. 본 발명의 제 1 측면은, 위치추적용 억세스포인트(RAP)가 무선 메쉬 네트워크를 통해 선형 부재(Lm)로 연결된 제 1 태그 내지 제 n 태그(n은 2 이상의 자연수)의 위치 분석을 미리 설정된 주기 마다 수행하는 제 1 단계; 상기 위치추적용 억세스포인트가 산사태 또는 낙석에 의한 각 태그의 위치 변위 감지를 수행하는 제 2 단계; 및 적어도 하나 이상의 태그에 대한 위치 변위가 감지되는 경우, 상기 위치추적용 억세스포인트가 위치 변화가 감지된 태그의 위치를 통해 낙석 및 산사태 위치 파악을 수행하는 제 3 단계; 를 포함하는 무선 메쉬 네트워크와 위치추적을 이용한 산사태 및 낙석 조기 경보 방법을 제공한다.  
본 발명의 제 2 측면은 무선 메쉬 네트워크를 통해 선형 부재(Lm)로 연결되며 각각이 충전 배터리로 동작하는 제 1 태그 내지 제 n 태그(n은 2 이상의 자연수); 및 상기 각 태그의 위치 분석을 미리 설정된 주기 마다 수행한 뒤, 산사태 또는 낙석에 의한 각 태그의 위치 변위가 감지되면, 위치 변화가 감지된 태그의 위치를 통해 낙석 및 산사태 위치 파악을 수행하는 위치추적용 억세스포인트(Real time location system Access Point:RAP); 를 포함하는 무선 메쉬 네트워크와 위치추적을 이용한 산사태 및 낙석 조기 경보 시스템을 제공한다.  
이에 의해, 낮은 단가로 형성가능한 태그와 위치추적용 억세스포인트(RAP) 간의 통신과 선형 부재(Lm)를 활용해 태그의 위치 정보 획득하여 낙석 및 산사태의 위치 파악이 신속하게 가능한 효과를 제공한다.",G08B3/10;G08B25/10;G08B5/22;G08B21/10;G08C17/02;G01V1/00;H04N7/18,DONGSEO TECHNOLOGY HEADQUTERS,20130722,2013,KR,1,True,True,True
52100699,CN-104219632-A,Cellphone ad-Hoc network location information collecting method for emergency rescue,,"The invention provides a cellphone ad-Hoc network location information collecting method for emergency rescue. By taking the advantages of non-mobility and low energy consumption of cellphones of people to be rescued and combining hierarchical network routing and left power of the cellphones, location information of the cellphones of the rescued people is collected into ad-Hoc network cellphones by the aid of the ad-Hoc network. Message formats are simplified, and times of message transmission of the cellphones in the network is controlled, so that average routing hops and total whole-network message transmission energy consumption are low, message transmission load of low-power cellphones is alleviated, and arrival success rate of messages is increased. Compared with a conventional routing algorithm, the cellphone ad-Hoc network location information collecting method has the advantages that routing maintenance energy consumption and average hops are remarkably improved; destination addresses are selected according to the routing hops and partition priority of power, energy consumption load during message transfer of the low-power cellphones is decreased, and message collection success rate is increased.",,Y02D30/70,UNIV NANJING POSTS & TELECOMM,20140505,2014,CN,1,False,True,True
52258785,CN-104284436-B,"Determine method, base station and the UE of UE communication pattern",,"The embodiment of the invention discloses method, base station and the UE for determining UE communication pattern, this method includes：Base station receives the communications priority level that D2DUE is reported；Compare the communications priority level and the priority threshold value pre-set；When the communications priority level is higher than the priority threshold value, proprietary communication pattern is selected for D2D UE, when the communications priority level is not higher than the priority threshold value, cellular communication modes or multiplexed communications pattern are selected for the D2D UE.Using the embodiment of the present invention, base station need not carry out substantial amounts of data rate calculation, but the priority level reported according to D2D UE quickly selects communication pattern for D2DUE, so as to alleviate the burden of base station；Especially for the D2D UE for having emergency communication requirement, proprietary communication pattern can be selected for it according to the higher priority that the D2D UE are reported, so as to ensure the communication quality of the D2D UE.",,H04W24/02;H04W72/56,,20130704,2013,CN,2,True,True,False
52290606,KR-101461643-B1,frame structure of multiple access ship Ad-hoc network suporting real time and non-real time service and communication method using the same,다중 홉 선박 무선 통신망에서 실시간 및 비실시간 서비스를 통합적으로 지원하는 프레임 구조 및 이를 이용한 자원 분배 통신방법,"The present invention relates to a frame structure of a MAC protocol in a multi-hop vessel communications network supporting vessel-to-vessel ad hoc communications. The frame structure is equipped with: real-time reservation slots that are assigned to be used for performing real-time ad hoc communications; and non-real-time reservation slots that are assigned to be used for performing non-real-time ad hoc communications. A frame is made up of multiple subframes, and the subframe is made up of real-time reservation slots and non-real-time reservations slots. The present invention provides a frame structure that assigns resource priority to a real-time usage node in order to reduce end-to-end delay time and achieve a desired transmission rate, thereby improving service quality of the real-time usage node. In addition, the present invention allocates resources adaptively by reflecting the distribution of real-time and non-real-time usage nodes, thereby providing an efficient integrated service.","본 발명은 선박 상호간의 애드혹(Ad-hoc) 통신을 지원하는 다중 홉 선박 통신망의 MAC 프로토콜의 프레임 구조에 관한 것으로서, 실시간으로 에드혹 통신을 수행하는데 사용할 수 있도록 할당된 실시간 예약슬롯들과, 비실시간으로 에드혹 통신을 수행하는데 사용할 수 있도록 할당된 비실시간 예약슬롯들을 구비하고, 프레임은 다수의 서브 프레임으로 이루어지고, 서브프레임은 실시간 예약슬롯들과 비실시간 예약슬롯들로 이루어져 있다. 본 발명에 따르면, 실시간 사용 노드에게 종단간 지연시간을 단축시키고 원하는 전송률을 전송하도록 자원의 우선권을 부여하는 프레임 구조를 제공함으로써 실시간 사용 노드의 서비스 품질 개선이 이루어 질 수 있으며, 실시간 및 비실시간 사용 노드들의 분포를 반영하여 적응적으로 자원을 할당함으로써 효율적인 통합 서비스를 제공할 수 있다.",H04W84/18;H04W72/0446,KOREA INST OCEAN SCI & TECH;UNIV HOSEO ACAD COOP FOUND,20130614,2013,KR,1,True,False,True
52321452,CN-104301933-A,Method for calculating bandwidth and distributing bandwidth in wireless ad hoc network,,"The invention discloses a method for calculating the bandwidth and distributing the bandwidth in a wireless ad hoc network. The method includes the TDMA-based bandwidth calculation method in the wireless ad hoc network and the bandwidth distribution scheme based on the service priority, wherein the TDMA-based bandwidth calculation method in the wireless ad hoc network includes the bandwidth calculation method under the condition of not considering a hidden terminal and the bandwidth calculation method under the condition of considering the hidden terminal. The available bandwidth information between any two nodes is obtained, and a source node can select the routing, meeting the bandwidth requirement, to the target node and can be used for deciding whether to allow new connection to be accepted or not. According to the self-adaption bandwidth distribution mechanism based on the service priority, the emergency degrees of service requirements of different services are taken into consideration, application is flexible, implementation is easy, and the method is feasible.",,H04W28/14;H04W84/18;H04W28/26;H04W28/20;H04W72/569,UNIV PLA SCIENCE & TECHNOLOGY,20141017,2014,CN,1,False,False,True
52461642,EP-3028492-A1,Method and apparatus for selecting proximity services group in wireless communication system,,"A method and apparatus for selecting a device-to-device (D2D) group in a wireless communication system is provided. A user equipment (UE) detects at least two D2D groups, and if the UE has no capability for supporting the at least two D2D groups, the UE selects one D2D group among the at least two D2D groups based on at least one of measurement results from the at least two D2D groups or group priority of each of the at least two D2D groups.",,H04W56/0015;H04W76/30;H04W76/20;H04W72/0446;H04W36/06;H04W84/20;H04W4/80;H04L67/1051;H04W84/18;H04W76/14;H04W4/70;H04W4/06;H04W4/08;H04W76/23;H04W8/005;H04W48/16;H04W8/186;H04W88/06;H04B17/347;H04W36/304,LG ELECTRONICS INC,20130804,2014,CN;EP;US;WO,5,True,False,True
52465361,US-9843989-B2,Uniform UE initialization procedure for both in-coverage and out-of-coverage D2D communications,,"Methods, apparatuses, and computer program products for providing uniform user equipment initialization procedure for both in-coverage and out-of-coverage device-to device communications are disclosed herein, incorporating a novel tri-timer design: an initial timer, a search timer, and an active timer. In a method a determination is made regarding a user equipment as being a clusterhead candidate which can act as a clusterhead of a cluster. The user equipment searches for a suitable cell or cluster to join. If a suitable cell or a cluster is not found, the user equipment is selected to be a clusterhead which will act as the clusterhead of its own cluster. After selecting the user equipment to be a clusterhead and establishing its cluster, the user equipment transmits a discovery signal which alerting other user equipment to the clusterhead, to which the other user equipment can join. The user equipment as clusterhead then maintains the cluster.",,H04W84/18;H04W48/16;H04W76/027;H04W76/18,NOKIA SOLUTIONS & NETWORKS OY,20140210,2014,US;WO,3,True,False,True
52684036,EP-2919524-A1,Method and apparatus for implementing a device-to-device (d2d) service in a wireless communication system,,"A method and apparatus of for implementing a D2D service are disclosed. The method includes the UE receiving an indication to prohibit a transmission of a RRC (Radio Resource Control) connection request message for requesting a D2D dedicated resource for transmission. The method further includes the UE deciding whether to prohibit the transmission of the RRC connection request message at least based on the indication. 
     The indication to barr RRC connection requests may differentiate on requests to transmit mobile originated signaling, delay tolerant access and may be included in a system information. The indication may be sent to the UE from the network (preferrably from an eNB) in order to prevent the repeated attempts from the UE to get dedicated resources when the cell is congested. In this way the signalling overhead and UE power consumption is reduced, and moreover, access with high priority can be served properly. In case of barring of requesting dedicated resources, the UE may use D2D contention-based resources. Furthermore, the UE may ignore the prohibition if the transmission is for the purpose of public safety.",,H04W48/06;H04W76/14;H04W76/27;H04W8/005;Y02D30/70,INNOVATIVE SONIC CORP,20140311,2015,EP,1,False,True,False
52741824,US-9565540-B2,Method and apparatus for handling a missed group call in a public safety communication session,,"A communication system is provided that alerts a public safety officer to missed Push-to-Talk (PTT) group calls. The communication system allows a public safety officer&#39;s radio to record a last stop working time. A public safety network then can search a missed call list associated with the public safety officer and automatically push a notification of missed PTT group calls to the public safety officer&#39;s radio when the radio re-joins the public safety network. Based on the notification, the public safety officer can choose to review or replay any missed calls to avoid missing important information.",,H04W4/16;H04W4/12;H04W4/10,MOTOROLA SOLUTIONS INC;MOTOROLA SOLUTIONS INC,20130927,2013,US;WO,3,True,True,False
52743399,JP-2017184277-A,User terminal and processor,,"PROBLEM TO BE SOLVED: To provide a communication control method and a user terminal that can appropriately control D2D communication even in an environment in which a user terminal inside the coverage of a base station and a user terminal outside the coverage both exist.SOLUTION: A first user terminal 100-2 outside the coverage of a base station determines whether or not a GNSS(Global Navigation Satellite System) is available in the first user terminal 100-2, determines a first priority on the basis whether or not the GNSS(Global Navigation Satellite System) is available, directly receives, from a second user terminal 100-1, synchronization information including information on whether or not the second user terminal 100-1 is inside the coverage (S601), determines a second priority on the basis of the inform ion received from the second user terminal 100-1, and, on the basis of the first priority and the second priority (S602), determines whether or not the second user terminal 100-1 is selected as a synchronization reference of the first user terminal 100-2.SELECTED DRAWING: Figure 18",,H04W72/569;H04W72/56;Y02D30/70;H04W52/0219;H04L12/1881;H04L67/104;H04W52/0216;H04W56/0015;H04W76/14;H04W28/0215;H04W4/70;H04W8/005;H04W4/06,KYOCERA CORP,20130927,2017,JP,1,False,False,True
52975267,CN-104427607-B,A kind of method of time synchronized between self-organizing network interior joint,,"The method that the present invention proposes time synchronized between network element in a kind of mobile Ad hoc network, each node has unique priority number, 1. arbitrary node A monitors the synchronous time mark that other nodes are sent within the silence period in net, if receive synchronous time mark, step 2 is then being gone to, step 3 is gone to after otherwise terminating in the silence period；2. if the priority number priority of the source Nodes of the synchronous time mark received is higher than local node priority number, the synchronous time mark that node A receives according to adjusts local zone time, and goes to step 3；Otherwise step 3 is passed directly to；3. node A selection times point sends synchronous time mark to other nodes, the synchronous time mark carries node local time information and node priority numbering.Being uniformly coordinated using this method, between each node without center control nodes just can reach time synchronized, improve the efficiency of time synchronization between nodes, ensure User Priority experience.",,H04W56/004,,20130826,2013,CN,1,True,False,True
53173247,JP-2015097388-A,Channel power adjustment based on positional information of ad hoc network in restricted area,,"PROBLEM TO BE SOLVED: To provide a method and a system for channel power adjustment based on positional information of an ad hoc network in a restricted area.SOLUTION: A method includes a first setting step of setting a priority order of a position on the basis of positional information of a plurality of ad hoc networks, and a first power adjustment step of adjusting power of equipment within the first ad hoc network, which is operated by a first channel satisfying a prescribed rule, to first power of the first channel, at least partially on the basis of the priority order of the position of the ad hoc network.",,H04W84/22;H04W72/0473;H04W52/283;H04W52/281;H04W52/244,RICOH CO LTD,20131115,2014,JP,1,False,False,True
53182609,US-10292067-B2,Collaborative scheduling of last hop cellular traffic,,"An eNodeB or other cell access point device can receive demand data from mobile devices served by the cell. The demand data can represent an estimate of demand over a future period for network resources (e.g., bandwidth). The cell can aggregate this demand data and determine price data for the time period or for various intervals of the time period, then transmit the price data to the mobile devices. The price data can operate as a collaborative approach to scheduling traffic. For example, data (e.g., delay tolerant data) can be shifted (e.g., delayed for a few seconds) based on an examination of the price data in conjunction a determined priority of the data. Such can be applicable to data traffic not traditionally thought of as delay tolerant such as streaming video or web browsing, and can be accomplished without negatively impacting the quality of service or experience of the client.",,H04W28/0231;H04M15/8022;H04W4/24;H04M15/8027;H04L12/1435;H04M15/8016;H04L41/5029,AT & T IP I LP,20131125,2013,US,5,True,False,True
53385587,CN-107852662-B,Reconfiguration in a wireless mesh network,,"A mechanism is provided for reconfiguration in a wireless mesh network (10e), the wireless mesh network (10e) being served by network nodes (11a, 11b) having respective coverage areas (13a, 13b) and providing radio access to network devices (12a-12 g). A method is performed by a first network device (12e) having a first metric. The method comprises maintaining an operational connection to the first network node (11a) via a second network device (12a) having a better metric than the first metric due to being within a coverage area (13a) of the first network node (11a) and thus having a direct connection to the first network node (11a) with a good metric. The method comprises obtaining an indication that the first network device (12e) is to detach from an operational connection to the first network node (11a), e.g. that the first network device (12e) detects a radio link failure to the second network device (12a), or that it finds that a metric of the further second network device (12g) is better than a metric of the network device (12 d). The network device (12e) then begins scanning for another relay network device to connect to. The method further comprises establishing an operational connection to the further second network device (12g) to establish a new operational connection, preferably to the second network node (11 b). The method comprises updating the first metric based on the metric of the further second network device (12g) and reporting the updated connection properties and metrics to the other network devices (12 f). The scanning may be on the same Radio Access Technology (RAT) or another RAT used to provide the link to the second network device (12 a). The metric may represent a number of hops to a network node (11a, 11b) serving the wireless mesh network (10 e). Similarly, the metric may be an air time link metric or a priority index based on other parameters, such as quality, throughput, etc. of its established connection to the network node (11a, 11b) serving the wireless mesh network (10 e).",,H04W40/22;H04L45/70;H04W84/18;H04W76/25;H04W76/30,,20150526,2015,CN;EP;WO,4,True,False,True
53525093,US-2016014794-A1,Device and Method of Handling Device-to-Device communication,,A communication device for handling a device-to-device (D2D) communication comprises a storage unit for storing instructions and a processing means coupled to the storage unit. The processing means is configured to execute the instructions stored in the storage unit. The instructions comprises determining whether to transmit a Cell Radio Network Temporary Identifier (C-RNTI) or data of an uplink common control channel (UL-CCCH) to a network according to a priority of the C-RNTI or the data of the UL-CCCH; determining whether to transmit a device-to-network (D2N) buffer status report (BSR) to the network according to a priority of the D2N BSR; determining whether to transmit a D2N power headroom report (PHR) to the network according to a priority of the D2N PHR; and determining whether to transmit a D2D BSR to the network according to a priority of the D2D BSR.,,H04W72/21;H04W72/56;H04W76/14;H04W28/0278;H04W72/10;H04W52/365;H04W76/023;H04W72/0413,HTC CORP,20140708,2015,CN;EP;US,4,True,True,True
53670241,CN-204463387-U,Based on the safety-protection system of light fixture platform,,"The utility model relates to a kind of safety-protection system, is specifically related to a kind of safety-protection system based on light fixture platform.Its technical matters solved is: the safety-protection system cost of existing wired connection is high, installation is complicated; Sensor is easily destroyed, and needs not timing to change battery; Adopt star-like MANET mode, transmission range is limited.Based on a safety-protection system for light fixture platform, comprising: multiple sensor be arranged on light fixture, sensor comprises be connected successively sensor module, wireless transmission module and power module; Receiver, receiver comprises the processor, signal receiving module, signal transmission module and the power module that are connected successively; By wireless communication mode transmission of signal between sensor and receiver.Its beneficial effect shows as: sensor is installed hidden, not easily damaged; Do not need to change battery; Sensor Ad Hoc network, possesses survivability; Sensor network capacity is much larger than existing system; Realize remote alarms, alerting signal is sent to client.",,,ZHENJIANG INTEGRATED ELECTRIC CO LTD,20150115,2015,CN,1,True,False,True
53755977,KR-20150092852-A,Method and system of distributed sensing for reducing spectrum sensing overhead in cognitive radio adhoc networks,인지 무선 애드훅 네트워크에서의 주파수 검출 부하 감소를 위한 분산 센싱 방법 및 시스템,"The present invention provides a channel distribution sensing method and a channel distribution sensing system, wherein the method collects channel information by carrying out channel sensing in accordance with a channel sensing priority determined in accordance with a relative location of a cell that a wireless access apparatus belongs to among a plurality of cells logically dividing a zone of a wireless network, thereby reducing an overhead of the channel sensing occurring in a cognitive radio adhoc network environment, and reducing a transmission disconnection occurring when the wireless access apparatus detects a frequency.","본 발명은 무선 네트워크의 존(Zone)을 논리적으로 구획하는 복수의 셀(Cell) 중에서 무선 접속 장치가 속한 셀(Cell)의 상대적 위치에 따라 결정되는 채널 센싱 우선순위에 따라 채널 센싱을 수행하여 채널 정보를 수집함으로써 인지 무선 애드훅 네트워크 (cognitive radio adhoc network) 환경에서 발생하는 채널 센싱의 오버헤드를 감소시키고, 무선 접속 장치가 주파수를 검출할 때 발생되는 전송 단절을 감소시키는 채널 분산 센싱 방법 및 시스템을 제공한다.",H04W16/14;H04W24/10,KOREA ELECTRONICS TELECOMM;AJOU UNIV IND ACAD COOP FOUND,20140206,2014,KR,2,True,False,True
53757322,CN-105940742-A,Method and apparatus for device-to-device terminal for transceiving signal in wireless communication system,무선 통신 시스템에서 장치 대 장치 단말의 신호 송수신 방법 및 장치,"An embodiment according to the present invention, with respect to a method for a device-to-device (D2D) terminal for transceiving a signal, comprises the steps of: receiving a D2D discovery resource structure; and determining a time resource for transmitting a D2D discovery signal on the basis of the D2D discovery resource structure, wherein if the time resource for transmitting a D2D discovery signal overlaps with the time resource for transmitting an uplink or the time resource for transmitting D2D communication, then the signal to be transmitted from the time resource is determined in the order of priority of a) an uplink signal, b) a D2D communication signal, and c) a D2D discovery signal.","본 발명의 일 실시예는, 무선통신시스템에서 D2D(Device-to-Device) 단말이 신호를 송수신하는 방법에 있어서, D2D 디스커버리 자원 구성을 수신하는 단계; 및 상기 D2D 디스커버리 자원 구성에 기초하여 D2D 디스커버리 신호를 전송할 시간 자원을 결정하는 단계를 포함하며, 상기 D2D 디스커버리 신호를 전송할 시간 자원이 상향링크 전송을 위한 시간 자원 또는 D2D 커뮤니케이션 전송을 위한 시간 자원과 오버랩되는 경우, 상기 시간 자원에서 전송될 신호는, a) 상향링크 신호 b) D2D 커뮤니케이션 신호 c) D2D 디스커버리 신호의 우선순위로써 결정되는, 신호 송수신 방법이다.",H04W72/56;H04W72/569;H04W72/21;H04W72/23;H04W56/001;H04W76/14;H04L27/2607;H04W72/0446;H04W8/005;H04L5/14;H04W92/18;H04L5/0048;H04W72/1263;H04W74/0833;H04W4/90;H04L5/0051;H04W56/0045;H04W72/25,LG ELECTRONICS INC,20140128,2015,CN;KR;WO,5,True,False,True
54034849,CN-104902511-B,A method of alleviating control channel synchronization conflicts,,"The invention discloses a kind of methods for alleviating control channel synchronization conflicts, this method is applied in vehicular ad hoc network multi-channel transmission, the synchronization conflicts of control channel can be alleviated, the various types of messages transmitted in control channel is subjected to priority division, and the transmission mechanism of control channel is defined and improved, it can guarantee that security message is preferentially sent, and reduce the collision in message transmitting procedure and packet loss, effectively alleviate synchronization conflicts；When nodes density is excessive, synchronization conflicts problem is very serious, therefore adaptive channel load decentralized algorithm is additionally provided in the present invention, the algorithm enables node to decide whether to send message immediately according to present channel load state, channel congested conditions are more serious, the number of nodes for obtaining send opportunity is fewer, then the collision between message and conflict will be alleviated accordingly, and performance of this method in terms of the acceptance rate of message and mean transit delay is promoted.",,H04W28/0289;H04W74/0816,,20150601,2015,CN,2,True,False,True
54144785,EP-3122103-A1,"Terminal device, base station device, notification system, notification method, and integrated circuit",,"A terminal apparatus according to one aspect of the present invention constitutes and reports an amount-of-transmission-buffer report to be notified to a base station apparatus, based on first transmission data to the base station apparatus, which is prepared in a transmission buffer of the terminal apparatus itself, second transmission data for device-to-device data communication, and a priority level of each piece of transmission data.",,H04W72/56;H04W72/21;H04W72/1215;H04W88/08;H04W88/06;H04W28/0278;H04W76/14,SHARP KK,20140320,2015,EP;US,3,True,False,True
54144965,CN-106105306-B,method and apparatus for prioritizing buffer status reports in a wireless communication system,,"a method and apparatus for determining a priority of a Buffer Status Report (BSR) in a wireless communication system are provided. A User Equipment (UE) generates a BSR for uplink transmissions to a network and a proximity-based services (ProSe) BSR for device-to-device (D2D) transmissions between UEs, and prioritizes the BSR for uplink transmissions over the ProSe BSR.",,H04W72/21;H04W72/566;H04W72/51;H04W28/0278;H04W4/90;H04W4/023;H04W76/14;H04W72/1215;H04W12/06,,20140319,2015,CN;EP;US;WO,7,True,False,True
54192433,JP-2018207519-A,System and method for control plane of D2D communication,,"To provide a system and method for controlling and managing device-to-device (D2D) communication in a network.SOLUTION: A method for user equipment (UE) which executes device-to-device (D2D) communication includes: a step for generating a D2D buffer situation report (BSR) of a D2D communication link between the UE and second UE for providing information on amounts of D2D data which can be used for transmission, therein the D2D BSR includes a D2D BSR logical channel identifier (LCID); a step for transmitting the D2D BSR by a control element; a step for receiving resource allocation of the D2D link; and a step for transmitting the D2D data on the allocated resource.SELECTED DRAWING: Figure 13B",,H04W72/23;H04W28/0278;H04W76/14;H04W92/18;H04W72/25,HUAWEI TECH CO LTD,20140325,2018,JP,1,False,False,True
54198960,JP-2016076923-A,Utility-based cross layering,유틸리티-기반 크로스 레이어링,"PROBLEM TO BE SOLVED: To provide a system that facilitates a large-scaled mobile ad hoc network to adapt to specific needs of wireless nodes in a mobile wireless network.SOLUTION: An intermediate node 114 receives one or more packets that indicate microutility and relevance, where the microutility is based on a utility function specific to an application, and where the relevance indicates a priority of the one or more packets. The intermediate mobile node 114 combines the relevance of the one or more packets. The intermediate mobile node aggregates the microutility and the relevance for the one or more packets and determines the value of the one or more packets based on the aggregation of the microutility and the relevance. The intermediate mobile node also determines an action to the one or more packets based on the determined value of a respective packet.SELECTED DRAWING: Figure 1B","한 실시예는 대규모 이동 애드혹 네트워크가 이동 무선 네트워크에서의 무선 노드들의 특별한 요구에 용이하게 적응하도록 하는 시스템을 제공한다. 동작 동안, 중간 노드는 마이크로 유틸리티(microutility) 및 렐러번스(relevance)을 나타내는 1개 이상의 패킷들을 수신하며, 상기 마이크로 유틸리티는 어플리케이션에 특정한 유틸리티 기능에 근거하고, 상기 렐러번스는 상기 1개 이상의 패킷들의 우선순위를 나타낸다. 상기 중간 노드는 상기 1개 이상의 패킷들의 렐러번스를 결합한다. 상기 중간 노드는 상기 1개 이상의 패킷들에 대한 상기 마이크로 유틸리티 및 상기 렐러번스를 종합하며, 상기 마이크로 유틸리티 및 상기 렐러번스의 종합에 근거하여 상기 1개 이상의 패킷들의 값을 결정한다. 상기 중간 노드는 또한 각각의 패킷의 결정된 값에 근거하여 상기 1개 이상의 패킷들에 대한 조치를 결정한다.",H04L45/306;H04W40/02;H04W84/20;H04W72/56,PALO ALTO RES CT INC,20141002,2015,JP;KR,2,False,False,True
54338217,KR-20150109098-A,Method and apparatus for transmitting buffer status report in wireless communication system supporting device to device communication,단말간 통신을 지원하는 무선 통신 시스템에서 버퍼상태보고 전송 방법 및 장치,"A method and apparatus for transmitting a buffer status report in a wireless communications system supporting device to device communications. A method for transmitting a buffer status report in a wireless communications system supporting device to device communications includes a step of performing the triggering of a buffer status report when at least two logical channel groups (LCG) having data to be transmitted exist and at least one LCG has data to be transmitted to the D2D communications of the LCG, a step of producing a truncated buffer status report based on the number of LCG and the amount of uplink resource allocated from and the base station, and a step of transmitting the truncated buffer status report with the format of a media access control (MAC) control factor to the base station. The truncated buffer status report may include the identification information (LCG ID) of the LCG including a logical channel having the highest priority among the logical channels having data to be transmitted to the uplink, and buffer size information corresponding to the LCG including a logical channel having the highest priority.","단말간 통신(D2D: Device to Device)을 지원하는 무선 통신 시스템에서 버퍼상태보고 전송 방법 및 장치를 제공한다.  단말간 통신을 지원하는 무선 통신 시스템에서 단말에 의한 버퍼상태보고 전송 방법은 전송할 데이터를 가지는 논리 채널 그룹(LCG: Logical Channel Group)이 둘 이상 존재하고 상기 LCG 중 적어도 하나의 LCG가 상기 D2D 통신으로 전송할 데이터를 가지는 경우 버퍼상태보고(Buffer Status Report)의 트리거링을 수행하는 단계, 상기 LCG의 개수와 기지국으로부터 할당받은 상향링크 자원량을 기초로 절단된(truncated) 버퍼상태보고를 생성하는 단계 및 상기 절단된 버퍼상태보고를 MAC(Media Access Control) 제어요소의 포맷으로 상기 기지국에 전송하는 단계를 포함하고, 상기 절단된 버퍼상태보고는 상향링크로 전송할 데이터를 가지는 논리 채널 중 가장 높은 우선 순위를 가지는 논리 채널을 포함하는 LCG의 식별 정보(LCG ID) 및 상기 가장 높은 우선 순위를 가지는 논리 채널을 포함하는 LCG에 해당하는 버퍼 크기 정보를 포함할 수 있다.",H04W24/10;H04W88/02;H04W4/70;H04W28/0278,ITL INC,20140319,2014,KR,1,False,False,True
54414620,CN-105024895-A,"Intelligent household wireless ad-hoc network communication system, networking method and working method",,"The invention discloses an intelligent household wireless ad-hoc network communication system. The intelligent household wireless ad-hoc networking communication system comprises a host connected with intelligent equipment and a plurality of slave computers connected with household electrical appliances, wherein the host comprises a host interface, a host control module and a host data transmission module, and each slave computer comprises a slave computer control module, a slave computer route module, a slave data transmission module and a slave computer interface. The invention further discloses an intelligent household wireless ad-hoc network networking method. The host is adopted for actively connecting the slave computers into a network, the slave computers actively apply for networking, and the slave computers are networked according to a priority selection mode. The invention also discloses a working method of networked slave computers in an intelligent household wireless ad-hoc network. After the slave computers are networked, the slave computers perform corresponding operation according to host commands for themselves and can also serve as routers for forwarding data from the host or other slave computers. According to the invention, the networking operation is simple, the equipment can be automatically connected to a local area network once the equipment is powered on, and the problem that equipment of different brands fails to communicate normally due to incompatibility is solved.",,,SHENZHEN QINQI ELECTRONICS TECHNOLOGY CO LTD,20150720,2015,CN,1,False,False,True
54554392,EP-3146776-A1,Devices and methods for d2d transmission,,"A method performed by a first device, for sending data in a Device-to-Device, D2D, transmission to a second device is provided. After the first device has identified (301) a priority level of the D2D transmission, it maps (302) the identified priority level to a resource pool index. The resource pool index identifies a resource pool among a plurality of resource pools associated with different priority levels. The first device then sends (303) the data in the D2D transmission to the second device, using the resources in the resource pool identified by the resource pool index.",,H04W72/56;H04W72/02;H04W74/0808;H04W76/14;H04W4/70,ERICSSON TELEFON AB L M (publ),20140523,2015,EP;WO,2,False,False,True
55131130,EP-3157208-A1,Dynamic router functionality in cellular networks,,"A wireless remote communication unit is described. The wireless remote communication unit comprises: at least one transceiver configured to communicate with a cellular network node using either a first technology employed with mesh connectivity via at least one other wireless remote communication unit or a second technology employed with a direct connection to the cellular network node; and a processor coupled to the at least one transceiver and configured to select internet connectivity using either: a first internet protocol, IP, address associated with mesh functionality to route low priority, high delay tolerant data via an edge router and the cellular network node; or a second IP address associated with direct connection to the cellular network node for high priority, low delay tolerant data.",,H04W88/06;H04W84/18;H04W48/18;H04W40/22;H04W84/042;H04W36/22;H04W88/04;H04L47/24;H04W36/1446;H04L61/5007,VIRTUOSYS LTD,20151016,2016,EP;US,3,True,False,True
55345688,US-2017156168-A1,Methods and systems for admission control in d2d communication in a wireless broadband network,,"This disclosure relates generally to wireless communication systems, and more particularly to methods and systems for admission control in D2D communication in a wireless broadband network. In one embodiment, a method is disclosed for admission control in device-to-device communication in a wireless broadband network. The method may comprise receiving, via the hardware processor, proximity-based device-to-device discovery requests; and classifying, via the hardware processor, the received proximity-based device-to-device discovery requests into bins. The method may further include determining, via the hardware processor, priority levels for the bins; and selecting, via the hardware processor, one of the bins as having a highest priority level. The method may also include identifying in a first-in-first-out manner, via the hardware processor, one of the proximity-based device-to-device discovery requests classified into the selected bin; and generating and providing, via the hardware processor, a proximity-based device-to-device discovery response to the identified proximity-based device-to-device discovery request.",,H04W76/14;H04W8/005;H04W28/0268;H04W48/06;H04L12/2801;H04W76/023,WIPRO LTD,20151126,2016,CN;EP;JP;US,6,True,False,True
55527098,EP-3198748-A1,Method for priority handling for buffer status reporting in a d2d communication system and device therefor,D2d 통신 시스템에서의 버퍼 상태 보고를 위한 우선순위 처리 방법 및 이를 위한 장치,"The present invention relates to a wireless communication system. More specifically, the present invention relates to a method and a device for priority handling buffer status reporting in a D2D communication system, the method comprising: generating a MAC PDU (Medium Access Control Protocol Data Unit) if both of a PHR (Power Headroom Reporting) and a sidelink BSR (Buffer Status Reporting) are generated while the UE communicates with other UEs directly using a sidelink; and transmitting the MAC PDU, wherein the PHR is prioritized over the sidelink BSR when the UE prioritizes between the PHR and the sidelink BSR in the generated MAC PDU.","본 발명은 무선 통신 시스템에 관한 것이다. 보다 구체적으로, 본 발명은 D2D 통신 시스템에서의 버퍼 상태 보고를 위한 우선순위 처리 방법 및 이를 위한 장치에 관한 것이며, 상기 방법은 단말이 사이드링크를 이용하여 다른 단말과 직접적으로 통신하는 동안 전력 헤드룸 보고 (Power Headroom Reporting; PHR)와 사이드링크 버퍼상태 보고 (Buffer Status Reporting; BSR)가 생성되는 경우, MAC PDU를 만드는 단계; 및 상기 MAC PDU를 전송하는 단계를 포함하되, 상기 단말이 상기 생성된 MAC PDU에서 상기 PHR과 상기 사이드링크 BSR간의 우선순위를 정할 때, 상기 PHR은 상기 사이드링크 BSR보다 우선되는 것을 포함한다.",H04W72/21;H04W72/569;H04W52/365;H04W80/02;H04W76/14;H04W28/0278;H04W92/18,LG ELECTRONICS INC,20140923,2015,CN;EP;KR;US;WO,8,True,False,True
55537617,US-9385953-B1,Mesh network addressing,,"In embodiments of mesh network addressing, a router device receives provisioning domains that include an address prefix and an associated preference value for the address prefix. The router determines a route, based on one of the address prefixes, to use to forward a data packet to a destination. The router uses the preference values to prioritize the routing of the data packet. In other aspects, the preference values can be set based on one or more factors, and the router can use the preference values in addition to mesh network routing costs to determine a route for a data packet.",,H04W84/18;H04W72/56;H04L67/12;H04L45/741;H04W8/26;H04L45/16;H04L45/74;H04L45/04;H04L45/742;H04W40/02;Y02D30/70;H04W72/10;H04L2101/659;H04L61/5014;H04L2101/604;H04L61/5092,GOOGLE INC;GOOGLE INC,20150203,2015,EP;US,3,True,False,True
55746973,US-2017245295-A1,Device-to-device (d2d) data transmission method of user equipment in wireless communication system and user equipment using same method,무선 통신 시스템에서 단말의 d2d(device-to-device) 데이터 전송 방법 및 상기 방법을 이용하는 단말,"Disclosed are a device-to-device (D2D) data transmission method of a user equipment (UE) in a wireless communication system and a UE using the method. The method comprises: receiving multiple resource pools and a resource pool configuration for configuring priority order information on each resource pool; and selecting a particular resource pool to transmit D2D data among the multiple resource pools on the basis of the priority order information on each resource pool, wherein the priority order information on each resource pool indicates the priority order of D2D data capable of using each of the multiple resource pools.","무선 통신 시스템에서 단말(user equipment: UE)의 D2D(device-to-device) 데이터 전송 방법 및 상기 방법을 이용하는 단말을 제공한다. 상기 방법은 복수의 자원 풀들 및 각 자원 풀에 대한 우선 순위 정보를 설정하는 자원 풀 설정을 수신하고, 상기 복수의 자원 풀들 중에서 D2D 데이터를 전송할 특정 자원 풀을 상기 각 자원 풀에 대한 우선 순위 정보에 기반하여 선택하되, 상기 각 자원 풀에 대한 우선 순위 정보는 상기 복수의 자원 풀들 각각을 사용할 수 있는 D2D 데이터의 우선 순위를 지시하는 것을 특징으로 한다.",H04W72/56;H04W72/569;H04W72/10;H04W36/142;H04W88/06;H04W28/02;H04W8/005,LG ELECTRONICS INC,20141016,2015,US;WO,3,True,False,True
55854321,US-9781624-B2,System and method for intuitive packet buffering and adaptive paging,,"The solution introduces a flexible mechanism to avoid paging a delay-tolerant UE prematurely by buffering its high frequency, low priority data for a time duration set according to the UE&#39;s current and historic activity data, thereby increasing radio resource and network efficiency, and reducing UE batter drainage. A method of managing frequent low priority downlink data transmissions comprises receiving a downlink data packet intended for a UE, buffering the received downlink data packet in response to a determination that the received downlink data packet is low priority, and the UE is delay-tolerant, starting a timer, the timer being set in response in response to the UE currently being in an idle state, the timer being set according to a next anticipated activity time for the UE, and transmitting the downlink data packet to the UE upon the expiration of the timer.",,H04W28/0205;H04W28/0268;H04W24/02,MAVENIR SYSTEMS INC,20141031,2014,US,2,True,False,True
56009417,US-2016144875-A1,Apparatus and method for distributed processing of train monitoring traffic based on hierarchical wireless sensor network,,"Provided is an apparatus for distributed processing of train monitoring traffic based on a hierarchical wireless sensor network, the apparatus including: a wireless sensor node configured to generate sensor data by measuring states of a train; a wireless mesh network (WSN) manager configured to classify the sensor data into priority data and non-priority data according to change characteristics, and to transmit the priority data to a sensor monitoring center through a wireless communication network and the non-priority data to wireless mesh nodes through a wireless mesh network; and one or more wireless mesh nodes configured to be spaced apart at predetermined intervals on a railway side, and to transmit the non-priority data, received from the WSN manager, to the sensor monitoring center.",,B61L25/021;B61L25/026;H04W24/10;H04W84/18;B61L27/70;H04W84/005;B61L15/0027,KOREA ELECTRONICS TELECOMM,20141124,2015,US,1,False,False,True
56138351,KR-20160061872-A,Apparatus and method for distributed processing of train monitoring traffic based hierarchical wireless sensor network,계층적 무선센서망 구축을 통한 열차 감시 트래픽 분산처리 장치 및 분산처리 방법,"The present invention relates to an apparatus for distributed processing of train monitoring traffic based on a hierarchical wireless sensor network, which can prevent a traffic bottleneck of sensor data which is generated in real time in a wireless sensor network over which operation state information of a train is transmitted in real time to ensure safe train operation. The apparatus for distributed processing of train monitoring traffic based on construction of a hierarchical wireless sensor network comprises: a wireless sensor node which generates sensor data by periodically measuring state information of a train; a wireless mesh network (WSN) management unit which classifies the sensor data as priority data or non-priority data by assigning the sensor data to a priority according to change characteristics, transmits the priority data to a sensor monitoring center via wireless communication, and transmits the non-priority data to a wireless mesh node via a wireless mesh network; and one or more wireless mesh nodes which are spaced apart at predetermined intervals on a railway side and transmit the non-priority data, received from the WSN management unit, to the sensor monitoring center.","본 발명에 따른 열차의 센싱 트래픽 분산처리를 위한 계층적 무선센서 망 구성장치는 열차의 상태 정보를 주기적으로 측정하여 센서 데이터를 생성하는 무선센서 노드, 센서 데이터를 변화특성에 따라 우선순위를 배정하여 우선순위 데이터 및 비우선 데이터로 구분하며, 우선순위 데이터를 무선통신을 통해 센서 감시센터로 전달하고, 비우선 데이터를 무선 메시 네트워크(Wireless Mesh Network)를 통해 무선 메시 노드로 전달하는 WSN 관리부 및 철로 주변에 소정의 간격을 이격하여 위치하며, WSN 관리부로부터 수신된 비우선 데이터를 센서 감시센터로 전달하는 하나 이상의 무선 메시 노드를 포함한다.",H04W40/20;H04L47/2433;H04W84/18;H04W28/0289;H04W28/0205,KOREA ELECTRONICS TELECOMM,20141124,2015,KR,2,True,False,True
56244941,CN-105725975-A,Selection method of remote real-time psychological and physiological information collection data transmission channel,,"The invention discloses a selection method of a remote real-time psychological and physiological information collection data transmission channel. The method comprises the following steps that 1, physiological and psychological characteristic data of affected people or rescuers is collected through a collecting terminal; 2, the collecting terminal automatically searches for an available wireless network in the environment; 3, according to different situations, the data transmission channel is selected on the basis of a priority strategy and a time delay strategy respectively; 4, by means of a cellular network and/or a self-organized Bluetooth mesh network, the physiological and psychological characteristic data of the affected people or the rescuers is transmitted to monitoring centers of the rear areas of rescue places. The selection method of the remote real-time psychological and physiological information collection data transmission channel has the advantages that best match for transmitting health condition data of the rescuers to the monitoring centers at different distances under different rescue scenes can be achieved.",,A61B5/0022;A61B5/002,CHINESE PLA GENERAL HOSPITAL,20160204,2016,CN,1,False,True,False
56283875,WO-2016106600-A1,Method and device for transmission-priority control,,"Embodiments of the present invention solve in the prior art, in which a control side and a media side are not separated by a POC service, the problem of difficulty in subsequent technological advancements, failure to facilitate flexible implementation of services, also failure to facilitate system extension, and absence of a detailed process with regard to transmission-priority control when the control side and the media side are separated. Provided are a method and device for transmission-priority control. The method comprises: receiving, on the basis of a Mission Critical Push to Talk (MCPTT) server of a long-term evolution network, a first message transmitted by a user equipment (UE), where the first message comprises an identity of a group to which a speaker corresponding to the UE belongs and a parameter indicating a transmission-priority request as the event type; the MCPTT server produces a second message on the basis of the transmission-priority control policy and of the first message, where the second message comprises the identity of the group to which the speaker corresponding to the UE belongs and the parameter indicating the transmission-priority request as the event type, and the second message is used for instructing the UE to prompt the speaker to whom the UE belongs that transmission-priority has been awarded; the MCPTT server transmits the second message to the UE; the MCPTT server receives a response message transmitted by the UE in response to the second message; the MCPTT server produces a first instruction message on the basis of the response message in response to the second message, where the first instruction message is used for instructing a media resource functional entity to make an uplink voice changeover on a media side; and, the MCPTT server transmits the first instruction message to the media resource functional entity.",,H04W76/45;H04W4/10;H04L65/4061;H04L65/61;H04L65/4038;H04W4/06;H04W88/02;H04L12/189;H04W84/042,HUAWEI TECH CO LTD,20141230,2014,EP;WO,2,False,False,True
56287253,US-2016198362-A1,System and methods for a mesh network utilizing smart antennas,,"A data transmission system, comprising a first node in a wireless communications network, the node comprising a radio frequency communications system having high resistance to interference. The radio frequency communications system is configured to measure an interference potential of a second node in the wireless communications network and arrange a priority and timing structure that maximizes reuse of available frequencies. The radio frequency communications system is also configured to encode and decode data and network control signals using a multi-level frequency shift keying modulation scheme. The node also comprising a directional and steerable antenna system, wherein the directional and steerable antenna system is capable of forming a radio frequency transmission into a beam directed to a desired target and transmitting a radiating omni-directional radio frequency transmission.",,H04W24/08;H04W84/18;H04W28/048;H04W72/082;H04W72/10;H04W24/02;H01Q3/00;H04W16/28;H04L27/10;H01Q21/00;H04B17/318;H04L27/106;H04B7/0689;H04J11/0023;H04L1/00,FREEBURG THOMAS,20150106,2016,US,1,False,False,True
56344397,KR-20160073755-A,Personal alert safety system for calling emergency situation and method thereof,응급 상황 호출을 위한 개인 경보 안전 시스템 및 그 방법,"The present invention comprises: a motion sensor to detect movements of a user; a motion determination module to determine whether the movements of the user are not detected above a predetermined time by the motion sensor or not; an alarm signal output module to produce and output an alarm signal if it determines that the movements of the user are not detected above the predetermined time by the motion determination module; an emergency signal production module to produce an emergency signal including an ID of the user and the elapse time after the expiration of the predetermined time in real time if it determines that the movements of the user are not detected above the predetermined time by the motion determination module; and a local area communication module to periodically transmit the emergency signal produced in the emergency signal production module with a local area communication method and to receive a surrounding emergency signal with the local area communication method. According to a personal alert safety system for calling an emergency situation and a method thereof as stated above, a risk signal is mutually shared by firefighters in real time and the firefighters can recognize a risk of a surrounding co-worker and rapidly rescues the co-worker since a mesh topology or an ad-hoc network are formed between personal alert safety systems attached to a body of the firefighters.","사용자의 움직임을 감지하는 모션 센서; 상기 모션 센서에 의해 소정 시간 이상 사용자의 움직임이 감지되지 않는지 판단하는 모션 판단 모듈; 상기 모션 판단 모듈에 의해 상기 소정 시간 이상 상기 사용자의 움직임이 감지되지 않는 것으로 판단되는 경우, 알람 신호를 생성하여 출력하는 알람 신호 출력 모듈; 상기 모션 판단 모듈에 의해 상기 소정 시간 이상 상기 사용자의 움직임이 감지되지 않는 것으로 판단되는 경우, 상기 사용자의 ID, 상기 소정 시간의 만료 이후의 경과 시간을 포함하는 응급 신호를 실시간으로 생성하는 응급 신호 생성 모듈; 상기 응급 신호 생성 모듈에서 생성된 응급 신호를 근거리 무선 통신 방식으로 주기적으로 송신하고, 주변의 응급 신호를 근거리 무선 통신 방식으로 수신하는 근거리 통신 모듈을 구성한다.  상술한 응급 상황 호출을 위한 개인 경보 안전 시스템 및 그 방법에 의하면, 소방관들이 몸에 부착하는 개인 경보 안전 시스템들 간에 메시 토폴로지 내지는 애드-혹 네트워크를 형성하도록 구성됨으로써, 그 위험 신호를 상호간에 실시간 공유하여 현장의 소방관들이 주변 동료의 위험을 인지하고 신속하게 구조를 할 수 있는 효과가 있다.",G08B21/02;G08B21/0415;G08B21/0202;G08B21/0277;G08B25/10,INFRAWAY CO LTD U,20141217,2014,KR,1,False,True,True
56543682,KR-20160093393-A,Method and apparatus for operating truncated buffer state report in wireless communication system supporting device to device communication,단말간 통신을 지원하는 무선 통신 시스템에서 절단된 버퍼상태보고 운용 방법 및 장치,"Provides are a method and an apparatus for managing a truncated buffer state report in a wireless communication system supporting device to device (D2D) communication. In a wireless communication system supporting D2D communication, a managing method of a buffer state report (BSR) by a terminal comprises the steps of: receiving information on an uplink resource allocation from a base station; configuring a truncated BSR containing buffer state information on at least one of the group according to a priority per group of objects to which D2D data is to be transmitted; and transmitting the truncated BSR to the base station.","단말간 통신을 지원하는 무선 통신 시스템에서 절단된 버퍼상태보고 운용 방법 및 장치를 제공한다. 단말간(D2D: Device to Device) 통신을 지원하는 무선 통신 시스템에서 단말에 의한 버퍼상태보고(BSR: Buffer State Report) 운용 방법은 기지국으로부터 상향링크 자원 할당 정보를 수신하는 단계, D2D 데이터를 전송할 대상의 그룹별 우선순위에 따라 적어도 하나의 그룹에 대한 버퍼 상태 정보를 포함하는 절단된(truncated) BSR을 구성하는 단계 및 상기 절단된 BSR을 상기 기지국으로 전송하는 단계를 포함할 수 있다.",H04W72/56;H04W28/0278;H04W72/04;H04W72/1247;H04W72/121;H04W72/10;H04W72/566;H04W28/02;H04W72/12,INNOVATIVE TECHNOLOGY LAB CO LTD,20150129,2015,KR;WO,3,True,False,True
56740838,WO-2017026667-A1,Method for performing a logical channel prioritization in a d2d communication system and device therefor,,"The present invention relates to a wireless communication system. More specifically, the present invention relates to a method and a device for performing a Logical Channel Prioritization in a D2D communication system, the method comprising: configuring a plurality of sidelink logical channels, wherein each of the plurality of sidelink logical channels has an associated priority; selecting a ProSe Destination having a sidelink logical channel with a highest priority, among sidelink logical channels having data available for transmission; performing a LCP procedure for all sidelink logical channels belonging to the selected ProSe Destination; and transmitting a MAC PDU generated by the LCP procedure.",,H04W72/569;H04W72/56;H04W72/566;H04W74/0875;H04W4/80;H04W76/14;H04W4/08;H04W4/70;H04W72/02,LG ELECTRONICS INC,20150812,2016,WO,1,False,False,True
56740839,WO-2017026671-A1,Method for performing a buffer status reporting in a d2d communication system and device therefor,,"The present invention relates to a wireless communication system. More specifically, the present invention relates to a method and a device for performing a buffer status reporting in a D2D communication system, the method comprising: configuring a plurality of sidelink logical channels, wherein each of the plurality of sidelink logical channels has an associated priority and belongs to a LCG, and one or more of LCGs belong to a ProSe Destination; generating a SL BSR MAC CE including buffer sizes of LCGs in decreasing order of a LCG priority, wherein the LCG priority of a LCG is determined as a highest priority of a logical channel among priorities of logical channels belonging to the LCG; and transmitting a MAC PDU including the SL BSR MAC CE.",,H04W28/0278;H04W76/14;H04W72/21;H04W28/14;H04W4/70;H04W28/0252;H04W72/569;H04W88/02;H04B7/2612,LG ELECTRONICS INC,20150812,2016,CN;EP;US;WO,14,True,False,True
56888354,US-2016269274-A1,Routing based on length of time of available connection,,"In an embodiment, a method of routing packets at a first node in an ad-hoc network is provided. The method includes receiving, at the first node, a plurality of route-alive messages corresponding to a destination, each of the plurality of route-alive messages including a route time indicating a length of time in which a communicative connection is available between the second node that sent the respective route-alive message and the destination. The method also includes determining an updated route time for each second node. The updated route time corresponds to a length of time in which a communication connection is available between the first node and the destination through the respective second node. A second node is selected for sending a packet to based on the updated route time for each of the second nodes, wherein a node having a longer updated route time is given higher priority for selection.",,H04L45/20;H04L45/127;H04B7/18506;H04B7/18502;H04B7/185;H04B7/18504;H04L45/026;H04W84/18;H04B17/318;H04H20/16;H04W4/046;H04L45/121;H04L45/122,HONEYWELL INT INC,20140115,2014,US,1,False,False,True
56891751,EP-3264697-A1,Mobile wireless communication unit and method for content transfer,,"A mobile wireless communication unit comprising: at least one short-range wireless circuit and configured to receive content in a bundle format over a delay tolerant network, using a short range wireless communication technology,-wherein the content relates to at least one of multiple quality of service priority levels; a processor operably coupled to the at least one short-range wireless circuit and configured to determine a priority level of the bundle formatted content. In response to the determined priority level, the processor is configured to: transmit at least the bundle formatted content direct to a network server over a cellular network if the determined priority level of the bundle formatted content is high; or store the bundled content in memory coupled to the processor if the determined priority level of the bundle formatted content is low and transmit at least the bundle formatted content to at least one of: another mobile wireless communication unit or a dedicated delay tolerant network gateway node, when discovered using a short range wireless communication technology.",,H04W88/04;H04W88/06;H04W40/20;H04W84/18;H04W28/02;H04W40/02;H04L47/24;H04W40/22;H04W72/04;H04L47/70,VIRTUOSYS LTD,20160627,2017,EP;US,4,True,False,True
56920903,US-10499235-B2,Wireless ad-hoc network flooding mechanism to intelligently locate required responders,,"A process for locating required responders in a wireless ad-hoc network of mobile computing devices (MCDs) starts with wirelessly receiving, at a second MCD directly from a first MCD, a message indicating a requested type of responder needed and a location at which the responder is needed. The second MCD then compares the requested type of responder needed to a locally stored type of responder associated with a current user. If a match is found, the second MCD alerts the current user provides a response mechanism. The second MCD then makes a forwarding determination of whether or not the message should be forwarded directly to one or more other mobile computing devices. The second MCD one of further directly wirelessly transmits and refrains from further transmitting the message to the one or more other mobile computing devices as a function of the forwarding determination.",,H04W4/90;H04W84/12;H04W84/18;H04W4/02;H04W4/029,MOTOROLA SOLUTIONS INC,20160729,2016,US;WO,3,True,False,True
57004797,WO-2016159559-A1,"Method and apparatus for changing, by terminal, priority in mcptt",Mcptt에서 단말이 우선 순위를 변경하는 방법 및 장치,"Provided are a method for changing, by a terminal, priority in a wireless communication system, and an apparatus for supporting the same. The terminal may change priority for a D2D communication and transmit the changed priority to a terminal of a group to which the terminal belongs.","무선 통신 시스템에서 단말이 우선 순위를 변경하는 방법 및 이를 지원하는 장치가 제공된다. 상기 단말은 D2D 통신을 위한 우선 순위를 변경하고, 상기 변경된 우선 순위를 단말이 속한 그룹의 단말에게 전송할 수 있다.",H04W72/56;H04W76/00;H04W76/50;H04W92/18;H04W76/27;H04W4/08;H04W72/12;H04W4/90;H04W4/10;H04W76/14,LG ELECTRONICS INC,20150403,2016,US;WO,2,True,False,True
57005232,US-11057903-B2,Method and apparatus for processing priority in D2D communication system,Ｄ２ｄ 통신 시스템에서 우선 순위를 처리하는 방법 및 장치,"A method for processing a priority for transmission by a user equipment (UE) in a device-to-device (D2D) communication system are provided. The method includes receiving a priority for a packet to be transmitted from a higher layer, mapping the packet to a logical channel based on the priority and a destination to which the packet is to be transmitted, receiving a grant for the transmission of the packet from a base station, and transmitting the packet.","본 개시는 LTE와 같은 4G 통신 시스템 이후 보다 높은 데이터 전송률을 지원하기 위한 5G 또는 pre-5G 통신 시스템에 관련된 것으로서, 특히 D2D 통신 시스템에서 전송을 위한 우선 순위를 효율적으로 처리하는 방법 및 장치에 대한 것이다. 본 개시의 방법은, 상위 계층으로부터 전송될 패킷에 대한 우선 순위를 수신하는 과정과, 상기 패킷이 전송될 목적지와 상기 우선 순위를 근거로, 상기 패킷을 논리 채널에 매핑하는 과정과, 기지국으로부터 상기 패킷의 전송을 위한 그랜트를 수신하고, 상기 패킷을 전송하는 과정을 포함한다.",H04W72/569;H04W72/56;H04W72/23;H04W92/18;H04W72/25;H04W72/02;H04W28/02;H04W72/10;H04W72/14;H04W72/1242,SAMSUNG ELECTRONICS CO LTD,20150401,2016,CN;KR;US;WO,8,True,False,True
57073236,WO-2016163851-A1,Method carried out by terminal for determining transmission priority in wireless communication system and terminal utilizing the method,무선 통신 시스템에서 단말에 의해 수행되는 전송 우선 순위 결정 방법 및 상기 방법을 이용하는 단말,"Provided is a method for a device-to-device (D2D) action carried out by a terminal in a wireless communication system, the method comprising the steps of: determining priorities for a first D2D action and a second D2D action; on the basis of the determined priorities, determining the D2D action to be carried out from among the first D2D action and second D2D action; and on the basis of the determined D2D action to be carried out, carrying out any one D2D action from among the first D2D action and second D2D action.","본 발명은 무선 통신 시스템에서 단말에 의해 수행되는 D2D(device-to-device) 동작 방법에 있어서, 제1 D2D 동작 및 제2 D2D 동작에 대한 우선 순위를 결정하는 단계, 결정된 상기 우선 순위에 기반하여, 상기 제1 D2D 동작 및 상기 제2 D2D 동작 중 수행할 D2D 동작을 결정하는 단계 및 상기 수행할 D2D 동작의 결정에 기반하여, 상기 제1 D2D 동작 또는 상기 제2 D2D 동작 중 어느 하나의 D2D 동작을 수행하는 단계를 포함하는 방법을 제공한다.",H04W72/56;H04W72/566;H04W76/14;H04W4/70;H04W48/12;H04W48/20;H04W4/90;H04W88/04;H04W8/005;H04W92/18;H04W88/02,LG ELECTRONICS INC,20150410,2016,US;WO,3,True,False,True
57073320,US-10420126-B2,Method and device for transmitting/receiving data in wireless communication system that supports device-to-device communication,단말간 통신을 지원하는 무선 통신 시스템에서 데이터를 송수신하기 위한 방법 및 장치,"The present invention relates to a method and a device for transmitting data by a first device in a wireless communication system that supports direct device-to-device communication, wherein one or more messages are received from multiple devices, at least one message among the one or more messages is transmitted to a second device on the basis of priority, and the priority is determined in such an order that a message having the lowest first received signal strength has the highest priority, the first received signal strength indicating the received signal strength of the one or more messages.","본 발명은, 단말 간 직접 통신을 지원하는 무선 통신 시스템에서, 제 1 디바이스가 데이터를 전송하기 위한 방법 및 장치에 관한 것으로써, 다수의 디바이스들로부터 하나 또는 그 이상의 메시지를 수신하고, 상기 하나 또는 그 이상의 메시지 중에서 우선 순위를 기초로 적어도 하나의 메시지를 제 2 디바이스로 전송하되, 상기 우선 순위는 상기 하나 또는 그 이상의 메시지의 수신 신호 세기를 나타내는 제 1 수신 신호세기가 낮은 순서로 결정되는 것을 특징으로 한다.",H04W72/569;H04W72/542;H04W88/04;H04W28/0268;H04W24/10;H04W72/1242;H04W72/1231,LG ELECTRONICS INC,20150405,2016,US;WO,3,True,False,True
57126013,US-2018124633-A1,Method and apparatus for controlling relay traffic in wireless communication system supporting d2d communication,D2d 통신을 지원하는 무선 통신 시스템에서 중계 트래픽 제어 방법 및 장치,"The present disclosure relates to a 5G or pre-5G communication system for supporting a higher data rate beyond a 4G communication system such as LTE. A method for controlling relay traffic by a base station in a wireless communication system supporting device to device (D2D) communication according to an embodiment of the present invention comprises checking whether received traffic is relay traffic; if the received traffic is the relay traffic, identifying a port number in each cluster of the relay traffic; determining the priority of the relay traffic according to the port number; and transmitting, to a relay terminal, a packet based on the determined priority.","본 개시는 LTE와 같은 4G 통신 시스템 이후 보다 높은 데이터 전송률을 지원하기 위한 5G 또는 pre-5G 통신 시스템에 관련된 것이다. 
본 발명의 실시 예에 따른 방법은, D2D(device to device communication) 통신을 지원하는 무선 통신 시스템에서의 기지국에서 중계 트래픽 제어 방법에 있어서, 수신된 트래픽이 중계 트래픽인지 여부를 확인하는 과정; 중계 트래픽일 경우, 상기 중계 트래픽의 각 클러스트 내 포트 넘버를 확인하는 과정; 상기 포트 넘버에 따라서 상기 중계 트래픽의 우선순위를 결정하는 과정; 및 상기 결정된 우선순위가 반영된 패킷을 중계 단말로 전송하는 과정을 포함한다.",H04W76/00;H04W28/02;H04W72/56;H04W72/566;H04W28/0268;H04W40/22;H04W76/12;H04W76/20;H04W88/04;H04W72/10;H04W72/1247;H04W72/569;H04W28/0263,SAMSUNG ELECTRONICS CO LTD,20150413,2016,KR;US;WO,5,True,False,True
57150041,CN-106034301-A,Node-characteristic-based clustering method in ad-hoc network,,"The invention discloses a node-characteristic-based clustering method in an ad-hoc network, comprising steps of dividing default clusters and distributing cluster ID and appointing cluster heads based on cluster identity characteristics and distributing intra-cluster IDs on the basis of node identity characteristics and node priority. Each cluster occupies a public control area to broadcast the cluster information and monitors information of the adjacent cluster; the intra-node of each cluster occupies an intra-cluster control area to broadcast the node information and monitors information of the adjacent node; the node enters an isolation state after leaving the cluster; and the node in the isolation state obtains cluster information around, chooses a target cluster and accesses through monitoring the cluster broadcast or the node broadcast.",,,BEIJING XINWEI TELECOM TECH INC,20150314,2015,CN,1,False,False,True
57150657,CN-106034304-A,Method for realizing wireless ad hoc network,,"The invention provides a method for realizing a wireless ad hoc network. The wireless ad hoc network is used for dividing in-cluster and inter-cluster control information to different areas in a wireless frame structure. Furthermore a control area and a data area which are specialized for each broadcast service are divided in the wireless frame structure. The method realizes overall scheduling on different types of services with different priorities through a specific frame structure. Furthermore through reserving a specialized control resource area and a data resource area for the high-priority broadcast service, service priority insurance is realized.",,,BEIJING XINWEI TELECOM TECH INC,20150310,2015,CN,1,False,False,True
57150687,CN-106034305-A,Clustering method based on node identity characteristic in ad-hoc network,,"The invention discloses a clustering method based on a node identity characteristic in an ad-hoc network. The clustering method comprises steps of dividing default clusters based on node identity characteristics and distributing cluster ID and appointing a cluster head, determining a node priority and a cluster priority based on a node identity characteristic. The node has an only node ID of the whole network and an only intra-cluster ID in the cluster; the intra-cluster ID is distributed by the cluster head where the intra-cluster ID is positioned based on the node identity characteristic and a node priority; each cluster occupies a public control area to broadcast cluster information and monitors adjacent cluster information; the cluster information at least comprises: a cluster ID and the intra-cluster ID of the cluster head; the intra-node of each cluster occupies an intra-cluster control area to broadcast the node information and monitor the adjacent node information; and the node information at least comprises the intra-cluster ID.",,,BEIJING XINWEI TELECOM TECH INC,20150314,2015,CN,1,False,False,True
57150976,CN-106034359-A,Speaking right preemption method of cluster service in ad-hoc network,,"The invention provides a speaking right preemption method of a cluster service in an ad-hoc network. The method comprises the following steps of a calling node sends a speaking right preemption message before initiating the cluster service; other nodes receive the speaking right preemption message and forward; and the calling node successfully preempts a speaking right if the calling node does not receive the speaking right preemption messages of other calling nodes in a period of time. By using the method of the invention, a conflict of the cluster service in the ad-hoc network where a center node does not exist can be avoided; during a speaking right preemption process, a proper priority determination mechanism is applied to realize speaking right guarantee of a high priority node under the condition that there is no center scheduling node or realize that several nodes with the same priority acquire a speaking right priority in a time sharing mode.",,,BEIJING XINWEI TELECOM TECH INC,20150316,2015,CN,1,False,False,True
57164889,KR-20160115570-A,Method and apparatus for operating buffer state report in wireless communication system,무선 통신 시스템에서 버퍼상태보고 운용 방법 및 장치,A method and an apparatus to operate periodic buffer state report in a wireless communication system that supports device to device (D2D) communication are provided. The method to operate buffer state report by a terminal in a wireless communication system that supports D2D communication comprises: a step of receiving an uplink grant from a base station; a step of controlling a priority of proximity based service (ProSe)-BSR media access control (MAC) control elements if there is no available data to be able to be transmitted through a sidelink; a step of configuring the ProSe-BSR MAC control elements based on the controlled priority; and a step of transmitting the configured ProSe-BSR MAC control elements to the base station.,"단말간 통신을 지원하는 무선 통신 시스템에서 주기적 버퍼상태보고 운용 방법 및 장치를 제공한다. 단말간(D2D: Device to Device) 통신을 지원하는 무선 통신 시스템에서 단말에 의한 버퍼상태보고(BSR: Buffer State Report) 운용 방법은 기지국으로부터 상향링크 그랜트(uplink grant)를 수신하는 단계, 사이드링크(sidelink)를 통해 전송 가능한 데이터가 존재하지 않는 경우, ProSe(Proximity based Service)-BSR MAC(Media Access Control) 제어요소의 우선순위를 조절하는 단계, 상기 조절된 우선순위를 기반으로 상기 ProSe-BSR MAC 제어요소를 구성하는 단계 및 상기 구성한 ProSe-BSR MAC 제어요소를 상기 기지국으로 전송하는 단계를 포함할 수 있다.",H04W72/14;H04W72/1242;H04W76/023;H04W28/0278,INNOVATIVE TECH LAB CO LTD,20150327,2015,KR,1,False,False,True
57169085,CN-106060837-A,High-density WI-FI covering method,,"The invention discloses a high-density WI-FI (Wireless Fidelity) covering method, and relates to the technical field of communication. The method comprises a WI-FI module group, wherein the WI-FI module group comprises a microprocessor and a WI-FI module, and an ad-hoc network wireless communication module is also arranged on the WI-FI module group. The WI-FI module feeds situations of channel bandwidth back to the microprocessor in real time after a WI-FI terminal is connected to the WI-FI module group, the microprocessor allows the WI-FI terminal to be connected to a network directly through the WI-FI module if the channel bandwidth is expedite, and the microprocessor transfers data of the WI-FI terminal to the ad-hoc network wireless communication module if the channel bandwidth is crowded; and the ad-hoc network wireless communication module sorts WI-FI terminals automatically, and allows the WI-FI terminals to sequentially access the network according to priority values. In comparison with the prior art, the method is applicable to a WI-FI high-density scenario, and when a large number of WI-FI terminals need network connection, the ad-hoc network wireless communication module manages the WI-FI terminals to allow the WI-FI terminals to be connected orderly, keep a WI-FI channel to be expedite, and allow a large number of WI-FI terminals to access the network rapidly in batches.",,H04W28/0289;H04W74/04;H04W84/18;H04W16/18;H04W72/53;H04W72/56,NINGBO YINZHOU FUCHUANG INTELLIGENT TECH CO LTD,20160623,2016,CN,1,False,False,True
57247867,WO-2016181547-A1,Wireless communication system,,"Provided is a wireless communication system having a destination device, a transmission source device for transmitting data to the destination device and supporting device-to-device (D2D) communication, and a plurality of terminal devices supporting D2D communication. The transmission source device transmits a discovery signal to the plurality of terminal devices. Each of the plurality of terminal devices calculates a priority value on the basis of at least one of the received electric power of the discovery signal transmitted from the transmission source device, the received electric power of a reference signal transmitted from the destination device, the remaining battery capacity of the host device, the number of D2D nodes adjacent to the host device, and the interference received from the D2D nodes adjacent to the host device. Each of the plurality of terminal devices transmits the respective priority values to the transmission source device. The transmission source device selects a terminal device for relaying data from among the plurality of terminal devices on the basis of the priority value received from the one or more terminal devices.",,H04W92/18;H04W84/18;H04W40/02;H04W48/08;H04W40/24;H04W88/04;H04W40/12;H04W40/10;H04W40/22;Y02D30/70;H04W8/005,FUJITSU LTD,20150514,2015,EP;WO,2,False,False,True
57576142,KR-101682350-B1,Led illumination system and method for controlling them,엘이디 조명 시스템 및 그 제어 방법,"The present invention relates to a light emitting diode (LED) lighting system and a control method thereof, capable of operating an LED lighting system irrespective of position by using a user terminal. According to the present invention, the system comprises multiple LED lamps including: an LED array including one or more LEDs interlocked with input power to emit light; a power management unit controlling supply power to input the supply power to the LED array; a control unit to control the power management unit in response to a user setting signal through a user terminal; an wireless communication module to transmit a received wireless communication signal to the control unit and transmit information received from the control unit through a wireless communication signal. Each wireless communication module of each LED lamp forms a mesh node for forming a wireless mesh network and a bridge mode is activated in one or more mesh nodes among the mesh nodes. The mesh mode in the activated bridge mode transmits a distance from the user terminal and ranking information for connection with the user terminal corresponding to an own traffic in response to a control signal received from the user terminal and compares ranking information received from the surrounding mesh nodes in the activated bridge mode with the own ranking information to generate a rank. The mesh mode in the activated bridge mode excludes itself from the ranking for the connection with the user terminal when the generated ranking is not a priority ranking, and is operated as a bridge node for connecting the user terminal and the wireless mesh network when the generated ranking is the priority ranking.","본 발명은 입력 전원에 연동하여 광을 조사하는 하나 이상의 엘이디 소자로 이루어지는 엘이디 어레이, 공급 전원을 제어하여 엘이디 어레이로 입력하는 전원 관리부, 사용자 단말을 통한 사용자 설정 신호에 대응하여 전원 관리부를 제어하는 제어부, 및 수신되는 무선통신 신호를 제어부로 전송하며, 제어부로부터 수신되는 정보를 무선통신 신호로 송출하는 무선통신 모듈을 포함하는 다수의 엘이디 램프로 구성되며, 엘이디 램프들의 각각의 무선통신 모듈은 무선 메시 네트워크를 형성하기 위한 메시 노드를 형성하고, 메시 노드들 중 적어도 하나 이상의 메시 노드는 브리지 모드가 활성화되며, 브리지 모드가 활성화된 메시 노드는, 사용자 단말로부터의 제어 신호에 대응하여 사용자 단말과의 거리 및 자신의 트래픽에 대응하는 사용자 단말과의 접속을 위한 순위 정보를 송출하고, 주변의 브리지 모드가 활성화된 메시 노드로부터 수신되는 순위 정보를 자신의 순위 정보와 비교하여 순위를 생성하며, 생성된 순위가 우선 순위가 아니면 사용자 단말과의 접속을 위한 순위에서 자신을 제외하고, 생성된 순위가 우선 순위이면 사용자 단말과 무선 메시 네트워크의 접속을 위한 브리지 노드로 동작하는 것을 특징으로 하는 엘이디 조명 시스템에 관한 것이다.",H04W84/18;H05B47/105;H05B47/1965;H05B37/0218;H05B37/0245;H05B37/0227;H05B37/0272;H04W24/02;H05B47/19;H05B45/00;Y02B20/30,SAMJIN LND CO LTD,20160407,2016,KR;WO,2,True,False,True
57584926,WO-2016207890-A2,Smart home system,,"A method for managing transmission priority of data transmission from a base node in a mesh network, having a plurality of neighboring nodes, to a destination, is provided. The method includes receiving data at the base node the data including execution data and destination data, the destination data being related to the destination of the execution data; transmitting the data from the base node to each of the neighboring nodes, the transmitting can be carried out by a dedicated transmission mode for each of the neighboring nodes in an order determined in accordance with a transmission rating of each of the neighboring nodes, the transmission rating being related to previous transmissions; receiving at the base node a receipt acknowledgment from a neighboring node which successfully delivered the data to the destination; and adjusting the transmission rating of the neighboring node in accordance with the delivery acknowledgment.",,H04W72/569;H04L2012/2841;H04W84/18;H04W28/0231;H04L12/2838;H04W8/005;H04L12/282,DNG TECH LTD,20150622,2016,EP;US;WO,4,False,False,True
57601864,US-10382904-B2,Method and apparatus for providing service in a wireless communication system,,"A method and an apparatus for providing a service in a wireless communication system are disclosed. The method and apparatus are directed to converging a 5th-generation (5G) communication system for supporting higher data rates beyond a 4th-generation (4G) system with a technology for Internet of things (IoT). The apparatus includes a terminal in the wireless communication system. The terminal includes a transceiver configured to transmit and receive a signal, and a processor configured to receive a first service request related to mission critical push to talk over LTE (MCPTT) over long term evolution (LTE), determine whether a first service corresponding to the first service request and a second service request being currently performed are simultaneously provided, and process the first service and the second service based on a priority of each of the service, services if the first service and the second service are not simultaneously provided.",,H04W76/45;H04W4/90;H04W4/10,SAMSUNG ELECTRONICS CO LTD,20150629,2016,US;WO,3,True,False,True
57713129,CN-106304394-B,A kind of adaptive scheduling optimization method based on MIMO heterogeneous ad hoc network,,"Adaptive scheduling optimization method based on MIMO heterogeneous ad hoc network, by distributed scheduling algorithm respectively in connection with centralized SCMA algorithm and distribution SCMA algorithm, so that distributed scheduling algorithm is not only the priority transmission considered between node during considering link transmission data, channel status, antenna number, the information such as data flow are sent to select different transmission modes, moreover it is contemplated that interference of the link after selecting different transmission modes during transmitting data between link, find the optimal scheme of each link transmission with the race condition difference of other links during transmission according to each link, to be better able to guarantee the reliability of transmitting data stream, improve communication quality.",,H04W72/541;H04B7/0413;H04L5/0035;H04W74/08;H04W72/0446;H04W84/18,,20160919,2016,CN,2,True,False,True
57737420,KR-20160150563-A,Method of managing resources of public safety network,재난 통신망의 자원 관리 방법 및 그 장치,"Disclosed are a resource management method of a disaster communication network and a device thereof. The resource management device comprises the following steps of: calculating importance of at least one user terminal in a predetermined region by using at least one of a class of a user, activity content, and a distance from a disaster occurrence region; calculating a priority of each user terminal based on the importance of the user terminal and a resource requirement amount; and sequentially allocating resources to the user terminal within the range of a resource capacity of a base station based on the priority.","재난 통신망의 자원 관리 방법 및 그 장치가 개시된다. 자원 관리 장치는 사용자의 계급, 활동 내용 및 재난 발생 지역과의 거리 중 적어도 하나를 이용하여 일정 지역 내 적어도 하나 이상의 사용자 단말의 중요도를 산출하고, 사용자 단말의 중요도와 자원 요구량을 기초로 각 사용자 단말의 우선순위를 산출한 후, 우선순위를 기초로 기지국의 자원 용량의 범위 내에서 순차적으로 사용자 단말에게 자원을 할당한다.",H04W72/10;H04W72/1247;H04W72/0453,KWANGWOON UNIV INDUSTRY-ACADEMIC COLLABORATION FOUND;KOREA RADIO PROMOTION ASS;MYONGJI CLOOEGE,20150622,2015,KR,1,False,True,False
57832429,EP-3314931-A1,Method and apparatus for providing service in a wireless communication system,,"A method and an apparatus for providing a service in a wireless communication system are disclosed. The method and apparatus are directed to converging a 5th-generation (5G) communication system for supporting higher data rates beyond a 4th-generation (4G) system with a technology for Internet of things (IoT). The apparatus includes a terminal in the wireless communication system. The terminal includes a transceiver configured to transmit and receive a signal, and a processor configured to receive a first service request related to mission critical push to talk over LTE (MCPTT) over long term evolution (LTE), determine whether a first service corresponding to the first service request and a second service request being currently performed are simultaneously provided, and process the first service and the second service based on a priority of each of the service, services if the first service and the second service are not simultaneously provided.",,H04W76/45;H04W4/90;H04W4/10,SAMSUNG ELECTRONICS CO LTD,20150629,2016,CN;EP,2,False,False,True
57833534,CN-106412794-A,Resource distribution method and device,,"The embodiment of the present invention relates to the wireless communication technology field, in particular to a resource distribution method and device used for solving the problem in the prior art that by a resource distribution mode of the device-to-device (D2D) communication base station scheduling, the data packet priority scheduling based on D2D communication can not be realized. According to the embodiment of the present invention, a network-side device notices the first correspondence relation of the priority per packet (PPP) and the LCG ID of each destination address to a terminal, and according to the first correspondence relation, the PPP corresponding to the LCG ID of each destination address in a sidelink buffer status report (BSR) MAC CE is determined; according to the determined PPP and the buffer status information corresponding to the LCG ID of each destination address in the sidelink buffer status report (BSR) MAC CE, resources are distributed to each destination address of the terminal. According to the embodiment of the present invention, the situation that resources are distributed to each destination address of the terminal according to the PPP, is realized, thereby improving the performance of a system.",,H04L69/168;H04W72/04;H04W28/0278;H04W72/51;H04W72/21;H04W92/18;H04W72/25;H04W72/569,CHINA ACADEMY TELECOMMUNICATIONS TECHNOLOGY,20150721,2015,CN,2,True,False,True
57884714,US-2018199229-A1,Method for transmitting information on priority for d2d link with relay ue in wireless communication system and apparatus therefor,,A method for transmitting a protocol data unit (PDU) by a user equipment (UE) via a device to device (D 2 D) link at a relay user equipment (UE) in a wireless communication system is disclosed. The method includes steps of receiving the PDU from a remote UE via the D 2 D link; identifying a priority of a service data unit (SDU) from a payload included in the PDU; allocating the SDU to a bearer corresponding to the priority; and transmitting the SDU via the allocated bearer to a network.,,H04W72/56;H04W72/02;H04W28/02;H04W72/569;H04W88/04;H04W4/70;H04W28/0268;H04W28/0221;H04W76/14;H04W72/1242,LG ELECTRONICS INC,20150726,2016,US;WO,2,False,False,True
57908741,US-9564041-B1,Method and apparatus for securing a facility,,"Method and apparatus for a security alert system for communicating a security event to users by means of a full mesh network topology. The mesh network includes a plurality of remote units, receiver units, emergency box units, and teacher/hallway units strategically placed throughout a facility. Each remote unit has a plurality of buttons thereon wherein a button is designated for a specific type of problem, for example, an intruder, a gun carrying intruder, a medical emergency, or a fight. If a user presses one of the designated buttons the other members of the mesh network, including a receiver unit being monitored by security personnel, are immediately notified of the type and the location of the problem within the facility.",,G08B5/22;G08B25/009;G08B25/12;G08B25/016,DEDEAUX CLIFTON EUGENE,20150126,2015,US,1,True,False,True
57943150,WO-2017022958-A1,Method for receiving a priority for relay data in a d2d communication system and device therefor,,"The present invention relates to a wireless communication system. More specifically, the present invention relates to a method and a device for receiving a priority in a D2D communication system, the method comprising: receiving an RRC signal for configuring a radio bearer for relay packet reception with a downlink logical channel priority for the radio bearer; and configuring the radio bearer corresponding to the downlink logical channel priority based on the RRC signal, wherein a relay packet received from the radio bearer is transmitted to a second UE based on the downlink logical channel priority.",,H04L1/00;H04W88/04;H04L1/1887;H04W4/70;H04L1/1896;H04W76/10;H04W28/02;H04W76/14;H04L5/0053;H04L1/18,LG ELECTRONICS INC,20150806,2016,US;WO,3,True,False,True
57946181,JP-2017028442-A,Vehicle communication system,,"PROBLEM TO BE SOLVED: To provide a vehicle communication system capable of suitably relaying transmission data even when a communication failure has occurred in the course of relay operation for the transmission data.SOLUTION: A relay candidate communication terminal 10, when having determined that transmission of transmission data is successful, raises priority of a priority table T. One relay candidate communication terminal 10, when having determined that another relay candidate communication terminal 10&#39;s transmission of transmission data is successful, lowers priority of a priority table T of the one relay candidate communication terminal 10. Thereby, when a communication failure has occurred in a communication path between a transmission source communication terminal 10 and a transmission destination communication terminal 10, it is made to be possible to preferentially use a communication path having high communication possibility from a plurality of communication paths for performing relay bypassing a communication path in which the communication failure has occurred.SELECTED DRAWING: Figure 3",,Y02D30/70,YAZAKI CORP,20150721,2015,JP,1,False,False,True
57990989,KR-101699435-B1,Disaster indoor communication system with wireless communication network and the communication method thereof,무선네트워크부를 구비한 실내 재난 통신 시스템 및 실내 재난 통신 방법,"The present invention relates to an indoor disaster communication system equipped with a wireless network part and an indoor disaster communication method, which enable indoor disaster communication to be performed without discontinuation of communication even in a disaster situation, such as sinking or fire of a structure having a complex indoor constitution, such as a ship or a building. The indoor disaster communication system equipped with a wireless network part comprises a wireless network part which includes a plurality of wireless network nodes configured to selectively perform radio wave communication and sound wave communication in order to switch communication to the sound wave communication when flooding occurs during performance of the radio wave communication and which provides local area communication service inside a structure. In case of occurrence of a disaster, such as flooding or fire inside a ship or a large-sized building, communication is prevented from being discontinued inside a structure, a location and situation of a rescuee can be identified by a rescuer via a gesture or emergency message, and stable local communication service can be provided in case of a disaster by configuring the wireless network part by using an infrastructureless ad hoc network, thereby providing an effect of considerably facilitating rescue of human lives in case of occurrence of a disaster.","본 발명은 선박 또는 건물 등의 복잡한 실내 구조를 가지는 구조물의 침몰, 화재 등의 재난 상황에서도 통신의 단절 없이 실내에서의 재난 통신을 수행할 수 있도록 하는 무선네트워크부를 구비한 실내 재난 통신 시스템 및 실내 재난 통신 방법에 관한 것으로, 
상기 무선네트워크부를 구비한 실내 재잔 통신 시스템은, 무선전파통신을 수행하는 과정 중 침수가 발생한 경우 음파통신으로 통신을 변경하도록 무선전파통신과 음파통신을 선택적으로 수행하는 다수의 무선네트워크노드들을 구비하여 구조물 내에서의 로컬영역 통신서비스를 제공하는 무선네트워크부;를 포함하여 구성되어, 
선박 또는 대형 건물 내에서의 침수, 화재 등의 재난 발생 시, 구조물 실내에서의 통신 단절을 방지하고, 제스처 또는 응급메시지를 통해 요구조자의 위치 및 상황을 구조자가 확인할 수 있도록 하며, 무선네트워크부를 인프라스트럭처를 구비하지 않는(infrastructureless) 애드 혹(ad hoc) 네트워크로 구성하는 것에 의해 재난 시에도 안정적인 국지적 통신서비스를 제공하며, 이에 의해 재난 발생 시의 인명 구조를 현저히 용이하게 하는 효과를 제공한다.",H04W40/18;H04W84/18;H04W4/003;G08B21/10;H04B11/00;H04W40/24;H04W4/22;G08B25/10;Y02A50/00;Y02D30/70,INDUSTRY-UNIV COOP FOUND SUNMOON UNIV,20150729,2015,KR,1,True,True,True
57995248,US-10841782-B2,Wireless service extension using D2D and method to determine communication path and emergency service,,"A method and devices for determining a communication path from a source wireless device to a destination device in a wireless communication network are provided. According to one aspect, a method includes discovering, at the source wireless device, wireless devices within communication range of the source wireless device. The method also includes determining, at the source wireless device, for each discovered wireless device, one of whether the discovered wireless device is the destination device and whether the discovered wireless device has wireless connectivity to a wireless base station. The method further includes including each discovered wireless device in a discovered wireless device list, and prioritize the list of discovered wireless devices.",,H04W76/14;H04W40/22;H04W76/50;H04W48/20;H04W88/04;H04W4/90;Y02D30/70;H04W8/005;H04W4/70,ERICSSON TELEFON AB L M,20170130,2017,EP;US;WO,4,True,False,True
58001536,CN-106412801-B,A kind of Video Multicast method communicated based on video frame structure and D2D,,"The invention discloses a kind of Video Multicast method communicated based on video frame structure and D2D, some Video Multicast service is stated in base station, and all interested users are added the service and form multicast cluster in cell；Using the transmission time of a basic unit GOP in Video coding as the period, base station is by video flowing multicast to user in cluster；After multicast sub-slots, user checks the information oneself received, and the serial number for the frame for having packet loss in GOP is reported to base station；Base station receives the feedback information of user, establishes sequence list according to the priority of multi-frame to be repaired, establishes the CQI matrix of D2D link between target frame ACK-devices, NACK-devices；Relay selection and grouping are carried out according to CQI matrix, calculates the time T that transmission objectives frame m needs m ；It is transmitted, deletes the serial number of current goal frame in sequence list.The present invention effectively overcomes multicast rate in multi-medium multi-packet broadcasting to be always subjected to the influence of worst fading channel in cluster, and video quality is largely improved in limited spectrum resources from user perspective.",,H04W40/22;H04W88/04;H04L1/1607;H04L1/1809;H04W4/06;H04L1/1887;H04L65/611,,20160831,2016,CN,2,True,False,True
58315250,KR-20170020122-A,,단말간 통신을 지원하는 무선통신 시스템에서 단말의 무선자원 운용 방법 및 장치,"Provided are a method and an apparatus for operating a radio resource of a terminal in a radio communication system for supporting device-to-device communication. The method comprises the processes of: setting a priority for each packet based on an application; checking a radio bearer (RB) by setting the priority; forming a logical channel by considering the checked RB; forming a buffer state report (BSR) on the logical channel, and transmitting the BSR; and transmitting data by receiving resource allocation information on the BSR.",단말간 통신을 지원하는 무선통신 시스템에서 단말의 무선자원 운용 방법 및 장치를 제공한다.,H04W72/0406;H04W72/1242;H04W28/0278,IP CUBE PARTNERS CO LTD,20150813,2015,KR,1,False,False,True
58386263,WO-2017052106-A1,Method for transmitting a buffer status report in a d2d communication system and device therefor,,"The present invention relates to a wireless communication system. More specifically, the present invention relates to a method and a device for transmitting a BSR in a D2D communication system, the method comprising: configuring a plurality of sidelink logical channels, wherein each of the plurality of sidelink logical channels is associated with one of a plurality of priorities, configuring a plurality of LCGs to which the plurality of sidelink logical channels belong, and transmitting a BSR using the one or more logical channel groups.",,H04W72/566;H04W72/569;H04W76/27;H04W76/14;H04W28/0278;H04L47/24,LG ELECTRONICS INC,20150924,2016,EP;US;WO,4,True,False,True
58535201,CN-106572497-B,Heuristic D2D resource allocation method based on proportional fairness algorithm,,"The invention relates to a heuristic D2D resource allocation method based on a proportional fairness algorithm, which comprises the following steps: calculating the priority of N D2D pairs when multiplexing different cellular user channels; under the constraint condition of ensuring the signal-to-interference-and-noise ratio threshold of the cellular user and the D2D pair, sorting the priority from high to low according to different D2D on different resource blocks, selecting one D2D pair for each resource block by a scheduler according to the sorted order, and judging whether the data rate requirement of the D2D pair is met; if so, the priority of the D2D pair is reduced, and resource blocks are allocated preferentially to the D2D pair whose rate requirement is not met. The invention can not only ensure the data rate requirement of the D2D pair, but also give consideration to fairness and system performance.",,H04W28/0215;H04W28/0231;H04W72/542,,20161103,2016,CN,2,True,False,True
58559452,WO-2017073944-A1,Method for triggering a sidelink buffer status reporting in a d2d communication system and device therefor,,"The present invention relates to a wireless communication system. More specifically, the present invention relates to a method and a device for triggering a sidelink buffer status reporting in a D2D communication system, the method comprising: configuring a plurality of ProSe destinations comprising a first ProSe destination including at least one first UE configured to receive data from the UE and a second ProSe destination including at least one second UE configured to receive data from the UE; receiving a first sidelink data for a first sidelink logical channel from an upper layer; receiving a second sidelink data for a second sidelink logical channel from the upper layer while the UE has the first sidelink data for the first logical channel, wherein the second logical channel has a higher priority than a priority of the first sidelink logical channel; and triggering a buffer status reporting the if the first sidelink logical channel and the second sidelink logical channel belong to a same ProSe destination.",,H04W72/56;H04W72/23;H04W72/569;H04W72/21;H04W4/80;H04W72/02;H04W28/0257;H04W92/18;H04B7/2637;H04W24/10;H04W88/02;H04W28/0215;H04W28/0278;H04W8/005;H04W4/70;H04L67/51;H04W28/0875;Y02D30/70,LG ELECTRONICS INC,20151027,2016,EP;US;WO,6,True,False,True
58645025,US-11356832-B2,Mission critical push to talk services,,"A method for enabling Mission Critical Push to Talk (MCPTT) services in a telecommunications network is presented. The method is performed by a mobile terminal (MT) and incudes receiving an imminent peril or emergency MCPTT call from at least one other MT, the call indicating an emergency state for the at least one other MT, determining a number of MTs indicating an emergency state, and raising an MCPTT emergency alert if the determined number of MTs indicating an emergency state exceeds a threshold. An MT, an escalation server, a computer program, and a computer program product are also presented.",,H04W76/45;H04W4/90;H04W4/10;H04W76/50,ERICSSON TELEFON AB L M,20170420,2017,EP;US;WO,4,True,True,True
58704945,KR-20170044898-A,VANET Warning Message Propagation Method for Electric Wave Blind Area,전파 음영지역에서의 vanet 경고 메시지 전달 방법,"The present invention relates to a vehicular ad-hoc network (VANET) warning message transmission method which can be used in a radio wave shadow area. More specifically, the present invention relates to a VANET warning message transmission technology using routing information and dividing the state of a node into a direct mode and a redirect mode to execute an operation. According to the present invention, the VANET warning message transmission method, which can be used in a radio wave shadow area, includes the steps of: receiving an initial warning message from an emergency occurrence node; checking whether a node is in an intersection area by checking whether the weight of the intersection is one or not; operating in redirect- mode when the weight of the intersection is not one; checking whether there is only a single node when the weight of the intersection is one; transmitting a warning message when there is only one node; checking which node has higher transmission priority when there is more than one node; and executing a warning message transmission process upon checking the node with the higher transmission priority and making other nodes with lower transmission priority wait.","본 발명은 전파 음영지역에서의 VANET 경고 메시지 전달 방법에 관한 것으로서, 더욱 상세하게는 라우팅 정보를 이용하면서 노드의 상태를 다이렉트 모드와 리다이렉트 모드로 이원화하여 동작하게 하는 VANET 경고 메세지 전달 기술에 관한 것이다. 

본 발명에 따른 전파 음영지역에서의 VANET 경고 메시지 전달 방법은 긴급 상황 발생 노드로부터 최초 경고 메시지를 수신하는 단계; 교차로 가중치가 1인지 확인하여 상기 노드가 교차로 영역에 있는지 확인하는 단계; 교차로 가중치가 1이 아닐 경우 리다이렉트 모드로 진행하는 단계; 교차로 가중치가 1인 경우에 한 개의 노드만 존재하는지 확인하는 단계; 노드가 한 개만 존재하는 경우, 경고 메시지를 전달하는 단계; 노드가 한 개만 존재하지 않는 경우, 높은 전달 우선순위인지 확인하는 단계; 높은 전달 순위로 확인되면 경고 메시지 전달 과정을 수행하고 높은 전달 순위가 아니면 대기하는 단계;로 진행되는 것을 특징으로 한다.",G08G1/161;G08B27/00;G08B25/016;B60W50/14;G08B25/14,YOUNGSAN UNIV IND ACAD COOP FOUND,20151016,2015,KR,1,False,False,True
58908163,CN-106714235-B,A kind of content request responses method based on D2D communications,,"A kind of this disclosure relates to content request responses method based on D2D communications.In the method that the disclosure proposes, the content requests that base station prioritizing selection sends node are transmitted to the neighbor node processing of node, and in no neighbor node or in the case where neighbor node is unable to timely processing, the node for sending content requests is connected with server.The content of request is preferentially obtained from neighbor node accordingly, as the node of request, when the content of request can not be obtained from neighbor node, is just obtained by base station from server；As the node for storing request content after the neighbor node that reception base station forwards is to the request of content, actively establish a connection and initiate D2D communications.This content request responses method being applied between base station and node can be effectively reduced the delay that intelligent movable equipment obtains institute&#39;s request content, mitigate base station communication bandwidth pressure.",,H04W28/08;H04W28/0215,,20170109,2017,CN,1,True,False,True
59014724,US-10536956-B2,Interference management in wireless mesh networks,,"A unified frame structure for communicating in a synchronous and slotted mesh network is provided. Nodes within the mesh network are designated as primary and secondary nodes. For each transmission, a primary node may first send scheduling information to secondary nodes associated with the primary node. The receiver of the scheduled link may send a clear-to-send signal. For uplink scheduled transmissions, the receiver is the primary node. For downlink scheduled transmissions, the receiver is a secondary node. The transmitter of the scheduled link may receive the CTS signal from one or more proximate receivers, including a receiver associated with the scheduled transmission as well as other receivers not associated with the scheduled transmission. The transmitter of the scheduled link may estimate the signal to interference-plus-noise ratio of other links that are of higher priority and may then determine whether to yield or power back off the scheduled transmission.",,H04W52/281;H04W72/542;H04W72/56;H04W72/20;H04W72/569;H04W72/1273;H04W74/0816;H04W56/001;H04W84/18;H04W72/1231;H04W72/1242,QUALCOMM INC,20160621,2016,US;WO,3,True,False,True
59232358,JP-2017118313-A,"Program, communication apparatus and communication method",,"PROBLEM TO BE SOLVED: To use an infrastructure that is different from an associated communication system and implements emergency alert broadcasting, in order to detect occurrence of a situation in which an ad hoc network should be constructed in the communication system.SOLUTION: A program of the present invention functions a computer as: radio communication means 1 for implementing radio communications with a preset destination by controlling hardware that performs radio communications; fault detection means 2 by which, in the case where a communication with a preset destination is interrupted for a fixed time or in the case where it is confirmed fixed times that the communication with the preset destination is failed, fault occurrence is judged; ad hoc network construction means 3 for constructing a network through multihop communications by directly communicating with an external terminal in the case where the fault detection means judges the fault occurrence; and an information sharing application 4 that operates on the network and shares a surrounding disaster situation or a rescue requirement with the external terminal.SELECTED DRAWING: Figure 1",,,NEC CORP,20151224,2015,JP,1,False,True,True
59426945,US-10728955-B2,Method for forming dynamic bridge node of wireless mesh network,,"A method for forming a dynamic bridge node of a wireless mesh network is provided. The method includes enabling a bridge mode of at least one of the mesh nodes in correspondence to a mutual coverage, when a signal corresponding to a connection source is received from the external network, transmitting, by the mesh node having the enabled bridge mode, rank information for connection to the external network with reference to a distance to the connection source and the mesh node&#39;s own traffic, comparing rank information received from a neighboring mesh node having an enabled bridge mode with the mesh node&#39;s own rank information, and generating an order of priority for connection to the external network. The mesh node with the highest order of priority operates as a bridge node for connection of the external network and the wireless mesh network.",,H04W72/563;H04W72/566;H04W72/52;Y02D30/70;H04W84/22;H04W48/18;H04W40/18;H04W84/18;H04W24/02;H04W92/02;H04W40/24;H04W40/02;H04W88/10;H04W72/1252;H04W72/06;Y02D70/22;Y02D70/20;H04W72/1247;Y02D70/30,SAMJIN LND CO LTD,20160427,2017,US,2,True,False,True
59427622,KR-20170083777-A,Method and Apparatus for Public safety users priority based time and energy efficient D2D discovery in 3GPP LTE-A system,3gpp lte-a 시스템에서 공공안전 사용자 우선순위 기반 시간　및　에너지 효율적인 d2d 검색 방법 및 장치,,"본 발명에서 제안하는 3GPP LTE-A 시스템에서 공공안전 사용자 우선순위 기반 시간　및　에너지 효율적인 D2D 검색 방법 및 장치가 제시된다. 본 발명에서 제안하는 3GPP LTE-A 시스템에서 공공안전 사용자 우선순위 기반 시간　및　에너지 효율적인 D2D 검색 방법은 DPUs 및 DNPU를 네트워크 커버리지 영역 내에 배치하고, 파라미터들을 초기화하는 단계, 공공안전 사용자 우선순위에 기반하고, 상기 DPUs의 수에 따라 동적으로 조정하여 상기 DPUs 및 상기 DNPUs에 대한 검색 자원 블록을 할당하는 단계, 채널 액세스에 대한 경쟁 정도에 따른 스위칭 방식을 이용하여 상기 DPUs 간에 자원을 할당하는 단계를 포함한다.",H04W72/1247;H04W72/0486;H04W8/005;H04W76/007;H04W74/08;H04W72/048;Y02D30/70,UNIV INHA RES & BUSINESS FOUND,20160111,2016,KR,2,True,True,False
59444833,CN-107018549-B,Wireless temperature measurement sensor network for transformer substation and networking working method thereof,,"A wireless thermometric sensor network for a substation, the apparatus comprising: the system comprises bottom temperature measurement sensor nodes, upper routing nodes, a gateway and a monitoring station. Data collected by the bottom wireless temperature measuring sensor node are sent to the routing node through the bottom ad hoc network, and the routing node sends the data to the gateway through the ZigBee network for corresponding processing so as to complete data acquisition and processing. The bottom layer ad hoc network adopts a SUB-G frequency band ad hoc network protocol, a ZigBee network is adopted among the router nodes, and in order to reduce the times of backoff required for the successful access of a single sensor node to a channel, the nodes adopt a CSMA/CA channel access mode based on a time slot division mechanism. Meanwhile, in order to find the optimal path in the ZigBee protocol network, a path priority routing algorithm with the lowest packet loss rate is adopted, and the shortest routing path is determined according to the packet loss rate of the total path.",,Y02D30/70;G08C17/02;H04W84/18;G06F13/4282;H04W40/12;H04W74/0808;G01K13/00,,20170329,2017,CN,1,True,False,True
59500786,CN-114900278-B,V2X terminal time-frequency synchronous transmitting and receiving processing method and device,,"The application discloses a method and a device for transmitting and receiving time-frequency synchronization of a V2X terminal, wherein the method comprises the steps of reusing time-frequency resources of a D2D terminal configured in a cell to transmit the synchronization signal when the synchronization signal to be transmitted is the same as the synchronization signal of the existing D2D terminal, adopting the reconfigured time-frequency resources to transmit the synchronization signal when the transmitted synchronization signal is different from the synchronization signal of the existing D2D terminal, and marking a corresponding synchronization source type by using SLSS sequence indexes and/or values of PSBCH (packet broadcast channel) designated fields in the synchronization signal transmitted by the V2X terminal. For a V2X terminal receiving the synchronous signal, determining the type of the synchronous source according to the received synchronous signal, and further selecting a reference synchronous source according to the detected synchronous source and the set priority. According to the application, the time-frequency synchronization between terminals in the V2X communication environment can be supported with smaller modification cost aiming at the prior art.",,H04W84/18;H04W84/00;H04W56/002;H04W48/12;H04W4/40;H04W76/14;H04W72/04;H04W56/0015;H04W56/001;H04L5/0048,,20160205,2016,CN;WO,3,True,False,True
59542859,CN-107046461-B,V2X terminal time-frequency synchronization sending and receiving processing method and device,,"The application discloses a method and a device for transmitting and receiving processing of V2X terminal time frequency synchronization, wherein the method comprises the following steps: when the synchronization signal to be sent is the same as the synchronization signal of the existing D2D terminal, reusing the time-frequency resource of the D2D terminal configured in the cell to send the synchronization signal; under the condition that the sent synchronization signal is different from the synchronization signal of the existing D2D terminal, sending the synchronization signal by adopting the reconfigured time-frequency resource; in the synchronization signal transmitted by the V2X terminal, the corresponding synchronization source type is indicated by the SLSS sequence index and/or the PSBCH specific field value. For the V2X terminal receiving the synchronization signal, the type of the synchronization source is determined according to the received synchronization signal, and the reference synchronization source is further selected according to the detected synchronization source and the set priority. According to the invention, the time-frequency synchronization between the terminals in the V2X communication environment can be supported with smaller modification cost aiming at the prior art.",,G01S19/24;H04W4/40;H04W48/12;H04W56/002;H04W56/0015;H04L5/0048;H04W76/14;H04W56/00;H04W84/00;H04W84/18,,20160205,2016,CN;EP,3,True,False,True
59598560,CN-107071860-A,A kind of Long Term Evolution LTE public safety networks admittance control method and device,,"The embodiments of the invention provide a kind of Long Term Evolution LTE public safety networks admittance control method and device, the first incremental loading produced by the user&#39;s call request for determining to receive to communication system；The channel quality of channel and the present load of communication system are used further according to user&#39;s call request, first incremental loading is modified, obtain the second incremental loading revised to the first incremental loading, channel quality is lower, the present load of communication system is higher, the amendment amplitude for correcting the first incremental loading is bigger, and revised second incremental loading is bigger compared to the first incremental loading；When the present load of the second incremental loading and communication system and, during less than or equal to predetermined threshold value, accessing user&#39;s call request；So as to the preferable call request of priority access channel quality, it is to avoid the poor call request of channel quality takes limited Radio Resource and causes the wasting of resources, improves the utilization rate of limited wireless resources, improves the saturation of communication system.",,H04W48/06;H04W72/52;H04W72/542,UNIV BEIJING POSTS & TELECOMM,20170215,2017,CN,1,False,True,False
59738321,CN-109716823-A,Outdoor lighting network as an emergency connection infrastructure,,"An Outdoor Lighting Network (OLN) is disclosed as a complementary or emergency communication infrastructure for smart city systems. The OLN may integrate light points within the network as receivers that are switched from a standard OLN communication protocol to a D2D-based protocol when the primary smart city system communication network is switched off, wherein each communication protocol includes a respective message prioritization method. The disclosed aspects additionally include methods and apparatus for implementing an outdoor lighting network that can act as a D2D network in the event of a primary communication failure to pass messages from smart city system field devices through a converted D2D OLN network and to a smart city system central manager for proper processing and distribution of smart city system field device communications.",,H04W40/00;H04W24/04;H04W84/10;H05B47/196;H05B47/19;Y02B20/40,PHILIPS LIGHTING HOLDING BV,20160829,2017,CN,2,True,True,False
60040158,US-2026046748-A1,Worker safety system,,"A computer-implemented method for providing locating and exposure monitoring includes receiving data indicating a safety event and a first location from a first device and receiving a second location from a second device. The method includes transmitting an alert and the data indicating the safety event to the second device when the second location is within a predetermined distance from the first location, wherein the second device relays the alert and/or a gas reading to at least one peer device in a mesh network joined by the second device.",,H04W84/18;H04W56/0015;H04W52/0235;H04B1/713;G06K7/10297;Y02D30/70;H04W4/80;H04W84/20;H04W48/16;H04W48/10,IND SCIENT CORP,20160419,2025,US,1,False,False,True
60496317,CN-107454578-A,A kind of urgent call warning system and method,,"The present invention provides a kind of urgent call warning system and method, can conveniently be matched with existing communication terminal, enhancing and expansion distress signal, realizes actively timely call alerts.Said system includes some warning devices, and warning device includes processor, and antenna, bandpass filter, reception of wireless signals unit, wireless signal transmitting element, holder, data exchange interface, signal, which is sent, to be switched.The above method includes：System initialization；Warning message is sent out by initiative alarming device；Warning message is sent at setting object by corresponding communication terminal；Standby warning device receives warning message in warning system, is automatically controlled by corresponding processor and opens wireless signal transmitting element, forwards the warning message received；At least three warning devices for receiving warning message form ad-hoc network in warning system, position initiative alarming device by alarm signal, complete alarm.",,H04W4/90;Y02D30/70,YAN HONGLIN,20170913,2017,CN,1,False,False,True
60915563,US-2021273848-A1,Alert and disaster management system and method for operating such a system,,"The alert and disaster management System (100) comprises: at least one radiocommunication terminal (105), the terminal comprising: a means (106) for communicating, via a data network, with a central computer system, —a sensor (110) for sensing a value of a physical variable that is representative of the operation of the network connected to the terminal, a means (115) for determining a network failure according to the captured value, a transmitter (120) of radio signals in the event a failure is determined and —the central computer system (300), connected via the data network to at least one terminal, comprising: a memory (304) of geographical positioning information of at least one terminal, a detector (305) for detecting network connection anomalies between the computer system and at least one terminal, a means (310) of providing an alert in the event of an anomaly, a means (315) of providing a piece of information that represents the stored positioning of at least one said terminal having a network connection anomaly and at least one mobile radiocommunication receiver (125) configured to receive the radio signals transmitted by at least one terminal.",,H04W4/029;G08B21/10;H04W24/04;G08B25/14;H04J3/0635;H04L41/0677;G08B25/08;H04W84/06,FAYARD THIERRY,20171117,2017,EP;US;WO,3,False,True,True
60996890,US-10708928-B2,Methods and systems for transmission control in network supporting mission critical services,,"A method and a system for transmission control in a network supporting MC services are provided. The method includes associating a predefined priority to a data transmission request from a communication device, availing MC services, based on type of the data transmission request. The type of the data transmission request is classified in at least one arbitration category. Further, the method includes managing flow of data associated with the data transmission request in the network based on the associated predefined priority.",,H04W72/56;H04L47/36;H04L47/2433;H04W4/10;H04W4/90;H04W72/10,SAMSUNG ELECTRONICS CO LTD,20160722,2017,US;WO,5,True,False,True
61220250,CN-107733730-B,Network topology self-healing method based on dynamic priority,,"The invention belongs to the technical field of broadband ad hoc networks, and relates to a network topology self-healing method based on dynamic priority, which comprises the following steps: a1, starting the nodes, constructing a TDMA star network taking the main node as the center, starting a self-healing priority evaluation and generation mechanism by the main node, and initializing self-healing priorities by the child nodes; a2, the main node broadcasts self-healing priority parameters to all the child nodes in each superframe; a3, the child node loads the broadcast timeout timer value; a4, the child nodes count down the broadcast overtime, and simultaneously monitor the broadcast signals, if the timer is overtime, the child nodes do not receive the broadcast signals of the main node, and the child nodes start a self-healing mode; and A5, the child node receives the broadcast signal, analyzes the broadcast signal, extracts and updates self-healing priority information, and the step A3 is carried out. The invention realizes the effectiveness and reliability of the candidate master node, reduces the possibility of network runaway when the network master node fails, and can be widely used in a broadband Mesh network.",,H04L41/0663;H04W84/18;H04W24/04,,20171201,2017,CN,2,True,False,True
61759149,US-2018097560-A1,Apparatus and methods to provide communications to aerial platforms,,"Apparatus, systems and methods for the provision of high data rate and high throughput communications link for drones, in a bandwidth efficient manner. One set of embodiments describe apparatus and methods to mitigate interference from other systems when using the unlicensed radio frequency bands such as the Industrial Scientific and Medical (ISM) bands. Apparatus and methods are also described to enable association of the drone radio sub-system with an “optimal” cell site, such as when the drone uses a directional antenna beam to maximize system throughput. Configurations of a mechanically steerable directional antenna aperture are also disclosed. Other embodiments describe systems and methods to mitigate excessive amounts of interference, and to provide a reliable communications link for signaling and other mission-critical messages.",,H04W84/12;H04W36/32;H04W36/0061;H04W16/28;H01Q3/06;H04W36/30;H01Q3/24;H04W24/08;H04W72/0453;H04B1/692;H04W72/0446;H01Q9/0407;H04B7/18504;H04W74/0833;H04W36/322;H04W36/304;H01Q3/04;H01Q1/28;H01Q21/065;H04W28/0236;H04W84/005;H04W72/046;H04W28/0268;H04L25/08;H04B7/18502,UBIQOMM LLC,20161005,2017,US;WO,5,True,False,True
61904868,US-10292060-B2,"Autonomous, power-dictated message routing for multi-hop mesh network outage communications",,"Methods and devices for facilitating communications in an ad-hoc multi-hop wireless network during outage conditions are described herein. In one exemplary embodiment, an initiating device attempts to send a communication to a target destination by first sending a synchronization request to an intermediate device using a unicast transmission. If the initiating device determines that the first synchronization request failed, a second synchronization request is sent to any potential candidate device neighbors using an anycast transmission protocol. The initiating device receives an acknowledgment message from at least one of those devices. The transmission of acknowledgment messages by potential candidate responders are prioritized in a self-organizing manner relating to priority indicator information conveyed in the anycast transmission. The acknowledgment message indicates that a device has accepted the anycast synchronization request and, after synchronizing with that device, the initiating device sends a communication to the destination via the responding device using a unicast transmission protocol.",,Y02D70/22;Y02D70/00;H04W84/18;Y02D70/144;Y02D70/142;H04L41/0654;Y02D70/20;H04W24/04;H04L45/22;Y02D70/23;Y02D30/70,COOPER TECHNOLOGIES CO;EATON INTELLIGENT POWER LTD,20161013,2016,US,2,True,False,True
61905917,WO-2018071051-A1,Procedures and signaling for scheduling and resource assignment in 5g nr-things sidelink communication system,,"Systems and methods of scheduling UL and DL D2D transmissions are generally described. The nUE determines whether a subframe is DL or UL, and schedules PRAs based on the amount of URLLC, non-URLLC, new retransmission UL and DL data and the number of UEs associated with each data type. URLLC data is prioritized and allocations within the same data type distributed evenly; consecutive subframes for a UE are of opposite types if URLLC UL and DL data exists for the UE, and multiple UEs associated with the same data type are allocated evenly if a sufficient amount of PRAs exist. If the PRAs are insufficient to serve the UEs, a credit-based mechanism is used whereby UEs with a greater amount of credit are served first. When multiple PRAs are assigned to the same UE, a single HARQ retransmission is scheduled either for each PRA or for all of the PRAs.",,H04W72/543;H04L5/0053;H04L1/1874;H04W72/52;H04L1/1835;H04L5/0055;H04L1/1812,INTEL CORP,20161014,2016,WO,1,False,False,True
61962941,CN-107959985-A,"Mix mesh network establishing methods, data transmission method and device",,"A kind of data transmission method the invention discloses mixing mesh network establishing methods and according to mixing mesh networks, during structure mixing mesh networks, fused layer is added between data link layer and network layer, in the multiple and different mesh networks of data link layer building, new node address is distributed for the host node of each mesh networks in fused layer.When carrying out data transmission, according to the link parameter of each mesh networks in mixing mesh networks, the priority of each mesh networks is determined, determine the highest target mesh networks of priority, and according to target mesh networks by data-message transmission to destination address.Therefore, no longer it is to be carried out data transmission using a kind of mesh networks, during data transfer, selects the highest mesh networks of efficiency of transmission and carry out data transmission.So reduce signal interference influences caused by mesh networks, improves data transmission efficiency.",,H04W84/02;H04L45/123;H04L45/74;H04W40/02;H04W84/12;H04W84/18,GALLOP CREATION LTD,20171129,2017,CN,2,True,False,True
62075549,US-2023239916-A1,"Method for configuring resources, for direct d2d communication, on basis of congestion control in wireless communication system and device therefor",,"Disclosed is a method for a terminal transmitting a sidelink data channel in a wireless communication system. Particularly, the method comprises a step for transmitting a sidelink data channel having a first priority. The sum if resources which can be used for all sidelink data channels having a priority equal to or lower than the first priority is equal to or less than a threshold corresponding to the first priority.",,H04W72/25;H04W72/542;H04W72/1263;H04W72/566;H04L43/16;H04W8/04;H04W72/56;H04W76/36;H04W92/18;H04W76/14;H04W4/70;H04W72/569,LG ELECTRONICS INC,20161101,2023,US,1,False,False,True
62243304,US-2018158309-A1,Sound-responsive Repeater Device and System,,"A Sound-responsive Repeater Device, System, and Method. The device can be programmed to recognize audible sounds and then responsively trigger an action. The triggered actions are local visual and audible alerts, such as flashing lights and audible sirens or beeps. Each device may be capable of recognizing the unique alert tone of another device so that each device will trigger on the audible alert being generated by another device without the need for user programming. This will create a “domino effect” of cascading alerts from device to device. Each device will have onboard backup power, as well as at least one removeable flashlight that will provide a user with emergency lighting at each device, and the ability to take a flashlight with them in order to escape the building. There will be versions of the device that interconnect with conventional Home Automation gateways, either via conventional Home Automation communications protocol (e.g. zigbee, zwave, etc.), or by WiFi. These interconnected devices should not only be able to generate triggers for the HA gateway, but they should also be able to receive Home Automation triggers from the gateway. Receipt of these triggers should generate audible and/or visual alerts at the devices, depending upon their programming. Each device can be converted from a non-interconnected to an interconnected mode by exchanging a detachable module, such as the flashlight module, with an interconnectable module.",,H04R1/028;G08B25/10;G10L25/51;G08B25/009;H04R27/00;H04R29/00;G08B1/08,STEINS KARL MICHAEL,20161104,2017,US,1,False,False,True
62387624,CN-108133568-A,Based on the special frequency point self-organizing network electroacoustic alarm control system of people&#39;s air defense,,"The present invention relates to one kind based on the special frequency point self-organizing network electroacoustic alarm control system of people&#39;s air defense, it is made of wireless ad hoc network signal processing center, electroacoustic alarm module, man-machine interactive platform, wireless data transmission module, electric power system；Realize the networking request of alert node and the networking request of processing next stage node in the wireless ad hoc network signal processing center；A 600W power amplification interface is configured in the electroacoustic alarm module, realizes the granting of alert message；The wireless data transmission module realizes the granting and reception of the wireless signal of the special frequency point of people&#39;s air defense；The electric power system provides stable, reliable supply network for entire self-organizing network electroacoustic alarm control system.The present invention proposes one kind based on the special frequency point self-organizing network electroacoustic alarm control system of people&#39;s air defense, using the Routing Protocol of Ad Hoc networks, can improve the reliability and survivability of people&#39;s air-defence warning&#39;s network.",,H04W84/18;G08B21/02,TIANJIN SUPER SOUND TECH CO LTD,20161201,2016,CN,1,False,False,True
62450761,CN-109426245-A,Vehicular intelligent traffic safety control technology,,"The invention discloses a kind of Vehicular intelligent traffic safety control technologies, it provides one kind and car-to-car data network communication is established based on two priority classes ad hoc network, utilize the dynamic space coordinate of vehicle, driving purpose, motion state and motion change intent information data do parameter, pass through real-time interaction communication object between movement interference possibility algorithm establishment vehicle, movement state information of driving a vehicle in real time between realization vehicle interactively communicates, achieve the purpose that vehicle timely and effectively obtains the motion state and motion intention change information of the other vehicles of surrounding, and then realize the technical solution of Cooperative Security thermoacoustic prime engine function between vehicle, the present invention utilizes calculation processing and data communication based on dynamic travelling data between vehicle, solves the technical issues of existing Vehicular intelligent traffic safety control technology can not effectively carry out Cooperative Security thermoacoustic prime engine between vehicle.",,H04W4/025;H04W4/023;H04L67/12;H04W4/06;H04W74/06;G05D1/0214;G05D1/0276,LI ZHIYUAN,20170629,2017,CN,1,False,False,True
62598172,US-2018324609-A1,Intelligent sequencing of multiple wireless nodes for transfer between wireless mesh networks in a process control system,,"A method of sequencing a logical transfer of wireless nodes between wireless mesh networks includes iteratively evaluating each wireless node in a first set of wireless nodes to be transferred. Each evaluation includes a predictive analysis of a source wireless mesh network which tests communications between the gateway of the source wireless mesh network and each of the remaining wireless nodes, and a predictive analysis of the wireless node under evaluation in a destination wireless mesh network which tests communications between the gateway of the destination wireless mesh network and the wireless node under evaluation. The wireless node under evaluation is appended to a second set of wireless nodes to be transferred in response to the first predictive analysis of the source mesh network, and the predictive analysis of the wireless node under evaluation. The wireless nodes are structured in the second set in order of priority of transfer.",,H04W92/20;H04W24/04;H04W84/18;H04L47/83;H04L41/147;G05B19/41855;H04W84/22;H04L63/02;H04L41/145;H04W24/06,FISHER ROSEMOUNT SYSTEMS INC,20170503,2017,CN;JP;US,5,True,False,True
62627000,WO-2018117996-A1,Method and apparatus for securing a facility,,"Method and apparatus for a security alert system (10) for communicating a security event to users (32) of a facility (12) by means of a full mesh network (26). The mesh network (26) includes a plurality of remote units (14), receiver units (20), emergency box units (16), and teacher/hallway units (18) strategically placed throughout a facility (12). Each remote unit (14) has a plurality of buttons (82-88) thereon wherein a button (82-88) is designated for a specific type of problem, for example, an intruder (90), a gun carrying intruder (92), a medical emergency (96), or a fight (94). If a user (32) presses one of the designated buttons (82-88) the other members (28) of the mesh network (26), including a receiver unit (20) being monitored by security personnel, are immediately notified of the type and the location of the problem within the facility (12).",,G08B25/10;G08B1/08,DEDEAUX CLIFTON EUGENE,20161224,2016,WO,1,False,False,True
62837289,US-10028323-B1,Wireless network access point to select a device-to-device communication master for a device-to-device communication group,,A wireless network access point and User Equipment (UEs) communicate over Base Station-to-Device (BS2D) traffic links. The wireless network access point receives status reports from the UEs that form a Device-to-Device (D2D) communication group. The wireless network access point filters the UEs in the D2D communication group based on a signal strength threshold and a buffer capacity threshold to identify a candidate set of the UEs. The wireless network access point further prioritizes the candidate set based on buffer status reporting frequency of the UEs to select one of the UEs as the D2D communication master for the D2D communication group.,,H04W72/21;H04W72/52;H04W84/12;H04W84/20;H04W28/0268;H04W28/0278;H04W76/14;H04W8/22;H04W4/08;H04W88/04;H04W8/186;H04B17/318;H04W84/045;H04W76/023,SPRINT COMMUNICATIONS CO LP,20160927,2016,US,1,True,False,True
62867624,CN-108307338-A,A kind of ad hoc network evacuation indication system and method based on wireless mode,,"The invention discloses a kind of ad hoc network evacuation indication system and method based on wireless mode, including presentation of information transmitting device, radio network gateway, wireless monitor module and backstage monitoring system, the wireless monitor module distribution multiple corners indoors, obtain the mobile phone signal of personnel nearby, the wireless monitor module by signal is by jumper connection or is directly connected to radio network gateway, and the radio network gateway signal link information shows transmitting device；Described information shows that transmitting device connects backstage monitoring system by network transmission module, backstage monitoring system signal connection trapped person&#39;s mobile phone and rescue personnel&#39;s terminal, operation principle of the present invention is simple, the position of trapped person can be positioned in real time, by ad hoc network cascade system data transmission to background system, when alert occurs, evacuation Way guidance can be sent to personnel near alert generation area by background system, and trapped person position is sent to rescue personnel.",,H04W84/18,JIANGSU WANYOU FIRE SAFETY REMOTE MONITORING SYSTEM CO LTD,20171226,2017,CN,1,False,True,True
62890201,CN-108322278-A,A kind of broadcast system of the intelligent wireless ad hoc network based on zigbee,,"The invention belongs to broadcasting equipment technical fields, disclose a kind of broadcast system of the intelligent wireless ad hoc network based on zigbee, are provided with communication alert Consultation Center, wired or be wirelessly connected to PC machine by internet；It is described that N number of outdoor active speaker is connected to by communication protocol by communication alert Consultation Center, N number of classroom active audio amplifier is connected to by communication protocol, by being wirelessly connected with mobile phone, administrative staff&#39;s mobile phone is connected to by communication protocol.The present invention is quick for installation, of low cost, it is simple to safeguard；Can in wired broadcast system dilatation, without development bottleneck；Can be achieved it is point-to-point, point-to-area, choose at random broadcast；Stable work in work, scalability are strong；System takes into account audio broadcasting and infrared equal warning functions.",,H04H20/61;H04W84/18,XIAMEN OCEAN VOCATIONAL COLLEGE,20180131,2018,CN,1,False,False,True
62918926,KR-101876168-B1,Emergency Guide System Using Intelligent Type Exit Guide Lighting,지능형 유도등을 이용한 종합 피난 유도 시스템,"The present invention relates to a comprehensive evacuation guide system using an intelligent guide light. According to an embodiment of the present invention, the comprehensive evacuation guide system using an intelligent guide light integrates an exit guide light installed near an entrance and a plurality of passage guide lights into a group form to realize an evacuation guide service, and provides an evacuation guide by voice and image information on a smartphone of a user by real-time communication between beacons via a Bluetooth mesh-based network. Therefore, according to an embodiment of the present invention, even if a view is bad due to communication disruption, smoke or the like and it is impossible to obtain a location of an exit guide light, a location of an exit can be obtained by a smartphone, a voice warning or the like to evade a dangerous situation.","본 발명은 지능형 유도등을 이용한 종합 피난 유도 시스템에 관한 것이다. 본 발명의 일실시 예에 따른 지능형 유도등을 이용한 종합 피난 유도 시스템은 출입구 근처에 설치된 피난구 유도등과 복수의 통로 유도등을 구성한 그룹 형태로 통합하여 피난 유도 서비스를 구현하고, 블루투스 메쉬 기반 네트워크를 통한 비콘 간의 실시간 통신으로 이용객의 스마트폰에 음성과 영상 정보로 피난 유도를 안내하는 것을 특징으로 한다. 따라서 본 발명의 일실시 예에 따르면, 통신 두절이나 연기 등으로 시야가 불량하고, 피난구 유도등의 위치 파악이 불가능한 경우에도 스마트폰이나, 음성 경보 등으로 피난구의 위치를 파악할 수 있어 위험한 상황을 벗어날 수 있는 효과가 있다.",G08B21/16;G08B17/06;G08B25/10;G08B5/36;G08B21/182;G08B25/14;G08B17/10,KIM MYOUNG HO,20180130,2018,KR,1,True,True,True
63015729,CN-108377487-A,"A kind of method, first terminal and the second terminal of access network",,"A kind of method, first terminal and the second terminal of access network, to solve the problems, such as how terminal accesses the self-organizing network under the occupied scene of the time slot in self-organizing network.Method includes：When the time slot in the self-organizing network that first terminal to be accessed is occupied, first terminal occupies unappropriated emergent time slot in self-organizing network；First terminal sends message of meeting an urgent need on emergent time slot, which is used to indicate priority in first terminal self-organizing network to be occupied and is less than the time slot that other terminals of first terminal occupy；When, there are when the time slot that other terminals discharge itself occupancy, first terminal occupies the time slot being released, with Ad hoc network in self-organizing network.",,H04W72/563;H04W72/0446;H04W84/18;H04W48/10;H04W48/16,CHINA ACADEMY TELECOMMUNICATIONS TECHNOLOGY,20161014,2016,CN,2,True,False,True
63156240,CN-108430111-A,Mixed type time slot reservation method in Distributed T DMA agreements,,"The invention discloses a kind of mixed type time slot reservation method in Distributed T DMA agreements, mainly solve the problems, such as to be difficult to ensure delay requirement under business load situation of change in wireless self-organization network.Its scheme is：Fixed time slot is distributed for node, to meet basic service demand；If load is higher, fixed time slot not enough uses, then carries out the reservation of dynamic slot；Because dynamic slot reservation process needs more time, it is unfavorable for burst service transmission, so when thering is high load burst service, node to occupy free timeslot using competitive way, while introducing prioritized contention and reservation negotiation mechanism and reducing competition conflict.The present invention divides fixed time slot, dynamic slot is preengage, the burst transfer of non-reservation is combined together, provide the data transmission capabilities of self-adapting load variation, the stability that ensure that Time Delay of Systems, improves slot efficiency, can be used in the TDMA agreements of mobile ad-hoc network.",,H04W72/53;H04W72/20;H04W74/085;H04W74/002;H04W28/26;H04W84/18;H04W74/0833;H04W72/0446,UNIV XIDIAN,20180126,2018,CN,1,False,False,True
63170135,WO-2018150514-A1,"Communication terminal in wireless ad-hoc network, communication method, and communication program",,"A communication terminal provided with: a control information sharing means which notifies an adjacent terminal of control information including at least the number of adjacent terminals as information, and which acquires from the adjacent terminal the control information of the adjacent terminal; a relay terminal selection means which, on the basis of the control information, selects as a relay terminal a communication terminal capable of directly communicating with all communication terminals in a wireless ad-hoc network; a transmission power control means which adjusts transmission power in accordance with the result of selection by the relay terminal selection means; a reselection necessity determination means which determines whether another communication terminal should become a new relay terminal, and which, upon determining that another communication terminal should become a new relay terminal, computes the priority of the communication terminals in the wireless ad-hoc network; and a relay terminal reselection request means which performs, in accordance with the priority, a relay terminal reselection request process for transmitting a relay terminal reselection request included in the control information. The control information sharing means delivers the relay terminal reselection request, and the transmission power control means adjusts the transmission power on the basis of the relay terminal reselection request.",,H04W84/20;H04W48/16;H04W24/08;H04W8/005;H04W52/241;H04W52/246;H04W52/242;H04W36/0066;H04W52/383;H04W84/18;H04W40/24;H04W40/34;H04W48/20;H04W52/46,NEC CORP,20170216,2017,US;WO,3,True,False,True
63247058,US-10616534-B2,Personal tactical system and network,,"A personal tactical system including a ballistic load-bearing garment, a pouch with one or more batteries enclosed in the pouch, an electronic processor, a communication device, and at least one camera. The camera is incorporated into or removably attachable to the load-bearing garment, the pouch is removably attachable to the load-bearing garment and the one or more batteries are operable to power the camera and communication device. The processor runs image recognition software operable to identify approaching objects and alert the user. A plurality of personal tactical systems is operable to form an ad hoc network to share images and other information for determining object direction, location, and movement.",,H01M2220/30;A41D2300/322;H04N7/185;H01M2010/4278;A41D27/201;H01M10/425;G08B25/016;A41D13/0012;A41D2400/48;H01M2010/4271;H02J7/342;A41D1/002;A41D2300/324;A41D2300/326;F41H1/02;A41D1/04;A41D2300/32;A41D2300/33;H04N5/2252;H01M10/48;H02J7/0042;H04N5/2253;H01M2/0207;H02J7/0026;H01M2/0217;H01M2/026;H01M2/1022;H01M2/1005;H02J7/70;H04N23/51;H04N23/54;H01M50/238;H01M50/242;H01M50/298;H01M50/143;H01M50/14;H01M50/231;H01M50/211;H01M50/124;H01M50/247;H01M50/256;H01M50/103;Y02E60/10,LAT ENTPR INC,20141016,2018,US,4,True,False,True
63719075,KR-20180103469-A,System and method for warning disaster by ultrasound modulation and bluetooth ad-hoc network,초음파 변조와 블루투스 애드혹 네트워크를 이용한 재난 경보 시스템,"The present invention relates to a disaster warning system and method using ultrasonic modulation and a Bluetooth ad-hoc network. The disaster warning system includes an ultrasonic modulation output unit for synthesizing a packet to be transmitted with an ultrasonic-modulated signal and an audio signal and outputting the synchronized result, and an ad-hoc network constructing unit for performing demodulation and inspection by passing through an ultrasonic band from the received signal, advertising the packet, and generating and transmitting a packet scanned from a neighboring terminal as an advertisement packet again. According to the present invention, battery consumption can be reduce by not only transmitting a disaster warning to a long distance through the ad-hoc network but also controlling an advertisement transmission period. Also, the present invention can be used as the most appropriate communication method in a disaster situation where a base station.","본 발명은 초음파 변조와 블루투스 애드혹 네트워크를 이용한 재난 경보 시스템 및 방법에 관한 것으로서, 전송하고자 하는 패킷을 초음파 변조한 신호와 오디오 신호를 합성하여 출력하는 초음파 변조 출력부와, 수신된 신호로부터 초음파 대역을 통과시켜 복조 및 검사하고 패킷을 광고함과 아울러, 이웃 단말로부터 스캔된 패킷을 다시 광고 패킷으로 생성하여 반송하는 애드혹 네트워크 구성부를 포함한다. 본 발명에 따르면, 애드혹 네트워크를 통해 먼 거리까지 재난 경보를 전달할 수 있을 뿐 아니라, 광고 발송 주기를 조절함으로써 배터리 소모를 줄일 수 있다. 또한, 기지국이 없는 재난 상황에서 가장 적절한 통신 방법으로 활용될 수 있다.",G08B21/10;H04W84/18;H04L27/02;H04W28/04;G08B25/10;H04B11/00;H04W4/80;Y02D30/70,IAC IN NAT UNIV CHUNGNAM,20170310,2017,KR,1,False,True,True
63840625,US-10497248-B2,Remote water softener monitoring system,,"A device for monitoring the level or amount of a material within a container is provided. The device includes a detection mechanism that can be a direct detection mechanism or an indirect detection mechanism. When the detection mechanism senses an upper level of the substance in the container that is below a predetermined lower limit for the substance, the mechanism operates an alarm mechanism to emit an alarm to alert an individual to the low level of the substance within the container. The alarm can wirelessly communicate a salt level state to a wireless network or a device on a wireless network that can transmit the status through the Internet to any remote location. In one aspect, the alarm can be sent on a mesh network with a device that can transmit the status and other conditions through the Internet and to an application executing on a mobile device.",,G01F23/603;G01F23/265;C02F1/687;G01F23/263;C02F2209/008;C02F2209/42;G08B25/10;H04W4/14;H04W4/02;C02F2307/12;G08B21/182;C02F1/42,AJ1E SUPERIOR SOLUTIONS LLC,20171013,2017,EP;US,7,True,False,True
63856772,CN-110663263-A,Priority and locking mechanism for network modules,,"A method for coordinating performance of functions within an ad hoc network is disclosed, the network comprising a plurality of network parameters, a controller, a locking mechanism having a processor and a memory and in communication with the controller, and a plurality of modules configured to operate on the network parameters, wherein each of the plurality of modules is assigned a respective priority. The method comprises the following steps: receiving a request for a lock from at least one of the modules; and providing the lock to the module having the highest priority level relative to the plurality of modules requesting the lock. The method also includes receiving a request at the locking mechanism from the module with the lock and enabling the module with the lock to make a change to a network parameter of the plurality of network parameters, wherein the change includes at least one of a steady state change, a transient change, and a temporary change.",,H04W84/18;H04W16/18;H04W24/02;H04W40/24;H04L41/0886;H04L41/0863;H04L41/0806,NOKIA SOLUTIONS & NETWORKS OY,20170418,2017,CN,1,False,False,True
63914785,WO-2020064227-A1,Methods and devices for device-to-device communications,,"A wireless device may include a controller configured to identify an emergency scenario and to generate an emergency message including information about the emergency scenario, and a transmitter configured to transmit, on a discovery channel allocated for other wireless devices to perform discovery, an emergency indicator beacon that indicates an upcoming transmission of the emergency message, and to transmit the emergency message on a data channel of the wireless device.",,H04L1/189;H04W72/30;H04W76/50;H04W76/11;H04W72/0466;H04W8/005;H04W4/90,INTEL IP CORP;INTEL CORP,20180928,2019,US;WO,2,False,False,True
64016519,WO-2018203669-A1,D2d operation method of terminal in wireless communication system and terminal using method,무선 통신 시스템에서 단말의 d2d 동작 방법 및 상기 방법을 이용하는 단말,"The present invention provides a method by which a relay terminal determines priority in a wireless communication system including a base station, the relay terminal, and a remote terminal, the method comprising: acquiring remote terminal related information; acquiring the remote terminal related information, and then determining the priority between pieces of the remote terminal related information and the priority between the remote terminal related information and relay terminal related information; and transmitting the information on the basis of the priority, wherein the relay terminal transmits, on the basis of the priority determined by the relay terminal, the information by applying different physical channel parameters.","본 발명은 기지국, 릴레이 단말 및 리모트 단말을 포함하는 무선 통신 시스템에서, 릴레이 단말에 의해 수행되는 우선 순위 결정 방법에 있어서, 상기 리모트 단말 관련 정보를 획득하고, 상기 리모트 단말 관련 정보를 획득한 후, 상기 리모트 단말 관련 정보 간의 우선 순위 및 상기 리모트 단말 관련 정보와 상기 릴레이 단말 관련 정보 간의 우선 순위를 결정하고 및 상기 우선 순위에 기초하여 상기 정보를 전송하되, 상기 릴레이 단말은 상기 릴레이 단말에 의해 결정된 상기 우선 순위에 기초하여 상이한 물리 채널 파라미터를 적용하여 상기 정보를 전송하는 것을 특징으로 하는 방법을 제공한다.",H04L5/0053;H04W88/04;H04B7/0632;H04L1/0026;H04W28/0215;H04W72/23;H04W72/569;H04W72/12,LG ELECTRONICS INC,20170501,2018,CN;EP;US;WO,8,True,False,True
64036141,CN-208079090-U,A kind of Campus Broadcasting System of intelligent wireless ad hoc network,,"The utility model belongs to broadcasting equipment technical field, discloses a kind of Campus Broadcasting System of intelligent wireless ad hoc network, is provided with communication alert Consultation Center, wired or be wirelessly connected to PC machine by internet；It is described that N number of outdoor active speaker is connected to by communication protocol by communication alert Consultation Center, N number of classroom active audio amplifier is connected to by communication protocol, by being wirelessly connected with mobile phone, administrative staff&#39;s mobile phone is connected to by communication protocol.The utility model is quick for installation, of low cost, maintenance is simple；Can in wired broadcast system dilatation, without development bottleneck；Can be achieved it is point-to-point, point-to-area, choose at random broadcast；Stable work in work, scalability are strong；System takes into account audio broadcasting and infrared equal warning functions.",,,XIAMEN OCEAN VOCATIONAL COLLEGE,20180131,2018,CN,1,True,False,True
64202748,CN-108848534-B,Routing method for adaptively reducing node load in mobile ad hoc network,,"The invention discloses a routing method for adaptively reducing node load in a mobile ad hoc network, which is used in the field of MANET network routing protocol optimization. Load information and residual energy information of all nodes are periodically acquired at a time interval T, and a central node is determined; generating a predicted delay time, a request value and a negative priority, and forming a request packet; sending the request packet to a first upstream node directly connected with the central node to request for reducing the load; the first upstream node generates a random value, and if the random value is greater than the request value, the route from the first upstream node to the destination node keeps the original path for transmission; otherwise, the redundant route replaces the original route to forward the data, the priority of the original route is changed according to the negative priority in the request packet, and the priority of the original route is changed at a time interval T 1 Periodic updates are made. The invention can not only reduce the delay of the network and increase the survival time of the nodes, but also reduce the number of central nodes and improve the safety of the whole network.",,H04W28/08;H04W40/10;H04W40/248;H04W84/18,,20180626,2018,CN,1,True,False,True
64269686,US-2018338237-A1,Systems and methods for improving alert messaging using device to device communication,,"A method, apparatus and computer program product are provided in accordance with an example embodiment in order to initiate a message and communication on behalf of one or more tracking devices or initiate a request for location information associated with one or more tracking devices. In the context of a method, the method includes pairing at least a first device with at least one tracking device that is associated with a user; wherein the first device is configured to interact with the at least one tracking device. The method further includes detecting an alert condition with respect to the at least one tracking device and initiating a message request to the at least one tracking device. The method further includes causing an alert message comprising the location information associated with the at least one tracking device to be transmitted.",,H04W64/006;H04W4/021;H04W4/029;H04W4/90;H04M1/72538;H04M1/72552;H04M1/72541;H04M1/72424;H04M1/72457;H04M1/72421;H04M1/72436,HAND HELD PROD INC,20170517,2018,US,4,True,False,True
64485131,CN-108966183-A,A kind of emergency message transmission method based on D2D communication in car networking,,"The invention discloses the emergency message transmission methods based on D2D communication in a kind of car networking, priority index is established to vehicle collection within certain vehicle safety range first, successively D2D is established with it according to the ascending sequence of priority index to connect to transmission message, then range prediction is carried out to the vehicle collection other than safe range, priority index is established according to Prediction distance, successively D2D is established with it according to the ascending sequence of priority index and connect to transmission message；If there is identical priority index, preferentially select the vehicle in identical lane, the timely transmission for realizing safe early warning information is communicated the present invention is based on D2D, carry out safe early warning, solve the technical issues of security information can not be propagated in time, traffic message transmissions performance is improved, there is high reliability and real-time.",,H04W4/023;H04W4/90;H04W4/70;H04W4/40;H04W4/80;H04W4/46,UNIV NANJING POSTS & TELECOMMUNICATIONS,20180703,2018,CN;US;WO,4,True,False,True
64851428,CN-109104725-A,The method for preventing joint network from attacking in Tactical Mobile ad hoc network,,"The invention discloses the methods for preventing joint network from attacking in Tactical Mobile ad hoc network, are used for Tactical Mobile ad-hoc network security fields.Whether the method is attacked using two kinds of mechanism identification radio station of active detecting and passive monitoring, radio station increases the presence of the identification of function malicious node of period certification by the method for active detecting, and can be determined using the malice value record being arranged in advance attack by the method passively monitored；Using route-caching mechanism history route stand-by, so that radio station can normally send data under joint network attack.Make full use of this special existing node of middle control node in Tactical Mobile ad-hoc network, the Exception Type that radio station will test is reported to middle control node, middle control node analyzes the geographical location of all report abnormal nodes, the approximate location of backward tracing attacker, and send alert message to the radio station in the region and play the role of the safety of enhancement information and isolate to attack node.",,H04W12/02;H04W12/08;H04W40/248;H04W24/02;H04W24/10;H04W84/18,UNIV CHONGQING POSTS & TELECOM;LI DENG ZIYI,20180827,2018,CN,1,False,False,True
64953750,US-10182357-B1,System and method for bottom-up invocation of control signal repeaters in a mesh lighting network,,"Example embodiments of the invention efficiently organize, control and prioritize a distributed lighting network. A mesh lighting network is organized from the bottom up into groups of lighting devices with control signal repeaters fanning out control signals to each group. Each lighting device is capable of forwarding control signals to additional lighting devices. During build-out of the mesh network, as new lighting devices are installed, the control network automatically selects a device whose repeater function will provide the most reliable and efficient distribution of control signals to the new group of devices being installed.",,H04W8/005;H04W48/16;H04W24/02;H04W88/04;H04W84/18;H05B47/19;H05B37/0272,ECHELON CORP,20170920,2017,US,1,True,False,True
65402846,CN-109379739-A,A kind of credible cooperating service method of sea wireless Mesh netword,,"The invention discloses a kind of credible cooperating service methods of marine wireless Mesh netword, this method is by introducing node credit rating mechanism, motivate node cooperation, construct the virtual cooperative service system based on Mesh network and credible evaluation, complete the credible reliable transmission of network task, specifically use the degree of belief of node, contribution degree, available bandwidth, computing capability, the characteristic attribute as characterization node such as link-quality, in a manner of task-driven, the node of cooperation with service is selected based on the evaluation of the service ability of node and collaboration services migration priority by MRC node, construct virtual cooperative service system, realize resource rapid fusion, reliability services are provided for user.Emulation experiment shows the problem of mentioned virtual cooperation with service tissue model can effectively solve congestion under the environment of ocean island in wireless cooperation communication network, single point failure, data distribution low efficiency, improves the service quality of Mesh network.",,H04W40/24;H04W40/04;H04W12/02;H04W24/06;H04W40/12;H04W24/02;H04W84/18,UNIV JIAXING,20180928,2018,CN,1,False,False,True
65455161,CN-109413673-A,"Mobile ad hoc network management method, device and system",,"The present invention discloses a kind of mobile ad hoc network management method, device and system, is related to mobile ad hoc network field.After wherein mobile ad hoc network managing device is performed in mobile terminal corresponding service, judge whether to receive the confirmation message that destination node is sent, if receiving the confirmation message of destination node transmission, record value corresponding in record sheet is accordingly updated according to the business.The present invention passes through according to business such as mobile terminal transmission, forwardings performed in mobile ad hoc network, corresponding record value is accordingly updated, since record value is associated with the priority of mobile terminal application mobile ad hoc network resource, therefore by the management to record value, the asynchronous brought fairness problem of mobile terminal ad hoc network demand is efficiently solved.",,H04W24/02;H04W84/18,CHINA TELECOM CO LTD,20170818,2017,CN,2,True,False,True
65518409,US-10869322-B2,Supporting low-latency traffic over a wireless mesh network,,"Methods, systems, and devices for wireless communications are described. A central access node (CAN) may manage and schedule resources for a wireless mesh network. The CAN may transmit a first message to a relay access node (AN) to expedite transmission of a priority communication in the wireless mesh network. The first message may provide configuration information for modifying a preconfigured schedule to expedite the transmission of the priority communication. For example, the first message may provide configuration information to modify a preconfigured schedule to allow a first network node to transmit the priority communication to a second network node during a reserved time period. The relay AN may generate a second message regarding the modified schedule and transmit the second message to the second network node.",,H04W72/56;H04W72/542;H04W72/20;H04L47/824;H04W40/06;H04L47/245;H04W72/12;H04W84/18;H04W40/00;H04L47/24;H04W72/0406;H04W72/10;H04W72/085,QUALCOMM INC,20170907,2018,CN;EP;US;WO,6,True,False,True
65856839,CN-109548156-B,Single-channel Time Division Multiple Access (TDMA) satellite cluster ad hoc network time slot resource allocation method,,"The invention discloses a time slot resource allocation method of a single-channel Time Division Multiple Access (TDMA) constellation ad hoc network. When the satellite node accesses the network, a quick access mechanism is provided for a new access node based on the time slot occupation information of the satellite node in the one-hop transmission range, and the occupation process of high-priority time slot resources is realized; when the satellite node sends load dynamic change, broadcasting dynamic time slot information to be occupied to all satellite nodes in a one-hop transmission range based on the current load and the use condition of the satellite node time slot in the one-hop transmission range, carrying out conflict detection on the broadcasted dynamic time slot information by all satellite nodes in the one-hop transmission range, and completing a dynamic change process of time slot resources along with the load by the dynamic time slot application nodes according to the applied time slot information and the conflict time slot information contained in the applied time slot information.",,H04W84/06;H04B7/18513;H04W72/56;H04W84/18;H04W72/0446;H04W72/52,,20181224,2018,CN,2,True,False,True
66004760,CN-109618381-A,Ad hoc network communication method and ad hoc network communication system,,"The invention relates to an ad hoc network communication method and an ad hoc network communication system, wherein the ad hoc network communication system comprises a plurality of wireless nodes for networking, a communication base station and a cloud server, single-hop information transmission is carried out among the wireless nodes, when the wireless nodes are positioned in the communication radius range R of the communication base station, the wireless nodes positioned in the communication radius range R wirelessly transmit information to the cloud server end through the communication base station, return the information through the cloud server and transmit the information among the wireless nodes, thereby realizing the ad hoc network communication, the wireless nodes adopt an improved target site numbering distance vector DSDV protocol for networking, the main improvement is that the traditional target site numbering distance vector DSDV protocol is combined to construct a multi-tree topology for networking, and the nodes exchange information with the adjacent nodes through a RIP routing information protocol, the method comprises the following steps: initializing; and establishing a route between the nodes: a priority assignment step: the higher the transmission priority, the higher the priority of the route is, the higher.",,H04W40/02;H04W84/18;H04W40/22;H04L45/20;H04W40/246;H04W40/248;H04L45/48,JINING POWER SUPPLY CO OF STATE GRID SHANDONG ELECTRIC POWER CO,20181127,2018,CN,2,True,False,True
66005993,CN-109618375-A,UAV ad hoc network timeslot scheduling algorithm based on service priority and channel interruption probability,,"The present invention provides a kind of UAV ad hoc network timeslot scheduling algorithm based on service priority and channel interruption probability, the channel time slot distribution of the node is adjusted by the size of the outage probability value of prediction, if the outage probability of node is smaller, channel time slot is distributed for the node；If the outage probability of node is larger, suspends the non-slotted channel distribution of the node in next frame, restore to distribute again after node interrupts probability reduction；If the outage probability of node falls between, judged according to the outage probability of former frames.The probability that data send failure is reduced by the channel assignment strategy that probability is fed back, improves the utilization rate of channel.",,H04W72/0446;H04W84/18;H04W28/14;H04W72/542;H04W72/543;H04W72/569;Y02D30/70,HARBIN INST TECHNOLOGY SHENZHEN,20181203,2018,CN,2,True,False,True
66078789,CN-109640393-B,Competitive time division multiple access method for data and voice simultaneous transmission of wireless ad hoc network,,"The invention belongs to the technical field of wireless transmission, and discloses a competitive time division multiple access method for data and voice simultaneous transmission of a wireless self-organizing network, which comprises the following steps: starting up all nodes, and firstly carrying out initial network access; then, each node enters a service sending state, and each node independently maintains a same service frame; when the service packet to be transmitted by a certain node reaches a competition threshold, initiating dynamic voice time slot competition, and if the competition is successful, transmitting the data service packet by using the voice time slot after the competition until the service is lower than the competition threshold or a voice service arrives; when a certain node has a voice service, a voice service reservation flow is initiated, and after the reservation is successful, the node sends a voice service packet in a voice time slot until the voice service is sent completely or a node with higher priority performs voice service reservation. The invention can guarantee the time delay requirement and the service quality requirement of the time delay sensitive service, improve the transmission efficiency of the system and improve the transmission experience of users.",,Y02D30/70;H04W74/02;H04W84/18;H04W72/0446;H04W72/53,,20181228,2018,CN,1,True,False,True
66770464,WO-2019229263-A1,New service types and congestion control,,"The current invention introduces new service types like delay tolerant access type, low priority access type and background data access type to the Service Request procedure and also proposes congestion control for the proposed new service types.",,H04W48/06;H04W48/14;H04W28/02,NEC Laboratories Europe GmbH,20180601,2019,EP;WO,2,False,False,True
67025846,CN-109962760-B,Service scheduling method suitable for wireless TDMA ad hoc network,,"The invention discloses a service scheduling method in a wireless TDMA ad hoc network, which comprises the following steps: a plurality of service queues are maintained inside each node MAC layer in the ad hoc network and are distributed according to the priority of the message from high to low; in the operation process of the node, classifying the data or control information received or generated by the MAC layer according to the service type, and adding the data or control information into a corresponding service queue according to the priority; when the sending time slot of the node is arrived, selecting data from the service queue according to a preset scheduling rule for scheduling and sending; and recalculating the priority of the messages in the remaining initial transmission data service queue to be transmitted, sequencing the messages, and deleting the service which still fails when the maximum retransmission times are reached. The method of the invention classifies the service types and sorts the service types according to the importance real-time priority, and then comprehensively considers the influence factors in a plurality of aspects in the data service scheduling, so that the MAC layer data transmission has lower time delay and better throughput guarantee.",,Y02D30/70;H04L1/1887;H04L47/56;H04W84/18;H04L1/1806;H04L47/2433;H04L1/1874;H04L47/6275,,20190409,2019,CN,2,True,False,True
67276071,CN-110049451-A,"A kind of methods, devices and systems of the mobile ad hoc network information back towards field",,"The methods, devices and systems of the invention discloses a kind of mobile ad hoc network information back towards field.Described device is made of proximity communication module and telecommunication module；The system is by described device, data collecting end device and cloud database composition；The retransmission method includes being polymerize to form localized ad hoc network at random with TDMA (time division multiple acess) mode combined according to min/max ID algorithm, broadcast communication collision problem is solved simultaneously, secondly, different passback strategies is taken according to the service priority of back information, different business priority is adapted to for delay requirement, finally, failed cluster member upload information in consolidated network is passed through into other member&#39;s upload server ends in the net by way of ad hoc network, it realizes multipath return path, effectively reduces important messages passback time delay.",,H04W40/248;H04W84/18;H04W4/80;H04W4/06;H04W74/0816;H04W72/569,UNIV BEIJING TECHNOLOGY,20190403,2019,CN,2,True,False,True
67398802,JP-2019126018-A,Vehicle radio communication system,,"To reduce traffic by efficiently using network resources and thereby shorten a communication delay time when a mesh network is formed by installing a large number of radio communication terminals on a vehicle.SOLUTION: When each radio communication terminal transmits data, a vehicle radio communication system determines priority according to a type of transmission target data, selects a wide-area radio communication function if the priority is high, selects a narrow-area radio communication function if the priority is low, and performs radio communication. The high or low priority of each piece of data is variable according to a change in situation such as emergency. Also in the case where each radio communication terminal relays data, the vehicle radio communication system determines priority according to a type of data, and selects either wide-area radio communication or narrow-area radio communication. The wide-area radio communication and narrow-area radio communication are different in communication format from each other. The priority of data changes according to destinations.SELECTED DRAWING: Figure 5",,,YAZAKI CORP,20180117,2018,JP,1,False,False,True
67613146,KR-20190092726-A,Smart fire detector,스마트 화재감지장치,"The present invention relates to a smart fire detector capable of notifying a fire occurrence in real time even in the middle of the night and absence and enabling rapid escape by checking an accurate ignition position, by coupling a wireless ad-hoc network module to a single type fire alarm to allow fire information to be shared in real time between devices. The smart fire detector comprises: a fire detection module for detecting fire; a sensor module for acquiring a monitoring image, voice information and ignition position information; a fire information sharing means for acquiring the ignition position information, the monitoring image, and the voice information through the sensor module when a fire is detected by the fire detection module, generating fire occurrence information by combining the acquired fire position information, the monitoring image, the voice information, and the fire detection information, controlling the fire occurrence information to be wirelessly transmitted to a nearby smart fire detector by using a bio-mimetic ad-hoc network algorithm, and generating fire alarm by receiving the fire occurrence information transmitted from surroundings; and a control module for wirelessly transmitting the fire occurrence information generated in the fire information sharing means, and receiving the fire occurrence information wirelessly received to transmit the same to the fire information sharing means.","단독형 화재경보기에 무선 애드혹 네트워크(Ad hoc network) 모듈을 결합하여 기기 간에 화재 정보를 실시간으로 공유하도록 함으로써, 심야 및 부재시에도 화재발생사실을 실시간 통보하고, 정확한 발화위치 확인으로 신속한 대피가 이루어지도록 한 스마트 화재감지장치에 관한 것으로서, 화재를 감지하는 화재감지모듈, 감시 영상과 음성 정보 및 발화 위치정보를 획득하는 센서모듈, 화재감지모듈에 의해 화재가 감지되면, 상기 센서 모듈을 통해 발화 위치 정보와 감시 영상 및 음성 정보를 획득하고, 획득한 발화 위치 정보와 감시 영상과 음성 정보 및 화재 감지 정보를 조합하여 화재발생정보를 생성하고, 생체모방 애드혹 네트워크 알고리즘을 이용하여 화재발생정보를 주변 스마트 화재감지기에 무선 전파하도록 제어하며, 주변에서 전파된 화재발생정보를 수신하여 화재 경보를 발생하는 화재정보 공유수단 및 화재정보 공유수단으로부터 생성된 화재발생정보를 무선으로 전송하고, 무선으로 수신한 화재발생정보는 수신하여 화재정보 공유수단에 전달하는 관제 모듈을 포함하여 스마트 화재감지장치를 구현한다.",H01Q1/22;G08B25/008;G08B17/06;G08B25/14;G08B27/00;G08B25/10;G01S19/14,SEMIKO POWER CO LTD,20180131,2018,KR,1,False,True,True
67699241,CN-110177021-B,Wireless ad hoc network node based on software definition and data transmission method,,"The embodiment of the invention discloses a wireless ad hoc network node based on software definition and a data transmission method. The method comprises the following steps: acquiring target data to be sent through an application layer according to an application programming interface pre-configured in a software configuration mode and transmitting the target data to a control layer; packaging the target data by using transmission parameters pre-configured by a control layer in a software configuration mode to generate a first message and transmitting the first message to a base layer; the transmission parameters comprise transmission priority and/or transmission routing mode; the message header comprises a target node and a receiving node; and controlling the transmission time slot configured by the base layer at the control layer through the control layer according to the transmission priority and/or the transmission routing mode of the first message, and sending the first message to the receiving node in the first message through the wireless port. The wireless ad hoc network adopting the technical scheme can be flexibly suitable for various scenes and various different applications of compatible butt-joint users, and meets the individual requirements of different users on the wireless ad hoc network.",,H04L69/22;H04L69/08;H04W84/18;H04L41/0803,,20190627,2019,CN,1,True,False,True
67717191,CN-110190919-A,More radio frequency multi-channel wireless network method for channel allocation,,"The invention discloses the method for channel allocation in a kind of more radio frequency multi-Channel Wireless Mesh Networks, this method is based on minimum weight link interference and establishes an integral linear programming model, not only consider to minimize network interferences, network load flow is had also contemplated, while also guaranteeing network connectivty as far as possible.By introducing node priority and link load weight, by the node in network according to the minimum hop count divided rank of off-network artis, and allocation order is determined according to link load weight.Using greedy heuritic approach solving model, the circulation channel distribution of network is realized using the method for traversal, obtains optimal channel assignment scheme, it is very simple and be easily achieved, it has a good application prospect.",,H04W84/18;H04L41/145;H04L41/0823;H04B17/382,UNIV SOUTHEAST,20190522,2019,CN,1,False,False,True
67953778,EP-3858052-A1,Sidelink quality of service management in autonomous mode of wireless communications systems and related methods and apparatuses,,A method is disclosed for operating a user equipment (UE) for device-to-device (D2D) communications. The method includes receiving booking information from another UE. The booking information identifying a resource that the other UE is booking to use for transmission by the other UE and further including priority information. The method further includes selectively transmitting preemption signaling based on whether the received priority information indicates lower priority than local priority information that is associated with a transmission to be scheduled by the UE. The preemption signaling indicates preemption of the UE to use the resource identified by the booking information. The method further includes scheduling the UE to transmit using the resource identified by the booking information.,,H04W72/20;H04W72/543;H04W72/569;H04W28/0268;H04W76/14;H04W92/18,ERICSSON TELEFON AB L M,20180927,2019,CN;EP;US;WO,6,True,False,True
68275635,CN-209543533-U,Wireless smoke alarm and smog alert system based on Mesh networking technology,,"The utility model provides a kind of wireless smoke alarm based on Mesh networking technology, belong to fire-fighting equipment technical field, including wireless smoke alarm main body, Smoke Detection module, signal processing module, wireless communication module, micro-control unit, sound and light alarm module, Smoke Detection module is embedded to be arranged in wireless smoke alarm main body, Smoke Detection module and signal processing module communicate to connect, micro-control unit respectively with signal processing module, wireless communication module, sound and light alarm module communication connection, the wireless communication module of wireless communication module and other wireless smoke alarms can carry out Mesh networking by Mesh networking technology, form Mesh network.The laying of smoke alarm is avoided to be routed and the limitation of hosi wireless communication range by Mesh network.Wireless smoke alarm and smog alert system provided by the utility model based on Mesh networking technology has the advantages that equipment cost is low, builds and later maintenance is convenient, system reliability is high.",,,FOSHAN GUANHENG NETWORK TECH CO LTD,20190324,2019,CN,1,True,True,True
68325859,CN-110401971-A,A kind of communication means based on the proprietary frequency range intelligence ad hoc network of 230MHz electric power,,"The invention discloses a kind of communication means based on the proprietary frequency range intelligence ad hoc network of 230MHz electric power, are related to the electric power data acquisition communications field.Linear topology structure is mainly used between electric power data acquisition equipment at present, that there are the coverage areas of networking is small, transmission range is close, network address distributes challenge.The invention includes the following steps: replying response after other nodes in transmission range coverage area receive networking application；After sending the path data that the node for networking and applying receives multiple adjacent nodes returns, sorts by the few priority rule preferential, that the identical then signal of level is strong of central node level, successively send networking checking request to each path；If the node for sending the verifying that networks receives central node authentication successful message, completes to network, and update routing table, current routed path is set as defaulting.The technical program is solved the problems, such as because ensure that effective building of wireless network apart from can not far carry out point-to-point direct wireless telecommunications.",,H04W40/248;H04W40/02;H04W84/18,ZHEJIANG HUAYUN INFORMATION TECH CO LTD,20190724,2019,CN,2,True,False,True
68385428,US-11140517-B2,Peer to peer location updates,,"Systems, methods and computer-readable media are obtaining location updates of a tracking device via peer to peer communication with other nearby devices where obtaining such update is otherwise not possible. In one aspect, a method includes receiving, at a device, a first location update from a network component; determining, by the device, if a triggering condition is met for determining a second location update; activating, by the device, device-to-device communication for receiving the second location update from nearby devices in vicinity of the device when the triggering condition is met receiving the second location update from at least one of the nearby devices via the device-to-device communication; and sending the second location update to a server for the server to determine an arrival alert for alerting a destination of an amount of time remaining until the device reaches the destination.",,G01S19/49;H04L67/565;H04L67/53;H04L67/52;H04W4/70;H04W4/029;G08B21/22;H04W4/80;G06Q30/0633;G01S19/13;H04W4/025;G08G1/205;H04W4/023;H04W4/23;H04W4/12;G08B25/08;G06Q10/063114;H04W4/021;H04W4/38;G06N20/00;H04W88/04;G08G1/207;H04W64/003;G01S19/48;H04L67/20;H04L67/18;H04L67/2823,CURBSIDE INC,20180503,2018,EP;US;WO,4,True,False,True
68890159,CN-110611939-B,Intelligent transmission method for monitoring data of power distribution network based on mesh structure,,"The invention discloses an intelligent transmission method for monitoring data of a power distribution network based on a mesh structure, which comprises the following steps: each monitoring terminal in the power distribution network is regarded as a node, and each node adopts a mesh structure to form a network; dividing a plurality of networking nodes into node clusters in a mesh network; if the multi-hop network exists in the node cluster, the data is transmitted by adopting a learning networking, and if the multi-hop network does not exist, the data is transmitted by adopting a polling mode; determining the priority of the information transmission of the core node according to the grading of the core node; the gateway gathers the uploaded data of the core node and transmits the data to a background server for information processing; the mesh network structure is widely used in a power distribution network in the prior art, however, as the scale of the mesh network structure is continuously enlarged, the multi-hop mesh structure also has the problems of bandwidth reduction, network delay and the like.",,H04W28/20;H04W40/32;H04W28/0289;H04W28/04;H04W84/18;H04W72/542;H04W72/566,,20190820,2019,CN,2,True,False,True
69182412,US-11224091-B2,Method and apparatus for prioritizing mission critical push to talk traffic during an emergency,,"Methods and apparatuses for prioritizing Mission Critical Push to Talk Traffic during an emergency. Embodiments disclosed herein relate to wireless communication networks, and more particularly to mission critical services in Long Term Evolution (LTE) communication networks. Embodiments herein disclose a channel sensitive MCPTT prioritization scheduling method and system to increase the download/upload speeds for MCPTT users during the emergency situations. Embodiments herein methods and systems for prioritizing traffic for connected User Equipments (UEs) over idle UEs.",,H04W76/50;H04W76/45;H04W48/04;H04W4/90;H04W4/023;H04W4/10,SAMSUNG ELECTRONICS CO LTD,20180726,2019,US;WO,5,True,True,True
69525703,WO-2020036643-A3,Personal tactical system and network,,"A personal tactical system including a ballistic load-bearing garment, a pouch with one or more batteries enclosed in the pouch, an electronic processor, a communication device, and at least one camera. The camera is incorporated into or removably attachable to the load-bearing garment, the pouch is removably attachable to the load-bearing garment and the one or more batteries are operable to power the camera and communication device. The processor runs image recognition software operable to identify approaching objects and alert the user. A plurality of personal tactical systems is operable to form an ad hoc network to share images and other information for determining object direction, location, and movement.",,F41H1/02;H04N7/185,LAT ENTPR INC D/B/A MEDIPAK ENERGY SYSTEMS,20180427,2019,EP;WO,3,False,False,True
69627214,KR-20200011276-A,Apparatus and method for routing of wireless ad-hoc network,무선 애드 혹 네트워크의 라우팅 장치 및 방법,"The present invention relates to a device and method for routing a route from a wireless ad hoc network to a destination node. The present invention comprises: a receiver for receiving wireless signals from neighboring nodes; a transmitter for transmitting the wireless signals to the neighboring nodes; and a controller for transmitting a specific message to the neighboring nodes according to a preset period, and receiving the specific message from each of the neighboring nodes, calculating the loss probability and low quality rate of the specific message received for a certain period of time, calculating first and second cost vectors corresponding to the routes to each neighboring node based on the calculated loss probability and low quality rate, setting the route corresponding to each of the neighboring nodes by giving priority to the route having a small first cost vector, and generating a routing table including node identification information of a next hop according to a set route. Accordingly, more stable and reliable routing is performed.","본 발명은 무선 애드혹 네트워크에서 목적지 노드까지의 경로를 설정(routing)하는 장치 및 방법에 대한 것으로, 인접한 이웃 노드들로부터 무선 신호를 수신하는 수신부와, 상기 이웃 노드들에 무선 신호를 전송하는 송신부 및, 기 설정된 주기에 따라 상기 이웃 노드들에 특정 메시지를 전송 및 상기 이웃 노드들 각각으로부터 특정 메시지를 수신하며, 일정 시간동안 수신된 상기 특정 메시지의 손실확률과 저품질률을 산출 및, 산출된 손실확률과 저품질률에 근거하여 각 이웃 노드까지의 경로에 대응하는 제1 및 제2 비용벡터를 산출하고, 작은 값의 제1 비용벡터를 가지는 경로를 우선하여 상기 이웃 노드들 각각에 대응하는 경로를 설정하며, 설정된 경로에 따라 다음 홉의 노드 식별정보를 포함하는 라우팅(routing) 테이블을 생성하는 제어부를 포함하는 것을 특징으로 한다.",H04W40/12;H04W84/18;H04W40/24,AGENCY DEFENSE DEV,20180724,2018,KR,1,False,False,True
69804004,KR-20200023572-A,Content cachhing mehtod using mobile cache,이동성을 갖는 캐시를 활용한 콘텐츠 캐싱 방법,"Provided is a method for caching content by using at least one mobile helper with mobility in a wireless communication cell coverage by a base station. Here, the mobile helper provides content through a device to device (D2D) communication in a relation between a plurality of general communication terminals existing in the cell coverage. According to an embodiment of the present invention, the method for caching content can comprise the steps of: (a) dividing a requested content into chunk units; (b) calculating D2D communication coverage for each chunk by considering content consumption time; (c) rearranging content preferences in chunk units by reflecting the calculated D2D communication coverage for each chunk; and (d) determining a priority for each chunk to be stored in a cache of the mobile helper based on the content preferences rearranged in chunk units.","기지국에 의한 무선 통신 셀 커버리지 내에서 이동성을 갖는 적어도 하나의 모바일 헬퍼를 이용하는 콘텐츠 캐싱 방법이 제공된다. 여기서, 상기 모바일 헬퍼는 상기 셀 커버리지 내에 존재하는 다수의 일반 통신 단말과의 관계에서 D2D(Device to Device) 통신을 통한 콘텐츠 제공을 수행하다. 본 발명의 실시예에 따른 콘텐츠 캐싱 방법은, (a) 요청된 콘텐츠를 청크(chunk) 단위로 구분하는 단계; (b) 콘텐츠 소비 시간을 고려하여 청크 별 D2D 통신 커버리지를 계산하는 단계; (c) 계산된 청크 별 D2D 통신 커버리지를 반영하여 콘텐츠 선호도를 청크 단위로 재정렬하는 단계; (d) 청크 단위로 재정렬된 콘텐츠 선호도에 기초하여 상기 모바일 헬퍼의 캐시에 저장할 청크 별 우선순위를 결정하는 단계를 포함할 수 있다.",H04N21/4331;H04N21/4332;H04W28/0289;H04N21/41407;H04W28/14,UNIV DONGGUK IND ACAD COOP,20180823,2018,KR,1,False,False,True
69885681,US-2020100082-A1,Enhanced procedures for sending emergency messages to multiple mobile devices,,"In a method of device-to-device communication, a user device initially sends an emergency message repeatedly at a first repeating frequency. When a specified number acknowledgement (ACK) messages are received, the user device sends the emergency message repeatedly at a reduced repeating frequency. The repeating frequency may be further reduced when more ACK messages are received.",,H04W88/04;H04W4/70;H04W52/0261;H04W76/50;H04W4/90;H04W56/001;H04W72/0446;H04L1/0003;H04L5/0055;H04W4/12;H04L1/189;H04L1/08;H04L1/1887;H04L1/0009;Y02D30/70,APPLE INC,20180926,2018,US,2,True,False,True
69945268,US-10849136-B2,Wireless resource-allocation system and method,,"A wireless resource-allocation system applied in a Wi-Fi mesh network is provided. The wireless resource-allocation system includes a target device, a first wireless access device, a second wireless access device, a third wireless access device, and a server. The first wireless access device obtains address information of the target device from the probe request from the target device. The third wireless access device receives the address information of the target device from the first wireless access device and sends a confirmation response. The confirmation response is generated according to the address information. Responsive to that the confirmation response indicates that the target device passes authentication, the first wireless access device and the third wireless access device provide the target device with a highest priority in the Wi-Fi mesh network.",,H04W72/566;H04W72/56;H04W72/569;H04W48/14;H04W12/06;H04W84/18;H04W76/10;H04W8/26;H04W72/1242;H04W72/10;H04W72/1247,WISTRON NEWEB CORP,20180928,2018,US,2,True,False,True
70052754,US-2020113000-A1,Mission-critical user priority-based random access method and apparatus for collision resolution in coexisting ps-lte and lte-m network,,"Proposed are a mission-critical user priority-based random access method and apparatus for a collision resolution in a coexisting PS-LTE and LTE-M network. The MCHP-RA method includes broadcasting information as part of a system information block (SIB) 2 in order for an eNB to allocate a random access channel (RACH) slot in a network environment in which an LTE-based public safety (PS-LTE) network and an LTE-based marine (LTE-M) network coexist, selecting an emergency slot as a next RACH slot when the number of mission-critical high priority-based user equipments (MCHP UEs) is greater than a predefined threshold and processing the MCHP UEs during a random access procedure, and selecting a normal slot as a next RACH slot when the number of MCHP UEs is smaller than a predefined threshold and processing the MCHP UEs, wherein the eNB may allocate the RACH slot based on configurations in order to prevent a preamble collision.",,H04W74/0875;H04W48/12;H04W74/085;H04W74/0891;H04W48/10,INHA IND PARTNERSHIP INST,20181008,2019,US,2,True,True,False
70300815,CN-111065146-A,Ad hoc network route determining method based on link quality,,"The invention discloses a method for determining a self-organizing network route based on link quality, which comprises the following steps of firstly, maintaining an effective adjacent node set through all nodes in a self-organizing network; then, route maintenance is carried out based on the adjacent node set, and a forwarding node of the next hop in the route forwarding process is determined according to the packet loss rate of the adjacent node in the route maintenance stage; each node in the adjacent node set stores a HELLO message queue, and when an optimal path of a route is selected, the adjacent nodes with more effective HELLO messages in the HELLO message queue are defined, and the priority in the path selection process is higher. The method has the advantages of high delivery rate of the data packet, capability of improving the network throughput of the ad hoc network, reduction of transmission delay and reduction of transmission delay jitter.",,Y02D30/70;H04L45/124;H04W40/12;H04W84/18;H04L45/026,UNIV XIAN POSTS & TELECOMMUNICATIONS,20191219,2019,CN,2,True,False,True
70325786,US-11005674-B2,Parental control for bluetooth mesh devices,,"Methods, systems, and devices for controlling mesh network devices are described. The method includes receiving, by an automation device, a first message from a control device, adding, by the automation device, the identifier of the first user device to a priority list of the automation device based on receiving the first message, and controlling, by the automation device, access to operations of the automation device based on the identifier in the priority list after adding the identifier of the first user device. In some cases, the first message includes an identifier of a first user device and an add command.",,H04L41/0813;H04W84/18;H04W4/80;H04W88/023;H04L67/125;H04L12/2816,QUALCOMM INC,20181029,2018,US,2,True,False,True
70458832,US-2020145874-A1,Congestion control and priority handling in device-to-device (d2d) communications,,"Various aspects of the present disclosure generally relate to wireless communication. In some aspects, a first wireless communication device may iterate a value of a channel access counter (CAC) to a trigger value based at least in part on configuring the value of the CAC. In some aspects, the first wireless communication device may utilize a channel access mechanism to select a set of time-frequency resources for a transmission of a packet based at least in part on iterating the value of the CAC to the trigger value. In some aspects, the first wireless communication device may transmit the packet to a second wireless communication device via the set of time-frequency resources based at least in part on utilizing the channel access mechanism to select the set of time-frequency resources for the transmission. Numerous other aspects are provided.",,H04W76/27;H04W74/08;H04W40/12;H04W28/0268;H04W74/0808;H04W72/044;H04W74/002;H04W28/0289;H04W72/10;H04W72/56;H04L47/826;H04L47/28;H04L47/24;H04W8/04,QUALCOMM INC,20181101,2019,CN;EP;US;WO,12,True,False,True
70657091,CN-111182612-B,Network access synchronization method and device for nodes in ad hoc network,,"The invention discloses a network access synchronization method and a network access synchronization device for nodes in an ad hoc network, which are used for solving the problem that the existing scheme is not suitable for the network access scenes of the nodes with different clock sources. The method comprises the following steps: the first node determines the synchronization priority of the first node according to the availability of an external clock source; when the synchronization priority of the first node is a first priority and the first node senses a synchronization signal broadcast by a second node, acquiring the synchronization priority of the second node, wherein the second node is a neighbor node of the first node; and when the synchronization priority of the second node is the first priority, the first node executes a network access synchronization process according to the synchronization signal of the second node.",,H04W56/001;H04W84/18;H04W48/10,,20181112,2018,CN,2,True,False,True
70688022,CN-210609457-U,Air-ground integrated police ad hoc network system,,"The utility model discloses an air-ground integration is alert with from network deployment system, this system have used modified Mesh to equip from network deployment, Mesh equip from network deployment include Mesh wireless network module, with the network communication module that Mesh wireless network module output is connected, respectively with HDMI module, the standard interface module that network communication module input is connected have realized supporting functions such as HDMI audio and video access, support national standard (GB/T28181-2016) standard. The unmanned aerial vehicle air investigation audio and video stream can be transmitted into the Mesh ad hoc network equipment through an HDMI interface in real time, and the equipment is in butt joint with a system in a public security video network according to a national standard protocol, so that the unmanned aerial vehicle investigation audio and video can be transmitted into the public security video network through a city monitoring video pole, and finally, video investigation air-ground integrated commanding and scheduling are realized. The equipment can meet the task requirements of large-scale activity security, group events, urban emergency rescue and disaster relief and the like.",,,VIDEO CRIMINAL INVESTIG DETACHMENT WUHAN MUNICIPAL PUBLIC SECURITY BUREAU,20190927,2019,CN,1,True,True,True
70761246,CN-210627421-U,Help calling system,,"The utility model discloses a distress system, including total accuse basic station, back field communication device, repeater and the device of calling for help that is equipped with ad hoc network wireless communication module, the device of calling for help includes calling for help ware and arm package, and the calling for help ware includes first to fourth task pilot lamp and first to fourth alarm button, and wherein first to fourth task pilot lamp is the flashing lamp of different colours respectively, and first to fourth alarm button respectively has the three-dimensional button of the different shapes of a normally bright lamp in the middle of for the third. The task pilot lamp of a plurality of colours can realize that voice broadcast and light warning combine, accomplishes the information reception under the complex environment better, and three-dimensional alert feelings button also is favorable to the fire fighter in time to send the rescue signal or send the safety degree affirmation signal of self to the back commander under various dangerous condition, and the arm package formula design also makes the saving alarm can wear fast simultaneously, facilitates the use, is difficult for dropping.",,,XIAMEN WUZHILIAN DIGITAL TECH CO LTD,20190920,2019,CN,1,True,False,True
70912505,KR-20200059527-A,Self-powered smart alarm system,자가발전이 가능한 스마트 알람 경보시스템,"The present invention relates to a smart alarm system. According to the present invention, signal transmission is performed by R/F wireless communication and power line communication for performing transmission with a communication signal included in a commercial power line so that a complex wired connection configuration can be replaced with a simple wireless configuration or a simple power line configuration. In addition, communication is performed by one or both of the power line communication and the R/F wireless communication depending on communication-restricted zones so that an accident attributable to communication loss can be prevented. Each alarm device is provided with a human body detection sensor unit and thus it is possible to prevent a worker′s or inspector′s hearing loss by automatically reducing a siren or electronic horn sound in the event of worker or inspector detection around the alarm device. A separate remote controller is provided so that the alarm device installed at a height out of a person′s reach fulfills a test function so that wired or wireless connection and control are possible therebetween. As a result, when crew members and users perform regular tests and equipment inspection, the present invention provides efficient functions to efficiently manage a product and prevent the risk of falling.","본 발명은 스마트형 알람 경보시스템에 관한 것으로서, 더욱 상세하게는 상용 전력선에 통신 신호를 포함하여 전송하는 전력선 통신 및 알에프 무선 통신으로 신호를 전달함으로써, 복잡한 유선 연결 구성을 무선 혹은 전력선으로만 간단하게 구성하며, 통신 제약 지역에 따라 전력선 통신, 알에프 무선 통신 중 적어도 어느 하나 이상으로 통신하도록 함으로써, 통신 두절에 따른 사고를 방지할 수 있으며, 알람경보장치마다 인체감지센서부를 구성하여 알람경보장치 주변에서 작업자 혹은 검사자가 감지되면 사이렌 혹은 전자혼 소리를 자동으로 낮추어 작업자 혹은 검사자의 청각 손실을 방지할 수 있도록 하며, 사람의 손이 닿지 않는 높이에 설치된 알람경보장치의 테스트 기능을 수행하기 위하여 별도의 리모컨을 구성하여 이들 간에 유선 또는 무선으로 연결하여 컨트롤할 수 있도록 함으로써, 선원들 및 사용자들로 하여금 정기적으로 테스트 수행 및 장비 점검시 효율적인 기능을 제공하여 제품의 효율적인 관리 및 낙상 사고의 위험을 방지할 수 있는 스마트형 알람 경보시스템에 관한 것이다.",G08B5/002;G08B25/06;G08B3/10;G08B21/187,SCANJET MACRON,20181121,2018,KR,2,True,False,True
71705836,CN-211123671-U,L oRa technology-based pneumatic hammer wireless automatic control system,,"The utility model provides a L oRa technique-based pneumatic hammer wireless automatic control system, including the field control device, central control unit and pneumatic hammer, the field control device is connected and is located the pneumatic hammer on scene, field control unit carries out remote communication with central control unit, adopt one of RS-485 communication and L oRa communication between field control unit and the central control unit as main communication module, select the module that the speed of response data is faster as main communication module, this pneumatic hammer wireless automatic control system adopts L oRa protocol to transmit control signal and obtain equipment operating mode, avoided pulling the signal line in large scale, adopt the ad hoc network, avoided using the signal instability that mobile network brought, and adopt the polling mode to obtain equipment state, adopt the highest priority level to carry out operating instruction, ensure that equipment normally works, the equipment quantity controlled, the throughput who limits in main control unit can satisfy the needs of most scenes.",,,CHEN YAJUN;WANG SHULAN,20190925,2019,CN,1,True,False,True
71787096,CN-116346682-A,"Method, node and system for detecting node interruption",,"Systems and methods for detecting node outages in a mesh network are disclosed. A tracking node in the mesh network detects a set of signals originating from the tracked node in the mesh network. The set of signals includes beacons or communication messages sent by the tracked node. The tracking node determines that a threshold number of beacon intervals have elapsed since the last signal was received from the tracked node. The tracking node performs interrupt verification based on data received from another node in the mesh network and updates the state of the tracked node. Based on the updated state, the tracking node outputs a probe to the tracked node, which requests a response to the probe. When no response to the probe is received from the tracked node, the tracking sends an outage alert message to the next higher layer of the topology of the mesh network.",,H04W24/08;H04W84/18;H04W24/04;H04B2001/6908;H04L69/324;H04L43/106;H02H3/04;H02H1/0007;G01R31/08;H04W40/24;H04L45/026;G01R22/068;Y02D30/70;H04L41/0686;H04L41/0622;H04L41/0654,LANDIS & GYR INNOVATIONS INC,20190530,2020,CN,6,True,False,True
72004045,WO-2021217942-A1,Border-gateway-based method and system for migrating task of underwater ad hoc network,,"Disclosed are a border-gateway-based method and system for migrating a task of an underwater ad hoc network. The technical solution thereof comprises: selecting a border gateway used for task migration management; adding sensor node information to a resource manager of the border gateway; the border gateway arranging the sensor node information so as to form a priority ranking of nodes in a resource queue; the border gateway arranging task information of an original sensor node in descending order according to task priorities and placing the task information in a task queue of a task manager, and selecting the optimal task cooperation node; and migrating a task to the task cooperation node by means of the border gateway for task calculation, and sending a calculation result to the original sensor node. By means of the present invention, a node of an underwater ad hoc network sends collected subsea heterogeneous data to the nearest border gateway; and the border gateway also migrates a task of a resource-constrained node to a resource-rich node to cooperatively complete the task, such that the network load is balanced, the energy consumption of nodes is reduced, and the observation efficiency of ocean data is improved.",,H04W84/18;G08C23/06;H04W4/38;Y02D10/00;H04L67/10;H04L67/1004;G08C17/02;H04L67/02;H04L67/12;Y02D30/70;H04W28/06;G06F9/5088,INST OCEANOGRAPHIC INSTR SHANDONG ACADEMY OF SCIENCES,20200427,2020,WO,1,False,False,True
72453847,CN-111683129-A,Dynamic ad hoc network mobile cloud computing system and method,,"The invention discloses a dynamic ad hoc network mobile cloud computing system and a method, wherein the system comprises: the mobile cloud service device comprises terminal nodes used for data acquisition, storage and calculation processing, a terminal ad hoc network module which is in signal connection with the terminal nodes and realizes terminal ad hoc network and communication, a layered and graded cloud computing architecture is adopted to realize data naming, encryption forwarding and calculation, and calculation processing nodes are distributed according to tasks with different priorities and complexity as required. The layered and graded cloud computing architecture is adopted, resources are allocated according to tasks and applications with different priorities and complexity as required, transverse and longitudinal expansion and load balance of mobile cloud computing capacity are easy to achieve, overall computing efficiency of the system is improved, and therefore real-time, efficient and accurate processing of various tasks is guaranteed.",,H04L67/10;H04W84/18;H04L67/1034;H04L41/044,UNIV ELECTRONIC SCI & TECH CHINA,20200529,2020,CN,1,False,False,True
72469266,KR-20200103206-A,Portable IoT Sensor Kit for Smart Safety with Wireless Mesh and Artificial Intelligence,무선메쉬와 AI를 이용한 휴대가능한 지능형 화재예측 IoT센서 키트,"The present invention relates to a portable intelligent fire prediction IoT sensor kit using wireless mesh and AI. As soon as power is applied, a sensor node composes a sensor network which can immediately transmit device information, measurement values, or the like of a sensor node itself to all the sensor nodes and intelligent connection nodes at low power through all adjacent sensor nodes and a wireless mesh network. When the sensor network is configured, the sensor node transmits measured sensor data through another sensor node or directly transmits to the intelligent connection node at a certain period or the moment when the data occurs in accordance with types. The intelligent connection node receives all the sensor data transmitted by the sensor node, stores the sensor data in a database of the control unit, and transmits the sensor data to a backend system. The control unit generates and modifies an artificial intelligence algorithm for predicting and determining the occurrence of fire through the sensor, location, and node information data in the database. Since fire detection, analysis, and prediction are possible by the sensor data, sensor data errors are removed, corrected, and accurate data is accumulated, so that an optimal prediction algorithm is generated and utilized.","국가적으로 큰 문제가 되고 있는 공공 및 민간 다중이용시설 (재래시장, 상가/쇼핑몰, 병원/요양원, 위락시설-극장, 실내놀이시설 등)에서의 화재발생과 유독가스 등의 누출시 발생 할 수 있는 대량 인명손실과 천문학적인 사회적 기회비용의 손해가 빈번히 발생하고 있는데, 이러한 화재 및 가스누출사고 발생시 즉각적으로 감지하고 징후를 판단하여 화재 확산의 예측이 가능하여 관련자 및 관련기관에 자동적으로 경보하고 전파하여 인명의 조기구조나 재산손실을 미연에 방지하기 위한 골든 타임을 확보 할 수 있도록 도와주는 (1) 경제적으로 보급이 가능하고  (2)구성 및 운용이 쉬우며 (3)휴대 또는 이동 하여 일반 초보자도 간편하게 사용 할 수 있는 화재 및 가스누출 등의 재난 방재와 사회안전 편익에 도움을 주는 “무선메쉬와 AI를 이용한 휴대가능한 지능형 화재예측 IoT센서 키트”에 관한 장치의 구성과  인공지능 프로그램에 관한 것이다 
      화재 재난현장에서 사용되는 사물인터넷(IoT) 스마트 센서는 센서데이터의 신뢰성이 매우 중요하기 때문에 센서데이타의 전송 신뢰도를 향상하기 위하여 센서 노드간에 연결성이 강화된 무선메쉬 센서네트워크를 구성하는 것이 안전하다. 
      아래 대표도 에서 보는 바와 같이, 센서노드는 전원이 인가되는 즉시 인접한 모든 센서노드와 무선메쉬네트워크를 통하여 센서노드 자신의 기기정보와 측정값 등을 모든 센서노드 및 지능형 접속노드에 저전력으로 즉각 전달 가능한 센서네트워크을 구성한다. 
      센서네트워크가 구성되면, 센서노드는 측정한 센서데이터를 종류에 따라서 일정주기 또는 데이터 발생 즉시 다른 센서노드를 통하거나 직접 지능형 접속노드에 전송한다. 
      지능형 접속노드는 센서노드가 전달한 모든 센서데이터를 수신하여 제어부의 데이터베이스에 저장하고 백엔드시스템에 전송한다. 제어부는 데이터베이스에서 센서, 위치 및 노드 정보 데이터를 통하여 화재예측 및 발생 판단을 위한 인공지능 알고리즘을 생성 및 수정한다. 
      지능형 접속노드에서 생성되는 인공지능 알고리즘(216) 및 백엔드시스템에서 생성되는 인공지능 알고리즘은 시간별, 센서별, 종류별 측정 데이터를 기준으로 각 센서의 오차 및 화재 발생 여부를 판단한다. 
     만일 인공지능 알고리즘이 화재 발생 상황이 일어났다고 판단한 경우, 지능형 접속노드(200)는 제어부를 통해 자동경보프로그램에 화재경보를 전달하며 자동경보프로그램은 관리자 등 관련자, 소방서 등 관련부처, 필요한 경우 미리 등록해둔 지자체에 화재 발생 사실과 해당 지능형 접속노드의 실제 위치정보를 전파한다. 
     센서데이타에 의해 화재 감지와 분석, 예측이 가능하기 때문에 센서데이터 오류를 제거하여, 보정하고 정확한 데이터를축적하여, 최적의 예측 알고리즘을 생성하여 활용한다. 
    센서데이타의 유형과 패턴에 따라 보다 정확한 분석을 위해 충분한 데이터를 확보하기 위하여 센서노드의 데이터 전송주기와 센서에서 측정되는 센서데이터 수치정보를 증가하여 전송하게하므로서 보다 밀도 있는 시계열 분석이 되도록 하여, 단기간내에 모든 데이터를 수집 분석하여  정확한 시나리오를 예측하고 이에 따른 경보 수준을 판단 한다. 
화재, 가스누출 등의 재난 방재 목적 이외에, 산업현장의 위험작업장, 예를 들면 유해가스 지역의 환경정보 감지 및 알람, 유류저장소, 원전과 같은 방사능 누출 지역, 고로, 사일로 등과 같은 시설파괴시 재해가 예상되는 장소나 기관의 구조물 등에도 간편하게 사용 할 수 있으며, 사회안전을 위한 공공SOC, 예를들면 교량, 도로, SOC구조물 등에서도 사용 할 수 있다.",G08B21/10;G08B17/06;G06N20/00;G08C17/02,YOO HYUN CHUL,20190220,2019,KR,1,False,True,False
73047365,US-11533600-B2,Methods and systems for detecting and distributing encoded alert data,,"A method for detecting and distributing alert data based upon both receiving alert data encoded in a terrestrial television broadcast transmission and receiving an identification of a location of a device includes receiving, by a first device in a plurality of devices in a mesh network, a terrestrial broadcast signal including at least one datacast packet. A second device in the plurality of devices receives a satellite transmission identifying a location of the second device. The method includes confirming, by a notification engine executed by a third device in the plurality of devices in the mesh network, receipt of both the satellite transmission and alert data encoded in the terrestrial broadcast signal. The method includes activating, by the notification engine, at least one alert module in the mesh network, upon confirmation of the receipt of both the satellite transmission and the alert data encoded in the terrestrial broadcast signal.",,G01S19/14;H04W4/90;H04W4/06;G08B27/00;G08B27/008;H04W4/02;G08B5/38;H04W84/18;H04N7/20;G08B29/16;G08B3/10,WEST POND TECH LLC,20190507,2020,US,2,True,False,True
73359636,CN-111954267-B,Method for improving transmission efficiency of wireless ad hoc network,,"The invention discloses a method for improving the transmission efficiency of a wireless ad hoc network, wherein communication nodes report parameters related to transmission priority to a central control node, and the central control node calculates the transmission priority of each communication node according to the acquired parameters and a preset algorithm; selecting candidate nodes meeting a threshold to form a candidate node set according to a preset transmission priority threshold; selecting a candidate node with the highest priority as a mandatory sending node, and scheduling the mandatory sending node by the central control node to send data in a transmission time slot # n; judging whether other candidate nodes except the optional sending node can be used as the optional sending node according to a preset judgment rule and the transmission priority from high to low; the central control node schedules the optional transmitting node to transmit data within transmission time slot # n. According to the invention, two or more concurrent transmissions in the network are coordinated through the scheduling method, so that the problem that the concurrent transmissions cannot be carried out due to co-channel interference is avoided, and the network transmission efficiency is improved.",,H04W28/10;H04W84/18,,20200825,2020,CN,2,True,False,True
73390220,CN-111970648-A,Communication method of centerless ad hoc network,,"The invention provides a communication method of a centerless ad hoc network, which comprises the following steps: s1: setting the identification code of each node and the priority of the identification code; s2: dynamically allocating time slot sequence and adaptively adjusting transmission rate according to the sequence of each node of the access network and the priority of the identification code; s3: each node receives and transmits data according to the time slot sequence, only one node transmits data in the same time slot, the other nodes receive the data, and the data is transmitted in a broadcasting mode. The invention specially designs a universal time slot structure, which is convenient for receiving and transmitting control and information identification at the network nodes and quick response when the nodes are increased or decreased; the time slot sequence of each node is dynamically distributed, and the time slot sequence is redistributed to be expanded to a centerless ad hoc network of a plurality of nodes, so that the information intercommunication and interconnection among the nodes can be realized; by adopting the MSK modulation mode, the time slot length can be divided more flexibly, and the method is suitable for the centerless ad hoc network communication of hundreds of narrow-band networking nodes or more than ten broadband networking nodes.",,H04W72/56;H04W72/30;H04W84/18;H04W84/06;H04W4/06;H04W72/0446;H04W28/22,TIANJIN XUNLIAN TECH CO LTD,20200825,2020,CN,1,False,False,True
74376746,CN-212413432-U,Police unmanned aerial vehicle cluster investigation combat equipment,,"The utility model relates to a police unmanned aerial vehicle cluster investigation combat equipment, which is formed by refitting a police unmanned aerial vehicle, adding an external MCU control module, a Mesh ad hoc network module and an RF-Link module, and realizing the ad hoc network cooperative communication of a plurality of police unmanned aerial vehicles so as to form a cluster; and data are transmitted to the ground station through the RF-Link wireless communication module and then transmitted to the background server through the data conversion module, and finally the command control management terminal can check and control the police unmanned aerial vehicle to realize the function of cluster reconnaissance combat. The utility model discloses combine together secondary flight control technique, Mesh from network deployment communication technology, RF-Link wireless communication technique, cooperate corresponding backend server and command control management terminal, realize that it is alert with unmanned aerial vehicle cluster investigation combat equipment, have fine application prospect and spreading value.",,,VIDEO CRIMINAL INVESTIG DETACHMENT WUHAN MUNICIPAL PUBLIC SECURITY BUREAU,20200515,2020,CN,1,True,False,True
74571753,KR-102211845-B1,Apparatus and method for performing scheduling in ad hoc networks,무선 애드혹 네트워크에서 스케줄링을 수행하는 장치 및 방법,"According to the present invention, provided are an apparatus for performing scheduling in a wireless ad hoc network and a method thereof. According to the present invention, each node can exchange messages with 1-hop adjacent nodes, and determine the priority of each node based on the number of 2-hop adjacent nodes and random values included in the messages. Moreover, each node can allocate a slot for each node in accordance with the priority, and schedule each node based on the slot corresponding to each node. Therefore, the present invention is capable of reducing wasted time caused by a collision during a slot scheduling procedure.","본 발명은 무선 애드혹 네트워크에서 스케줄링을 수행하는 방법 및 장치를 제공한다.  
본 발명에서는, 각 노드들이 1-홉 이웃노드들과 메시지를 교환하고, 메시지에 포함된 2-홉 이웃노드 수 및 랜덤 값에 기초하여 각 노드들의 우선순위를 결정할 수 있다. 또한, 우선순위에 따라 각 노드들에 대한 슬롯을 할당하고, 각 노드들에 대응되는 상기 슬롯에 기초하여 상기 각 노드들을 스케줄링할 수 있다.",H04W72/566;H04W74/04;H04W84/18;H04W72/1247,AGENCY DEFENSE DEV,20190904,2019,KR,1,True,False,True
75143216,KR-20210027823-A,Mission-critical user priority-based cooperative resource allocation schemes and apparatus for multi-layer next-generation public safety networks,다층 구조의 차세대 공공안전통신망을 위한 위기임무 사용자 우선권 기반 협력 자원 할당 방법,The present invention relates to a scheme and an apparatus for mission-critical user priority-based cooperative resource allocation for a multi-layer next-generation public safety network. The scheme includes: a step of identifying an attacker eNB and a user in need of CoMP through a CoMP scheduler and performing storage in a CoMP set; a step of determining scheduling regarding an LTE-R network user (U_R) with respect to the CoMP site (S_R) attacker eNB in an LTE-R network; and a step of determining scheduling regarding the rest of the users (U_P and U_M) in each CoMP site in PS-LTE and LTE-M networks in accordance with competition rules.,"다층 구조의 차세대 공공안전통신망을 위한 위기임무 사용자 우선권 기반 협력 자원 할당 방법 및 장치가 제시된다. 본 발명에서 제안하는 다층 구조의 차세대 공공안전통신망을 위한 위기임무 사용자 우선권 기반 협력 자원 할당 방법은 CoMP 스케줄러를 통해 CoMP를 필요로 하는 사용자와 해당 공격자 eNB를 식별하여, CoMP 세트에 저장하는 단계, LTE-R 네트워크에서의 CoMP 사이트(S R ) 공격자 eNB에 대하여 LTE-R 네트워크의 사용자( U     R   )에 대한 스케줄링을 결정하는 단계 및 PS-LTE 및 LTE-M 네트워크에서의 각 CoMP 사이트 내의 나머지 사용자( U     P    및  U     M   )에 대한 스케줄링을 경쟁 규칙에 따라 결정하는 단계를 포함한다.",H04J11/005;H04W72/1215;H04W72/566;H04W72/535;H04W72/1247;H04W72/1257,UNIV INHA RES & BUSINESS FOUND,20190903,2019,KR,1,False,True,False
75163328,US-11475748-B2,System and method for RF tripwire based intrusion detection,,"Systems and methods for detecting a presence of a target such as a vehicle, an animal, a person, or another object in a monitored area without the use of sensors, are provided. Multiple RF field anomaly detection nodes may be spaced through the monitored area and connected, such as in a mesh network. The RF field anomaly detection nodes may include radio transceivers that communicate with one another and which monitor a signal strength of received signals. The nodes may compare the signal strengths to expected strength values. As a target enters a portion of the monitored area, the dielectric properties of the target cause at least one signal strength of at least one received signal to change. The RF field anomaly detection nodes may detect this change and trigger a further action or human readable alert corresponding to the presence of the target.",,G08B13/2491;G08B25/10;G08B13/187;H04B17/318,WILLIAMSRDM INC,20190926,2020,US,2,True,False,True
75179579,KR-102225034-B1,A fire monitoring system of automatic notification in real time and method thereof,실시간으로 자동 통보가 가능한 화재 감시 시스템 및 방법,"According to an embodiment of the present invention, provided is a fire monitoring system, which comprises: an IoT platform server which monitors events in real time through flame detectors and weather data collectors; and a plurality of application servers which receive a field dispatch request message for an event from the IoT platform server in the form of an SMS and are connected through a mesh network. The application server is limitedly included in a device of a participant who has received an authentication link for security. The SMS may be sequentially delivered between participants based on a predetermined priority.","본 발명의 실시예에 따른 화재 감시 시스템은, 불꽃 감지기와 기상 데이터 수집기를 통해 이벤트를 실시간으로 모니터링하는 IoT플랫폼 서버; 및 IoT 플랫폼 서버로부터 이벤트에 대한 현장 출동 요청 메세지를 SMS 형태로 수신하며 메쉬 네트워크를 통해 연결되는 복수의 어플리케이션 서버;를 포함하고, 어플리케이션 서버는 보안용 인증 링크를 수신한 참여자의 디바이스에 한정되어 포함되며, SMS는 미리 결정된 우선 순위에 기초하여 참여자 사이에서 순차적으로 전달될 수 있다.",Y02A90/10;G01W1/00;G08B17/12;G08B25/005;G08B25/007,SONGAM SYSCOM CO LTD,20200709,2020,KR,1,True,True,True
75273696,US-2021105617-A1,Secured distributed mesh network,,"In accordance with some embodiments, a method of operating a user-equipment (UE) gateway device to establish access for an end-point device coupled to the UE gateway device includes receiving a connection request from the end-point device; creating a registry entry with a digital identity for the end-point device in a security registry of the UE gateway device, transmitting a second registry entry derived from the registry entry to a network device coupled to the UE gateway device, recording activities with devices in communications with the end-point device into the registry entry, and locking the registry entry in the security registry after a set period of time. Security registries are recorded in network devices and communications with then end-point device may be monitored and alerts provided according to the registry entries for the end-point devices in the security registries.",,H04W76/12;H04W76/11;H04W28/0268;H04W12/088;H04L41/509;H04L41/5029;H04L41/5006;G16Y30/10;G16Y10/75;H04L63/102;Y04S40/00;H04L43/0876;Y04S40/20;H04W84/18;G06Q30/08;H04W92/06;H04W88/02;H04W12/73;H04W88/16;H04W12/00516,Instant! Communications LLC,20191007,2020,US;WO,4,True,False,True
76120744,CN-112911723-A,Unmanned aerial vehicle cluster ad hoc network channel access method based on interference priority,,"The invention discloses an unmanned aerial vehicle cluster ad hoc network channel access method based on interference priority, which sets a control information sending priority level of an unmanned aerial vehicle node correspondingly through an interference signal intensity level acquired by the unmanned aerial vehicle node, adjusts a local control data sending sequence corresponding to the unmanned aerial vehicle node by using the control information sending priority level, and then selects and adjusts the length of a competition window by using a discrete three-dimensional Markov model and a self-adaptive random channel access method, so that the unmanned aerial vehicle cluster adapts to different communication interference environments, the throughput of high-communication interference priority data transmission is improved, the communication delay is reduced, the energy consumption of a system is not increased, the QoS of the unmanned aerial vehicle cluster ad hoc network is effectively ensured, and the survival capability of the cluster in a complex electromagnetic spectrum environment is further improved.",,Y02D30/70;H04W84/18;H04W74/0833;H04W4/40,NAT UNIV DEFENSE TECHNOLOGY PLA,20210129,2021,CN,2,True,False,True
76335998,CN-112996055-B,Small data message merging method for wireless ad hoc network data synchronization,,"The invention provides a small datagram combination method for wireless self-organizing network data synchronization, which comprises the following steps: judging whether the data is the small message data, if so, entering the next step, and otherwise, directly transmitting the data; determining a fixed transmission path from a source node to a destination node; calculating the waiting merging probability according to the priority score; sequencing the merging waiting probabilities of the relay nodes, and screening the first q subsequences as the relay nodes for merging; establishing multi-hop transmission of small message data with a target node, if the waiting merging probability of each relay node triggers merging waiting, entering the next step, otherwise, transmitting the small message data to the target node; the small message data waits for L minutes at the node, and if k small message data with the same destination address exist in the waiting time, data combination is carried out; otherwise, after any one small message data reaches the waiting time, merging all the small message data at present; the merged data message is transmitted to a destination node; after receiving the message, the destination node updates the priority score and sends the message to each source node through a confirmation message to store the updated information.",,Y02D30/70;H04W40/22;H04W28/14;H04W84/18;H04W40/02;H04W28/065,,20210316,2021,CN,2,True,False,True
76658139,US-11057748-B1,Prioritized communication windows in a wireless mesh network,,"A wireless network may include a server, a network, a network access device and a plurality of nodes configured to communicate wirelessly. Messages may be communicated through the network wirelessly in an uncoordinated manner. Some nodes may be assigned a first priority indicating that the node has a higher priority than other nodes assigned a second priority. During a certain time period or window, referred to as a “quality of service window,” nodes assigned the first priority may continue transmitting in the uncoordinated manner, while nodes associated with the second priority may wait to transmit their messages until after the expiration of the quality of service window. Thus, during the quality of service window, there should be less congestion since nodes assigned the second priority remain quiet, thereby increasing the likelihood that messages transmitted by the nodes assigned the first priority will be successfully communicated.",,H04W72/56;H04W72/543;H04W4/12;H04L12/1886;H04L43/0876;H04L51/58;H04W84/18;H04W28/0268;H04L41/0806;H04L41/0893;H04W72/10;H04L51/38;H04W72/087,SYNAPSE WIRELESS INC,20180917,2018,US,1,True,False,True
76663123,CN-113099504-A,Communication method and related device of wireless ad hoc network,,"The application discloses a communication method of a wireless ad hoc network and a related device, wherein the method comprises the following steps: a forwarding node of the wireless ad hoc network judges whether the service quality priorities of a plurality of groups of data streams to be forwarded are the same; if yes, acquiring the current route hop count of each group of data streams to be forwarded; and selecting the data stream to be forwarded for preferential forwarding based on the current routing hop count of each group of data stream to be forwarded.",,Y02D30/70;H04W84/18;H04W40/02;H04W40/18,HYTERA COMM CO LTD,20191223,2019,CN,2,True,False,True
77179058,US-11089606-B1,Methods for dynamically optimizing a flying ad-hoc network,,"Described herein are methods and systems for dynamically optimizing a Flying Ad-Hoc Network (“FANET”). A server that manages the FANET can receive information relating to the network activity of user devices connected to the FANET. Examples of the type of information included can include the user devices&#39; locations, network connection quality, and network traffic volume dedicated to a Unified Endpoint Management (“UEM”) system of an enterprise. The server can analyze the network activity information based on a set of rules to prioritize the user devices connected to the FANET. The server can instruct unmanned aerial vehicles (“UAVs”) in the FANET to reposition themselves to provide the best connection for higher priority user devices.",,H04W72/56;H04W16/18;H04B7/18502;H04W24/02;H04W24/08;H04W84/005;H04W84/18;H04W72/10,VMWARE INC,20200507,2020,US,3,True,False,True
77221084,CN-113259865-A,Cluster talkback talk right seizing method and device for mesh ad hoc network,,"The invention provides a cluster talkback talk right seizing method and a device for a mesh ad hoc network, wherein the method comprises the following steps: when a plurality of terminals are connected to a mesh ad hoc network, acquiring identity information of the plurality of terminals, wherein the identity information comprises: user name and speech right holding state; before the speaking right seizing terminal initiates the cluster service, a seizing message is sent to the speaking right owning terminal; if the speaking right owner terminal does not speak currently, sending successful speaking right preemption information to the speaking right preemption terminal; and if the speaking right owning terminal is speaking currently and the priority of the speaking right owning terminal is lower than that of the speaking right preempting terminal, sending speaking right preempting success information to the speaking right preempting terminal. According to the preemption method provided by the invention, the speech right preemption terminal directly negotiates with the speech right owning terminal, namely an end-to-end negotiation mode, so that the interaction times can be reduced, and the signaling is easily ensured.",,H04W4/90;H04W84/18;H04W4/10;H04W4/08,JIANGSU HUAIYE INFORMATION TECH CO LTD,20210419,2021,CN,2,True,False,True
77313122,KR-102287589-B1,Method and System for Urgent Message Service Using BLE,Ｂｌｅ를 이용한 긴급 메시지 서비스 방법 및 시스템,"The present invention relates to a method and system for an emergency message service using Bluetooth low energy (BLE). The method according to the present invention comprises the steps of: receiving a BLE advertiser packet including emergency message content; checking whether the received BLE advertiser packet is firstly received; displaying, when the BLE advertiser packet is firstly received, the emergency message content included in the BLE advertiser packet on an emergency message chat window; and advertising the BLE advertiser packet. According to the present invention, emergency messages can be exchanged even in a network disconnection situation in which mobile data communication such as 2G, 3G, 4G, 5G, etc. or Wi-Fi communication is not performed.","본 발명은 BLE(Bluetooth Low Energy)를 이용한 긴급 메시지 서비스 방법 및 시스템에 관한 것으로, 본 발명에 따른 방법은 긴급 메시지 내용를 포함하는 BLE 애드버타이저 패킷을 수신하는 단계, 수신된 BLE 애드버타이저 패킷의 최초 수신 여부를 확인하는 단계, BLE 애드버타이저 패킷이 최초 수신된 것이면, BLE 애드버타이저 패킷에 포함된 긴급 메시지 내용을 긴급 메시지 대화창에 표시하는 단계, 그리고 BLE 애드버타이저 패킷을 애드버타이징(advertising) 하는 단계를 포함한다. 본 발명에 의하면 2G, 3G, 4G, 5G 등의 이동 데이터 통신이나 와이파이 통신이 되지 않는 네트워크 단절 상황에서도 긴급 메시지를 교환할 수 있다.",H04W84/18;H04W4/90;H04W4/80;H04W4/06,TI SQUARE TECH LIMITED,20200827,2020,KR,1,True,False,True
77463947,US-11528775-B2,System and method for dynamic mesh network discovery,,"A system and method for dynamic mesh network discovery is disclosed. In embodiments, the system assigns each network asset (e.g., unmanned or manned aircraft or like mobile nodes) a unique asset number. Each asset has a controller coupled to a datalink including antenna elements and a memory for storing an asset table. Each asset periodically broadcasts an asset status message including the asset number. When a status message is received, the receiving asset compares the received asset number to its own asset number. If the received asset number is higher (e.g., of lower priority) than its own asset number, the receiving asset establishes a bidirectional mesh network connection to the broadcasting asset. Assets on the receiving end of a network connection interrogate the establishing asset for its asset number, such that assets on both sides of the connection know the identity of the other and update their asset tables accordingly.",,H04W84/18;H04W4/80;H04W8/005;H04W4/46;H04W76/11;H04W4/06,ROCKWELL COLLINS INC,20200228,2021,US,2,True,False,True
77619530,CN-113395720-A,Relay node guided multi-hop mobile ad hoc network MAC layer communication method,,"The invention provides a multi-hop mobile ad hoc network MAC layer communication method guided by relay nodes, wherein the relay nodes are the guide of the whole protocol program, the protocol is initiated by the relay nodes, any node can become other nodes to inquire the relay nodes in a transmission path, after the relay nodes collect the information to be transmitted, the priority transmission meeting the exchange transmission condition between the two nodes is selected, and then the transmission is carried out according to the first-in first-out principle; after the transmission is completed, the broadcast informs the neighboring nodes to delete the successfully transmitted information from the transmission sequence to the neighboring nodes. The invention changes the original relay node to only undertake the auxiliary or cooperative function, and sets the relay node as the leader of the whole protocol program, solves the problems of high time delay and low throughput of the original unidirectional transmission mode taking the transmission node as the leading factor, and can maintain the network stability, reduce the transmission delay, and improve the network throughput and the transmission efficiency particularly under the condition of more nodes.",,H04W72/30;H04W72/0446;H04W84/18;H04W24/02;H04W40/22;H04W28/0236,UNIV NORTHWESTERN POLYTECHNICAL,20210528,2021,CN,2,True,False,True
78007391,WO-2021210895-A1,Method and system for providing priority communication in a mission-critical push-to-talk (mcptt) service,,"The present disclosure relates to method performed by a mission critical push-to-talk (MCPTT) server, the method comprises: receiving, from a first user equipment (UE), a request for a connection to communicate with one or more second UEs, wherein the request includes at least a first priority score associated with a type of the connection; determining, based on the request, a second priority score corresponding to the first UE, wherein the second priority score is associated with a type information; and performing based on the first priority score and the second priority score one of: approving the request for the connection, or rejecting the request for the connection.",,H04W76/11;H04W76/45;H04M3/566;H04W4/10;H04W4/90;H04W76/18;H04W48/16,SAMSUNG ELECTRONICS CO LTD,20200414,2021,US;WO,3,True,False,True
78085956,WO-2023047073-A1,Ad-hoc communication system for intelligent transportation with simultaneous transmission and sensing,,"A broadcasting vehicular ad-hoc network in an intelligent transportation system includes the provision of a vehicle capable of sensing attributes of the network even whilst transmitting packets on that network. Beneficially, a listen-whilst-transmit system allows collisions and network congestion to be detected even when a vehicle is transmitting. Based on this knowledge, the vehicle may abort transmission, modify its retransmission process, and enable prioritisation of retransmission between multiple vehicles in dependence on numerous factors, including the operating autonomous level of the different vehicles in the network. The system may further implement a system in which both periodic and aperiodic packets are transmitted in a vehicular ad-hoc network.",,H04W84/005;H04W74/0825;H04W4/46;H04W24/08;H04L5/0005;H04W84/18,KING S COLLEGE LONDON,20210921,2021,WO,1,False,False,True
79024266,US-2022247690-A1,Smart cache control for mission-critical and high priority traffic flows,,"A system, apparatus, method, and non-transitory computer readable medium for providing smart cache control for mission-critical and high-priority traffic flows may include a network device which is caused to, extract attributes from a network packet, determine whether to request a new flow rule from a network controller for the network packet based on the extracted attributes, transmit a new flow rule request to the network controller based on results of the determining, the new flow rule request including the extracted attributes, receive the new flow rule from the network controller in response to the new flow rule request, and store the new flow rule in at least one cache memory based on priority information of the new flow rule.",,H04L45/38;H04L47/2483;H04L45/54;H04L47/29;H04L47/24;H04L47/2441;H04W28/02;H04L45/42;H04L67/5682;H04L45/742;H04L47/2466,NOKIA SOLUTIONS & NETWORKS OY,20210202,2021,EP;US,4,True,False,True
79288441,CN-113938950-A,D2D communication resource distribution method and system based on bipartite graph,,"The invention relates to a D2D communication resource distribution method and a system based on a bipartite graph, wherein the method comprises the following steps: constructing a bipartite graph structure based on pairs of cellular users and D2D users in the cellular network; calculating the optimal matching result with the minimum total interference on the receiving end of the D2D user pair in the whole cellular network by using a bipartite graph structure and a KM algorithm; calculating the priorities of all D2D user pairs in the cell according to the optimal matching result and arranging the priorities in a descending order to obtain a priority queue set; establishing a cellular user candidate set for each D2D user pair in the cell according to the priority sequence in the priority queue set; and performing spectrum resource allocation on the D2D user pairs in the cell according to the priority queue set and the cellular user candidate set. According to the invention, under the condition of ensuring the lowest communication requirement of the cellular users, the interference to the original cellular users is reduced while the access number of the D2D users is maximized, and the performance, the throughput and the spectrum resource utilization rate of the cellular network are effectively improved.",,H04W72/541;H04W72/569;H04W28/0236;H04W28/0875,UNIV JILIN,20211125,2021,CN,2,True,False,True
80003715,US-2022039109-A1,Connectivity scheduler for nb-iot devices,,A method performed by one or more network nodes of a wireless telecommunications network to schedule intermittent connectivity of multiple narrowband Internet-of-Things (NB-IoT) devices with the network. The network node(s) can maintain a connectivity schedule that includes profiles for NB-IoT devices and cause the multiple NB-IoT devices to connect to the network in accordance with the schedule at different times based on priority levels associated with the NB-IoT devices. The network node(s) can adjust the connectivity schedule in response to detection of a condition of the network or the NB-IoT device.,,H04W72/566;H04W72/53;H04L47/826;H04L47/824;H04W76/50;H04W4/90;H04W28/021;H04W72/0446;H04W72/0493;H04W72/1247,T MOBILE USA INC,20200731,2020,US,2,True,False,True
80004800,US-2022039154-A1,Avoiding collisions in mesh network communications,,"A method for avoiding collision between a parent node and a child node in a time-slotted-channel-hopping (TSCH) mesh network is provided. For example, each node in the TSCH network can be configured to obtain a transmit offset index. At the beginning of a timeslot, the node determines its transmission priority based on the transmit offset index and an absolute slot number (ASN) of the timeslot. If the transmission priority of the node is an early transmission priority, the node transmits data packets according to the normal transmission process of the TSCH network. If the transmission priority of the node is a late transmission priority, the node enters a listen before talk (LBT) mode to listen for incoming communication on the network. If no incoming communications are detected during the LBT mode, the node then transmits data packets according to the normal transmission process of the TSCH network.",,H04W72/56;H04L12/413;H04W84/18;H04W74/0808;H04W72/0446;H04W72/10,LANDIS & GYR INNOVATIONS INC,20200728,2020,US,2,True,False,True
80350655,WO-2022040097-A1,Relay device management based on data priority level,,"A relay (UE) receives, from a source UE device, a source transmission comprising destination device data and a relay indicator indicating that the destination device data is to be transmitted to a destination UE device. The relay UE device determines whether other communication data is pending transmission to another UE device over a device-to-device communication link. If other communication data is pending transmission, the relay UE device determines whether a destination data priority level of the destination device data is greater than another data priority level of the other communication data. The destination device data is transmitted to the destination UE device in accordance with the priority levels.",,H04W40/246;H04W40/22;H04W40/20;H04W40/248;H04W84/18;H04W92/18;H04L1/1812;H04L1/188;H04L2001/0097;H04W88/04;H04W76/14;Y02D30/70;H04W40/12;H04W72/40;H04L1/1607;H04L5/0055;H04W76/10,KYOCERA CORP;KALHAN AMIT;CHANG HENRY;FUJISHIRO MASATO,20200817,2021,US;WO,2,False,False,True
80498215,JP-2022038989-A,"Communication network connection service provision system, and wifi router therefor",,"To maintain a communication environment even in the event of an unexpected communication failure due to a natural disaster, such as an earthquake and thunderstorm, and a human disaster such as a failure and an accident in communication equipment.SOLUTION: A communication network connection service provision system enables the use of two or more communication lines of different communication service providers (carriers) to provide a connection to a communication network. If each access to the two or more available communication lines is by radio, a priority is put to each communication line to be used, and in a state that connection to the communication network cannot be performed for a certain time, the communication line to be used is changed according to the priority, so that a communication environment is maintained.SELECTED DRAWING: Figure 2",,,A2 NETWORK KK,20200827,2020,JP,3,False,True,False
80652860,CN-114205426-A,"Frame structure, node and node communication method of wireless ad hoc network",,"The invention discloses a frame structure of a wireless self-organizing network, which comprises: a superframe comprising 16 frames and having a length of 16 ms; each frame is 1ms long and comprises 28 symbols; p symbols are used for synchronous detection among nodes; the S symbol comprises necessary information maintained by an interactive network between nodes, resource negotiation information and high-priority service data; the D symbol is used for service interaction between nodes; the G symbol is used for a time protection interval of the transceiving switching reserved between the nodes. The invention can clearly distinguish whether the interference is outside the system or the effective data of other nodes of the system, and further can work normally when serious interference exists in the system; on the other hand, different configurations of the static domain and the dynamic domain in the system frame can flexibly support nodes with different scales, and up to 128 nodes can be supported to work simultaneously.",,H04W84/18;H04L69/06;Y02D30/70,XIXIAN JINGWISTONDA SCIENCE AND TECH CO,20211208,2021,CN,1,False,False,True
80707355,CN-114222279-A,Emergency command field global information transmission method and edge intelligent equipment,,"The application provides an emergency command field global information transmission method and edge intelligent equipment, and the method comprises the following steps: acquiring information data to be transmitted; selecting a target communication module from the skynet satellite module, the 5G communication module, the WIFI/Bluetooth module and the broadband ad hoc network module according to a preset module priority; and transmitting the information data to be transmitted based on the target communication module. The method provided by the scheme can provide information communication services in different modes for emergency command field personnel, is suitable for various application environments, and can ensure that the emergency command field personnel communication equipment can keep normal communication in various environments.",,H04W4/80;H04W84/18;H04W4/90;H04W4/30;H04B7/18517;H04W72/0453,GLOBAL ENERGY INTERNET RES INSTITUTE LIMITED COMPANY;ZHEJIANG PROVINCE ELECTRIC POWER LTD COMPANY OF STATE GRID;STATE GRID CORP CHINA,20211231,2021,CN,1,False,True,True
81090006,CN-114357039-A,Satellite constellation cloud processing analysis platform based on big data and use method thereof,,"The invention discloses a satellite constellation cloud processing analysis platform based on big data and a using method thereof. The operation management layer provides self-task distribution, self-priority confirmation, airborne processing and distribution capabilities through a big data platform and an artificial intelligence enhanced intelligent control and communication network, the support layer is used for ground command control setting and a user terminal and quick response transmitting service, the navigation layer provides backup positioning, navigation and time service in Beidou and GPS rejection environments, the sensing layer provides space situation sensing, detection and tracking of space targets to help satellite collision, the tracking layer provides tracking, aiming and advanced early warning of missile threats, the monitoring layer provides all-weather trusteeship for all determined time key targets, and the space transmission layer provides a global mesh network of data and communication in all weather. The satellite cluster utilization rate is increased, the reliability and disaster tolerance capability of the inter-satellite big data cloud platform are improved, and the system deployment cost and the personnel operation and maintenance cost are reduced.",,,HARBIN INST TECHNOLOGY,20201014,2020,CN,2,True,True,False
81125433,WO-2022155138-A1,Methods and apparatus for supporting differentiated quality of service in sidelink relays,,"The disclosure pertains to methods, apparatuses, systems, and/or procedures for supporting differentiated quality of service (QoS) in sidelink (SL) relays in wireless communications. In one embodiment, a method implemented in a relay Wireless Transmit/Receive Unit (WTRU), the relay WTRU to relay data from a plurality of remote WTRUs using a first forwarding configuration, comprises: receiving, from a remote WTRU of the plurality of remote WTRUs, via a device-to-device link, information indicating a priority value associated with the device-to-device link; receiving data from the remote WTRU of the plurality of remote WTRUs via the device-to-device link; determining a second forwarding configuration based on any of: the received priority value, the first forwarding configuration, and a priority threshold value associated with the device-to-device link; and transmitting the data received from the remote WTRU of the plurality of remote WTRUs, using the determined second forwarding configuration.",,H04W76/14;H04W92/18;H04W28/0268;H04W28/0252;H04W88/04;H04W72/569,IDAC HOLDINGS INC,20210112,2022,EP;US;WO,3,False,False,True
81327954,US-11716677-B2,Handling radio access technologies based on core network failures,,"Systems, devices, and techniques described herein relate to prioritizing access by first user equipment (UEs) connected to a first radio access technology (RAT) type over access by second UEs connected to a second RAT type responsive to a failure of a core network node. A node of the core network, such as a session management node, may determine that another node of the core network has failed based on a negative response or no response from that other node. The node may then prioritize access based on RAT types of requesting UEs.",,H04W48/16;H04W24/04;H04W36/0079;H04W48/06;H04W28/0831;H04W28/0247;H04W28/0865,T MOBILE USA INC,20210401,2021,EP;US,3,True,False,True
81362908,CN-114449614-A,Efficient access method for double-layer architecture mobile ad hoc network,,"The invention relates to a high-efficiency access method for a double-layer architecture-oriented mobile ad hoc network, which comprises the following steps: s1: acquiring an application scene of a network, and initializing network parameters; s2: determining nodes of a network according to an application scene, wherein the nodes of the network comprise a backbone node and a common node; s3: dividing the priorities of the nodes to obtain a node priority matrix, and performing time slot allocation on the nodes to obtain an initial time slot allocation matrix; s4: optimizing the time slot allocation of the nodes by adopting a sparrow search algorithm according to the node priority matrix and the initial time slot allocation matrix to obtain an optimal time slot allocation matrix; s5: and carrying out time slot allocation on each node in the network according to the optimal time slot allocation matrix, and accessing the network according to a time slot allocation result. The access method of the invention can meet the service requirements of different nodes in various scenes, can adapt to the requirement of topology change in high dynamic scenes, and has simple realization and high transmission reliability.",,H04W72/56;H04B17/309;H04B17/336;H04W28/0236;H04W84/18;H04W72/0446;H04B17/318;H04W48/08,UNIV XIAN ELECTRONIC SCIENCE & TECHNOLOGY,20211209,2021,CN,2,True,False,True
81748828,US-11917517-B2,Power-efficient synchronization for long-range device-to-device communications,,"A communications network may include user equipment (UE) devices. When a first UE device becomes off-grid and has an emergency message, the first UE device may transmit device-to-device signals for receipt by a second UE device. The signals may include one or more preambles that precede the emergency message and that are used by the second UE device to perform synchronization with the first UE device. The second UE device may periodically activate a receiver during a series of windows to listen for the signals, may receive a preamble sequence during one of the windows, and may synchronize its timing to the first UE device for receipt of the emergency message based on the preamble sequence. This may allow the UE devices to be synchronized for transfer of the emergency message over long distances while consuming a minimal amount of power on the second UE device.",,H04W56/001;H04W52/0225;H04W4/90;H04W4/70;H04B1/005;H04W40/22;H04W76/14;H04W76/28;H04W92/18;H04W56/0025;H04W88/04;H04W52/0216;H04W8/005;Y02D30/70,APPLE INC,20210719,2021,CN;EP;US,10,True,False,True
81785461,CN-114585007-A,"Networking method, equipment and system of wireless grid equipment",,"The application discloses a networking method of wireless mesh equipment, which comprises the following steps: on any wireless mesh node device side, a first access priority of the mesh node device directly connected with the gateway device is higher than a second access priority of the mesh node device connected with any other mesh node device except the mesh node device in the current mesh network, so that the mesh node device becomes: a second network egress other than the Multi-access point Controller Multi-AP Controller node as the first network egress. The method and the device have the advantages that the mesh network has a plurality of network outlets, the bandwidth of the whole mesh network is favorably improved, the bottleneck caused by one network outlet is avoided, and the robustness of the whole mesh network is improved.",,H04W84/18;H04W28/24;H04W24/02;H04W76/14;Y02D30/70,HANGZHOU FLUORITE SOFTWARE LTD COMPANY,20220407,2022,CN,2,True,False,True
82028145,CN-114662125-A,Unmanned ship heterogeneous link multi-scale data security reconstruction system,,"The invention provides a multi-scale data security reconstruction system for an unmanned ship heterogeneous link, which comprises an unmanned surface vessel and a ground mobile control center, wherein the unmanned surface vessel and the ground mobile control center carry out ship-shore information interaction through a communication link built up by communication equipment. The system transmits state information, audio information, image information and video information of a ship end to a shore end through a Beidou system, 4G/5G signal switching of a public mobile communication system, 900MHz frequency hopping radio station communication, ad hoc network radio stations and other systems; transmitting a control instruction, audio information and the like of the shore end to the ship end to realize the interaction of ship and shore information; using multilink heterogeneous communication, judging the channel quality independently of each other, and giving channel priority to communicate by using a load balancing algorithm; and carrying out time registration on the sensor sampling data by using an interpolation extrapolation method to achieve time consistency. And performing data reconstruction and safe encryption on the ship-shore interaction information by using a DES and MD5 mixed encryption method to realize reliable and safe data interaction.",,G06F11/1004;H04W84/18;G06F21/6218;G06F21/602;H04B17/382;H04W4/024;H04B1/713;H04W12/03;H04W4/42;H04W28/082,UNIV DALIAN MARITIME,20220222,2022,CN,1,False,False,True
82216376,KR-20220085123-A,Safety Warning System for Underground Workers Using Bluetooth Function,블루투스 기능 활용한 지하층 작업자용 안전경보시스템,,"본 발명은 지하층 작업자를 위한 안전 경보시스템에 관한 것으로, 더욱 상세하게는 지하층 내 작업 등에, 특히 2인 1개조 작업의 경우에 블루투스의 이격 거리 제한에 따른 통신 두절 현상을 대응하여 경고방송을 출력시켜 상대의 작업자가 상황을 인지 함으로 작업자의 안전사고를 미연에 방지할 수 있도록 하는 블루투스 기능을 활용한 지하층 작업자를 위한 안전 경보시스템에 관한 것이다",G08B21/0277;G08B25/10;H02J7/0048;H02J7/82,SAMSIN INFORMATION TECH CO LTD,20201215,2020,KR,1,False,False,True
82400256,KR-102417075-B1,Fire detecting system using internet of things,스마트 IoT 화재감지 시스템,"The present invention relates to a smart fire detection system using Internet of Things (IoT). The system detects fire occurring in a building to issue a real-time fire signal coordination alarm to another fire detector with a mesh network method, determines a broadband wireless communication network with great signal integrity and transmits a fire situation to a management server to reduce a possibility of failure of fire alarm transmission caused by communication disruption, compensates for shaded areas caused by a failure of a communication module to enable efficient initial fire suppression and minimize loss of properties and lives, and learns various environmental information to determine a non-fire alarm with high reliability and optimizes a sensitivity of a fire detector on the spot to minimize a phenomenon of fire alarm negligence caused by a non-fire alarm.","본 발명은 건물 내에서 발생된 화재를 감지하여 매쉬 네트워크 방식으로 다른 화재감지기에 실시간 화재 신호 연동경보를 발령하고, 신호 건전성이 우수한 광대역 무선통신망을 결정하여 화재 상황을 관리서버로 전송함으로써 통신 장애로 인한 화재 경보 전달 실패 가능성을 낮추고 통신모듈 고장으로 인한 음영구역을 보완할 수 있어 효율적인 초기 화재진압 및 재산과 인명 손실을 최소화하며, 여러 가지 환경정보를 학습하여 신뢰성 높은 비화재 경보를 판단하고 현장의 화재감지기 감도를 최적화여 비화재 경보로 인한 화재 경보 경시 현상을 최소하는 스마트 IoT 화재감지 시스템에 관한 것이다.",G08B25/14;G06Q50/26;G08B25/10;G08B17/06;G08B17/10,WINIDSOFT,20210917,2021,KR,1,True,True,True
82531362,CN-114828300-A,"Ad hoc network method, processor and device based on two-dimensional Markov chain model",,"The application relates to the field of communication, in particular to an ad hoc network method, a processor and a device based on a two-dimensional Markov chain model. The ad hoc network method comprises the following steps: determining the priority of an original message to be sent and determining the competition parameter of each priority; setting the counting duration of a backoff counter of each priority through a two-dimensional Markov chain model, wherein the counting duration of the backoff counter of each priority is determined according to the competition parameter of each priority; and after the waiting time of the original message of each priority reaches the counting time corresponding to the priority, sending the original message. According to the technical scheme, the corresponding priority is set for each original message to be sent, and the backoff duration of each message is determined according to the priority, so that when the messages compete internally, the backoff duration is set for the messages according to the priorities of the messages, message collision is avoided, and the communication efficiency is improved.",,G06F18/295;H04W74/085;H04W84/18;H04W72/0446,CHINA GRIDCOM CO LTD;SHENZHEN SMARTCHIP MICROELECTRONICS TECH COMPANY LIMITED,20220324,2022,CN,1,False,False,True
82655227,US-11723097-B2,Electronic devices with adaptive device-to-device communication switching,,"A communications network may include a relay device that receives device-to-device (D2D) signals. In an ad hoc mode, the relay may consume relatively little power while receiving relatively few messages from relatively few transmitting devices in the D2D signals. In an organized mode, the device may consume relatively high power while receiving many messages from many transmitting devices in the D2D signals. A receiver on the device may transition from the ad hoc mode to the organized mode in response to a first criterion and may transition from the organized mode to the ad hoc mode in response to a second switching criterion. This may allow the device to balance communications load and power consumption while relaying messages such as emergency messages received over D2D signals given that the signals may arrive rarely or in clusters due to an unforeseen event.",,H04W88/06;H04W88/04;H04W4/70;H04W76/23;H04W76/15;H04W76/27;H04W28/0263;H04W36/22;H04W52/0229;H04W92/18;H04W4/90;H04W68/00;H04W76/50;H04W76/14;Y02D30/70,APPLE INC,20210921,2021,CN;EP;US,8,True,False,True
82673422,CN-114885432-A,"Interstream network coding method, equipment and storage medium based on opportunistic routing",,"The invention discloses an inter-stream network coding method, device and storage medium based on opportunistic routing. When a node receives a data packet, the node reads a candidate set list and corresponding priority parameters of the data packet and determines whether the node is in the candidate set list. Then, when the node does not receive the ACK frame of the node with higher priority, the node is responsible for forwarding the data packet according to the priority selection principle. When the other nodes in the Mesh network get the data packet sending opportunity, the coding condition is detected, and the coding is carried out and the forwarding is prepared. After the inter-stream network coding is introduced, the expectation of the transmission times of two nodes in the wireless Mesh network to the data packet can be effectively reduced, so that the network forwarding success rate and the network throughput are improved.",,H04W72/569;H04W28/0278;H04W84/18;Y02D30/70,HANGZHOU QULIAN TECH CO LTD,20220430,2022,CN,1,False,False,True
82764081,CN-114914897-A,Power distribution network toughness improvement method based on cooperative micro-grid after natural disaster,,"The invention relates to the technical field of restoration and evaluation of a power distribution system, in particular to a toughness improvement method for a power distribution network based on a cooperative micro-grid after natural disasters, wherein the natural disasters cause the power distribution network to fail to normally operate, distributed power supplies in the power distribution network participate in a power distribution network failure recovery strategy to form a plurality of micro-grid isolated islands powered by the distributed power supplies, so that the survival capacity of the power distribution system is improved, and the normal power supply of key loads of the power system is ensured; the method comprises the following steps: s1, setting the position of the distributed power source in the power distribution system; s2, analyzing the fault probability of each node of the power distribution system, and determining a fault node; s3, controlling the states of the switch equipment and the distributed power supply according to the positions of the fault node and the distributed power supply in the power distribution system, and forming a plurality of micro-grids capable of continuously supplying power; s4, recovering the key load in the power distribution network by the aid of the distributed power sources in consideration of the load priority; and S5, evaluating the toughness improvement effect of the power distribution network according to the proposed toughness evaluation index.",,H02J2103/30;H02J2103/35;H02J3/381;H02J3/00;H02J3/0073;H02J3/007;H02J3/001;Y04S20/222,UNIV CHINA THREE GORGES CTGU,20220419,2022,CN,1,False,True,False
82955938,CN-114980242-A,Mesh networking multi-service system and implementation method,,"The invention discloses a Mesh networking multi-service realization method, which comprises the following steps: the Mesh network comprises a main route and one or more sub-routes, wherein in the main route, a Backhaul AP interface is used as a downlink port and is bound based on full service, and the service with the Vlan, which arrives at the uplink of the sub-route, is directly forwarded to the corresponding Vlan service through the Backhaul STA interface, so that the main sub-route supports the services of different vlans. The invention realizes multi-service forwarding between Backhaul and frontaul interfaces based on Mesh in a Mesh wireless networking scene: tr069 and other services go through the designated Vlan, and the service data can be subjected to priority limitation; the broadcast domain is limited in one Vlan, so that the bandwidth is saved, and the network processing capacity is improved; the invention also provides a corresponding Mesh networking multi-service system.",,H04W40/02;H04W84/18;H04L12/4641;Y02D30/70,FIBERHOME TELECOMMUNICATION TECH CO LTD,20220526,2022,CN,2,True,False,True
83112320,KR-102433641-B1,Apparatus and Method for stable P2P IoT communication,안정적인 P2P IoT 통신 제공장치 및 제공방법,"The present invention relates to an apparatus and method for stably providing IoT communication, wherein the apparatus comprises: a stabilization device (1); and a specific server S (3), and the specific server S (3) includes an emergency message broker (4), and further comprises a smart power control device (2). By the apparatus for stably providing IoT communication, the method provides stable IOT communication when the public IP is changed and the stabilization device (1) detects the public IP change. In addition, when there is an emergency situation such as a power outage, the public IP address of the Internet router can be changed instantaneously, and communication may be interrupted the moment the public IP address is changed. For P2P communication between devices that are far away from the Internet, if the CPU of the Internet router directly performs the message broker function or if the message broker is operated in the device connected to the back of the Internet router, devices located remotely through the Internet router and Internet may cause communication failures. Accordingly, the present invention is to provide stable communication even at an abnormal moment by using an LPWAN communication device or a smart power control device.","본 발명은 안정적으로 IoT 통신을 제공하는 장치 및 방법에 관한 것으로서,  
안정화장치(1) 및 특정서버&#34;S&#34;(3)를 포함하고, 상기 특정서버&#34;S&#34;(3)는 비상용 메시지브로커(4)를 포함하고, 스마트전원 제어장치(2)를 더 포함하는 안정적인 IOT 통신 제공장치에 의해 공인IP가 변경되고, 안정화장치(1)가 공인IP 변경을 감지한 경우 등에 있어 안정적인 IOT 통신을 제공하는 방법에 관한 것이다. 
또한, 정전 등과 같은 비상상황이 있게 되면 인터넷공유기의 공인IP 주소가 순간적으로 바뀔 수 있게 되고, 공인IP 주소가 바뀐 순간 통신이 중단될 수 있어, 인터넷에서 원거리로 떨어져 있는 장치들간에 P2P통신을 위하여 인터넷공유기의 CPU가 직접 메시지브로커 기능을 수행하거나 인터넷공유기 뒷면의 연결된 장치에 메시지브로커가 운용되는 경우, 인터넷공유기와 인터넷을 통하여 원거리에 위치한 장치들은 있는 통신장애가 발생할 수 있는 바, 본 발명에서는 LPWAN 통신장치를 이용하거나 또는 스마트전원제어장치를 이용하여 비정상적인 순간에도 안정적으로 통신을 제공하고자 하는 것이다.",Y02D30/70;H04L67/104;H04L61/2503;H04L67/562;H04L61/5007;H04L43/10;H04L41/0672;H04L12/10,PSTTECH CO LTD,20210715,2021,KR,1,True,True,False
83116555,US-2022286833-A1,Emergency communication over non-persistent peer-2-peer network,,"Various embodiments comprise systems, methods, and apparatus for emergency, non-persistent peer-to-peer communications to support ad hoc use of proximate UE such as in remote areas with PE coverage gaps. Specifically, UE may configured to initiate emergency communications, and accept/support such emergency communications, such that an ad hoc mesh or message relay network is formed thereby in which (hopefully) someone near the source of the emergency communication may render assistance, or at least one UE in the ad hoc network is capable of accessing a base station, eNB, or gNB so that, for example, the mobile network provider or emergency services may be alerted to the emergency situation.",,H04W76/50;H04W4/02;H04W4/90;H04W84/18;H04W76/11;H04W4/70;H04W4/029,CHARTER COMMUNICATIONS OPERATING LLC,20210303,2021,US,2,True,True,True
83154590,CN-117157886-A,"Secure, efficient and reliable data transmission in mission critical systems",,"A technique for managing data flow from a mission critical system. Embodiments include receiving a plurality of data values for transmission to a remote system using a unidirectional data communication network. The data values are prioritized according to a plurality of priority levels, and the prioritized plurality of data values are grouped into one or more data updates for each of the plurality of priority levels. Embodiments rank one or more data updates into respective transmission queues corresponding to each of a plurality of priority levels, and transmit the data updates over a unidirectional data communication network in an order determined based on the respective priority levels of the transmission queues.",,H04L67/12;H04L67/141;H04L67/61;H04L47/6275;H04L63/126;H04W4/90,SCHNEIDER ELECTRIC USA INC,20210305,2022,CN;EP;US;WO,6,True,False,True
83279750,KR-20220122923-A,System for monitoring and acquring data in smart factory,스마트 공장의 데이터 취합 및 모니터링 시스템,"The present invention relates to a data collecting and monitoring system for a smart factory. The data collecting and monitoring system for a smart factory, according to the present invention, comprises: a control board; an AI processing unit; and an information processing device. According to the present invention, even in case of a power outage or communication interruption of a central control unit, data at a problem time point can be identified by the AI processing unit and restored to a computer of the central control unit.","실시예는 스마트 공장의 데이터 취합 및 모니터링 시스템에 관한 것이다. 
구체적으로, 이러한 모니터링 시스템은 기존의 입출력 정보 이외에 AI기반의 데이터 로거 기능을 추가할 수 있도록 별도의 AI처리부가 마련된다. 그리고, 또한 중앙 서버의 정전이나 통신 두절의 경우에도 차후에 문제 시점의 데이터를 AI처리부에 의하여 확인하고 이를 중앙 제어부의 컴퓨터로 복구하는 기능을 가진다. 
그리고 또한, 이러한 경우, AI처리부에서 중앙 서버와는 별도로, 일반 공장 또는 HACCP 공장 등에서 다양한 데이터 개더링 및 통신을 이어주는 방식으로 실시간 모니터링을 통해, 공정 이상을 사전에 감지, 대응한다. 그리고, 이에 더하여 데이터 분석으로 알람 경보 지원을 가능하는 데이터 분석 솔루션을 제공한다. 
즉, 일반 공장 또는, HACCP 현장의 각종 데이터를 취합하여 데이터 취합분석기로 이기종의 다양한 프로토콜을 종합적으로 취합 분석하여 원격 모니터링 지원 허브 역할을 제공한다. 
이에 더하여, AI처리부는 SBC(Single Board Computing) 아키텍처 기반 디바이스 하드웨어 구현과 다양한 범용 설비로부터 데이터 수집/처리/전송을 위한 서비스를 제공하고, 제조 설비와 장치(센서)로부터 데이터를 수집할 수 있는 다양한 I/F를 제공하도록 한다. 
따라서, 이를 통해 일실시예는 기존의 입출력 정보 이외에 AI기반의 데이터 로거 기능을 추가할 수 있도록 별도의 AI처리부가 마련된다. 그리고, 또한 이에 더하여, 중앙 제어부의 정전이나 통신 두절의 경우에 도 차후에 문제 시점의 데이터를 AI처리부에 의하여 확인하고 이를 중앙 제어부의 컴퓨터로 복구하는 기능을 가진 스마트 공장의 데이터 취합 및 모니터링 시스템을 제공한다. 
그리고 또한, 이러한 모니터링 시스템은 AI처리부에서 중앙 서버와는 별도로, 데이터 수집 및 처리 장치 각종 센서로부터 취득 신호를 수집 처리하며, 분석.진단이 가능하도록 데이터 가공 처리와 분석을 제공한다. 
이에 더하여, 이러한 데이터 수집 및 분석장치는 측정이 복잡하고 연결장치가 많아 사용이 불편한 점을 해결한다. 그래서, 이를 통해 온도/압력/소음/진동 등 다양한 신호를 휴대용 PC나 노트북 등과 연결하여 수집 및 분석할 수 있는 종합적 프로토콜 게이트웨이 역할의 신호 수집 장치를 제공한다.",G05B19/418;H04L63/101;Y02P90/02;H04L67/12;H04L45/745;G05B23/027;G05B23/0243;G05B23/0235;G05B23/0221,R M A CO LTD,20211129,2021,KR,1,False,True,False
83672828,CN-115243328-B,QoS guarantee method for mobile ad hoc network based on packet multiplexing,,"The invention relates to the technical field of wireless communication, in particular to a mobile ad hoc network QoS guarantee method based on packet multiplexing. When formally initiating service transmission, based on the current service data volume and the resource evaluation of the nodes of the ad hoc network, the transmission of the service data can fully utilize the available resources of each node of the ad hoc network. When the mobile ad hoc network node resources are found to be shared with other services, the available resources of the ad hoc network node can be flexibly allocated according to the service priority division on the premise of guaranteeing the minimum resources of the original service QoS communication quality in a data packet multiplexing mode, and multi-service concurrency is rapidly realized. By adopting the scheme, the service quality of various services can be ensured, the sending resources can be fully utilized, the data transmission efficiency is improved, the route reselection process or service establishment failure caused by insufficient residual resources of the nodes is avoided as far as possible, and the data reliable transmission requirement is met.",,H04W84/18;H04W28/26;H04W28/24,,20220718,2022,CN,2,True,False,True
84332107,US-2023103530-A1,Intelligent remote control positioning and alert system,,"A system for determining a location and an orientation of a remote control unit within a mesh network. A remote control unit (RCU) includes a top wireless orientation beacon at a first end and a bottom wireless orientation beacon at a second end. The top wireless orientation beacon and the bottom wireless orientation beacon provide location information to a controller device. A plurality of wireless mesh beacons are disposed in a predetermined area to form a mesh network, and the controller device uses the plurality of mesh beacons to generate a map of the predetermined area. The controller device processes location information obtained from the RCU to determine a position and orientation of the RCU relative to the controller device in the map of the predetermined area.",,H04N21/42222;H04W84/18;H04N21/42221;H04W4/021;H04W4/33;H04W4/80;H04W4/026,ARRIS ENTPR LLC,20211006,2022,US;WO,3,True,False,True
84489757,US-2022408338-A1,Medicine administration in dynamic networks,,Disclosed herein are techniques related to medicine administration in dynamic networks. The techniques may involve identifying an amount of medicine for delivery to a patient and determining a communication path toward a first medicine administration device of a plurality of medicine administration devices in a mesh network. The plurality of medicine administration devices may further include a second medicine administration device that is prioritized over the first medicine administration device for delivering medicine to the patient. The techniques may further involve causing delivery of the amount of medicine to the patient by the first medicine administration device based on communicating the amount of medicine toward the first medicine administration device via the communication path when the amount of medicine remains undelivered by the second medicine administration device.,,H04W40/02;A61M5/14248;A61M2205/3584;A61M5/172;A61M2205/3561;A61M2230/201;A61M2205/50;A61M5/31568;H04W84/18;H04L67/12,MEDTRONIC MINIMED INC,20210616,2021,US,2,True,False,True
85060972,CN-115696263-B,Urban rail vehicle service transmission method based on node cost and service priority,,"The invention provides a urban rail vehicle service transmission method based on node cost and service priority. The method comprises the following steps: the vehicle-mounted service is prioritized according to the requirement on time delay, and cluster head nodes are selected from all clusters in the urban rail vehicle-mounted ad hoc network according to a cluster head election algorithm based on a cost function; the cluster head nodes distinguish the priority of the service reaching the cluster head, and the service with different priority is optimally transmitted according to a low-delay queuing strategy based on the service priority. The invention can ensure low time delay and high reliability communication of train places in train operation by utilizing the mode of dividing service priority and clustering ad hoc network, improves the operation safety and operation efficiency of the train and meets the demands of the next generation urban rail communication network.",,,,20220902,2022,CN,2,True,False,True
85438851,CN-115802440-A,Topology discovery and route issuing method combining wireless ad hoc network and SDN,,"The invention discloses a topology discovery and route issuing method combining a wireless ad hoc network and an SDN, and belongs to the field of wireless ad hoc network management. The method comprises the following steps: issuing a link state request in a wireless ad hoc network; after self information and adjacent information fed back by all nodes are received, an adjacent matrix of the wireless ad hoc network is constructed on the basis of the adjacent information, wherein the self information comprises the self model of the node, the transmission capability and the residual electric quantity; calculating the priority of each node according to the adjacency matrix and the node information; selecting a plurality of backbone nodes according to the priorities of the nodes to form a backbone node set conforming to the minimum dominating set, and designating and announcing default backbone nodes of each common node according to whether the nodes are connected and the electric quantity of the backbone nodes; and receiving the information uploaded by the backbone node, deciding and issuing a route. The method takes the node endurance as a decision factor for selecting the backbone nodes, and the backbone nodes are used for transmission in an interactive mode, so that the power consumption of common nodes is reduced, and the efficient endurance of the cluster is realized.",,Y02D30/70,NO 709 RES INSTITUTE OF CHINA STATE SHIPBUILDING CORPORATION LIMITED,20221118,2022,CN,2,True,False,True
85761252,CN-115884343-B,High-mobility ad hoc network dynamic power distribution method based on directional multi-beam antenna,,"The invention discloses a high-mobility ad hoc network dynamic power distribution method based on a directional multi-beam antenna, which aims at any sending node, calculates the lowest sending power of each link of any sending node and is called as basic power; distributing power for links forming a corresponding receiving and transmitting state among the nodes according to the lowest transmitting power of each link, wherein the corresponding receiving and transmitting state refers to that nodes at two ends of the links are respectively in a transmitting state and a receiving state under the same time slot; and calculating the sum of the basic powers of all the completed power distribution links, comparing the sum with the total power, and re-distributing the power through up-regulating or down-regulating the MCS level. The power distribution algorithm provided by the invention aims at the communication rate requirement among nodes, can distribute power according to the communication requirement when the power is enough, preferentially ensures the communication requirement of the high-priority node, improves the throughput of the system by improving the MCS level, and improves the power utilization rate.",,Y02D30/70,,20230217,2023,CN,2,True,False,True
85764419,CN-115884114-A,Bluetooth mesh control optimization method based on edge calculation,,"The invention relates to a Bluetooth mesh networking technology, and discloses a Bluetooth mesh control optimization method based on edge calculation, which improves the reliability of communication and the execution efficiency of a system while ensuring the control accuracy of the system. The invention establishes a multi-level instruction queue controller, a cache queue controller and an air interface gateway controller at an edge computing end which is in the same local area network with a Bluetooth mesh device; receiving an upper layer instruction through a multi-level instruction queue controller, taking out an executable instruction from a queue according to priority, submitting the executable instruction to an air interface gateway controller for issuing, judging the instruction execution condition by the air interface gateway controller, if the execution fails, putting the instruction into a cache queue, managing the instruction in the cache queue through the cache queue controller by an edge computing terminal, and when no instruction needing issuing exists in the multi-level instruction queue, extracting the cached instruction by the cache queue controller, and submitting the instruction to the air interface gateway controller for instruction retransmission.",,,SICHUAN QIRUIKE TECHNOLOGY CO LTD;SICHUAN CHANGHONG ELECTRONICS HOLDING GROUP CO LTD,20221129,2022,CN,2,True,False,True
85963426,CN-115988649-B,Inter-link time slot and power cooperative allocation method for multi-beam directional ad hoc network,,"The invention discloses a method for cooperatively distributing time slots and power among links of a multi-beam directional ad hoc network, wherein after each network node distributes a time slot state sequence, the power adjustment is preferably carried out among links to adapt to the change of the demand of communication speed on the links, and the adjustment of the time slot state sequence of the node is carried out only when the power distribution can not meet the communication demand of the links, so that the adjustment frequency of the time slot state sequence of the node can be greatly reduced; the method has the advantages that the transmitting power is dynamically distributed among links by taking time slots as units, the method can adapt to the high-speed time-varying requirement of the link communication rate among nodes, the communication requirement of a high-dynamic time-sensitive network is met, the communication capacity of the network is maximized on the basis of meeting the link rate, and the adaptability of the network to different priority services and different transmission reliability requirements is improved through fine scheduling of power resources.",,Y02D30/70,,20230224,2023,CN,2,True,False,True
85983048,US-2023117025-A1,PUBLIC SAFETY COMMUNICATION SYSTEM and METHOD PROVIDING REGIONAL DIFFERENCE RECOGNITION,,"A communication system operating within a public safety network includes a cultural analytics engine configured to receive a video feed from a security camera system or a portable public safety communication device operating within the system. The cultural analytics engine performs primary aggressive behavior video analytics detection on the video feed to detect potential aggressive behavior within the video feed. The analytics engine further performs secondary cultural exception analytics on the video feed to determine whether a cultural exception to the behavior is detected. Audio verification is performed on identified potential exceptions. In response to no cultural exception being detected, an alert is generated indicative of a public safety incident, and in response to a cultural exception being detected, no alert is sent",,H04N7/188;G08B21/02;G10L25/63;G06V20/40;G06V40/20;G10L25/57;H04N7/183;G06V20/52;G06V20/41;G08B13/19613,MOTOROLA SOLUTIONS INC,20211020,2021,US,1,False,True,False
86261246,CN-116113042-A,Mobile ad hoc network method and system based on TDMA,,"The invention relates to the networking communication technical field based on TDMA, and particularly discloses a mobile ad hoc network method and a system based on TDMA, wherein the system comprises a network management module, a resource allocation module, a route management module and a reliable transmission module; the network management module is used for realizing the multi-hop direct network connection, the multi-hop relay network connection and the network withdrawal of the common node; the resource allocation module is used for supporting static time slot allocation and dynamic time slot allocation (JBPNI-DTSA algorithm); the routing management module is used for customizing a routing table data structure and realizing the insertion and deletion of the routing table according to the network topology structure maintained by the node broadcasting; the reliable transmission module is used for designing the maximum timeout retransmission time according to the hop count, setting the maximum retransmission times and ensuring the acknowledgement of the data packet to the greatest extent possible. The system ensures the reliable transmission of high-priority service as much as possible, solves the problem of service packet collision among nodes, reduces the overall packet loss rate of the system, and improves the network throughput and the channel utilization rate of the system.",,Y02D30/70;H04W72/0446;H04W74/0816;H04W74/002;H04W40/246;H04W40/248;H04L45/122;H04J3/1694;H04W84/18,UNIV CHONGQING,20230206,2023,CN,1,False,False,True
86300802,CN-116131927-A,Multi-hop TDMA time slot allocation method suitable for unmanned aerial vehicle ad hoc network,,"The invention relates to the technical field of wireless ad hoc networks, and particularly discloses a multi-hop TDMA time slot allocation method suitable for an unmanned aerial vehicle ad hoc network, which comprises the following steps: dividing each TDMA time frame into a reservation subframe and a data subframe according to time sequence, wherein the reservation subframe comprises K reservation periods, and the data subframe comprises N data time slots; defining a control short frame, a service long frame and a time slot occupation table; fixedly occupying a reservation period according to the ID and the priority of the node; each node which completes network access sends a reservation application frame and a reservation notification frame to the data time slot in the occupied reservation period according to the current service demand and the time slot occupation condition; each node which completes network access maintains a local time slot occupation table according to the reservation notification frame; after the reserved subframe of one TDMA time frame is finished, the reserved data time slot among the nodes transmits a service long frame for communication. The method realizes the allocation of the TDMA channels according to the needs and simultaneously preferentially meets the channel demands of the nodes with high priority and meets the timeliness of the data.",,Y02D30/70;H04B7/2643;H04B7/18502;H04W72/0446;H04W84/18,UNIV CHONGQING,20230209,2023,CN,2,True,False,True
86355592,CN-116156677-A,Heterogeneous ad hoc network method suitable for modern emergency communication,,"The invention discloses a heterogeneous ad hoc network method suitable for modern emergency communication, which relates to the field of wireless ad hoc networks for emergency communication and comprises the following steps: a heterogeneous ad hoc network is formed by command vehicle nodes and common individual nodes; and constructing an active-passive hybrid hierarchical route, and planning a path based on a priority routing decision. Respectively establishing a hierarchical frequency-division and power-division network structure consisting of command vehicle nodes and individual soldier nodes in an ad hoc network; the command vehicle node uses an active routing algorithm to establish a routing table of all nodes of the whole network, and the common individual nodes use a passive routing algorithm to establish the routing table only when specific service is required; when the message forwarding route is decided, the node preferentially selects a path formed by taking the command vehicle node as the forwarding node according to the route table path. The invention ensures the safety, smoothness, robustness, destruction-resistant self-healing and networking time of the network in the emergency disaster site, thereby solving the problems of network safety and network topology flexibility of MANET in modern emergency communication.",,Y02D30/70;H04W84/18;H04W76/50;H04W40/02;H04W40/10;H04W40/22;H04W40/246;H04L45/02;H04L45/04;H04W12/009;H04W4/40;H04W4/46,CHENGDU QUANJING XINGKE TECH CO LTD,20230103,2023,CN,1,False,True,True
86518902,CN-116209016-B,"Video transmission method, device, video transmission equipment and storage medium",,"The invention discloses a video transmission method, a device, video transmission equipment and a storage medium, wherein the method comprises the steps of determining the code rate of a video to be transmitted in a mesh networking and determining the transmission priority of the video to be transmitted; transmitting the code rate and the transmission priority level step by step among the node devices through a connection management message so as to determine a target transmission link corresponding to the video to be transmitted; and transmitting the video to be transmitted based on the target transmission link in the mesh networking. The invention further subdivides the video service, avoids the phenomenon of poor video effect such as video on demand or live broadcast blocking, mosaic and the like, and improves the quality of video transmission when transmitting the multipath video service.",,Y02D30/70;H04L65/80;H04W84/18;H04W28/24;H04W28/22,,20230220,2023,CN,2,True,False,True
86607202,US-2023179983-A1,Preventative workplace injury alerting system utilizing mmwave 5g positional localization,,"In an approach for monitoring a user&#39;s in-flight activity and/or a pattern of movement of a user and warning the user of an in-flight activity or a pattern of movement that could lead to a potential short-term or long-term injury, a processor monitors a body movement and a posture of a user through an application of micro-location analysis enabled by a mesh network of  5 G sensors over a period of time. A processor determines whether the body movement and the posture detected can lead to an activity or a series of activities that can result in a potential injury. Responsive to determining a pre-set threshold of risk has been reached, a processor issues a real time alert to the user to warn of the potential injury.",,H04W4/38;A61B5/1116;H04W4/90;H04W4/029;G16H50/30;G16H40/63;A61B5/1117;A61B5/1128;A61B5/7275;A61B5/746;A61B5/7282;A61B5/7264;A61B2503/20;A61B5/1114;H04W4/025,IBM,20211207,2021,US,2,True,False,True
86650843,CN-115942495-A,Low-delay multi-priority service data sharing method in directional wireless ad hoc network,,"A low-latency multi-priority service data scheduling method in a directional wireless ad hoc network fully utilizes the multi-beam forming capability of a multi-beam antenna of the directional transmission wireless ad hoc network aiming at low-latency full-to-full broadcast service, constructs a transmission link table and a data information table to eliminate repeated receiving and repeated sending by extracting network topology information, and then preferentially schedules link and service data in the highest priority color in each time slot through coloring and priority judgment, thereby effectively reducing redundant transmission and transmission latency in the full-to-full broadcast process. The invention utilizes the multidirectional transmitting capacity of the multi-beam antenna, integrates network topology information extraction and data priority judgment coloring, optimally schedules data and links, and realizes effective and reliable sharing with low time delay.",,Y02D30/70,ARMY ENG UNIV CHINA PLA,20221223,2022,CN,1,False,False,True
86768602,US-2023196924-A1,Cognitive Wireless Vehicular Emergency Response System for first responders,,"The present invention discloses an advanced emergency response system that minimizes physical risk to the first responder and yet allows them to maintain national safety and security within the country. The apparatus involves receiving alerts through the dispatch system located in the first responder car. The first responder car, upon receiving an alert, is dispatched to the appropriate address and is parked within a safe distance from the emergency location. The first responders then dispatch the autonomous rover from their vehicle using a vehicle dashboard. The rover is equipped with cameras, an object detection system, location sensors, and it shares live feeds for situational awareness with the public safety agencies and first responders. It also enables real-time bidirectional communication for first responders, public safety agents and allows them to communicate with the suspects and the victims located at the hazard/emergency site. The system also uses Artificial Intelligence (AI) algorithms to detect safety and security anomalies associated with the emergency situation in the field and shares this information with the public safety agents. If the suspect decides to run and take off, this system allows the first responders to launch a swarm of drones using cognitive vehicle dashboard that keep track of the suspect and provide situational awareness to the first responders and the public safety agents. All components involved in this system use Public Safety Grade FCC Band 14 Telecom Network for wireless communication dedicated to public safety agents and this network provides mission-critical reliability and security. The assembly is easy to install, safe to use, and suitable for all public safety agents and first responders.",,G08G5/006;B64C39/024;G08G5/0069;B64C2201/122;G08G5/0056;G08G5/59;G08G5/57;G08G5/58;G08G5/55;B64U10/13;B64U2101/20,KHEDEKAR PRATHAMESH,20211221,2021,US,1,False,True,False
86786720,CN-116321349-A,Unicast data transmission method for wireless ad hoc network,,"The invention discloses a unicast data transmission method for a wireless ad hoc network, which comprises the steps of detecting and updating a source node routing link table and detecting and updating a forwarding and target node routing link table; the source node adopts an AODV mode to periodically broadcast route link information to maintain a route, and the forwarding and destination nodes update a route link table stored by the source node; the source node receives the unicast IP data packet, assembles the unicast IP data packet into UCP, stores the UCP into a corresponding transmission FIFO, and transmits the UCP according to the priority and the transmission weight; the forwarding and target node analyzes and judges to receive or forward the unicast data packet; the method solves the problems of slow route link creation and updating rate and low reliability of the existing data transmission method in the wireless ad hoc network, and improves the reliability and instantaneity of data transmission.",,Y02D30/70;H04W40/248;H04W84/18,ZHONGKE HUAJUN BEIJING TECH DEVELOPMENT CO LTD,20230321,2023,CN,2,True,False,True
86902836,EP-4434017-A1,System and method for introducing a new emergency alert using modular tag device,,"A system and method to utilize modular device and mesh network to send emergency alert that could be delivered to the cloud and sent to the user even though the cloud itself is not reachable directly from the device are provided. The disclosure uses modular sensors, internet of things (IoT) application and cloud server, and an emergency protocol that may enable devices within the mesh network to find the best route to cloud and produce reliable emergency alert even though the connection between device and cloud is unreliable.",,H04W84/18;H04W4/12;H04W4/029;H04W4/38;H04W4/90;G08B25/016;G16Y40/50;G16Y20/10;G08B25/10;H04W4/08,SAMSUNG ELECTRONICS CO LTD,20211223,2022,CN;EP;US;WO,6,True,True,True
87091023,CN-116437451-A,Directional ad hoc network dynamic power distribution method based on time slot sequence,,"The invention discloses a directional self-organizing network dynamic power distribution method based on time slot sequence, each node in self-organizing network distributes a time slot sequence, the time slot sequence is a binary sequence, the sequence length is equal to the time slot quantity Q of service sub-frames, each bit &#39;0&#39; and &#39;1&#39; of the time slot sequence respectively represent a receiving time slot and a transmitting time slot, and when the corresponding bit of the sequence between two nodes is &#39;0&#39; and &#39;1&#39;, the two nodes can be paired for communication; the power demand of the nodes in the whole communication period is considered by adopting a hierarchical time slot-by-time slot power distribution strategy in the service period, and the power demand can be adapted according to the node and the demand change in the network, so that the power distribution method is suitable for a dynamic self-organizing network; the service priority of the node is considered, so that the communication requirement of the node with high service priority can be met preferentially; the scheme has low complexity and low calculation cost, and is suitable for the networking nodes with limited energy.",,H04W72/0473;H04W72/56;H04W84/18;Y02D30/70,TIANDI INFORMATION NETWORK RES INSTITUTE ANHUI CO LTD,20230607,2023,CN,2,True,False,True
87161448,WO-2023136475-A1,Method and apparatus to provide priority services to ue in wireless network,,"Embodiments herein provide methods for providing priority services to a UE by an AMF. The method includes receiving a request message from the UE, receiving, from a unified data management (UDM), subscription data of the UE, and, based on identifying that the subscription data comprises information related to a priority service and the request message does not include an establishment cause associated with the priority service, sending, to the UE, an accept message for the priority service in response to receiving the request message. The priority service comprises at least one of multimedia priority service (MPS) or mission critical service (MCX).",,H04L65/60;H04L65/40;H04L65/1066;H04W76/50;H04W4/90;H04W4/06;H04W8/20;H04W60/04;H04W88/14;H04W76/12,SAMSUNG ELECTRONICS CO LTD,20220117,2022,CN;EP;US;WO,5,True,False,True
87321145,CN-116506813-B,Intelligent traffic-oriented mobile ad hoc network data transmission system and method,,"The application discloses a mobile ad hoc network data transmission system and method for intelligent traffic, wherein the system comprises: the system comprises an initialization subsystem, a sending node subsystem and a receiving node subsystem; the initialization subsystem is used for initializing a network node, wherein the network node comprises: a plurality of transmitting nodes and a plurality of receiving nodes; the transmitting node subsystem is used for generating a non-empty data packet by utilizing the transmitting node and broadcasting the non-empty data packet; the receiving node subsystem is used for monitoring the non-empty data packet by utilizing the receiving node, processing the non-empty data packet to obtain the final data packet forwarding priority, and finishing data transmission. The application adopts a probability forwarding strategy to control the broadcasting behavior of the self-organizing network node, the communication node acquires information such as a preset path, a position, a speed, a running direction and the like in real time, and a comprehensive decision mechanism is utilized to judge whether and when data broadcasting is performed.",,Y02D30/70;H04W84/18;H04W28/065;H04W28/24;H04W4/06,,20230425,2023,CN,2,True,False,True
87552504,KR-20250055453-A,Air Rights-Based Safe Operation System and Method for Network-Disconnected Aircraft,공중권 기반 운항 중 네트워크 단절 비행체의 안전 운항 시스템 및 방법,"The present invention relates to a system and a method for safely operating a network disconnected flight vehicle during a public ticket-based operation, which can safely operate even in a network disconnection situation. The operation unit 500 safely stores the path data in the local storage, verifies data integrity in connection with the blockchain server 300 and the verification unit 200, and automatically performs synchronization after network recovery. In addition, safety is enhanced by analyzing the possibility of path collision through a machine learning-based path search algorithm and setting an avoidance path. The present invention provides safe and efficient operation by integrally performing path maintenance, alarm transmission, data synchronization, path collision analysis, and avoidance setting.","본 발명은 네트워크 단절 상황에서도 안전하게 운항을 지속할 수 있는 공중권 기반 운항 중 네트워크 단절 비행체의 안전 운항 시스템 및 방법에 관한 것이다. 조작부(500)는 경로 데이터를 로컬 저장소에 안전하게 저장하고, 블록체인 서버(300) 및 검증부(200)와 연계하여 데이터 무결성을 검증하며 네트워크 복구 후 자동으로 동기화를 수행한다. 또한, 머신러닝 기반 경로 탐색 알고리즘을 통해 경로 충돌 가능성을 분석하고 회피 경로를 설정하여 안전성을 강화한다. 본 발명은 경로 유지, 경보 발송, 데이터 동기화, 경로 충돌 분석 및 회피 설정을 통합적으로 수행함으로써 안전하고 효율적인 운항을 제공한다.",H02J7/975;H02J7/933;G06Q50/18;G06Q30/0607;G06Q20/36;G06Q20/06;H04L9/50;H04L67/104;H04L9/00;G06Q50/16;G06Q30/08;G06Q30/06;G06F21/64;G06Q30/0619;G06Q20/3678;Y02E60/10;H02J50/10;G08G5/90;G08G5/59;G08G5/56;G08G5/30;G01C21/20;G08G5/80;G08B21/02;G06Q40/04;G06Q50/26,KANG SUNG WOON,20220204,2025,KR,2,False,False,True
87712768,CN-116669195-A,Dynamic bandwidth pre-allocation method and node for wireless ad hoc network,,"The invention discloses a dynamic bandwidth pre-allocation method and nodes of a wireless ad hoc network, wherein the scheme calculates the dynamic weight of each node in the wireless network topology; based on the calculated node dynamic weight, periodically pre-distributing different bandwidths for the service flows with different priorities; when the reserved bandwidth of the service flow is smaller than the request bandwidth, the high-priority service data packet is sent preferentially by judging the priority of different services. And meanwhile, calculating and updating the time of the next round of service flow pre-allocation period according to all the service arrival rates, and dynamically updating the service flow pre-allocation period. The scheme of the invention can more efficiently support the variability of the topology and the service flow of the wireless ad hoc network through the dynamic adjustment of the non-fixed period.",,H04W72/0453;H04W72/569;H04W28/26;H04W84/18;H04W16/10;Y02D30/70,THIRD RES INST MINISTRY PUBLIC SECURITY,20230510,2023,CN,1,False,False,True
87714781,CN-116669113-A,"MADDPG-based sky network track, bandwidth and power optimization method",,"The invention discloses a sky network track, bandwidth and power optimization method based on multi-agent depth deterministic strategy gradient (MADDPG). The scheme comprises the following steps: firstly, a downlink space heterogeneous cache network model consisting of Satellite (SAT) -Unmanned Aerial Vehicle (UAV) -users is provided, wherein the UAV with cache can be deployed quickly and efficiently to provide services for ground users, SAT serving as a content library can supplement the ground network to provide wide coverage, end-to-end (D2D) users can store content, and users can directly acquire request content from UAV-users (U2D), D2D or SAT-users (S2D) links. Secondly, U2D works in a millimeter wave band, and S2D and D2D links work in a sub-6GHz frequency band. Because the UAV storage capacity is larger than the user storage capacity and can flexibly move, high-proportion line-of-sight (LoS) connection is provided for ground users, the transmission distance is smaller than SAT, the communication effect is better, and the content transmission priority on the U2D link is high. And in consideration of the practical difficulty that the UAV and the user have limited energy storage, the system energy efficiency maximization problem of UAV resource allocation and track optimization is presented. And finally solving the non-convex energy efficiency maximization problem based on the MADDPG resource allocation and track optimization algorithm. The invention effectively improves the energy efficiency of the system.",,H04W28/14;H04W28/0289;H04W16/18;H04W16/22;H04W84/06;H04W4/70;Y02D30/70,UNIV NORTH CHINA ELECTRIC POWER,20230531,2023,CN,1,False,False,True
87868260,CN-116723583-B,Power emergency Mesh network communication resource allocation method and device,,"The invention provides a method and a device for distributing communication resources of an electric power emergency Mesh network, belonging to the technical field of electric power emergency communication, wherein the method comprises the following steps: registering terminal equipment in advance, and carrying out ID allocation according to the type of the terminal equipment; the terminal equipment is connected with Mesh equipment closest to the terminal equipment, each Mesh equipment is automatically networked, and a root node builds Mesh network topology; the Mesh equipment node identifies the service type borne by the terminal equipment according to the terminal equipment ID; and the Mesh equipment nodes connected with the terminal equipment report information in sequence according to the order from high to low of the priority of the service types, and wait for the root node to determine the optimal route and channel allocation scheme according to the current network state and the channel resource allowance, and complete the service transmission. The invention realizes that the Mesh equipment node perceives the type of the carried service, can distribute route and channel resources to different services in a grading way, and preferentially ensures the transmission of the service with high priority.",,Y02D30/70;H04W72/569;H04W72/512;H04W28/0289;H04W4/90;H04W84/18,,20230809,2023,CN,2,True,True,True
87950204,CN-116761188-A,Ad hoc network method and system based on wifi decentralization,,"The application discloses an ad hoc network method and system based on wifi decentralization, relating to the technical field of communication, wherein the method comprises the following steps: judging the network access state of the wifi home gateway, if the wifi home gateway cannot normally access the internet, performing ad hoc network with other wifi home gateways, and constructing a network topology by the wifi home gateway in the ad hoc network; in the process of self-networking, the network topology evaluates and votes through the CPU computing power of the respective wifi home gateway to acquire the node priority of the wifi home gateway; the network topology tests the ad hoc network through a spanning tree protocol, and an optimal line and a backup line are selected. According to the self-networking method and system based on wifi decentralization, the robustness and stability of the self-networking are improved, and the efficient communication of the self-networking is ensured.",,H04W24/02;H04W24/08;H04W24/04;H04W28/24;H04W84/18,HUNAN YILIAN WUXIAN TECH CO LTD,20220816,2022,CN,1,False,False,True
89556541,CN-117440054-A,SC-FDE waveform-based dynamic TDMA protocol design method,,"The application relates to a dynamic TDMA protocol design method based on SC-FDE waveforms. The method comprises the following steps: detecting a beacon frame in the wireless ad hoc network, entering a first node beacon frame competition stage to send the beacon frame, if collision occurs, carrying out back-off until the node competition successfully sends out the beacon frame, and then entering a beacon frame non-competition stage in the wireless ad hoc network, alternately sending the beacon frame for counting the priority of each node, and entering a second time slot; the nodes with high priority are sequentially output according to the numbers in the second time slot, and the nodes with high priority response priority in the current time slot send related data according to the sequence of the broadcast frames to complete the high priority response and then enter the third time slot; and the data of the low-priority node in the third time slot is transmitted through the competition of the CSMA/CA protocol. The method can reduce time expenditure.",,H04L69/03;H04L69/323;H04W74/02;H04W84/18;H04W72/0446;H04W72/566;H04W74/0816;H04W74/0825,HUNAN ZHILING COMMUNICATION TECH CO LTD,20231110,2023,CN,1,False,False,True
89583750,CN-117459084-A,Full duplex automatic relay intercom special for fire rescue commander,,"The invention discloses a full duplex automatic relay interphone special for a firefighting rescue commander, which relates to the technical field of interphones and comprises an interphone main body, wherein a main board is arranged in the interphone main body, one side of the interphone main body is provided with a PTT key A and a PTT key B, the front side of the interphone main body is provided with an emergency rescue key and a three-gear control key, the interphone main body can simultaneously work in two independent intercom channel groups through setting the PTT key A and the PTT key B, a user can be ensured to receive an upper order in time and simultaneously command a lower team to perform actions, the communication signal global coverage during public network paralysis or public network blind area rescue is realized by the aid of the relay ad hoc network intercom function, the emergency rescue key can be arranged to rapidly improve the priority of the user for emergency broadcasting, and the three-gear control key can be arranged through different gear control priorities to ensure that all members are in a full duplex state and the command efficiency is improved.",,H04B1/3833;H04W4/10;H04W4/90;H04W84/18,BAISE CITY TIANYANG DISTR FIRE RESCUE BRIGADE,20231204,2023,CN,1,False,True,True
89719815,KR-20240007456-A,Dual Control System for Underpass Drain Pump,지하차도 배수펌프 이중 제어시스템,"An underpass drainage pump dual control system according to the present invention is composed of a dual control system consisting of an on-site control device placed in a sump pump room at an underpass site and a remote control device installed in an underpass manager situation room, and is characterized by two control systems that complement and correct each other. In particular, the present invention relates to a system in which a level controller, which functions to activate the pump by receiving a signal from a water level gauge, is placed in the underpass sump pump room, and is directly connected to a pump operation panel to primarily control a drainage pump according to the water level in the sump, and a remote control panel connected to a PLC, etc. compares and analyzes each of a pump activation water level value and a pump activation status, monitors any abnormalities in the level controller, and alerts an operator and provides secondary control of the pump manually/automatically at the same time. As a measure to prevent paralysis of a drainage function due to failure of the control system, which is one of the key factors in flooding of underground roads, the drainage pump control system is most effectively and stably doubled. Thus, compared to similar methods that cause system complexity due to a high cost of dual (backup) installation of a PLC system and a configuration of additional devices, such as installation of additional monitoring devices for PLC abnormalities, the present invention is not only simple and economical to build, but also can solve a fundamental problem of a remote control method such as communication failures.","본 발명에 따른 지하차도 배수펌프 이중 제어시스템은, 지하차도 현장의 집수정 펌프실에 배치되는 현장제어장치와, 지하차도 관리자 상황실에서 구비되는 원격제어장치의 이중 제어시스템으로 이루어지는 것이 특징이며, 두 개의 제어시스템으로 상호 보완 보정하는 것이 특징이며, 구체적으로는, 수위계의 신호를 받아 펌프를 기동시키는 기능을 하는 레벨콘트롤러를 지하차도 집수정 펌프실에 배치하고 펌프기동반과 직접 연결하여 집수정의 수위에 따라 배수펌프를 1차적으로 제어하고 PLC 등으로 연결된 원격제어반이 각각의 펌프기동 수위값과 펌프기동상태를 비교·분석하여 레벨콘트롤러의 이상여부를 감시하여 운영자에게 경보함과 동시에 수동/자동으로 펌프를 2차적으로 제어하는 시스템에 대한 것으로 지하차도 침수발생의 핵심요인 중의 하나인 제어시스템의 고장으로 인한 배수기능의 마비를 방지하는 대책으로 배수펌프 제어시스템을 가장 효과적이고 안정적으로 이중화함으로써 PLC시스템의 이중(백업)설치에 따른 고비용 및 PLC 이상여부에 대한 감시장치 추가설치 등 부가장치 구성에 따른 시스템의 복잡화를 유발하는 유사방식에 비해 단순하고 경제적으로 구축할 수 있을 뿐만 아니라 통신 장애와 같은 원격제어방식의 근원적인 문제도 해소할 수 있다.",F04D15/0077;F04D15/0218;G01F23/296;G05B19/058;G08B21/182;G05B2219/14006,SEOUL METROPOLITAN GOVERNMENT,20220708,2022,KR,2,True,True,False
89755633,CN-117528626-A,Multi-link operation controller for mesh network and corresponding method,,"The present invention provides a multi-link operation (MLO) controller for a mesh network and an MLO method for the controller, the method comprising the operations of: establishing a connection of a plurality of links with a first non-access point (non-AP) MLO device within the mesh network according to an initial traffic identifier (traffic identifier, TID) to link mapping and channel list, wherein priority traffic is sent on a high priority link according to the initial TID to link mapping; configuring a plurality of thresholds for a respective plurality of operating parameters of a plurality of links; disabling traffic on the corresponding link when one of the operating parameters changes relative to the configured threshold; and performing service allocation according to the updated operation parameters and updating the TID-to-link mapping for the connection of the plurality of links.",,H04W28/0289;H04L45/124;H04L45/24,MEDIATEK SINGAPORE PTE LTD,20220803,2023,CN,1,False,False,True
89768964,US-2024049217-A1,Dynamic link management in multi-link operation for mesh network,,"A multi-link operation (MLO) controller for a mesh network includes: a processing unit, including: establishing a multi-link connection with a first non-access (AP) point MLO device within the mesh network according to an initial traffic identifier (TID) to link mapping and a channel list, wherein the multi-link connection includes an associated link containing information of all other links, and priority traffic is sent on a better or best affiliated link configured by a TID to link mapping; configuring a plurality of thresholds for a respective plurality of operating parameters of the multi-links; when one of the operating parameters changes with respect to the configured threshold, disabling traffic on the corresponding link; and performing traffic distribution according to updated operating parameters and updating the TID to link mapping for the multi-link connection.",,H04W72/1263;H04W72/569;H04W72/542;H04W76/15;H04W84/18;H04W76/11;H04W28/0268;H04W40/02;H04L45/24;H04W28/0236,MEDIATEK SINGAPORE PTE LTD,20220803,2023,US,2,True,False,True
89906377,WO-2024042456-A1,A system for supporting high-throughput and/or high-reliability in concurrent transmission-based networks,,"Systems, methods, and computer-readable media for synchronizing and controlling concurrent transmission-based multi-radio devices to support higher throughput or higher reliability communications in a synchronous flooding mesh network. A host device (202A) in a wireless communication network can include multiple radio devices (210A-N), with each radio device being part of a concurrent transmission (CT)-based flooding network (N1, N2, N3) configured to concurrently transmit data to one or more corresponding receiving radios (214A-N) with corresponding radio nodes (212A-N) of other devices (202N) in the wireless communication network. Data packets can either be fragmented via a packet fragmentation process or replicated via a packet replication process to prioritize either throughput or redundancy for data transmission. The host devices (202A, 202N) in the network can synchronize a time for transmitting data and distributing any of a set of orthogonal radio frequency channels for each CT flooding network in transmitting data.",,H04W28/065;H04L45/32;H04W56/001;H04W72/0453;H04W72/044,TECH INNOVATION INSTITUTE – SOLE PROPRIETORSHIP LLC,20220822,2023,WO,1,False,False,True
90129658,CN-117690279-B,Wireless communication control method and platform for threaded control instrument,,"The invention discloses a wireless communication control method and a wireless communication control platform for a threaded control instrument. The invention comprises a computer, a wireless receiver, an ad hoc network controller and a threaded control instrument, wherein the communication control method comprises the steps of realizing wireless ad hoc network of a tree topology structure of the wired program control instrument by using the ad hoc network controller, determining the ad hoc network grade of the threaded control instrument according to the priority of the instrument and the strength of signals, gradually issuing a control instruction to the corresponding threaded control instrument according to a link table in an ad hoc network platform, gradually uploading instrument data to the computer according to a connection link table in the ad hoc network platform, and determining the uploading sequence of the instrument data according to the priority of the instrument. The invention realizes wireless communication control of the tree topology structure of the wired program control instrument by utilizing the ad hoc network controller, unifies different communication interfaces of the wired program control instrument, simplifies complex connection of different communication cables between a computer and the wired program control instrument, and widens the connection distance between the computer and the wired program control instrument.",,G08C17/02;H04L41/12;H04W84/18;Y02P90/02,,20231212,2023,CN,2,True,False,True
90131289,CN-117692944-A,5G deterministic bearer networking method for electric power service,,"The invention relates to the technical field of intelligent power grid service resource scheduling, in particular to a 5G deterministic bearer networking method for power service, which comprises the following steps: establishing a power service scene; adding a service priority mapping function in 5G network service; adding a priority queue management function in 5G network service; determining a QoS flow corresponding to a data packet and a time delay requirement of the data packet; performing service modeling according to a delay sensitive network and a delay tolerant network which are generated by the power service in a corresponding system; and (5) networking scheduling. The invention builds a network model, determines the network performance boundary of the delay sensitive network model by utilizing a random network algorithm, obtains the allocation strategy of deterministic delay guarantee based on the network performance boundary of the network model, builds a differentiated resource mapping scheduling scheme meeting the requirement of high-priority power service on real-time performance and service quality by dividing the priority.",,H04W4/30;H04W28/24;H04W28/10;H04W28/0268;H04W24/06;Y02D30/70,INFORMATION AND COMMUNICATION BRANCH OF STATE GRID HENAN ELECTRIC POWER COMPANY;STATE GRID HENAN ELECTRIC POWER CO,20231211,2023,CN,1,False,False,True
90131398,CN-117693030-A,Flight ad hoc network resource allocation method and device based on interference suppression,,"The invention provides a flight ad hoc network resource allocation method and device based on interference suppression. The scheme comprises the following steps: step one, calculating the number of effective links and determining the number of transmission time slots according to the service flow of the unmanned aerial vehicle ad hoc network, and introducing a spatial filtering technology to relieve inter-machine communication interference when describing the transmission rate; and secondly, maximizing the network capacity of the flight ad hoc network to obtain an objective function, and solving a nonlinear programming problem of the objective function by adopting a Lagrange dual method to obtain an optimal solution of the problem. The second step includes the relaxation of time slot variable, the determination of Lagrangian function and the conversion of dual problem, optimizing the transmitting power according to KKT condition, calculating the link transmission rate according to the optimizing result, and finally solving the optimal strategy of time slot allocation. The method can realize the maximization of the system capacity and obtain the network time slot resource allocation scheme under the constraint conditions of meeting the requirements of the maximum transmitting power of the communication link nodes, the transmission rates of the links with different priorities and the like.",,H04W84/18;H04B7/18502;H04W72/563;H04W72/541;H04W72/0473;H04W72/0446;Y02D30/70,UNIV ARMY ENGINEERING PLA,20231212,2023,CN,1,False,False,True
90140878,US-2024089798-A1,Mesh-link traffic segmentation based on priority,,"A root access point (RAP) that communicates with one or more mesh access points (MAPs) via two or more concurrent mesh links (or paths) in a mesh network is described. Notably, during operation, the RAP may communicate, via a mesh link in the two or more concurrent mesh links, packets or frames with the one or more MAPs, where the mesh link uses a band of frequencies, and where the packets or frames have a priority. Moreover, the RAP may communicate, via a second mesh link in the two or more concurrent mesh links, second packets or second frames with the one or more MAPs, where the second mesh link uses a second band of frequencies that is different from the currently selected band of frequencies, and where the second packets or second frames have a second priority that is less than the priority of the packets or frames.",,H04W28/20;H04W72/0453;H04W72/569;H04W84/18,ARRIS ENTPR LLC,20220908,2023,US,1,False,False,True
90203306,CN-117729626-A,Multi-hop clock synchronization method based on redundant paths,,"The invention relates to the technical field of clock synchronization communication of unmanned aerial vehicle formation ad hoc networks, in particular to a multi-hop clock synchronization method based on a redundant path, which comprises the steps that a main node periodically sends a link detection message; each slave node establishes an arrival time table according to the arrival time of the link detection message, and determines the priority of the forwarding path of each slave node; the target slave node determines a shortest path and a redundant path to the master node according to the priority; the master node sends a synchronous message; each slave node carries out abnormality detection on the received synchronous message, if the abnormality detection is passed, the synchronous message is forwarded to the target slave node according to the shortest path, and if the shortest path fails, the synchronous message is forwarded to the target slave node according to the redundant path; each slave node analyzes the received synchronous message, adopts a hardware time stamp as a clock count, and adopts a dynamic frequency correction algorithm to adaptively compensate the clock frequency deviation. The invention improves the reliability of clock synchronization and reduces the influence of crystal oscillator frequency deviation on clock synchronization.",,Y02D30/70,UNIV CHONGQING POSTS & TELECOM,20231220,2023,CN,1,False,False,True
90684946,CN-117915422-A,Method for dynamically optimizing communication path of multistage wireless ad hoc network,,"The invention discloses a method for dynamically optimizing a communication path of a multi-level wireless ad hoc network, which relates to the technical field of network communication and comprises the steps of normalizing factors influencing communication to generate loss values; and calculating the loss value between the father node and the child node according to the loss parameter to finish the dynamic optimization of the communication path. The invention takes the number of stages of the communication equipment as the highest priority evaluation standard, selects the optimal communication path between the two communication equipment, and simultaneously dynamically adjusts the communication path of the communication equipment by comparing the influence of a plurality of path loss values and historical communication success rate on the loss values, thereby realizing self-repairing and self-optimizing of the path and rapid path switching. The invention ensures that communication success is ensured as much as possible under any abnormal condition between communication devices, and the flow of calculating the loss value of the path is the operation period of the devices, so that no extra calculation amount is needed in the actual switching flow, and the switching speed of the communication path is improved.",,H04W84/18;H04W40/248;H04W40/12;Y02D30/70,ZHEJIANG LIERDA INTERNET OF THINGS TECH CO LTD,20231227,2023,CN,1,False,False,True
90797560,CN-117956591-B,Dynamic network time slot allocation method based on directional antenna and network simulation system,,"The invention relates to a dynamic network time slot allocation method based on a directional antenna and a network simulation system; the method comprises the following steps: neighbor discovery, frame reservation and data transmission are carried out between nodes in the dynamic ad hoc network based on a time division multiple access protocol of directional beams; carrying out power level negotiation and time slot reservation confirmation among nodes in a neighbor discovery period; the method comprises the steps of carrying out re-linking and time slot confirmation between nodes in a frame reservation period; data transmission between nodes is carried out in a data transmission period to negotiate power and reserve time slots; in the dynamic Ad hoc network data transmission process, the service quality of each node data transmission size, transmission time delay and service priority is guaranteed; and respectively carrying out time slot allocation according to the priority of the neighbor nodes from the packets with high priority to the packets with low priority through the established node list based on the different priority groups so as to meet the output transmission service requirements among the nodes. The invention improves the network service quality and the anti-interference capability.",,Y02D30/70;H04W84/18;H04W16/28;H04W16/22;H04W72/566;H04W72/52;H04W72/0446,,20240124,2024,CN,2,True,False,True
90950258,CN-118018962-B,"Outdoor operation command scheduling method, system, equipment and medium based on ad hoc network",,"The invention provides an outdoor operation command scheduling method, system, equipment and medium based on an ad hoc network, wherein the method comprises the steps of after an operation command scheduling network is constructed by deploying a Mesh node ad hoc network comprising mobile terminal equipment and an unmanned aerial vehicle according to a target outdoor operation environment, dividing temporary task groups according to acquired equipment information and position information of each mobile terminal equipment, issuing an initial operation scheduling instruction to the temporary task groups according to a preset operation execution plan, analyzing and processing transmission data of mobile terminal equipment in each temporary task group received in real time according to task processing priority to obtain task execution states, comprehensively analyzing each task execution state to obtain an operation scheduling strategy, and converting the operation scheduling strategy into the operation scheduling instruction to be sent to each temporary task group. The invention can realize real-time reliable monitoring of the operation risk and the process and reasonable command and dispatch of the task, and effectively improve the working efficiency, quality and safety of outdoor operation.",,H04L67/1021;H04L67/61;H04L67/12;H04L67/1044;H04W84/18;H04W4/023;H04W4/029,,20240327,2024,CN,2,True,False,True
91983992,CN-118400709-A,Unmanned aerial vehicle fly-by-wire transmission protocol for channel sorting by predicting time delay,,"The invention discloses an unmanned aerial vehicle fly-networking transmission protocol for channel sorting by predicting time delay, belonging to the field of unmanned aerial vehicle ad hoc networks; firstly, dividing an unmanned aerial vehicle group into a master machine and a slave machine, wherein the master machine receives the same data packet according to a specified frequency, detects the transmission rates of different channels in real time and sorts the channels in descending order according to the transmission rates; then, when the master machine receives a plurality of data packets, selecting channels with corresponding grades for different transmission data through priority judgment; according to the real-time environment such as the used channel, the predicted time delay is measured, thus the time gap is defined for the data transmission of the sub-machine, if the time interval is exceeded during transmission, the data transmission is forced to be cut off, and the overtime data transmission is allocated to the channel with the lower speed for continuous transmission.",,H04W28/06;H04W84/18;H04W72/0446;H04W72/566;H04W4/40,UNIV BEIJING POSTS & TELECOMM,20240409,2024,CN,2,True,False,True
92196747,CN-118488422-A,Networking method based on wireless communication and computer readable storage medium,,"The invention discloses a networking method based on wireless communication and a computer readable storage medium, wherein the method comprises the following steps: step S1, distributing unique IP addresses to each accessed sub-device through a sub-device IP address distribution program based on a concentrator; s2, constructing a self-organizing Bluetooth Mesh network for connecting the concentrator with each piece of sub-equipment in a multi-hop communication mode; step S3, data transmission between devices is carried out by utilizing the established Bluetooth Mesh network; and S4, controlling the concentrator to switch the communication mode according to the priority of data transmission through a dynamic priority scheduling mechanism and a dual-mode autonomous switching mechanism, and simultaneously responding to the high-priority task. The invention ensures the wireless data transmission efficiency and accuracy between the concentrator and the sub-equipment, solves the problems of resource redundancy and signal superposition interference of wireless transmission data, improves the reliability and safety of equipment connection in the networking, prolongs the service life of the concentrator and effectively reduces the running cost of the equipment in the networking.",,H04W84/18;H04W72/56;H04W8/26;H04W4/80;Y02D30/70,SHENZHEN POWER SUPPLY BUREAU,20240517,2024,CN,1,False,False,True
92208576,WO-2025223818-A1,Alarm system with a backup communication link between peers,,"The invention relates to an alarm system (10-1) and a monitoring method. The alarm system comprises at least one intrusion detector (11), a central unit (13-1) configured to communicate with a remote monitoring server (20) via a first communication protocol, and a backup module (12-1). The method comprises the following steps: - detecting an intrusion; - determining that the central unit is not able to reliably transmit an alert message to the remote monitoring server via the first communication protocol; - transmitting an alert message, by the backup module (12-1), to a peer backup module (12-2) of another alarm system (10-2), via a second communication protocol; - transmitting the alert message to the remote monitoring server (20) by the other alarm system (10-2).",,G08B13/00;G08B25/009;G08B29/08;G08B25/004,TELECOM DESIGN,20240422,2025,WO,1,False,False,True
92284332,CN-118524541-A,Dynamic on-demand adjustment method for directional ad hoc network distributed time slot resources,,"The invention relates to a dynamic on-demand adjustment method for directional ad hoc network distributed time slot resources, which comprises the following steps: the method comprises the steps that an initial network node randomly selects a time slot allocation state serial number, performs neighbor discovery, connects network nodes, and enters the next step; judging whether the state serial number adjustment is needed or not; each calculating a new state sequence number to be selected and an adjustment priority; selecting a node with higher adjustment priority to adjust the state sequence number; and the node needing to be regulated notifies the state change information to the neighbor node until receiving the response information sent by the neighbor node. The invention is convenient for the rapid construction of the network, and satisfies the QoS requirements of different types of services under the high-speed dynamic change scene of the network topology; the dynamic adjustment is implemented by adopting the minimum cost judgment criterion, a new state sequence number can be found, and the communication requirement of the neighbor node is met, so that the network topology structure is influenced in a minimized way while the network capacity is optimized.",,H04W84/18;H04W72/56;H04W72/53;H04W72/0446,HEFEI INST PHYSICAL SCI CAS,20240719,2024,CN,2,True,False,True
92470681,CN-118574182-A,Flight ad hoc network opportunistic routing decision-making method based on fuzzy logic prediction,,"The invention discloses a flight ad hoc network opportunistic routing decision method based on fuzzy logic prediction, and relates to the technical field of flight ad hoc networks. The method comprises the following steps: basic information of each node in the flight ad hoc network is obtained; based on the basic information of each node, predicting the future position of each node by adopting a Gaussian Markov model; calculating normalized position factors, speed factors and energy factors of all nodes according to future positions and basic information of all nodes, inputting the position factors, the speed factors and the energy factors into a fuzzy logic reasoning system, and outputting a candidate forwarding node set; calculating a distance factor, a delivery probability factor, a normalized speed factor and an energy factor of each candidate forwarding node in the candidate forwarding node set, and calculating a priority value of each candidate forwarding node by adopting a priority function; and determining the candidate forwarding node corresponding to the maximum priority value as the forwarding node, and completing the opportunistic routing decision. The invention can effectively improve the network performance and the data transmission efficiency of the flight ad hoc network.",,H04W84/06;H04W84/18;H04W40/02;Y02D30/70,UNIV HENAN SCIENCE & TECH,20240614,2024,CN,1,False,False,True
92854397,CN-118741596-A,D2D collaboration-based dependent task unloading method,,"The invention discloses a D2D collaboration-based dependent task unloading method, and belongs to the technical field of edge computing. The method comprises the following steps: first, task and equipment information is collected and an optimization model is built, which takes into account the communication model, the subtask calculation model, and the offload pricing model. And secondly, establishing a cost optimization function depending on task unloading by combining the optimization model and related constraint conditions. Then, a genetic algorithm fitness function and a chromosome coding are designed, a cost optimization function is designed as a fitness evaluation function of the genetic algorithm, and an unloading strategy of the subtasks is coded as a chromosome in the genetic algorithm by using integer coding. And finally, calculating the priority of the subtasks to determine the execution sequence of the subtasks, and solving an optimization function by using a genetic algorithm to obtain an optimal unloading strategy. According to the invention, through D2D cooperation and genetic algorithm optimization, optimization depending on a task unloading strategy is realized, the total cost of task execution is effectively reduced, and the overall performance and efficiency of the system are improved.",,G06N3/126;G06N3/006;H04W28/0975;H04W28/0925;H04W28/0861;H04W28/084;H04W28/0215,UNIV KUNMING SCIENCE & TECHNOLOGY,20240702,2024,CN,1,False,False,True
93379829,US-12457655-B2,Method and system for near-field pairing on a current limited portable communication device,,"A method and system for dynamically managing wireless pairing of a portable radio device and an accessory are provided. A multi-stage wireless pairing mode applies a first BT pairing stage that utilizes NFC and BT communication, while disabling low-priority, high-current communications of the portable radio device. The second BT pairing stage turns off the NFC pairing, maintains BT, and re-enables the low-priority, high-current communications. Any occurrence of a high-priority, high-current mission critical event disables the multi-stage pairing mode and services the event. User notifications and are dynamically managed to avoid user interference during the pairing.",,H04W76/14;H04W72/56;H04W72/541;H04W84/18;H04W4/10;H04W4/80;H04W8/005;H04W52/028;H04W76/15,MOTOROLA SOLUTIONS INC,20230510,2023,US,2,True,False,True
93489389,CN-119012233-A,Wireless ad hoc network optimization method and ad hoc network equipment based on MIMO technology,,"The invention belongs to the technical field of ad hoc networks, and in particular relates to a wireless ad hoc network optimization method and ad hoc network equipment based on MIMO technology, comprising the following steps: link duration prediction is associated with logic characteristics of the MIMO system, link duration prediction and route reconstruction are carried out by using a mean difference interpolation method, and a model combining the predicted link duration with a backup mechanism is established; a routing method based on dynamic topology evolution is designed by combining the QoS grade of the power emergency communication service, and service priority communication service guarantee is realized by optimizing the channel allocation and content distribution strategy of the wireless ad hoc network.",,H04B7/0413;H04W84/18;H04W40/248;H04W24/02;Y02D30/70,NANYANG POWER SUPPLY CO OF STATE GRID HENAN ELECTRIC POWER CO,20240730,2024,CN,1,False,True,True
93650445,EP-4802490-A1,Scalable realtime mesh network with universal artificial intelligence safety devices,,"A safety monitoring AI system comprising interconnected safety AI wearable devices and a remote monitoring AI server to handle real-time data prioritizing urgent safety signals to optimize response time, wherein the safety wearable devices comprise multiple sensors (GPS, temperature, heart rate, humidity, VOC etc), advanced communication capabilities (LTE 4G, NB-IoT, LTE-M, NTN) and can be worn in various versatile configurations without any modification (belt, armband, ankle, helmet, etc); and wherein the AI devices form a peer-to-peer mesh network architecture exchanging relay signals to eliminate single points of failure, share safety-critical data through neighboring devices and preprocess data at device level. The invention allows to enhance workplace safety across various industries by offering a scalable, integrated solution that can adapt to different wearing configurations and operational requirements while maintaining robust communication and monitoring capabilities.",,G08B25/004;G08B25/016;G08B21/0453;G08B29/16;H04W4/38;H04W84/18;H04W4/90;H04W4/80,HALOTECH DIGITAL SERVICES S L,20241122,2024,EP;WO,2,False,False,True
93652026,US-12501399-B2,Worksite alert system,,"This invention is directed to an ad-hoc peer-to-peer wireless worksite alert system with transceiver devices that communicate with each other using radio signals encoded with a unique identifier for each of the transceiver devices and provide light and audio alerts for worksite workers using the transceiver devices. Each transceiver device includes an alert indicator light, an audio speaker for emitting a siren, and a processor for scanning and transmitting status and alert radio signals. The ad-hoc peer-to-peer wireless worksite alert system does not require a centralized receiver unit and employs a mesh network for direct peer-to-peer communication. The simplicity of a peer-to-peer mesh network provides reliability and the ability to expand the mesh network as needed without additional and expensive equipment for centralized network control and relay.",,H04W76/14;H04W84/18;H04W68/005,EVANS II THOMAS JAMES;JONES SALVADOR BAYLEE MARIE;MARDO SARIAH ELIZABETH;MARDO RACHEL EVE;RYEN NOLAN ALEXANDER;CHAND AARON;KEITH JUSTIN JAMES;LOPEZ MARCUS RAY;KLINGER MIKAYLA LAUREN,20230605,2023,US,2,True,False,True
93880606,CN-119172016-A,"Wireless ad hoc network anti-interference method, device and equipment based on wide and narrow band waveforms",,"The application relates to a wireless ad hoc network anti-interference method, device and equipment based on a broadband and narrowband waveform. The method comprises the steps of carrying out distributed networking on a plurality of nodes by adopting a TDMA protocol at an initial working frequency to form a wireless self-networking, dividing a TDMA time slot of a MAC layer of the wireless self-networking into a control time slot respectively adopting a narrowband waveform and a service time slot adopting a wideband waveform, and adopting a TD-FDMA protocol to fuse the wideband waveform and the narrowband waveform to realize wireless self-networking anti-interference based on the wideband-narrowband fused waveform, wherein the TDMA protocol is adopted and the narrowband frequency hopping waveform is utilized to carry out wireless self-networking maintenance and ultra-high priority narrowband service transmission under the control time slot, and the FDMA protocol is adopted and the wideband self-adaptive frequency selecting waveform is utilized to carry out wideband service transmission under the service time slot. The method can improve the scale of the wireless ad hoc network and the anti-interference performance and effectiveness of the network.",,H04W84/18;H04B1/713;H04B17/345,HUNAN ZHILING COMMUNICATION TECH CO LTD,20241024,2024,CN,1,False,False,True
93940140,US-2025008594-A1,Computerized systems and methods for an adaptive multi-link operation mesh network,,"Disclosed are systems and methods that provide a computerized network management framework that adaptively configures a network at a location to optimize network usage and application operation thereon. The disclosed framework enables the implementation of MLO functionality within WiFi 7 enabled mesh networks based on end user activity. The disclosed network management framework can leverage information related to the detection of application instances on a network, in addition to determinations of such applications&#39; priority of operations on the network, and dynamically activate MLO links across certain branches of the topology of a location&#39;s network (e.g., the locations&#39; operational mesh network). This, among other benefits, can provide faster speeds, lower latency and increased capacity for the network and the devices operating therein/thereon.",,H04W84/18;H04W76/27,PLUME DESIGN INC,20230628,2023,EP;US;WO,4,False,False,True
94015308,CN-119255262-A,"Mesh network redundancy optimization method, mesh network distribution method and state reporting method",,"The embodiment of the application discloses a Mesh network redundancy optimization method and device, a Mesh network distribution method and device, a state reporting method and device, a computer readable storage medium and electronic equipment. The method comprises the steps that a first client associated with an intelligent terminal sends a broadcast frame to a Mesh network through the intelligent terminal, constraint conditions for devices with different priorities are included in the broadcast frame, so that second clients associated with the devices with different priorities respectively determine devices matched with the corresponding constraint conditions as target devices, and the associated operations are executed for the target devices in sequence according to priority information of the target devices. By the scheme, redundant broadcasting of the Mesh network is reduced, air resources are utilized efficiently, interference of the redundant broadcasting to surrounding air signals is avoided, transmission efficiency of the Mesh network is improved, and use experience of users is further improved.",,H04W84/18;H04W40/023;H04W4/80;H04W16/20;H04W24/10;H04W24/08;H04W24/02;Y02D30/70,ZHEJIANG AIKESI JINGLING ARTIFICIAL INTELLIGENCE TECH CO LTD,20230627,2023,CN,1,False,False,True
94015824,CN-119255395-B,Dynamic resource allocation method and device of self-organizing network and electronic equipment,,"The application provides a dynamic resource allocation method and device of an ad hoc network and electronic equipment. The method comprises the steps that any node obtains first priority codes according to a preset priority rule, the first priority codes are sent to all neighbor nodes in a resource application time slot, each neighbor node carries out conflict detection on all received first priority codes, if the detection result is judged to be that no conflict occurs, no information is sent in a conflict resolution time slot, if the detection result is judged to be that the conflict occurs, the priorities of all the first priority codes are compared to obtain second priority codes, the second priority codes are returned to the corresponding neighbor nodes in the conflict resolution time slot, any node monitors the conflict resolution time slot, and when the monitoring result is judged to be that no information is received or the priority of the received second priority codes is lower than the first priority codes, the resource application is determined to be successful, so that resource allocation is completed. And the user experience is improved.",,H04W84/18;H04W72/53;H04W72/0446;H04W72/56,,20240920,2024,CN,2,True,False,True
94072531,CN-119212029-A,"Backhaul path configuration method and device, electronic equipment and storage medium",,"The application provides a backhaul channel configuration method, a device, an electronic device and a storage medium, by the method, the target channel suitable for being used as a special backhaul channel can be determined from backhaul channels according to a preset priority strategy and backhaul parameters of each channel, and the target channel is configured as the special backhaul channel of an access point, so that smoothness of the backhaul channel can be effectively ensured, the network performance of the special backhaul channel is ensured because multiplexing of the backhaul channel is not needed, the problem that the backhaul channel affects the network performance can be solved, the stability and reliability among access points of a Mesh network are effectively improved, the configuration process is convenient and easy to implement, and the method is suitable for the scene of configuration of various backhaul channels and has strong universality.",,Y02D30/70;H04L45/12;H04L45/302;H04W84/18;H04W40/246;H04W40/02,ZTE CORP,20230615,2023,CN,1,False,False,True
94324708,CN-119383578-A,Network coverage method and monitoring system based on Mesh networking equipment,,"The invention discloses a network coverage method and a monitoring system based on Mesh networking equipment, which comprise the steps of taking single Mesh networking equipment as networking nodes, generating Mesh networking sublinks through virtualization by adjusting a networking node connection mode, combining a plurality of networking nodes to form a single sublink unit group, selecting the networking nodes from each sublink unit group as link nodes, connecting each link node to form Mesh networking sublinks, wherein the number of the Mesh networking sublinks is not less than that of the networking nodes in the single sublink unit group, the Mesh networking sublinks generate wireless coverage layers with the same number as that of the Mesh networking sublinks, connecting the Mesh networking sublinks through the networking nodes, dividing transmission data into the same grades as that of the Mesh networking sublinks, and determining transmission priority according to the grades of the transmission data. The monitoring system comprises an acquisition layer, a network layer and an application layer. The invention realizes the low-cost arrangement of the wireless transmission network in the cable tunnel with weak communication signals, and improves the network transmission efficiency.",,Y02D30/70;H04W84/18;H04W4/38,HENAN POWER TRANS AND TRANSFORMATION CONSTRUCTION CO LTD;STATE GRID CORP CHINA,20241114,2024,CN,1,False,False,True
94329575,CN-119383651-A,Method and system for improving performance of wireless Mesh network,,"The invention provides a method and a system for improving the performance of a wireless Mesh network, which relate to the field of intelligent control of the wireless Mesh network, and the method comprises the steps of setting a random delay time when the state of equipment changes by establishing a state reporting mechanism of the equipment end, and reporting the state of the equipment after the random delay; the method comprises the steps of carrying out congestion detection according to a report result of equipment state, monitoring the data packet receiving quantity in a Mesh network in real time, counting the data packet receiving quantity per second, comparing with a set threshold value to judge whether the network is congested, carrying out congestion treatment according to the congestion result, further delaying the report of the equipment state when the network is detected to be congested, and dynamically adjusting the delay additional time according to the actual network condition to relieve the network congestion. According to the invention, through the comprehensive application of the equipment-side state reporting mechanism, the air packet congestion detection and processing and the instruction priority mechanism, the problem of network congestion is effectively relieved, the stability and the control instantaneity of the system are ensured, and the user experience is improved.",,H04W24/10;H04W28/0284,XIAMEN ACTEC ELECTRONICS CO LTD,20241016,2024,CN,1,False,False,True
94337192,CN-119383660-A,Networking protocol implementation method and system applied to ad hoc network,,"The invention relates to the technical field of networking protocol realization methods, in particular to a networking protocol realization method and a networking protocol realization system applied to an ad hoc network, comprising the following steps of creating an Rf channel table; the method comprises the steps of creating an Rf node table, creating an Rf forwarding table, creating an Rf control table, storing and managing data information of a networking channel through the Rf control table, dynamically adjusting data transmission priorities through a data priority strategy to ensure that data with different priorities meet preset transmission requirements in a transmission process, and sequentially realizing multi-layer progressive control and dynamic optimization of the communication node priorities through algorithms based on a composite mathematical model, adaptive weight calculation, dynamic expansion threshold setting, progressive ordering and Markov chain regression prediction in the communication node management process, wherein the adaptive weight model can update the node priorities in real time, flexibly respond according to weight adjustment requirements of the nodes in different network states, and the response capability of the network to burst loads is improved.",,Y02D30/70;H04W84/18;H04W28/24;H04W28/0925,SUNTOR ELECTRONICS CO LTD,20241108,2024,CN,1,False,False,True
94534974,EP-4661441-A1,Method and apparatus for providing mcptt service,,"An example method for providing a Mission Critical Push To Talk (MCPTT) service may include receiving a message created from any one user among users of an MCPTT group, analyzing the message, and setting a floor priority of the users of the MCPTT group, based on a result of analyzing the message. The analyzing of the message includes classifying a type of the message. The classifying of the type of the message includes identifying whether the message is an interrogative type message or an imperative type message.",,H04W76/45;H04W4/90;H04W4/08;H04W4/025;H04L65/4061;H04L65/4038;H04W4/02;H04W4/021;H04W4/10,SAMSUNG ELECTRONICS CO LTD,20230807,2024,EP;US,2,False,False,True
94588061,CN-119485685-A,Ad hoc network dynamic networking method and system based on MAC layer,,"The invention relates to the technical field of networking methods, in particular to an ad hoc network dynamic networking method and system based on an MAC layer, which are used for acquiring topology relation information of nodes in a network, acquiring distance information among the nodes, generating a topology sensing matrix based on the topology relation information, calculating a priority matrix according to the topology sensing matrix, evaluating service capacity of each node based on the priority matrix and the distance information, calculating reliability of each node according to the service capacity, distributing time slots for each node based on the reliability, generating a route optimization matrix according to the priority matrix, the reliability and the distance information, outputting priority, the service capacity, the reliability, a time slot distribution result and route optimization information of each node, and taking into account the direct connection relation of the nodes, capturing the position and influence of the nodes in the whole network by introducing an innovative priority matrix calculation method, so that network resource distribution is more reasonable, and the overall throughput of the network is remarkably improved.",,H04L41/12;H04W84/18;H04W72/535;H04W72/0446,SUNTOR ELECTRONICS CO LTD,20241220,2024,CN,1,False,False,True
94667393,CN-119521300-A,Intelligent construction site networking and monitoring method based on WAPI technology and MESH network,,"The invention discloses an intelligent construction site networking and monitoring method based on a WAPI technology and a MESH network, which comprises the steps of collecting operation data of super nodes in a construction site environment, dividing a region according to the operation data, obtaining power consumption of the super nodes by using a self-adaptive energy consumption optimization method based on the operation data of the super nodes, adjusting task allocation of the super nodes according to the power consumption, obtaining weighted priorities of the tasks of the super nodes by combining a weighted priority adjustment method after the task allocation adjustment, adjusting transmission weights of the tasks of the super nodes, evaluating comprehensive task cost of the super nodes by using a comprehensive task cost evaluation method after the transmission weights of the tasks are adjusted, and carrying out task scheduling and topology adjustment of the super nodes to finish construction site networking and monitoring. The invention can adapt to topology change in complex dynamic environment, improve network stability, prolong service life of network node, and effectively manage task flow and resource allocation.",,Y02D30/70;H04W84/18;H04W24/02;H04W28/0236;H04W28/0221,STATE GRID JIANGSU ELECTRIC POWER ENG CONSULTING CO LTD,20241226,2024,CN,1,False,False,True
94701252,CN-119545467-B,Lightweight route design method and system suitable for chain broadband wireless ad hoc network,,"The invention discloses a lightweight route design method and a lightweight route design system suitable for a chain broadband wireless ad hoc network. The system comprises a configuration network node, a definition node routing architecture, a configuration data packet classifier module, a delay module, a general module, a neighbor list module, a neighbor information manager module, a delay estimator module, a data packet queue module, a queue processing module, a MAC receiver module and a MAC transmitter module. The method comprises the steps of classifying and calculating the queuing of delay data packets and general data packets according to a data frame structure, periodically updating a neighbor list according to the data packets with adjacent relations, estimating the time required by local queue transmission, queuing delay data and general data according to priorities, and establishing a forwarding link. The nodes automatically complete path planning and queue sequencing in real time according to the routing protocol architecture, do not need to be uniformly and intensively scheduled by an upper layer route, and do not occupy network resources. The method ensures the maximum utilization of node resources on the basis of communication delay.",,Y02D30/70;H04L45/302;H04L45/122;H04L45/121;H04W84/18;H04W40/12,,20230831,2023,CN,2,True,False,True
94798975,CN-119584194-A,Transmission resource scheduling method of wireless ad hoc network and wireless ad hoc network,,"The invention discloses a transmission resource scheduling method of a wireless ad hoc network and the wireless ad hoc network, the method comprises the steps of carrying out message transmission on each original service to be processed in a cyclic response end-to-end retransmission mode according to the sequence from high service priority to low service priority in a public network access stage, wherein each original service to be processed corresponds to the service priority, each service priority corresponds to a threshold, establishing a task sub-network and adjusting the service priority of each target service to be processed in the task sub-network in response to a task sub-network establishment request, acquiring a system busy degree statistical value, accessing the target service to be processed into a target channel and sending the target channel if the threshold corresponding to the service priority of the target service to be processed is larger than the system busy degree statistical value, and executing random back-off operation on the target service to be processed if the threshold corresponding to the service priority of the target service to be processed is smaller than or equal to the system busy degree statistical value. The invention can ensure the success rate of the transmission of the high-priority service and has low time delay.",,Y02D30/70;H04W84/18;H04L47/29;H04L47/2433;H04L47/18;H04W28/0236;H04W28/0268,NANJING ZHONGKE XUNDA INFORMATION TECH CO LTD,20241108,2024,CN,2,True,False,True
94809684,CN-119584324-A,RRC connection control method under network fault condition,,"The invention discloses an RRC connection control system and method under the condition of network failure. The method comprises the following steps of setting an IMSI white list of a high-priority user, judging whether the user is the high-priority user through an IMSI number section, transmitting a user grade and the IMSI to an RRC connection release batch calculation module, calculating a release batch of the user by the RRC connection release batch calculation module according to the user grade and the 4-bit number after the IMSI, and dynamically adjusting the time interval of batch release according to the batch. The invention identifies the IMSI number segment to determine the user type, and carries out discrete batch on the user based on a specific formula, thereby ensuring that the user with high priority can be released preferentially, optimizing network resource management and improving disaster recovery capability.",,H04W76/19;H04W76/30;H04W76/10,SECURITY DEPT UNIT 31401 OF PLA,20241126,2024,CN,1,False,True,False
94968687,WO-2025179099-A1,Methods for a tiered deployment of mission critical applications in a multi-access edge computing (mec) environment,,"A tiered deployment of mission critical applications in a multi- access edge computing (MEC) environment is provided herein. In an example, a wireless transmit/receive unit (WTRU) may receive a request for a MEC host status of the WTRU. Further, the WTRU may receive configuration information, including priority information for one or more service applications. Also, the WTRU may report a first level of operation, for a first service application of the one or more service applications, based upon one or more current signal conditions. Moreover, the WTRU may receive an instantiate application message responsive to the reported first level of operation. In an example, the first instantiate MEC application message is an instantiate mission critical MEC application message.",,G06F9/5072;G06F9/54;G06F9/4843;H04W28/0268;H04L67/61;H04L67/10;H04L67/289;H04W4/50,INTERDIGITAL PATENT HOLDINGS INC,20240223,2025,WO,1,False,False,True
94983548,CN-119676877-A,Service priority guaranteeing method for relay access of ad hoc network terminal,,"The invention belongs to the field of 5G communication, and particularly relates to a service priority guaranteeing method for relay access of an ad hoc network terminal. The method of the invention carries out packet detection on high priority service such as voice service of the self-organizing network terminal through the N3IWF network element, and sends a special stream creation instruction to the PCF network element where the relay terminal is located when the SIP signaling of voice initiated by the self-organizing network terminal is detected, thereby triggering the relay terminal to establish special stream with the 5G base station and the 5G core network and guaranteeing the voice service priority transmission of the self-organizing network terminal. According to the service priority guaranteeing method for relay access of the ad hoc network terminal, the no-3GPP access technology and the ADC technology of the 3GPP are effectively combined, the problem of guaranteeing high-priority service transmission of specific users is solved under the relay access frame of a private network application scene, the whole system under the ad hoc network and 5G network fusion networking has the capability of end-to-end differential data transmission, and the user experience is greatly improved.",,,THE 54TH RESEARCH INSTITUTE OF CHINA ELECTRONICS TECH GROUP CORPORATION,20241118,2024,CN,1,False,False,True
94987744,CN-119676740-A,Self-discovery ad hoc network control method based on hong Meng operating system,,"The invention provides a self-discovery ad hoc network control method based on a hong operation system, which relates to the technical field of data processing, and comprises the steps of extracting identification information and communication parameters of equipment from all equipment to be networked based on the hong operation system; the method comprises the steps of judging compatibility of communication protocol versions and maximum supported bandwidths among devices, determining a control relation between a master device and slave devices, dynamically distributing communication resources for each device by adopting a distributed channel distribution algorithm in combination with task requirements and network bandwidth information of the devices, periodically synchronizing resource states of the devices, updating networking candidate data and redefining a networking control relation after the master device releases corresponding communication resources when the slave device sends a request for exiting networking, and automatically taking a device with the highest priority from the slave devices when the master device exits to complete reconstruction of the networking control relation.",,,HANGZHOU MIAOLIAN INTERNET OF THINGS TECH CO LTD,20250220,2025,CN,1,False,False,True
95044812,CN-119697773-A,Ad hoc network-based unmanned aerial vehicle nest communication method and device supporting audio and video hierarchical transmission,,"The invention relates to an unmanned aerial vehicle nest communication method and device supporting audio and video hierarchical transmission based on an ad hoc network, and belongs to the field of unmanned aerial vehicle data transmission. The method comprises the steps of setting service priority, judging whether received data belong to the device or not based on an ID (identity) in the received data, if not, putting the received data into a transmission waiting queue with different service priorities according to service types, if so, forwarding payload data in the received data to peripheral equipment of the device, simultaneously receiving the peripheral equipment data of the device, putting the data into the transmission waiting queue with different service priorities according to service types, and when a transmission time slot of the device arrives, transmitting the data which does not exceed available bandwidth in the transmission waiting queue according to the service priorities.",,Y02D30/70,ELECTRIC POWER RES INST STATE GRID FUJIAN ELECTRIC POWER CO LTD;STATE GRID FUJIAN ELECTRIC POWER CO;STATE GRID CORP CHINA;UNIV CIVIL AVIATION FLIGHT CHINA;STATE GRID HUNAN ELECTRIC POWER CO LTD EHV POWER TRANS COMPANY,20241218,2024,CN,1,False,False,True
95077297,CN-119729642-A,Controlled interception area width determining method integrating competition mechanism,,"The invention provides a controlled interception area width determining method integrating a competition mechanism, and belongs to the field of wireless ad hoc networks. In the establishment phase of the controlled interception area, a control message mechanism is utilized to combine the transmission hop count and the priority parameter, so that N can be increased when important information is transmitted preferentially or transmitted with large hop count, more cooperative communication nodes are introduced, and the network user capacity can be prevented from being influenced by occupying too many nodes through proper N when the transmission of small hop count is performed, and in addition, when the establishment of the controlled interception area fails, the invention can dynamically adjust N to reestablish connection. The invention optimizes the confirmation method of the controlled interception area width, merges the competition mechanism, solves the problem of sudden network congestion, can dynamically adjust N according to actual conditions to meet different information transmission requirements, and improves the QoS guarantee of the relay network.",,,THE 54TH RESEARCH INSTITUTE OF CHINA ELECTRONICS TECH GROUP CORPORATION,20241126,2024,CN,1,False,False,True
95196751,CN-119762023-B,Fire scene auxiliary decision support system based on mobile ad hoc network,,"The invention discloses a fire scene auxiliary decision support system based on a mobile self-organizing network, which particularly relates to the technical field of fire decision, and comprises the steps of constructing the mobile self-organizing network based on fire according to a fire occurrence area, determining fixed nodes, movable nodes and substitute nodes, determining the dangerousness and influence of the substitute nodes through map analysis, analyzing the uncertainty entropy value of fire information data, collecting node importance data of the substitute nodes, determining the delay time of fire spread through the autocorrelation analysis of the temperature and time at the lost nodes, comparing the delay time with the time from the substitute nodes to the lost nodes, collecting the node timeliness data of the substitute nodes, comprehensively evaluating the node importance data and the node timeliness data, and quantifying the priority of each substitute node.",,Y02D30/70,,20250307,2025,CN,2,True,True,True
95205705,KR-20250038006-A,building management control system,건물 관리 제어 시스템,"An object of the present invention is to provide a building management control system capable of stably controlling and driving a remote control panel in consideration of the current situation of the building and the characteristics of the building. A building management control system comprises: a remote control panel for controlling a field device provided in a building; and a management device for managing a plurality of the remote control panels provided in the building. The remote control panel includes a housing, a main module, and a signal module. The management device includes: a setting unit for checking an operation load of the field device allocated to each of the plurality of remote control panels and allocating a priority to the plurality of remote control panels in consideration of the operation load related to each of the remote control panels; and an operation unit for controlling a power cut-off order of the remote control panel or a backup load between the plurality of remote control panels according to the priority allocated to each of the remote control panels when a special situation including at least one of communication failure, fire occurrence, and emergency evacuation occurs.","본 발명은 건물 관리 제어 시스템에 관한 것으로서, 건물에 마련되는 기계설비, 전기설비 및 통신설비 중 적어도 어느 하나를 포함하는 현장기기를 제어하는 원격제어반; 및 상기 건물에 마련되는 다수의 상기 원격제어반을 관리하는 관리장치;를 포함하며, 상기 원격제어반은, 하우징과, 상기 하우징 내측에 설치되며 상기 현장기기를 제어하기 위한 메인모듈과, 상기 메인모듈과 전기적으로 연결되고 상기 현장기기로부터 인가되는 데이터 신호를 수신하여 상기 메인모듈로 전달하거나 상기 현장기기의 작동을 제어하기 위한 데이터 신호를 상기 현장기기로 전달하는 신호모듈을 포함하며, 상기 관리장치는, 다수의 상기 원격제어반마다 할당되는 상기 현장기기의 작동 부하를 확인하고, 각각의 상기 원격제어반과 관련된 상기 작동 부하를 고려하여 다수의 상기 원격제어반에 대하여 우선순위를 할당하는 설정부; 및 통신장애, 화재발생, 긴급대피 중 적어도 어느 하나를 포함하는 특수상황 발생 시, 각각의 상기 원격제어반에 할당된 우선순위에 따라 상기 원격제어반의 전원 차단순서 또는 다수의 상기 원격제어반 상호간의 백업 부하를 제어하는 작동부를 포함하는 것을 특징으로 한다.",G08C2201/51;G08C19/16;G08C17/02;G08B21/18;G06Q50/06;G06Q50/10,SUNGIL SYSTEM CO LTD,20230911,2023,KR,1,False,True,False
95262419,CN-119815530-A,Directional ad hoc network node receiving and transmitting state distribution method based on service priority,,"A method for distributing receiving and transmitting state of directed ad hoc network node based on service priority includes querying highest priority of transmitting service in all wave beams of next time slot by each node in network in service queue first, obtaining highest priority of transmitting service to said node by all neighbor nodes in next time slot through network node information table, determining receiving and transmitting state of said node by high priority service, updating service queue finally and updating service priority and destination node number of said node in next time slot to network node information table as for same network node, setting at least one receiving time slot between two transmitting services. The method for distributing the receiving and transmitting states of the directed ad hoc network nodes is simple in implementation mode and high in practicability, not only can meet communication requirements according to service priorities, but also can reduce information interaction and corresponding communication time delay required by adjusting the receiving and transmitting states of the nodes.",,Y02D30/70,UNIV HEFEI TECHNOLOGY,20250115,2025,CN,1,False,False,True
95339897,WO-2025080876-A1,System and method for detecting threats,,"Disclosed implementations provide a system of sensing modules that can operate in conjunction with a Software as a Service (SaaS) backend to detect and alert of various threats. The sensing modules can be installed at fixed locations or can be mobile. All sensing and detection processing can be accomplished by the sensing module or by several sensing modules cooperating on a mesh network or other network communication architecture. Privacy is preserved because all raw sensor data collected for analysis is processed locally at the sensing module(s) and deleted immediately following the completion of analysis. Accordingly, raw sensor data is inaccessible outside of the sensing module(s) which can be secured through hardware and software security techniques.",,H04L63/1416,GUNSENS INC,20231013,2024,WO,1,False,False,True
95544883,CN-119946598-B,Intelligent gateway equipment interconnection method and system of Bluetooth ad hoc network protocol,,"The invention provides an intelligent gateway equipment interconnection method and system of a Bluetooth Ad hoc network protocol, which are applied to the field of communication data processing; the invention ensures the stability and load balance of communication, avoids the generation of network bottleneck by self-adaptive node management, updating the network topology structure in real time and optimizing the connection priority, and simultaneously can uniformly distribute data among a plurality of intelligent gateways by intelligent data flow distribution, thereby avoiding overload of part of the gateways, improving the efficiency of the whole system, optimizing the response speed by local execution of edge calculation, reducing delay, cooperatively processing key control tasks such as equipment linkage, data distribution, abnormal response and the like by a distributed computing architecture, and improving the flexibility and processing capacity of the system.",,Y02D30/70,,20250402,2025,CN,2,True,False,True
95549572,CN-119946601-A,Mountain forest fire prevention communication networking method and system,,"The invention discloses a mountain forest fire prevention communication networking method and system, and belongs to the technical field of networking communication. The method comprises the following steps of transmitting field audio and video data to an arm wearing terminal and a command center in real time by a central monitoring platform, generating a fire spreading trend chart based on the field data, obtaining fire spreading indexes in all directions of a fire based on the fire spreading trend chart, sending fire extinguishing priority to the command center, and analyzing a fire area danger index based on fire spreading conditions and field environment data. According to the invention, the fire spreading index and the regional danger index are obtained for the forest fire scene in regions, so that the optimal allocation of fire scene extinguishing resources is realized, the safety and the flexibility of extinguishing teams are improved, and the problem that the fire extinguishing efficiency is lower because the communication efficiency is improved only through the ad hoc network in the prior art and the firefighters cannot be reasonably and dynamically adjusted and allocated according to the burning condition of the forest fire scene is solved.",,Y02A40/28,YIYUAN EMERGENCY RESCUE COMMAND SUPPORT SERVICE CENTER,20250103,2025,CN,1,False,True,True
95873248,CN-120111618-A,Temperature control type network optimization method and system for wireless ad hoc network,,"The invention discloses a temperature control network optimizing method and system of wireless ad hoc network, which comprises installing a temperature acquisition module and a heat dissipation device at wireless ad hoc network node, sampling node related information according to preset period, generating adjacent node detection message at the node, broadcasting detection message to the adjacent node, transmitting detection reply message to the node by the adjacent node, and sequentially writing related information of the node and the adjacent node into a temporary data queue, calculating link quality average values of the node and the adjacent node to generate a node link quality priority list, controlling the heat dissipation device according to the difference value of the link quality average values and the threshold value, generating a control message according to the link connection relation, and updating the link and the network topology according to the control message. The method and the system effectively control the working temperature and the energy consumption of the node equipment, avoid the equipment performance reduction caused by long-term high-load work, and solve the problem of network delay caused by the reduction.",,H04W40/248;H04W40/246;H04W84/18;H04W4/38;H04W40/12;Y02D30/70,XIAN DATANG TELECOM CO LTD,20250214,2025,CN,1,False,False,True
96003971,CN-120166574-A,Cluster unmanned aerial vehicle multi-terminal remote control conflict detection method,,"The invention provides a cluster unmanned aerial vehicle multi-terminal remote control conflict detection method, which comprises the following steps: the method comprises the steps that a Mesh networking is established by a cluster unmanned aerial vehicle measurement and control terminal, and the terminal is added into a default Mesh networking when started. And then, when the terminal acquires the remote control rights of the cluster unmanned aerial vehicle, the terminal sends the serial number of the cluster unmanned aerial vehicle for acquiring the remote control rights to the Mesh networking. Secondly, after receiving the serial numbers of the clustered unmanned aerial vehicles, other terminals in the Mesh networking are compared with the permission of the unmanned aerial vehicle controlled by the terminals. And finally, popping up a prompt box when the remote control permission conflict of the cluster unmanned aerial vehicle exists, and carrying out remote control permission substitution coverage on the low-priority cluster unmanned aerial vehicle measurement and control terminal by the remote control permission of the high-priority cluster unmanned aerial vehicle measurement and control terminal under the default condition, otherwise, not carrying out operation. According to the invention, when the unmanned aerial vehicle cluster performs flight task control, the authority operation of the measurement and control terminals of all the clustered unmanned aerial vehicles can be autonomously monitored and treated, and the problem of conflict of remote control authorities of the clustered unmanned aerial vehicles is effectively solved.",,H04W4/40;H04W84/18;H04W72/566;Y02D30/70,NO 60 INST OF CHINA RONGTONG GROUP CORPORATION,20250227,2025,CN,1,False,False,True
96018017,KR-20250078251-A,In-vehicle wireless network system and interworking method between in-vehicle device nodes,차랑내 무선 네트워크 시스템과 차량내 디바이스 간 무선 네트워크 연동 방법 방법,"A wireless network system within a vehicle according to one embodiment of the present invention is a wireless network system within a vehicle comprising a plurality of device nodes including a source node and a target node, wherein the source node compares a first message ID that it intends to transmit to the target node with a second message ID that the target node is currently processing, and if the first message ID has a higher priority than the second message ID, the source node transmits a first data packet containing the first message ID and the content of the first message to the target node, and if the first message ID has a lower priority than the second message ID, the source node withholds the transmission of the first data packet to the target node. According to an embodiment of the present invention, even if the connection between two device nodes is severed, a connection can be established through another device in the wireless mesh network, thereby providing a more reliable wireless network environment within the vehicle.","본 발명의 하나의 실시예에 따른 차랑내 무선 네트워크 시스템은 소스 노드와 타겟 노드를 포함하는 복수의 디바이스 노드들이 속하는 차랑내 무선 네트워크 시스템으로서, 상기 소스 노드가 상기 타겟 노드에 전송하고자 하는 제1 메시지 ID와 상기 타겟 노드가 현재 처리하고 있는 제2 메시지 ID를 비교하고, 상기 제1 메시지 ID가 상기 제2 메시지 ID보다 우선 순위가 높은 경우, 상기 소스 노드가 상기 1 메시지 ID와 제1 메시지 내용을 포함한 제1 데이터 패킷을 상기 타겟 노드에 전송하고, 상기 제1 메시지 ID가 상기 제2 메시지 ID보다 우선 순위가 낮은 경우, 상기 소스 노드가 상기 제1 데이터 패킷의 상기 타겟 노드에의 전송을 보류한다.  
본 발명의 실시예에 따르면 두 디바이스 노드 사이에 연결이 끝기는 경우에도, 무선 메쉬 네트워크에 있는 다른 디바이스를 통해 연결이 가능하므로 보다 신뢰성 있는 차량내 무선 네트워크 환경을 제공할 수 있다.",H04W88/04;H04W84/18;H04W72/569;H04W4/38;H04W12/04;H04W12/03;B60R16/023;H04W4/40,TUNEIT INC,20231124,2023,KR,1,False,False,True
96025704,CN-120186496-A,Wireless intercom and intelligent home integrated system oriented to intelligent community and control method thereof,,"The invention discloses a wireless intercom and intelligent home integrated system facing an intelligent community and a control method thereof, an ad hoc network wireless local area network is constructed through an ESP-WIFI-MESH protocol, and comprises an outdoor host, a wireless repeater and an indoor extension. The system adopts mesh topology to realize multi-hop redundant transmission, automatically selects an optimal path, ensures communication reliability, and supports dynamic priority scheduling of alarm, voice, video and intelligent home control data, wherein alarm signals are highest in priority. The indoor extension is integrated with a multi-protocol gateway, is compatible with Wi-Fi/Bluetooth/ZigBee equipment, and realizes intelligent home wireless access of water and electricity meters and the like. The district integrated management platform monitors the state of equipment in a centralized way and supports remote management, abnormal detection and emergency linkage. The system has the advantages of low cost, easy expansion, short construction period and the like, effectively solves the problems of complex wiring, signal shielding and the like in the transformation of old communities, and improves the intelligentization of community security.",,G07C9/37;G08B19/00;H04W88/04;H04W84/18;H04Q5/24,ZHONGSHAN AOMIN DIGITAL TECH CO LTD,20250408,2025,CN,1,False,False,True
96032553,CN-120186497-A,Ad hoc network wireless intercom system and method facing old community transformation,,"The invention discloses an ad hoc network wireless intercom system and method facing old community transformation, wherein the system is composed of an outdoor wireless digital host, a wireless repeater and a wireless indoor extension, an ad hoc multi-hop wireless local area network is built based on an ESP-WIFI-MESH protocol, redundant communication is realized by adopting a MESH topological structure, and the problems of high wiring cost and poor wireless signal coverage in the prior art are solved. The talkback method marks the alarm instruction as the highest level through a priority transmission mechanism, the preemption channel ensures zero delay of emergency signals, and the voice and video data are scheduled in a grading way, so that the real-time performance and the bandwidth are balanced. The wireless repeater dynamically allocates IP addresses, supports extension plug and play, and realizes cross-building communication and remote management by combining with a local area network of a cell.",,G07C9/37;G08B13/196;H04W88/04;H04W84/18;H04Q5/24,ZHONGSHAN AOMIN DIGITAL TECH CO LTD,20250408,2025,CN,1,False,False,True
96062897,CN-120201408-A,Wireless ad hoc network upgrading method,,"The invention discloses a wireless ad hoc network upgrading method which comprises the steps of demand analysis and preparation, upgrade package preparation, local wireless equipment selection, upgrade package uploading and classification, version inquiry and comparison, upgrade sequence planning, upgrade task pre-allocation, verification and preparation before upgrade, upgrade task slicing and parallel processing, dynamic upgrade progress adjustment and retry mechanism, equipment grouping and priority management, safety verification and encrypted transmission. According to the invention, an upgrade target is definitely analyzed through careful demand, an upgrade package is prepared to fully improve the integrity, high-performance equipment is selected to be stable, orderly upgrade and balance promotion are performed according to network topology, task segmentation is accelerated in parallel, retry and dynamic adjustment are reliable, encryption is verified safely, and the upgrade efficiency and the overall safety of the wireless ad hoc network are effectively improved.",,H04W84/18;H04W12/009;H04W12/106;H04W12/03;H04W28/0925;H04W24/04;H04W24/02;H04W8/245;H04W8/22,BEIJING HEFENG TECH CO LTD,20250416,2025,CN,1,False,False,True
96066704,CN-120201401-B,Centerless ad hoc network emergency communication command method and system,,"The invention relates to a centerless ad hoc network emergency communication command method and system, wherein the method comprises the steps of distributing communication frequency, channel resources, power control parameters and routing strategies for all nodes in a network; the method comprises the steps of generating an initial connection relation table among nodes and an initial topological structure of a network according to communication frequency and channel resources, distributing route paths leading to other nodes for each node and recording, collecting real-time communication load data of links on the route paths, calculating link communication congestion degree, updating the node connection relation and the route paths according to the congestion degree, generating an emergency communication task model, determining task priority and distributing tasks to nodes meeting the conditions, synchronously updating the communication frequency, the channel resources and the route paths of the nodes, starting the nodes in an ad hoc network to execute the emergency communication tasks, and improving network performance and task scheduling reliability.",,Y02D30/70;H04W84/18;H04W40/10;H04W40/08;H04W4/90,,20241224,2024,CN,2,True,True,True
96163107,CN-120238995-B,Self-organizing network communication system of no signal area,,"The invention discloses a signal-free area ad hoc network communication system, which particularly relates to the technical field of wireless communication and is used for solving the problem that the connectivity critical state caused by node density or mobility change in a low-density network is not fully considered in the existing dynamic routing protocol, pre-judging the network connectivity critical state by acquiring node position coordinates and communication radius in real time and combining average node spacing and moving direction dispersion, screening high-priority detection nodes based on obstacle avoidance cooperative angle variance and virtual pheromone concentration in the critical state, adaptively adjusting the sending frequency of detection messages according to the moving speed of the nodes, constructing a path stability assessment model by fusing the survival time of the links, node residual energy and signal strength fluctuation rate, dynamically screening high-stability paths as main transmission links and the rest as standby links, and rapidly switching to a path with optimal comprehensive stability in the standby links under abnormal states by monitoring the fluctuation characteristics of the main link signals in real time.",,Y02D30/70;H04W84/18;H04W40/38;H04W40/36;H04W40/248;H04W40/12;H04W40/04,,20250408,2025,CN,2,True,False,True
96216470,CN-122642063-A,"Data store and forward operation, apparatus and computer readable medium",,"A wireless communication method includes a first communication node transmitting a first message to a second communication node, the first message including at least one of a store and forward indication, data to be forwarded, or a forward priority, and the first communication node receiving a second message from the second communication node in response to the first message. Another wireless communication method includes a first communication node receiving data to be forwarded from a second communication node, the data to be forwarded from a third communication node, and transmitting at least one of a delivery indication or a delivery time.",,H04W28/02,,20240124,2024,CN,1,False,False,True
96361559,CN-120343659-A,Satellite broadband Ad hoc network converged communication method and system,,"The invention discloses a satellite broadband ad hoc network fusion communication method and a system, which belong to the technical field of wireless communication networks, and comprise the steps of obtaining signal quality parameters of satellite communication links and distribution density parameters of ad hoc network nodes, performing feature extraction to generate a network state feature vector, generating a dynamic switching decision instruction by combining a preset spectrum interference threshold value and satellite coverage parameters to perform dynamic switching operation of the satellite links and the ad hoc network links to generate a switching result parameter, performing routing weight distribution on satellite transmission paths and ad hoc network relay nodes to generate fusion routing paths, and performing priority split charging and encryption compression on heterogeneous data streams to generate self-adaptive transmission data packets. The invention adopts the network state feature vector extraction, dynamic switching decision instruction generation and fusion route path distribution technology, can realize the efficient coordination of satellite and ad hoc network resources under complex electromagnetic environment and dynamic topology scene, and remarkably improves the communication reliability and the frequency spectrum utilization rate.",,H04W84/18;H04W84/06;H04W72/535;H04W28/06;H04W72/56;H04W72/541;H04W72/0453;H04W40/36;H04W40/12;H04W40/20;H04W40/10;H04W40/22;Y02D30/70,JIANGSU ANRUIXUN INFORMATION TECH CO LTD,20250427,2025,CN,1,False,False,True
96445120,CN-120378922-B,Communication ad hoc network method and system applied to capital construction no-signal field,,"The invention discloses a communication ad hoc network method and a system applied to a signal-free field of a foundation, belonging to the technical field of communication, wherein the method comprises the steps of determining the spatial distribution of node equipment to obtain each initial planning path; creating a four-dimensional spectrum map, dynamically adjusting a modulation mode, determining the quality of each initial planning path, building a service priority, judging whether energy supply is needed, building a communication-energy consumption optimization algorithm to obtain a network optimization scheme, building a node equipment trust degree model, determining an optimal transmission path, building a node fault prediction model, predicting node equipment faults and triggering maintenance instructions. The invention can quickly build a stable communication network, reduce cost, improve communication reliability and safety, optimize energy consumption management, prolong the service life of the node equipment battery, ensure the continuity of key business, adapt to dynamic construction environment and realize intelligent automatic communication management.",,H04W84/18;H04W40/20;H04W40/12;H04W40/10;H04W24/04;H04W24/02;Y02D30/70,,20250627,2025,CN,2,True,False,True
96609151,CN-120456169-A,Heterogeneous mobile ad hoc network distributed network clustering method and system,,"The invention relates to a heterogeneous mobile ad hoc network distributed network clustering method and system, which comprise the steps of responding to the starting of an enhancement node or a common node, controlling the enhancement node or the common node to broadcast attribute information thereof and receiving attribute information of a neighbor node to acquire delay distance data and priority data, determining a priority core node based on the delay distance data and the priority data of the enhancement node or the common node, establishing a cluster attribution relation of the enhancement node or the common node and density association information exchange among the priority core nodes, constructing an initial cluster structure in a distributed mode, screening the enhancement node from the priority core node as a cluster head candidate, selecting a cluster head from the cluster head candidate, and controlling the enhancement node or the common node to join in a cluster and allocate a network address through the cluster head based on a clustering mechanism of the enhancement node and the common node. The invention improves the interconnection efficiency between the intra-cluster autonomy and the inter-cluster, and ensures the orderly, efficient and stable structure of the cluster control in the dynamic environment.",,,JIANGSU ZHIWANG TECH CO LTD,20250606,2025,CN,1,False,False,True
96634932,CN-120475519-A,WIFI mesh channel dynamic allocation method and device,,"The disclosure provides a WIFI Mesh channel dynamic allocation method and device, which are used for intelligently adjusting RU size and position allocation by monitoring network flow, equipment density and channel interference in real time, improving channel resource utilization rate, adopting a four-dimensional candidate channel scoring model and a decision engine to perform channel allocation and interference prediction, realizing millisecond-level RU dynamic scheduling, meeting low-delay service requirements of AR/VR, 4K video and the like, determining global channel state by signaling interaction and collaborative decision among Mesh nodes, avoiding conflict and performance bottleneck caused by local optimization, supporting RU flexible division mechanism of Wi-Fi 6/6E/7, adapting different frequency bands and bandwidth configuration, and ensuring high-efficiency access of heterogeneous equipment. In a word, the scheme solves the problems of stationarity, inefficiency and interference existing in RU allocation in the existing WiFi Mesh network, and achieves intelligent channel resource management with high reliability and low delay through dynamic priority layering, service type adaptation and interference avoidance technology.",,,HARBIN CIRCE SCIENCE AND TECH CO LTD,20250704,2025,CN,1,False,False,True
96678930,CN-120499879-A,Wireless ad hoc network communication system based on high dynamic routing protocol,,"The invention discloses a wireless ad hoc network communication system based on a high dynamic routing protocol, which relates to the field of wireless communication and comprises a data encapsulation module, a path generation module, a data acquisition module, a data processing module, a path selection module and an abnormality detection module; the data encapsulation module encapsulates information by binary codes and TCP protocol, the path generation module generates a transmission path by AODVjr protocol, the data acquisition module acquires node operation and path data, the data processing module calculates an electric quantity indicated value, a signal indicated value, a memory indicated value and a priority value of the node, the path selection module obtains a path comprehensive index according to the path data and the node priority value, a screening path is obtained according to the path comprehensive index, the abnormality detection module monitors data frame transmission and carries out corresponding processing, the data transmission path can be optimized, the accuracy and the stability of the data transmission are ensured, and the transmission efficiency of the wireless ad hoc network is improved.",,Y02D30/70,GUIZHOU INST TECH,20250617,2025,CN,2,True,False,True
96678947,CN-120499230-A,Instruction set online circulation method,,"The application provides an instruction set online circulation method. By acquiring real-time disaster data and generating a standardized instruction set through a preset instruction process, the core defect of poor adaptability of the traditional system is overcome. Further, based on the hierarchical communication protocol and the dynamic priority scheduling algorithm, accurate transmission of instructions in the multi-level node architecture is achieved, and continuity is maintained through node ad hoc network particularly when communication is interrupted. And the execution link performs identity authentication and role matching dual verification through a permission white list mechanism, and acquires running state data in real time by combining the structured identification to form an execution effect evaluation closed loop. The method realizes the full-flow optimization from intelligent generation, robust transmission to safe execution and dynamic tracking of the emergency instruction, radically eliminates information island and response delay, and remarkably improves the flexibility and reliability of disaster response.",,,GUANGZHOU JINGKAI TECH CO LTD,20250702,2025,CN,1,False,True,True
96782280,CN-120547687-A,Ad hoc network time slot allocation method based on deep learning,,"The invention provides an ad hoc network time slot allocation method based on deep learning, which comprises the steps of constructing a topological structure of a communication system, dividing the communication system into a plurality of clusters, carrying out inter-cluster frequency spectrum division on the clusters, carrying out intra-cluster time slot division on the clusters, wherein the time slot division adopts a time slot allocation algorithm, the time slot allocation algorithm predicts a channel according to channel state information and adjusts according to priority and code rate requirements of communication tasks so as to calculate a time slot allocation vector adapting to the channel state, and carrying out route construction based on the topological structure, the inter-cluster frequency spectrum division and the intra-cluster time slot division, thereby completing the networking of the communication system. And predicting the channel according to the channel state information through a time slot allocation algorithm, and comprehensively adjusting according to the priority of the communication task and the code rate requirement to calculate an optimal time slot allocation vector which can adapt to the channel state, thereby achieving the purpose of improving the channel utilization rate and the flexibility.",,H04B17/3913;H04W72/0453;H04W72/569;H04W84/18;H04W40/32;H04W72/0446,SILU FANTIAN GANSU COMMUNICATION TECH CO LTD,20250624,2025,CN,1,False,False,True
96820436,CN-120568293-A,Dynamic topology ad hoc network method based on environment perception and self-adaptive optimization,,"The invention discloses a dynamic topology self-networking method based on environment perception and self-adaptive optimization, which relates to the field of wireless sensor networks, and the invention is characterized in that parameters (such as temperature, obstacle distribution and node energy consumption) of nodes are collected in real time, constructing a multidimensional quantization parameter matrix comprising an obstacle coverage matrix, an energy consumption distribution matrix and a signal attenuation coefficient matrix, and generating a node weight value by adopting a self-adaptive weight calculation mechanism to integrate and calculate path loss, communication delay and node energy consumption so as to dynamically adjust the priority of a communication link. Compared with the prior art, the method and the system remarkably improve the self-healing capacity and instantaneity of the network in the complex environment, reduce the overall computing overhead, improve the instantaneity and expansibility of the system, realize the dynamic optimization of node layout and communication paths, and balance the load and stability of the network.",,H04W28/08;H04W28/0917;H04W28/0975;H04W84/18;H04W4/38;Y02D30/70,HUANENG TIBET YARLUNG ZANGBO RIVER HYDROPOWER DEVELOPMENT AND INVEST CO LTD;SIMUTECH INC,20250507,2025,CN,1,False,False,True
96932300,CN-120614631-A,Unmanned aerial vehicle Ad hoc network cluster control system based on intelligent street lamp and satellite communication,,"The invention relates to the technical field of unmanned aerial vehicle ad hoc network cluster control scheme design based on intelligent street lamp and satellite communication, in particular to an unmanned aerial vehicle ad hoc network cluster control system based on intelligent street lamp and satellite communication. The intelligent street lamp comprises an intelligent street lamp subsystem, a satellite communication subsystem, an unmanned aerial vehicle cluster node and a dynamic cooperative control platform. The method comprises the steps of (1) enabling a multimode communication gateway to realize seamless conversion between a satellite protocol and a ground Internet of things protocol, (2) enabling a street lamp sensor to generate a dynamic risk map to guide a cluster to avoid an obstacle, (3) enabling a rapid clustering algorithm based on geometric topology to support signal interruption emergency networking, (4) enabling task priority to drive time slot allocation to improve communication efficiency, and (5) enabling a satellite-street lamp-relay unmanned aerial vehicle multistage redundancy guarantee system to be continuously controllable. The scheme remarkably enhances the communication reliability, environmental adaptability and coordination capability of the cluster in a complex urban area.",,H04W84/18;H04W84/08;H04W84/06;H04W40/36;H04W40/248;H04W40/246;H04W40/20;H04W40/04;H04W24/04,QINGDAO SEIVING NEW ENERGY RESOURCES CO LTD,20250701,2025,CN,2,True,False,True
96956109,CN-120640370-A,Dynamic topology ad hoc network multipath forwarding method and system,,"The invention relates to the technical field of wireless communication, and particularly discloses a dynamic topology ad hoc network multipath forwarding method and system. The method comprises the steps of obtaining node state and link connection information, generating a connection diagram and a state perception diagram, extracting link elements based on a diagram structure, constructing a link cost function model, generating a scoring diagram, screening candidate paths through the scoring diagram, calculating a path set structure, setting multipath forwarding priority according to the path set and the service type, completing channel scheduling and resource allocation, executing multipath concurrent data forwarding, detecting conflicts, updating forwarding records, and finally adjusting link cost function parameters based on conflict information to achieve model self-adaptive updating. The invention obviously improves the routing scheduling precision and the multipath forwarding efficiency of the ad hoc network in a dynamic environment by introducing the path priority scoring model and the optimal scheduling mechanism, and has stronger topological adaptability and resource allocation optimizing capability.",,H04B17/391;H04W84/18;H04L45/122;H04L45/02;H04L45/24;H04W40/248;H04W40/02,GUANGDONG LULUTONG CO LTD,20250613,2025,CN,1,False,False,True
97047100,CN-120673631-A,Unmanned aerial vehicle anti-collision method and system based on LoRa communication,,"The invention discloses an unmanned aerial vehicle anti-collision method and system based on LoRa communication, and belongs to the technical field of multi-unmanned aerial vehicle risk avoidance; the method comprises the steps of constructing an ad hoc network communication architecture, realizing flight state broadcasting and synchronization, adopting a space-time alignment algorithm to fuse multi-source data, constructing a dynamic airspace situation map taking a local machine as a center, calculating the time window and space overlapping probability of an expected intersection point, calculating a multi-priority dynamic negotiation protocol, supporting autonomous decision of an unmanned aerial vehicle cluster in a scene without a center node, and dynamically adjusting a flight path, speed and height through a collaborative obstacle avoidance algorithm. The invention realizes over-the-horizon communication coverage of more than 10km level through a spread spectrum modulation technology and a self-adaptive power control mechanism, realizes millisecond recognition and grading response of collision threat through fusing a kinematic prediction model and a risk quantization algorithm, achieves a global optimal avoidance strategy, effectively avoids communication delay and calculation bottleneck caused by centralized decision, and ensures real-time collaborative obstacle avoidance capability under a complex airspace.",,G05D2109/20;G06F17/10;G05D1/695;G05D1/46;H04B7/005;H04B1/69;H04W84/18;G08G5/80;Y02D30/70,UNIV NANJING POSTS & TELECOMMUNICATIONS,20250624,2025,CN,1,False,False,True
97073050,CN-120692557-A,Ground satellite signal distributed cooperative processing method and system,,"The invention provides a distributed cooperative processing method and a system for ground satellite signals, which relate to the technical field of communication, wherein the method comprises the steps of extracting a user MAC address hash value, an emergency priority code and a frequency spectrum occupation matrix from a synchronous network to generate a triplet feature vector; the three-tuple feature vector is transmitted through a double-layer Mesh network, two reference target points with fixed geographic coordinates on the ground of a disaster area are selected, three-dimensional coordinates of the two reference target points are obtained, a space reference straight line is constructed, the vertical projection distance from each node to the space reference straight line is calculated according to real-time position data of each node, a node offset parameter is generated, a refraction correction coefficient of a signal propagation path is dynamically generated based on a comparison result of the node offset parameter and a preset threshold value, and when the offset exceeds the threshold value, a piecewise linear interpolation method is adopted to increase correction weight. The invention can realize high-reliability low-delay emergency communication coverage.",,H04W84/18;H04W84/06;H04W72/0457;H04W72/0453;H04W72/0446;H04W72/56;H04W56/001;H04W16/28;H04W16/22;H04W16/18;Y02D30/70,BEIJING SIGONG HUIZHI TECH CO LTD,20250612,2025,CN,2,True,True,True
97187423,CN-120751516-A,Cluster wireless ad hoc network method for intelligent port operation equipment,,"The invention provides a cluster wireless ad hoc network method of port intelligent operation equipment, and belongs to the technical field of wireless communication. The method comprises the steps of initializing a port communication system layering architecture, achieving port intelligent operation equipment neighbor discovery, recording neighbor equipment access information packets and channel quality index information, performing cluster head node election through a maximum score priority rule to form a local cluster structure composed of cluster head nodes and terminal equipment, introducing a cluster wireless ad hoc network completion judging mechanism after the intelligent operation equipment cluster head nodes are elected, and finally performing multipath construction, standby path caching and main and standby path seamless switching mechanisms. The invention supports dynamic election of cluster head nodes, supports multipath cache, can realize seamless communication switching, and solves the problems of slow remote control response speed and high failure rate of intelligent operation equipment of ports.",,H04L45/46;H04L45/247;H04L45/24;H04W40/02;H04W40/12;H04W40/32;H04W40/246;H04W84/18;Y02D30/70,UNIV DALIAN TECH,20250821,2025,CN,2,True,False,True
97376471,KR-20250147307-A,A Smart Distributed Emergency Alert Broadcasting System,스마트 분산형 비상 안내방송 시스템,,"본 발명은 화재 등 비상 상황에서 메인 방송설비에 장애가 발생하거나 중앙 시스템과의 통신이 단절된 경우에도, 각 층에 설치된 비상 인터페이스 장치가 독립적으로 대피 안내 방송을 수행할 수 있도록 구성된 스마트 분산형 비상 안내방송 시스템에 관한 것이다. 
이 시스템은 중앙의 메인 방송설비와 함께, 각 층별로 비상 인터페이스 장치를 구비하여 이원화된 방송 송출 구조를 형성하며, 메인 방송설비의 신호 수신 여부를 자가진단하고, 자체 저장된 음원을 기반으로 방송을 수행할 수 있도록 한다. 각 비상 인터페이스 장치는 방송 신호 감지부, 화재 감지 포트, 음원 저장부, 음량 조절기, 오디오 DSP, 무정전 전원장치, MCU 등으로 구성되어 있으며, 정전 및 통신 두절 상황에서도 안정적으로 작동한다. 
또한 본 발명은 중앙 관제 서버가 화재 수신기, 소화전 발신기, 카메라, 잔류인원 감지수단 등으로부터 수집한 데이터를 기반으로 층별 위험도를 실시간 예측하고, 건축 구조 정보와 연계된 대피 경로를 분석하여 맞춤형 피난 안내 정보를 생성한다. 이 정보는 TTS 또는 MP3 음원, 디스플레이 시각정보 등으로 변환되어 메인 방송설비를 통해 송출되거나 각 비상 인터페이스 장치에 사전 저장된다. 
특히, 각 층의 비상 인터페이스 장치는 간이 판단 로직 또는 경량화된 AI 알고리즘을 내장하여, 감지기 데이터를 분석하고 인체 잔류 여부를 자율적으로 판단함으로써, 방송 내용과 방식 자체를 실시간으로 조정하는 고도화된 반응형 방송을 구현할 수 있다. 
결과적으로 본 발명은 중앙 제어와 층별 자율 대응을 병행하는 이중 안전 구조를 통해, 재난 상황에서도 중단 없는 방송과 정밀한 대피 유도를 실현함으로써, 인명 피해를 최소화하고 재난 대응의 실효성을 극대화할 수 있는 스마트 비상 방송 시스템을 제공한다.",G10L13/08;A62C35/20;H04H20/44;H04H20/59;G08B17/00;G08B29/12;G08B27/008;G06Q50/26,MICRONIC SYSTEM CO LTD;KIM HWAN BAE,20240926,2025,KR,2,True,True,True
97590905,CN-120935538-B,In-field transfer robot communication method and device based on mesh communication,,"The application discloses a method and a device for communication of in-field transfer robots based on mesh communication, wherein the method comprises the steps of constructing a mesh network, controlling each transfer robot to broadcast respectively, determining distances among nodes in the mesh network, constructing a dynamic neighbor list, decomposing a transfer task into a plurality of task instructions, issuing the task instructions to the corresponding transfer robots through the mesh network, determining transmission priority according to data types of data to be transmitted in the transfer process, calling a corresponding multi-hop routing algorithm, selecting an optimal data transmission path according to position information, electric quantity information, load states and the dynamic neighbor list of each transfer robot, and transmitting the data to be transmitted among the transfer robots through the optimal data transmission path. The application can effectively improve the communication stability and fault tolerance of the in-situ transfer robot and ensure the operation efficiency and reliability of the robot cluster.",,Y02D30/70;H04W72/569;H04W4/02;H04W40/10;H04W40/02;H04W40/20;H04W40/24;H04W84/12;H04W4/06;H04W4/70,,20251009,2025,CN,2,True,False,True
97725708,CN-121013051-A,Shipborne digital wireless ad hoc network method and system,,"The invention relates to the technical field of wireless networking, in particular to a shipborne digital wireless ad hoc network method and a system, which comprise the following steps: and acquiring ship communication equipment information, constructing a hierarchical mark matrix, generating a node role identification set, monitoring response time delay, judging a connection relationship, establishing a communication topology, optimizing spectrum allocation according to an interference ratio and an overlapping coefficient, completing channel matching and path completion, executing AES (advanced encryption standard) encryption packaging data frames, decrypting according to a key index by a receiving end, and verifying a time delay record effective data frame. The invention improves the accuracy of connection priority and hierarchical mapping among nodes by combining the node equipment information and the hierarchical mark established by the communication role, improves the stability of a communication path and the utilization rate of the channel by double detection of the interference ratio and the frequency spectrum overlapping coefficient of the channel, ensures the integrity of a network by complementing the breakpoint of the path in the node link matching process, and improves the security level of data encryption transmission by combining the key index and the channel number embedded into a security header field.",,Y02D30/70;H04W84/18;H04W72/542;H04W12/03;H04W12/009;H04W4/06,FUJIAN FEITONG COMMUNICATION TECH CO LTD,20251027,2025,CN,2,True,False,True
97777835,CN-121037936-A,Electric power air-ground ad hoc network dynamic anti-destruction routing method and system based on ant colony optimization,,"The application discloses an ant colony optimization-based dynamic anti-destruction routing method and system for an electric air-ground ad hoc network, which are characterized by comprising initializing an OLSR parameter and an ant colony algorithm parameter, determining a transmission period dynamic interval updating strategy of HELLO information and TC information, dividing an electric communication service into conventional data, telemetry data and relay protection service, dynamically adjusting service priority weights and real-time factors according to network loads, normalizing the service priority weights to obtain service comprehensive weights, calculating path selection probability by combining pheromone concentration, heuristic information and heuristic factors, outputting a path selection result, carrying out local pheromone updating by ants in the path selection process, carrying out global pheromone updating by the ants after all ants are completed, leading an algorithm to converge to a global optimal solution, obtaining optimal communication paths among nodes, and generating a dynamic anti-destruction routing table. The application can improve the reliability and the resource utilization efficiency of the dynamic anti-destruction routing protocol in the power air-ground ad hoc network.",,Y02D30/70;H04W84/18;H04W72/569;H04W40/34;H04W40/12,GUANGDONG POWER GRID CO;ELECTRIC POWER RES INST GUANGDONG POWER GRID CORP,20250912,2025,CN,1,False,False,True
97844853,CN-121078387-A,Efficient wireless forwarding method and system for unmanned ship cluster rapid ad hoc network,,"The invention relates to the technical field of unmanned ship communication, in particular to a high-efficiency wireless forwarding method and a system for an unmanned ship cluster fast ad hoc network, which are used for monitoring the wireless channel state in real time and dynamically selecting an optimal channel through a self-adaptive channel selection technology; the method comprises the steps of adopting a topology maintenance mechanism based on a distributed algorithm and combining a rapid networking protocol with regular and event triggering to realize rapid networking and topology updating of an unmanned ship cluster, adopting a multipath parallel transmission technology to divide data into a plurality of sub-data streams for parallel transmission and combining and restoring at a receiving end, designing a node scheduling algorithm based on task priority and resource allocation for a large-scale unmanned ship cluster, establishing a node state monitoring mechanism, and adopting a power control algorithm, an optimized protocol frame structure and a dormancy mechanism to reduce communication energy consumption. The invention improves the communication stability, increases the communication bandwidth, enhances the large-scale node management capability, avoids communication conflict and congestion, reduces the energy consumption and prolongs the unmanned ship duration.",,Y02D30/70,UNIV SHANGHAI JIAOTONG,20250827,2025,CN,1,False,False,True
97893483,CN-121099293-A,Multi-network integrated emergency communication rapid ad hoc network method and system,,"The invention discloses a rapid self-networking method and system for emergency communication integrating multiple networks, and relates to the technical field of tobacco processing equipment, wherein the method encodes multiple source states and information into a token sequence through a windowed token step, and obtains context representation through calculation of a weighting coefficient matrix based on content and structure through a self-adaptive context aggregation step; the aggregation weight is injected with the difference correlation indication quantity based on the reversible bloom lookup table sketch priority analysis set difference through the difference guiding aggregation and synchronous coupling step, cross-layer control vectors including cross-link scheduling scores, coding redundancy, layering confirmation threshold values, forward error correction sheet distribution plans and the like are decoded through the cross-layer parameter synchronous decoding and issuing step, accurate difference restoration, stable performance guarantee and efficient multi-network coordination can be achieved, and convergence speed and reliability of the emergency communication ad hoc network are remarkably improved.",,Y02D30/70,YUNNAN YANBEN INFORMATION SECURITY TECH CO LTD,20250825,2025,CN,1,False,True,True
98030383,CN-121174302-B,"Ad hoc network method, device and equipment for electrical equipment and readable storage medium",,"The application relates to the technical field of electrical equipment, and discloses an ad hoc network method, a device, equipment and a readable storage medium of the electrical equipment, wherein the ad hoc network method of the electrical equipment acquires identification information and running state parameters of target electrical equipment and generates random parameters based on the identification information; the method comprises the steps of calculating the priority of target electrical equipment according to running state parameters, generating competition information by combining random parameters, scheduling communication resources according to the competition information and network scale information, sending competition messages in scheduled sending time slots, determining master-slave roles of the target electrical equipment based on interaction results of the competition messages, and completing self-networking operation through allocation and confirmation of communication addresses. The method of the application can avoid conflict caused by the fact that the devices simultaneously send the competition message at the same time, ensure the ordering and the robustness of the network establishment process, and realize the high efficiency of address allocation and the stability of the networking process on the premise of no additional hardware cost.",,,,20250928,2025,CN,2,True,False,True
98035794,CN-121174242-A,Q learning-based multi-unmanned aerial vehicle cooperative relay selection and path optimization system and implementation method,,"The invention discloses a multi-unmanned aerial vehicle cooperative relay selection and path optimization system and an implementation method based on Q learning, and belongs to the technical field of wireless communication; the method comprises the steps of storing, carrying and forwarding data packets by using an unmanned aerial vehicle as a relay node according to dynamic network environments such as an unmanned aerial vehicle ad hoc network, respectively managing path planning and relay selection by introducing a plurality of Q tables, designing a reward function by combining dynamic indexes such as channel state, transmission consumption, data packet emergency degree and the like, iteratively optimizing and deciding by a Q learning algorithm, adopting multi-resolution path planning under a polar coordinate system, improving the movement efficiency of the unmanned aerial vehicle, supporting a data packet parallel-serial mixed transmission mode, and dynamically adjusting transmission priority according to the emergency degree. The invention obviously improves the reliability and efficiency of network communication in a complex environment, reduces the moving distance of an unmanned plane path, reduces the urgency of a multi-data packet sending conflict condition, and reduces the packet loss rate in a low signal-to-noise ratio environment.",,,UNIV NANJING POSTS & TELECOMMUNICATIONS,20250924,2025,CN,1,False,False,True
98103100,CN-121218134-A,Vehicle ad hoc network post-disaster emergency data transmission method based on unmanned aerial vehicle assistance,,"The application relates to a vehicle ad hoc network post-disaster emergency data transmission method based on unmanned aerial vehicle assistance, which comprises the steps of obtaining running information of nodes in an unmanned aerial vehicle-vehicle ad hoc network and state information of emergency data to be transmitted, calculating a reference track path according to preset network topology information and a data transmission destination, screening neighbor nodes meeting preset conditions based on the moving track path of the neighbor nodes of the nodes, constructing a candidate relay node set of a ground vehicle and an air unmanned aerial vehicle ad hoc network, calculating evaluation parameters of the candidate relay node set, evaluating data transmission capacity, determining a target relay node based on data priority and the data transmission capacity, and transmitting post-disaster emergency data. Therefore, the problems that in the related technology, the network connection is assumed to be continuous or semi-continuous, the high intermittence of the network after the disaster and the rapid change of the topological structure are difficult to deal with, relay selection depends on geographic information and moving direction, the transmission capability of the node is lack of multidimensional parameter evaluation and the like are solved.",,Y02D30/70,UNIV WUHAN,20250918,2025,CN,1,False,True,True
98180545,CN-121262657-A,Time division multiplexing communication method and device of wireless Mesh network,,"The invention discloses a time division multiplexing communication method and device of a wireless Mesh network, and relates to the field of network communication. The method comprises the steps of synchronizing clocks of all nodes of the whole Mesh network, dividing time slots based on a preset period to obtain a plurality of fixed time slots, generating random numbers according to unique IDs and synchronous time stamps of all the nodes, judging signal receiving and transmitting states of all the nodes in each fixed time slot based on a preset state judging algorithm according to the random numbers, setting Y fixed time slots as common competition time slots in each continuous X fixed time slots, wherein the common competition time slots are common competition channels of all the nodes to complete data receiving and transmitting, and determining transmission priority in the common competition time slots according to delay time of data packets in a transmission queue of all the nodes, wherein X is larger than Y. The invention solves the technical problems of communication blocking caused by large communication delay, frequent retransmission and multiple conflicts due to suddenly increased number of nodes or suddenly increased forwarding data volume in the Mesh network in the prior art.",,Y02D30/70,ZHUHAI HUGE IC CO LTD,20251021,2025,CN,1,False,False,True
98296955,CN-121310165-A,Emergency communication method and system based on unmanned aerial vehicle ad hoc network,,"The invention discloses an emergency communication method and system based on unmanned aerial vehicle ad hoc network, which belong to the technical field of emergency communication, wherein the method comprises the steps of decomposing an emergency communication task into sub-tasks when an instruction for starting the emergency communication is received; the method comprises the steps of activating subtasks, performing bidding by each body of an unmanned aerial vehicle cluster based on the self state to autonomously and cooperatively execute the subtasks, dynamically setting bidding qualification and adaptively adjusting the weight of the unmanned aerial vehicle for executing the subtask to complete efficiency according to the priority of each subtask and the resource state of the unmanned aerial vehicle cluster in the bidding process, so that each unmanned aerial vehicle body obtains the self bidding price, continuously receiving and executing the activated subtasks, continuously monitoring in the task executing process, and autonomously deciding to return to a base or participate in subsequent bidding after the unmanned aerial vehicle body completes the tasks. The invention can guide the optimal allocation of tasks, has high autonomy, reduces the dependence on people, and is particularly suitable for emergency communication with poor communication conditions.",,H04W84/18;H04W84/06;H04W40/12;H04W40/10;H04W4/90;H04W24/04;H04W24/02;Y02D30/70,CHINA TELECOM DIGITAL INTELLIGENCE TECHNOLOGY CO LTD,20250911,2025,CN,1,False,True,True
98461060,CN-121397509-A,Emergency repair audio communication system based on TurMass and public network integration,,"The emergency repair audio communication system based on TurMass and public network integration can automatically construct a private network through the external TurMass wireless communication module when the public network is interrupted, ensure that communication is not interrupted in an extreme environment, support full duplex and low-delay voice communication by utilizing TurMass technical advantages, and overcome the defect of the traditional LPWAN. And through the unique ID, point-to-point accurate calling in the ad hoc network is realized, broadcasting confusion and interference of irrelevant communication are avoided, and the cooperation efficiency is effectively improved. When the calling party equipment judges that the public network is interrupted, the first TurMass wireless communication module is automatically started to carry out private network communication, so that the perceivless smooth transition of &#39;public network priority and private network backup&#39; is realized. The external modularized design is adopted, the external modularized design is quickly connected with the existing calling party equipment through a universal interface, the upgrading cost is obviously reduced, and the external modularized design is lighter.",,Y02D30/70,GUANGZHOU JINGKAI TECH CO LTD,20251029,2025,CN,1,False,False,True
98664771,CN-121509956-A,Multilink cooperative real-time data transmission method based on ad hoc network,,"The application relates to a multi-link collaborative real-time data transmission method based on an ad hoc network. The method comprises the steps of preprocessing data to be transmitted and packaging a custom protocol by constructing a multilink, processing data conflict by an escape mechanism, realizing priority scheduling based on data types, dynamically adjusting transmission rate by combining link states, and guaranteeing data integrity by buffer memory and CRC check. The application is suitable for a network-free infrastructure scene, solves the problems of packet loss and unstable speed of multi-link transmission, realizes real-time transmission of high-priority instructions, is suitable for a scene of interaction between multi-person voice calls and equipment such as emergency rescue, field operation and the like, and has the advantages of high stability, wide compatibility and high-efficiency scheduling.",,H04W28/0231;H04L47/2433;H04L47/34;H04L1/004;H04W28/22;H04W28/065;H04L45/24;H04W84/18;H04W4/80;Y02D30/70,HUNAN ZHILING COMMUNICATION TECH CO LTD,20251117,2025,CN,1,False,True,True
98675268,CN-121510190-A,Event information transmission-oriented vehicle ad hoc network local exploration routing method,,"The invention belongs to the technical field of self-organizing networks of Internet of vehicles, and in particular relates to a local exploration routing method of a vehicle self-organizing network facing event information transmission, which comprises the steps of firstly, periodically exchanging state information by vehicles and monitoring events, carrying out priority identification on the event information based on security level, positioning the nearest vehicle as an information source vehicle and creating an initial routing table; and then, combining Manhattan distance, link service life, transmission period and distance limit calculation heuristic cost and actual movement cost among vehicles to construct a route cost function, dynamically selecting a relay node through a local exploration strategy, updating an initial route table into a relay route table, and finally updating the heuristic cost by taking a time slot as a unit to realize predictive maintenance optimization of an optimal route table. Simulation shows that the routing overhead of the method is reduced by 30.77% compared with that of the traditional Mozo method under the high-density scene, and the running time of the long-distance transmission route is reduced by 24.55%.",,H04W72/569;H04W84/18;H04W4/40;H04W40/22;H04W40/02;Y02D30/70,UNIV XIAN TECHNOLOGICAL,20251119,2025,CN,1,False,False,True
98731338,US-2026149998-A1,Wireless communication apparatus and method for mission critical transmission and delay-tolerant transmission,,"This management apparatus comprises: an acquisition unit that acquires an execution request for requesting execution of one of a plurality of QoS controls; and a quality control unit that, when resources for executing a QoS control of a start candidate indicated by the execution request are not insufficient, executes the QoS control of the start candidate, and that, when some or all resources are insufficient due to ongoing execution of one or more QoS controls other than the QoS control of the start candidate among the plurality of QoS controls, determines whether to execute the QoS control of the start candidate, on the basis of the execution priority order of the QoS control of the start candidate and the execution priority order of the currently executed QoS controls.",,H04W36/0009;H04W28/0268;H04W36/304;H04W28/0992;H04W24/04;H04W24/02,MOXA INC,20241122,2024,US,1,False,False,True
98745892,CN-121547246-A,Ad hoc network dynamic authorization method and system based on improved FP-Growth optimized RBAC,,"The invention discloses an ad hoc network dynamic authorization method and system based on improved FP-Growth optimized RBAC, the method comprises the steps of determining key attributes of ad hoc network equipment, constructing an access control RBAC model based on roles according to different roles of the ad hoc network equipment in a border environment, defining roles and corresponding authorities thereof, collecting key attributes of the equipment and data of the corresponding roles, adopting a FP-Growth algorithm with the minimum support degree to mine strong association rules between the key attributes of the equipment and the roles, screening the strong association rules for role dynamic allocation, solving role allocation conflicts based on priority matching rules, constructing authority levels according to equipment trust evaluation values, refining authorities corresponding to the roles, and realizing fine-grained authorization of the ad hoc network equipment.",,H04W84/18;H04W12/60;H04L9/40;H04L63/105;H04L63/101;Y02D30/70,UNIV JIANGSU SCIENCE & TECH,20251121,2025,CN,1,False,False,True
98753235,CN-121547805-A,Power grid monitoring-oriented power self-adaptive congestion control method,,"The invention is suitable for the technical field of power distribution network monitoring, and provides a power self-adaptive congestion control method for power grid monitoring, which comprises the steps of obtaining network performance indexes and power grid operation parameters of a power grid monitoring data transmission network, and determining the congestion state of a current network through a preset congestion evaluation model; the method comprises the steps of taking a 5G ad hoc network node connection strength coefficient, a new energy monitoring data priority label, a Western electric east-send channel tide fluctuation coefficient and an area vulnerability index as decision variables, taking minimized weighted transmission delay, packet loss rate and maximized new energy consumption responsiveness as objective functions, generating a control strategy corresponding to the current network congestion state according to a hybrid intelligent optimization model integrating reinforcement learning and genetic algorithm, executing the control strategy to dynamically adjust network resources, monitoring the executing effect of the control strategy, and feeding back the result to the model to update parameters, so that the requirements of multi-objective optimization and different service quality under a complex power grid monitoring scene are met.",,H04W84/18;H02J2107/20;H04W28/0231;H04W28/0284;H04W28/0289;H02J13/12;H02J13/13,GUANGXI POWER GRID CO LTD,20250930,2025,CN,1,False,False,True
98800579,CN-121568067-B,Emergency rescue vehicle ad hoc network communication and co-location method for network disconnection environment,,"The invention provides an emergency rescue vehicle ad hoc network communication and co-location method for a network disconnection environment, which relates to the technical field of communication location, and comprises the steps of searching and verifying that a communication location node forms an ad hoc network by using a rescue vehicle, and transmitting multi-source data; and correcting the fusion positioning result, optimizing transmission priority and forwarding frequency according to task types and node distribution, and synchronizing positioning information. According to the invention, key elements are accurately identified through multi-source data, a space-time registration strategy is adaptively adjusted, fusion weights are dynamically allocated, positioning information transmission parameters are optimized by combining terrain correction positioning results, data deviation is eliminated, algorithm limitations are made up, high-precision positioning results are ensured to be efficiently and stably transmitted, high-precision positioning is finally realized in a network breaking scene, and positioning requirements of emergency rescue are met.",,H04W4/40;H04W4/90;H04W64/003;H04W84/18;Y02D30/70,,20251126,2025,CN,2,True,True,True
98834133,CN-121585544-A,Dynamic management method for fire-fighting robot network interface based on dual-mode configuration,,"The invention belongs to the technical field of fire-fighting robots, and particularly relates to a dynamic management method of a fire-fighting robot network interface based on dual-mode configuration, which comprises the steps of full-level monitoring of network states, namely, analyzing through a communication module hardware interface, a network protocol stack statistical function and a video stream; the intelligent link switching decision comprises a strategy of combining threshold triggering switching and load balancing switching, switching execution and fault tolerance processing, namely seamless link switching realized by a pre-connection mechanism and data cache concurrent, communication resource dynamic scheduling, namely bandwidth resource allocation according to data service priority, and network interface security assurance, namely data encryption, role-based access control and security audit monitoring. The invention can automatically select the optimal communication link under the complex environment, avoid communication failure caused by single network interruption, obviously improve the communication reliability of the fire-fighting robot, adapt to the communication requirements of different rescue scenes and can be according to the priority of different services and the real-time network state.",,G06N3/0442;G06F18/214;H04L9/40;H04L63/0428;H04L67/12;H04L47/6275;H04L47/522;H04L41/0803,NANJING FIRE PROTECTION ELECTRONIC TECH CO LTD,20251206,2025,CN,1,False,True,False
98839006,CN-121583084-A,Vehicle formation communication and emergency management system and method,,"The application provides a vehicle formation communication and emergency management system and method, and belongs to the technical field of intelligent transportation and Internet of vehicles. The application aims to solve the problems that the prior art cannot achieve both high-bandwidth data transmission and low-delay instruction response and is lack of an autonomous emergency safety mechanism when communication is interrupted. The system and the method comprise the steps that a master vehicle-mounted unit and a slave vehicle-mounted unit jointly construct a vehicle-mounted self-organizing Wi-Fi Mesh network, a first data stream for remote monitoring and a second data stream for vehicle control are transmitted concurrently based on a preset priority, the priority of the second data stream is higher than that of the first data stream, the slave vehicle-mounted unit monitors the state of a communication link between the master vehicle-mounted unit and the slave vehicle-mounted unit, and when the state of the communication link is lower than a preset threshold value, preset safety operation including safety braking is triggered autonomously. The application can give consideration to high bandwidth and low delay, and provide autonomous fault protection, thereby greatly improving the real-time performance and safety of remote connection pipe.",,G08B21/24;G08B21/182;H04W84/18;H04W84/12;H04W28/24;H04W28/0236;H04W28/0268;H04W4/44;H04W4/90;H04W4/40;G08G1/202;G08G1/22,SHANGHAI INTELLIGENT UNITED NETWORK AUTOMOBILE TECH CENTER CO LTD,20251029,2025,CN,1,False,True,True
98863982,US-2026271026-A1,Sidelink transmission of wireless messages using store-and-forward operations,,"Techniques are described for forwarding emergency alert messages between user equipments (UEs) using store-and-forward operations. In some aspects, at a first time, a UE may receive and store an emergency alert message that indicates an alerting event. The UE may transmit, to a second UE via a sidelink interface and at a second time that occurs after the first time, an indication of the emergency alert message and a store-and-forward operation. The UE may transmit, via the sidelink interface and at a third time that occurs at or after the second time, the emergency alert message to the second UE. The transmission may occur via unicast or broadcast and may be conditional, such as based on the UE being out of network coverage or being within a certain geographic area. The second UE may similarly transmit the emergency alert message to additional UEs. Numerous other aspects are described.",,H04W72/25;H04W4/90;H04W76/14;H04W76/50,QUALCOMM INCORPORATED,20250306,2025,US,1,False,True,True
98962425,CN-121640730-A,Road traffic vehicle dynamic command system based on multi-agent cooperative control,,"The invention discloses a road traffic vehicle dynamic command system based on multi-agent cooperative control, which relates to the field of intelligent traffic systems and comprises a vehicle dynamic ad hoc network layer, a road side region cooperative layer and a cloud global planning layer, wherein the vehicle dynamic ad hoc network layer is used for carrying out inter-vehicle state sharing, formation control and emergency obstacle avoidance, uploading collected vehicle state data to the road side region cooperative layer, the road side region cooperative layer is used for carrying out aggregation processing on the vehicle state data to generate signal lamp dynamic adjustment and vehicle behavior instructions, uploading regional traffic state data to the cloud global planning layer, and the cloud global planning layer is used for carrying out macroscopic traffic flow optimization, cross-region coordination and global priority arbitration, generating cross-region optimization instructions and sending the cross-region optimization instructions to the road side region cooperative layer and the vehicle dynamic ad hoc network layer. The system improves road traffic efficiency, safety and hybrid traffic flow coordination capacity through multi-agent three-level coordination control and dynamic priority arbitration.",,H04L67/12;H04W84/18;H04W4/46;G08G1/22;G08G1/0125;G08G1/0145;G08G1/0129;G08G1/0112;G08G1/087;G08G1/07;G08G1/08,UNIV LANZHOU TECH,20251120,2025,CN,1,False,False,True
99027771,CN-121692346-A,Networking method for side service of multi-path connection system of ad hoc network,,"The invention discloses a networking method for multi-path connection system side service of an ad hoc network, which comprises the steps that an access device is connected with an external network, a network link between the access device and the system is established through a tunnel mode, a route information packet is generated in a link state and broadcasted, a priority value of a route is calculated and recorded in a route table after a business device receives the route information packet, meanwhile, the route with the largest priority value is selected as the external link of a local network route, a confirmation message is sent to the access device of the route, the access device receives route update information of the business device, meanwhile, the system side route device is informed of the system side route device through the external link, the route update instruction is received by the system side route device, the route information of a target business device address is updated, the connection reliability is checked periodically and the optimal route is switched automatically after the connection is successful, the invention rapidly converges to confirm the optimal route and establishes the periodic check based on a priority value algorithm, and networking efficiency and stability are remarkably improved.",,Y02D30/70,NANJING PANDA ELECTRONICS CO;NANJING PANDA COMM TECH CO LTD,20251125,2025,CN,1,False,False,True
99116592,CN-121728528-A,Wireless networking communication method and system for battery monitoring,,"The invention relates to a wireless networking communication method and system for battery monitoring, and belongs to the technical field of battery monitoring and wireless communication. The method comprises the steps of initializing a battery monitoring wireless communication node, selecting a wireless signal access point mode, combining a wireless group network state configuration network identifier and encryption parameters, distributing dynamic connection signals, selecting a node with highest signal strength as a father node, establishing a wireless mesh network, updating local network topology information after connection is successful, monitoring signal difference before and after connection according to a communication feedback loop, maintaining a connection state when the signal difference is within a safe range, terminating weak signal connection through a signal priority selection method when the signal difference exceeds safe communication strength, combining an onion routing mechanism to package a monitoring data packet, unpacking and forwarding data layer by layer on each intermediate node, and transmitting battery monitoring data of child nodes to a battery monitoring management cloud.",,Y02D30/70,Shanghai shineng electrical equipment co ltd,20251223,2025,CN,1,False,False,True
99314896,US-2026100913-A1,System and method for integrated wired-wireless time-sensitive networking,,"The present disclosure describes a Time Sensitive Networking (TSN) network integrating wired and wireless TSN agents to ensure deterministic communication for mission-critical Internet of Things (IoT) applications. The TSN network includes the TSN agents, each configured to manage packet transmission and adjust priority classes based on flow schedules and Quality of Service (QoS) feedback report. TSN agents dynamically adapt to network conditions using feedback mechanisms, such as Buffer Status Report Polling, and Bandwidth Query Reporting. The TSN controller employs a reinforcement learning model, which is continually retrained/fine-tuned using the QoS feedback report, to generate optimized flow schedules, enhancing latency, reliability, and efficient use of resources.",,H04L47/2458;H04W28/0236;H04W28/0278;H04L47/28;H04L41/16,AMRITA VISHWA VIDYAPEETHAM,20241004,2025,US,1,False,False,True
99440206,US-12602972-B1,Decoy package alarm for theft deterrence,,"A decoy package that outwardly resembles a delivered parcel includes one or more internal motion sensors, a controller, and an audible alarm. When armed, the controller classifies sensed motion using multi-sensor fusion to distinguish incidental disturbances from removal attempts and, in response, actuates the audible alarm to emit a high-volume alert (90-105 dBA) after a short delay (0.5-3 seconds) to obscure the source. Embodiments include adaptive thresholds via machine learning, strobes, voice warnings, anti-tamper detection, GPS geofenced safe zones, remote arming via app, customizable exteriors, weight simulation, and mesh networking of multiple decoys for coordinated alarms. Methods for deterring theft using such devices, including community deployment and home security integration, are disclosed. This invention applies a honeypot tactic from cybersecurity to physical package theft, leveraging psychology for cost-effective deterrence.",,G08B15/001;G08B13/1463;G08B3/10;G08B13/1436;G08B25/10;G08B13/14,PICCLICK INC,20250509,2025,US,1,True,False,True
99550515,WO-2026096389-A1,Digital license plate and system with expedited acquisition and display of alert notifications,,"A digital license plate includes a display, a cellular modem, a chipset coupled to the cellular modem, and a processor coupled to the cellular modem and the display. The display displays notices based on notification commands. The cellular modem communicates with a server through a communications network to receive notification commands from the server. The chipset communicates with a user device through a mesh network, and in response to receipt of an alert notice from the user device through the mesh network, causes the cellular modem to establish a communication session with the server through the communications network during which the cellular modem receives an alert notification command associated with the alert notice. Establishment of the communication session occurs within an expediated communication time window. The processor processes the alert notification command received through the cellular modem, and causes the display to display a notice.",,B60R13/10;G09F9/30;H04W4/90;H04W4/80;G09F19/22;H04W4/44,LOVING KIPP A,20241028,2025,US;WO,2,False,False,True
99764565,US-2026134497-A1,System and Method for Detecting Threats,,"Disclosed implementations provide a system of sensing modules that can operate in conjunction with a Software as a Service (SaaS) backend to detect and alert of various threats. The sensing modules can be installed at fixed locations or can be mobile. All sensing and detection processing can be accomplished by the sensing module or by several sensing modules cooperating on a mesh network or other network communication architecture. Privacy is preserved because all raw sensor data collected for analysis is processed locally at the sensing module(s) and deleted immediately following the completion of analysis. Accordingly, raw sensor data is inaccessible outside of the sensing module(s) which can be secured through hardware and software security techniques. An app can include an alert button and the ability to live stream video images. The sensors can include AI agents and the system can include a drone dispatch module.",,G08B25/016;G06Q50/265,GUNSENS INC,20231013,2025,US,1,False,False,True
