publication_number,application_number,country_code,kind_code,family_id,filing_date,priority_date,publication_date,grant_date,title_en,title_ko,abstract_en,abstract_ko,claims_en,cpc_codes,ipc_codes,assignees,assignee_countries,hit_context,hit_cpc
CN-120444074-A,CN-202510745771-A,CN,A,96609012,20250605,20250605,20250808,0,Device and method for rapidly rescuing and guaranteeing safety of coal mine,,"The invention discloses a device and a method for guaranteeing quick rescue safety of a coal mine, and relates to the technical field of coal mine rescue, wherein the device comprises a protection cylinder body, and a rescue safety channel is formed in the inner space of the protection cylinder body; the protection cylinder is internally provided with a rock drilling mechanism and a first conveying mechanism for conveying the broken stone which is drilled out to the outside of the safety channel, the protection cylinder comprises a plurality of cylinder split bodies, the lengths of the cylinder split bodies are the same as those of the protection cylinder, the cylinder split bodies are circumferentially spliced around the axis of the protection cylinder to form the protection cylinder, and the protection cylinder is internally provided with a second conveying mechanism for conveying the cylinder split bodies to the inside of the safety channel. According to the invention, the rescue safety channel is constructed by adopting the protection cylinder body formed by the split surrounding and splicing of the plurality of cylinder bodies, the protection cylinder body is firm and reliable, secondary collapse is not caused, the trapped personnel can be saved in a short time, the safety of the rescue personnel is ensured, the protection cylinder body can be repeatedly utilized, and the rescue cost is greatly saved.",,,,E21F11/00,UNIV CHINA MINING,,True,False
KR-20200018935-A,KR-20180094366-A,KR,A,69525565,20180813,20180813,20200221,0,Random number generation method and random number generator using inorganic scintillator,무기섬광체를 이용한 난수생성방법 및 난수생성장치,The present invention relates to a random number generation method and a random number generation apparatus using a ZnS scintillator. The random number generation apparatus comprises: a radioactive isotope emitting layer emitting an alpha particle or a beta particle upon natural collapse of an atomic nucleus; a polymer layer disposed on a bottom of the radioactive isotope emitting layer; an inorganic scintillator layer disposed between the radioactive isotope emitting layer and the polymer layer and coated with an inorganic scintillator; and a wafer layer disposed on a bottom of the polymer layer and including a photodiode for detecting light generated from the inorganic scintillator layer.,"본 발명은 ZnS 섬광체를 이용한 난수생성방법 및 난수생성장치에 대한 것으로, 원자핵의 자연붕괴시 알파입자 또는 베타입자를 방출하는 방사성 동위 원소 방출층과, 상기 방사성 동위 원소 방출층의 하단에 배치되는 폴리머층과, 상기 방사성 동위원소방출층과 상기 폴리머층 사이에 배치되며 무기섬광물질이 도포되는 무기섬광체층과, 상기 폴리머층 하단에 배치되고 상기 무기섬광체층으로부터 발생하는 빛을 검출하는 포토다이오드를 포함하는 웨이퍼층을 포함하는 것을 특징으로 한다.",,G06F7/588;C09K11/584,G06F7/58,EYL INC,KR,True,False
KR-20210065366-A,KR-20190154006-A,KR,A,76391576,20191127,20191127,20210604,0,Sticker for firefighter entry and strike point,소방관 진입창 및 타격점 스티커,"According to an embodiment of the present application, a sticker for firefighter entry may enable smooth rescue activities even in a power outage which may occur due to a fire or a building collapse. The sticker includes: a first printed layer; a second printed layer located on the first printed layer; a removable adhesive layer positioned on the second printed layer; and a release paper layer positioned on the adhesive layer.",본 출원의 일 실시형태에 따른 소방관 진입창 스티커는 화재나 건축물 붕괴로 발생할 수 있는 정전 상황에서도 원활한 구조 활동이 가능할 수 있다.,,G09F2003/0255;G09F3/10;G09F2003/023,G09F3/10;G09F3/02,KIM HAN YOUL,KR,True,False
JP-2016027509-A,JP-2015226267-A,JP,A,47217341,20151119,20110526,20160218,0,Rescue terminal and rescue management device,,"PROBLEM TO BE SOLVED: To provide a rescue terminal capable of increasing the possibility of rescue even if it becomes difficult for a rescuer to escape when a building collapses due to disaster, and a rescue management device which manages rescue information.SOLUTION: A rescue terminal comprises: rescue signal receiving means for receiving a rescue signal containing individual information issued by a rescue signal transmitter; transmitting means for transmitting the rescue signal to a rescue management device; receiving means for receiving the detailed data corresponding to the individual information transmitted from the rescue management device; and display means for displaying the received detailed data on a screen. A rescue management device comprises: storage means for storing the detailed information corresponding to individual information of a rescue signal transmitter in advance; receiving means for receiving the rescue signal containing the individual information transmitted from the rescue terminal; detailed information reading means for making inquiries about and reading the detailed information corresponding to the individual information stored in advance in the storage means from the individual information transmitted from the rescue terminal; and transmitting means for transmitting the detailed information to the rescue terminal.SELECTED DRAWING: Figure 1",,,G08B25/009;G08B25/016;G08B25/08;G08B25/10,G08B21/02;G08B25/04,KAWABE KARL KAZUSHIGE,,True,False
KR-20250024619-A,KR-20230104878-A,KR,A,94822923,20230810,20230810,20250219,0,High-rise building monitoring system with emergency evacuation guidance function,비상 대피 유도 기능을 갖는 고층 건물 잔불 감시 시스템,"The present invention relates to a system for monitoring a residual fire of a high-rise building having an emergency evacuation guidance function. To this end, the system for monitoring a residual fire of a high-rise building having an emergency evacuation guidance function comprises: a movement detection stand having a thermal imaging camera simply installed on each fire floor of a building to monitor the residual fire after primary fire extinguishing; a dedicated terminal for receiving information detected by the movement detection stand installed on each fire floor through short-range communication and long-range communication and outputting the information; and a relay server for receiving and collecting information on the residual fire by each movement detection stand through long-range communication, monitoring the information, and relaying the information to the dedicated terminal. The dedicated terminal has an evacuation module for predicting the risk of collapse of a building at a residual fire suppression site by itself and generating a risk alarm to a firefighter to induce emergency evacuation.","본 발명은 비상 대피 유도 기능을 갖는 고층 건물 잔불 감시 시스템에 관한 것으로, 이를 위해 1차 소화 후 잔불을 감시하기 위해 건물의 각 화재층에 간이 설치되는 열화상카메라를 갖는 이동감지대;와, 상기 각 화재층에 설치된 이동감지대에 의해 감지된 정보를 근거리통신 및 원거리통신으로 연결받아 출력되는 전용단말기; 및 상기 각 이동감지대에 의해 잔불에 관한 정보를 원거리통신을 통해 제공받아 취합한 후, 이를 모니터링하고 더불어 전용단말기로 중계하는 중계서버;를 포함하여 이루어지되, 상기 전용단말기는 자체적으로 잔불 진압 현장의 건물의 붕괴 위험을 예측하고 소방대원에게 위험 경보를 발생시켜 비상 대피를 유도하는 대피모듈를 갖는 것을 특징으로 한다.",,F21Y2115/10;F16M11/32;G01H17/00;G01P15/00;A44B6/00;H04R1/00;G01S19/17;G01C5/00;F21V33/0064;H04W4/90;H04W4/33;H04W4/80;G01J5/60;G08B7/066;G08B21/182;G08B6/00;G08B21/02;G08B25/14;G08B31/00;G08B17/125,H04W4/90;H04W4/80;H04W4/33;G08B31/00;G08B25/14;G08B21/18;G08B21/02;G08B7/06;G08B6/00;G01J5/60;G08B17/12,HB TECH,KR,True,False
CN-109876327-B,CN-201910225531-A,CN,B,66933897,20190325,20190325,20200807,20200807,Rescue device for providing support for post-disaster buried people,,"The invention relates to a rescue device for supporting a person who is buried and pressed after a disaster, which mainly comprises a device body rod, a universal shaft, a rotating shaft, a telescopic bracket, a composite material film, a motor and a remote control device. Each section of the device is provided with two supports which can rotate left and right, the supports are telescopic, a single support is arch-shaped when being extended, a rib-shaped metal exoskeleton protection system is formed after a plurality of sections of the supports are extended simultaneously, each section of the device is connected through a universal shaft to deal with a complex rescue environment, and finally, a composite material film in a main body rod extends and expands from the rod to wrap the supports to form a complete protection system, so that secondary collapse in the subsequent rescue process is prevented, and the life safety of a buried person is guaranteed. The invention has the advantages that: the life safety of the buried person is guaranteed, and the use of large-scale rescue equipment is facilitated.",,,,A62B99/00,,,True,True
CN-224553904-U,CN-202521701951-U,CN,U,100607041,20250812,20250812,20260724,20260724,Building collapse rescue training module,,"A building collapse rescue training module comprises a horizontally placed bottom plate 4, a vertical left side plate 2 and a vertical right side plate 11 are arranged at the left end and the right end of the bottom plate 4 through screws and L-shaped fixing pieces 3, a vertical middle side plate 9 is arranged in the middle of the bottom plate 4 through screws and L-shaped fixing pieces 3, two longer adjusting sliding grooves 8 are vertically arranged on the left end face of the middle side plate 9, a left inclined plate 1 is arranged on the two adjusting sliding grooves 8 through butterfly nuts 7 and hinged connecting pieces 6, two shorter adjusting sliding grooves 8 are vertically arranged on the left end face of the middle side plate 9, and a right inclined plate 10 is arranged on the two adjusting sliding grooves 8 through the butterfly nuts 7 and hinged connecting pieces 6. The utility model has small volume and is movable, can be widely used in the basic-level firefighting rescue station, and meets the daily training requirements of basic-level firefighters. The utility model can be repeatedly built and used, 4 building collapse scenes in partial collapse or complete collapse modes can be molded, and the training modes are more abundant.",,,,G09B9/00;G09B25/04,,,True,False
CN-118313437-A,CN-202410482353-A,CN,A,91720631,20240422,20240422,20240709,0,Multi-agent reinforcement learning method for underground rescue task,,"The invention discloses a multi-agent reinforcement learning method aiming at an underground rescue problem, which mainly solves the problem of low efficiency in the underground rescue task in the prior art. The implementation scheme is as follows: modeling the underground rescue task as a partially observable markov process; respectively generating an action space, an observation space and a state space of the environment of the rescue robot according to the environmental characteristics and the actions of the robot; the reward functions of the two subtasks approaching and rescuing are integrated according to the characteristic design of the task; generating an optimal rescue strategy by using a hybrid Q network algorithm according to the actions, observations, rewards obtained and the environment state of the robot; and controlling the robot to execute the underground rescue task by utilizing the optimal rescue strategy. The invention can enable the robot to execute rescue tasks in a more real and challenging environment, has better generalization capability, effectively improves the efficiency of underground rescue tasks, and can be used for treating earthquake, mine and building collapse accidents.",,,G06N5/04;G06N3/006;G06N3/045;G06N3/0442;G06N3/042;G06N3/084;G06N3/092;B25J9/1679;B25J9/163,G06N5/04;G06N3/084;G06N3/045;G06N3/0442;G06N3/042;G06N3/006;B25J9/16;G06N3/092,UNIV XIDIAN,,True,False
KR-100849712-B1,KR-20070050144-A,KR,B1,39881017,20070523,20070523,20080801,20080801,A safety air tube car for relife,인명구조용 안전매트차량,A rescue vehicle having a safety air tube is provided to solve a problem of safety caused by a weak supporting force and a narrow supporting area of a frame tube mounted on the safety air mate. A rescue vehicle having a safety air tube comprises an air mate(11). The air mate injects air and discharges the injected air through an outlet. A loading surface(2-1) prepared on the vehicle is provided at the top end thereof with a plurality of telescopic opening/closing apparatus(20) capable of telescoping and developing while being spaced apart from each other by a certain interval. Each edge of base of the air mate is fixed to the top end of the telescopic opening/closing apparatus. The air mate is developed and telescoped by telescoping and developing operation of the telescopic opening/closing apparatus.,"본 발명은, 차량에 형성된 적재면의 각 모서리에는 신축개폐장치를 각각 설치하여 길이를 신축시키면서 절첩 및 전개시킬 수 있도록 하고, 각 신축개폐장치의 상단에는 에어를 충진 및 배출시킬 수 있도록 된 에어매트의 모서리를 각각 고정시켜, 각 신축개폐장치의 정역 작동에 의해 에어가 충진되는 에어매트를 전개시키거나 에어가 제거되는 에어매트를 절첩하여 수납 보관할 수 있도록 된 인명구조용 안전매트차량에 관한 것으로서, 에어매트를 차량에 탑재하여 줌으로써 현장의 위치에 구애받지 않고 용이하게 이동할 수 있고, 현장에서는 절첩된 에어매트를 즉시 전개(설치)시키고 사용 후에는 즉시 원상태로 절첩시킬 수 있으며, 낙하면적인 에어매트의 면적을 넓게 유지시켜 안전도를 강화시킬 수 있으며, 신축개폐장치를 신축시켜 전개된 에어매트를 지지하여 줌으로서 에어매트를 견실하게 지지하여 낙하하는 사람을 안전하게 낙하할 수 있도록 할 뿐만 아니라 에어매트의 변형을 방지하여 추락과 같은 안전사고를 예방할 수 있으며, 종대 또는 횡대를 유지시키면서 연접하도록 연속적으로 용이하게 설치하여 낙하면적을 넓게 유지시키고 낙하안전을 현저히 강화시킬 수 있다. 
     
     인명구조안전매트장치. 에어매트. 그물망. 신축붐대.",,B60Y2200/145;B60R21/34;B60P3/00;A62B1/00;A47C27/08;B60P1/16,A62C27/00;B60P3/00,YANG KON I,KR,True,True
KR-101686041-B1,KR-20140063800-A,KR,B1,54872355,20140527,20140527,20161213,20161213,waterfront Structure Integrating management system based on GIS(Geographical Information System),자연재해에 따른 수변구조물의 피해정보를 실시간으로 예측／관리 가능한 gis 기반의 수변구조물 통합관리시스템,,"자연재해에 따른 수변구조물의 피해정보를 실시간으로 예측/관리 가능한 GIS 기반의 수변구조물 통합관리시스템은 자연재해로 인한 수변구조물의 거동을 계측하는 수변구조물 계측모듈(100); 무선 인터페이스를 통해 상기 수변구조물 계측모듈(100)에서 계측된 상기 수변구조물의 거동정보를 실시간으로 수집한 후, 상기 수변구조물의 종류, 지리적 위치, 자연재해의 종류에 따라 분류하여 로깅하는 데이터 로깅서버(200); 상기 데이터 로깅서버(200)에서 분류된 로깅정보들에 기반하여, 상기 자연재해로 인하여 상기 수변구조물에서 발생 가능한 범람, 유실, 파손, 붕괴, 침수, 침투, 세굴, 균열, 철근노출, 휨, 이격, 변형, 파이핑 중 적어도 하나 이상이 포함된 수변구조물의 예상피해정보를 단계별로 예측 및 모니터링하는 모니터링 서버(300); 및 상기 모니터링 서버(300)에서 예측된 단계별 예상피해정보가 상기 수변구조물에 따라 설정된 기준예상피해정보를 초과할 경우, 상기 수변구조물의 유지보수 관리자, 상기 수변구조물이 설치된 지역의 지역주민의 휴대단말 및 소방재청의 관리서버로 재난경고메시지를 제공하는 수변구조물 관리서버(400);를 포함한다.",,Y02A50/00;G08C17/02;G08B21/10;G06Q50/265,G08C17/02;G08B21/10;G06Q50/26,,,True,False
KR-102108286-B1,KR-20170182569-A,KR,B1,67256697,20171228,20171228,20200514,20200514,Jack robot for disaster and control method of the same,재난용 잭 로봇 및 그것의 제어 방법,,"본 발명에 따른 재난용 잭 로봇은, 주행 가능하게 이루어진 로봇 바디와; 상기 로봇 바디에 구비되어 로봇 주변을 실시간으로 촬영하는 카메라와; 상기 로봇 바디에 구비되어 로봇에 대한 제어 신호를 입출력하는 제어부와; 상기 로봇 바디에 구비되어 외부에 위치되는 로봇 제어장치와 상기 카메라 및 제어부와 신호를 주고받도록 하여 원격 제어가 가능하도록 하는 통신부와; 상기 로봇 바디에 구비되어 상기 제어부의 신호에 따라 작동되면서 물체를 들어 올리는 잭 기구와; 상기 잭 기구를 상기 로봇 바디 내의 보관 위치에서 상기 로봇 바디 바깥쪽의 사용 위치로 이동시키는 잭 밀당기구를 포함하여 구성됨으로써 건물 붕괴 사고 현장 등에 사람이 들어가지 못하는 장소에 투입되어 무너진 잔해물을 들어 올려 진입로를 확보함과 동시에 장착된 카메라로 상황을 실시간으로 모니터링 할 수 있다.",,B25J19/026;B25J9/0009;B25J9/102;B25J9/123;B25J19/023;B25J11/00,B25J19/02;B25J9/00;B25J11/00;B25J9/10;B25J9/12,,,True,False
CN-121168776-A,CN-202511154489-A,CN,A,98036779,20250818,20250818,20251219,0,Intelligent escape evacuation indication system of hydropower station and control method thereof,,"The invention relates to the technical field of escape evacuation, in particular to an intelligent escape evacuation indicating system of a hydropower station and a control method thereof, comprising the steps of collecting three-dimensional space data and real-time operation parameters of the hydropower station, and establishing a digital twin model of the hydropower station environment; the method comprises the steps of carrying out risk assessment on a digital twin model to obtain a risk assessment matrix, optimizing an evacuation strategy of an action set according to a Q-learning algorithm to obtain an evacuation path planning table, embedding emergency constraint conditions into the evacuation path planning table, verifying path feasibility according to a Monte Carlo tree search algorithm, carrying out path reconstruction on a region with equipment blockage or structural damage, calculating the shortest safety distance of an alternative path according to the Dijkstra algorithm to obtain an optimized evacuation scheme, and carrying out noise suppression on a prediction result to obtain an evacuation instruction set. According to the invention, the Monte Carlo tree search and Dijkstra algorithm are used for rescheduling the alternative path, so that personnel can find the safest evacuation route, and the strain capacity of the system under complex and sudden conditions is improved.",,,G06F2111/04;G06N7/01;G06N5/01;G06N3/092;G06N3/084;G06N3/0442;G06T17/205;G06F30/10;G06F30/27;G06Q50/265;G06Q10/103;G06Q10/067;G06Q10/0635;G06Q10/047,G06T17/20;G06Q50/26;G06Q10/10;G06Q10/067;G06Q10/0635;G06N7/01;G06N5/01;G06N3/092;G06N3/084;G06N3/0442;G06F111/04;G06F30/27;G06F30/10;G06Q10/047,POWERCHINA KUNMING ENG CORP LTD,,True,False
KR-20180070011-A,KR-20160172193-A,KR,A,62788645,20161216,20161216,20180626,0,Pantographic table lift for fire fighting,소방용 판토그래픽 테이블리프트,"The present invention relates to a pantographic table lift for fire fighting, allowing two pantographics to form one leg in parallel so as to adjust the height of a table in accordance with the height of a ceiling of a scene of an accident. More specifically, the present invention relates to a table lift acting as a supporter for a heavy load for fight fighting to prevent falling objects and secure a space in a scene of a fire with the potential for collapse of buildings and perform fire fighting rapidly. Moreover, the table lift comprises: an upper plate unit for supporting the load of a structure; a pair of leg units comprising two pantographics for supporting a lower portion of the upper plate unit; and a height adjusting unit for adjusting the height of the pair of leg units.","본 발명은 두 개의 판토그래픽이 병렬로 하나의 다리를 구성하여 사고현장의 천장 높이에 따라 테이블의 높낮이를 조절할 수 있도록 한 소방용 판토그래픽 테이블리프트에 관한 것으로서, 더욱 상세하게는 화재 등의 건물 붕괴 우려가 있는 사고현장에서 낙하물 방지 및 공산 확보를 용이하게 하고 신속하게 소방작업을 진행할 수 있도록 하기 위한 소방용 중량물 지지대 역할을 하는 테이블리프트의 제공에 관한 것으로서, 그 구성은 구조물의 하중을 견딜 상판부와; 상기 상판부의 하부를 지지하는 두 개의 판토그래프로 구성된 한 쌍의 다리부와; 상기 한 쌍의 다리부의 높낮이를 조절할 수 있도록 하는 높이조절부;로 구성된 것이다.",,B66F7/0666;B66F7/28,B66F7/06;B66F7/28,KWAK HYO JUNG,KR,True,False
KR-102189851-B1,KR-20190115326-A,KR,B1,73786208,20190919,20190919,20201211,20201211,Falling rock prevention device having disater alarm and collapse senssing function of slope,재난 예·경보 및 붕괴감지 기능이 구비된 낙석 방지장치,"The present invention relates to a rockfall prevention device with disaster forecasting/warning and collapse detection functions. According to the present invention, the rockfall prevention device with disaster forecasting/warning and collapse detection functions comprises: a collapse detection means (10); a plurality of displacement sensors (20) for measuring a ground or underground displacement; a site controller (30); a management server (40); a warning display unit (45) for outputting a warning message on a screen; a reinforcing frame (50); and a blocking member (60). According to the present invention, it is possible to accurately check whether a slope is collapsed.","본 발명은 경사지를 모니터링하여 붕괴위험 및 붕괴시 이를 감지하여 경보함은 물론 경고표시부나 관리서버에 경고메시지를 출력하고, 경사면의 붕괴로 인해 낙석방지책으로 떨어지는 돌이나 토사물을 막아 도로나 건물로 진입하지 못하도록 하는 재난 예·경보 및 붕괴감지 기능이 구비된 낙석 방지장치를 제공하는 데 있다. 
본 발명은 경사지의 하측에 시공되는 낙석방지책에 설치되어 경사면 붕괴시 이를 감지하는 붕괴감지수단(10); 경사지의 경사면 설정된 위치에 각각 설치되어 지표 또는 지중 변위를 측정하는 복수개의 변위센서(20); 상기 변위센서(20)와 붕괴감지수단(10)의 감지신호를 전달받아 관리서버(40)로 송신하는 현장제어기(30); 원격지에 설치되어 상기 현장제어기(30)로부터 감지신호를 전달받아 실시간 모니터링하고, 변위센서(20)로부터 수신된 정보가 기설정된 기준값을 초과하는 경우에 붕괴위험이 있음을 예·경보하며, 붕괴감지수단(10)으로부터 수신된 정보가 기설정된 기준값을 초과하는 경우에 붕괴가 발생하였음을 알려주는 관리서버(40); 상기 낙석방지책이 설치된 경사지에서 설정된 거리만큼 떨어진 위치에 설치되고, 상기 현장제어기(30) 또는 관리서버(40)로부터 메시지 출력신호를 전달받아 경고메시지를 화면에 출력해주는 경고표시부(45); 복수개의 방지책 지주(1) 사이에 양단부가 각각 연결부재(55)를 매개로 연결되는 수평보강대(51)와, 상기 수평보강대(51)의 중간부분에 수직으로 설치되고 하단이 방지책 지주(1)가 고정된 옹벽 상면에 앵커볼트로 고정되는 수직보강대(52)로 구성된 보강프레임(50); 상기 낙석방지책의 배면에 방지책 지주(1) 간의 사이공간을 커버하도록 설치되어 사면 붕괴로 인해 낙하되는 돌 및 토사물을 막아주는 차단부재(60);로 이루어지고, 상기 붕괴감지수단(10)은, 상기 방지책 지주(1) 또는 보강프레임(50)과 상기 차단부재(60)의 사이 또는 지지프레임(15)과의 사이에 설치되어 차단부재(60)나 지지프레임(15)과의 거리를 감지하는 거리감지센서로 구성된다.",,G08B21/10;E01F7/045,E01F7/04,MTOPKOREA,KR,True,False
CN-120946362-A,CN-202511425542-A,CN,A,97607645,20250930,20250930,20251114,0,Lining profiling reinforcing device suitable for tunnel collapse accident,,"The invention provides a lining profiling reinforcing device suitable for a tunnel collapse accident, and relates to the field of emergency rescue of tunnel collapse accidents. After the tunnel collapses, in order to provide a safe working environment for rescue workers, the damaged vault in a metastable state needs to be reinforced. At present, the emergency department mostly adopts a method for temporarily building a support body to strengthen a damaged vault, however, manual operation is rough, secondary collapse of a tunnel is easy to occur, operation time is long, the built support body occupies a large space, and smooth development of rescue work is affected. The profiling reinforcing device provided by the invention adopts a chain with multiple degrees of freedom to perform profiling lamination on the inner wall of the tunnel, and utilizes gear transmission to provide power for the profiling lamination process of each chain link, and when all the chain links are fixed on the frame, the reinforcing work on the inner wall of the tunnel is completed. The invention adopts an automatic operation mode, can support and reinforce the irregular damaged vault, and can provide safety guarantee for rescue workers.",,,E21D11/12;E21D11/102;E21D11/10,E21D11/12;E21D11/10,UNIV XINJIANG,,True,False
KR-20160051215-A,KR-20140150796-A,KR,A,56026016,20141031,20141031,20160511,0,navigate to the location and the number of casualties in the smartphone disaster site,재난 현장에서 스마트폰 위치와 인명 수를 탐색하여 구조,"In a situation of disaster relief, in which it is difficult to put rescuers immediately because a building collapses, a threat to lives of people grows bigger if much time is delayed. In this disaster situation, a rescuer hacks into a wireless router like a process shown in a figure 1 and quickly figures out the number of lives and locations of smartphone users connected to a Wi-Fi internal network so as to save lives in the least amount of time. The figure 2 is produced to figure out the hacking process in the figure 1.",본 발명은 재난 구조 상황때 건물이 무너져 구조자들이 바로 투입이 어려울때 시간이 많이 지체 되면 사람들이 생명에 위험이 커진다. 이러한 재난 상황때 구조자가 도1에 나와있는거 과정처럼 무선공유기를 해킹하여 WI-FI 내부망에 접속되어있는 스마트폰 유저들을 신속하게 인명의 수와 위치를 파악하여 최소한의 시간으로 구조한다. 도2는 도1에 해킹과정을 이해하기 위하여 알아보기위해서 제작한것이다.,,H04W4/02;H04W64/00;G06Q50/26;H04W84/12,G08B25/10;H04W4/02,JO SOO IK,KR,True,False
KR-20250068214-A,KR-20230154415-A,KR,A,95913392,20231109,20231109,20250516,0,The method for displaying building safety information using BIM,Bim을 이용한 건축물 안전정보 디스플레이 방법,"The present invention relates to a method for displaying building safety information using bim. According to the present invention, the method comprises the steps of: extracting a fire safety grade, a structural safety grade, and an energy performance grade from an inspection manual such as a small-scale old building issued by the ministry of land, infrastructure and transport, wherein the fire safety grade includes evacuation, fireproof, and firefighting items, the structural safety grade includes land information, structures, steel frames, finishing, and living items, and the energy performance grade includes insulation, windows, and electrical equipment items; and performing bim weight reduction on structural information and spatial information. As described above, according to the present invention, detailed information on a building in a virtual environment is displayed based on bim, and safety information is contained and provided, so that building safety information based on bim can be checked intuitively and three-dimensionally in a virtual environment in a method for checking a building safety inspection based on text.","본 발명은 BIM을 이용한 건축물 안전정보 디스플레이 방법에 관한 것이다.  
본 발명에 따르면, 국토교통부에서 발행하는 소규모 노후건축물 등 점검 매뉴얼로부터 화재안전 등급, 구조안전 등급, 에너지 성능 등급을 추출하는 단계, 화재안전 등급은 피난, 내화, 소방 항목을 포함하고, 구조안전 등급은 대지 정보, 구조물, 철골, 마감, 생활 항목을 포함하며, 에너지 성능 등급은 단열, 창호, 전기 설비 항목을 포함하는 단계, 그리고 구조 정보 및 공간 정보에 대하여 BIM 경량화를 수행하는 단계를 포함한다.  
이와 같이 본 발명에 따르면, 가상환경에서 건축물에 대한 상세한 정보를 BIM 기반으로 디스플레이하고, 안전정보를 담아서 제공해 줌으로써 텍스트 중심으로 건축물 안전점검을 확인하는 방법에서 가상환경에서 입체적직관적으로 BIM 기반의 건축물 안전정보를 확인할 수 있다.",,G06T17/10;G06F16/951;G06Q50/10;G06Q50/08;Y02A10/40,G06T17/10;G06Q50/10;G06F16/951;G06Q50/08,ALLFORLAND CO LTD,KR,True,False
CN-119740756-B,CN-202510241902-A,CN,B,95126987,20250303,20250303,20250530,20250530,Post-earthquake wounded rescue difficulty assessment method and system based on building collapse form,,"The invention discloses a post-earthquake wounded rescue difficulty assessment method and system based on a building collapse form, and relates to the technical field of post-earthquake rescue, wherein the method comprises the steps of extracting geometric form and attribute information of a destroyed building based on earthquake damage analysis of a target earthquake region, and establishing a to-be-collapsed simulation building model; the method comprises the steps of loading a building model to be collapsed with earthquake, generating a ruin model after earthquake reflecting collapse forms based on an explicit time integration method, extracting geometric and spatial characteristics of the ruin model after earthquake, dividing collapse form types of the ruin model after earthquake, calculating comprehensive rescue difficulty indexes of the ruin model after earthquake based on living space evaluation indexes and rescue channel complexity indexes, determining rescue difficulty grades of different areas in the ruin model after earthquake based on the comprehensive rescue difficulty indexes, and determining estimated rescue time of the ruin model after earthquake based on the comprehensive rescue difficulty indexes and collapse form types. The invention relieves the technical problem that the ruins are difficult to quantitatively evaluate after earthquake in the prior art.",,,,G06Q50/26;G06Q50/08;G06F119/14;G06F30/20;G06Q10/063,,,True,False
CN-221685732-U,CN-202322997007-U,CN,U,92631771,20231107,20231107,20240910,20240910,Earthquake rescue scene secondary collapse monitoring and early warning device,,"The earthquake rescue site secondary collapse monitoring and early warning device comprises a collapse supporting component and monitoring and early warning components arranged at two ends of the collapse supporting component; the collapse supporting assembly comprises a first linear screw 1, a second linear screw 2, a screw connecting rod 3, a telescopic supporting rod 4 and a monitoring and early warning assembly mounting block 5. The utility model can monitor the collapse building on the earthquake rescue site, and can early warn when the collapse building has secondary collapse signs, thereby preventing casualties of search and rescue personnel.",,,,G08B21/10;G08B3/10;G01L5/00,SHANGHAI FIRE RES INSTITUTE OF MEM;SHANGHAI BEIAN IND CO LTD,,True,False
KR-100701790-B1,KR-20060129032-A,KR,B1,37870686,20061215,20061215,20070330,20070330,Fire suppression and life structure elevator system of skyscraper,고층건물의 화재진압 및 인명구조용 엘리베이터장치,,"본 발명은 고층건물에 화재나 지진, 건물붕괴 등과 같은 긴급 상황이 발생할 경우 그 건물의 외벽을 따라 신속하게 승강이동하여 안전하게 인명을 구조하여 재난으로 부터 인명피해의 최소화를 도모하는데 크게 일조할 수 있는 새로운 형태의 초고층건물의 인명구조용 엘리베이터장치에 관한 것이다. 
     즉,  인명구조용 엘리베이터장치(10)를 구성함에 있어서, 화재시 발생하는 고열이나 화염 등에도 상당한 내열성을 가진 불연재(21)가 내장된 내열벽체(20) 로 이루어진 엘리베이터(30)와; 상기 엘리베이터(30)의 내, 외부 일정한 위치에 자체적인 구동력을 발휘할 수 있는 엔진이나 밧데리 등의 자체동력발생수단(40)과; 상기 엘리베이터(30)의 용이한 주행/이동성을 고려한 미션, 바퀴, 조향장치로 구성된 주행수단(50)과; 와이어(100)를 타고 상방으로 스스로 올라갈 수 있도록 하는 태클 형태의 와이어풀리(60)와; 화염의 임시소등 또는 화재자체의 진압 등을 목적으로 하는 엘리베이터 자체 소방장치(70);  를 포함하여 이루어지는 것이다. 
       
     엘리베이터, 와이어, 주행수단,와이어 풀리, 소방장치, 외부소방호스연결구, 자체 소방호스, 안내 난간대, 보조 안내대, 슬라이드 유도장치, 물분사구",,A62B1/02;A62B1/06,B66B9/187;A62B1/02,,,True,True
KR-101282669-B1,KR-20120127332-A,KR,B1,48996650,20121112,20121112,20130712,20130712,Smart ware for preventing an accident on workshop,작업장 사고방지를 위한 스마트웨어 시스템,"PURPOSE: A smart wear system for preventing accidents in a workplace is provided to prevent accidents in a workplace without inconvenience to an operator by integrally setting up a radio set and a mobile terminal for communication with remote location operators, a camera, a battery, a headset, and various sensors in the operator protection equipment. CONSTITUTION: A smart wear system for preventing accidents in a workplace comprises an emergency sensing unit (260), a rescue signal output unit (270) and a rescue signal storing unit (280). The emergency sensing unit detects an emergency situation that communication with the control center is lost, or the communication is impossible due to problems occurred to the health or the body of an operator wearing the smart wear. The rescue signal output unit automatically generates a rescue signal in the emergency. The rescue signal storing unit stores at least one piece of information among structure information related to the area or the building where an operator conducts work, underground geology information, or building inside information, map information, exits, escape stairs, emergency exits, a place where rescue equipment is placed, a place where communication is possible, or a safety zone for outputting the rescue signal. [Reference numerals] (230) A/V input and output unit; (240) Communication unit; (260) Emergency sensing unit; (261) Communication state determining unit; (262) Movement detection unit; (263) Bio detection unit; (270) Rescue signal output unit; (271) Internal sound output unit; (272) External sound output unit; (273) First light unit; (274) Second light unit; (275) Vibration unit; (280) Rescue signal storing unit; (310,210) Sensing unit; (320,220) Control unit; (330) Storage unit; (340) First communication unit; (350,250) Power unit; (360) Second communication unit; (AA) Local wireless communication; (BB) Long distance wireless communication","본 발명에 따른 작업장 사고방지를 위한 스마트웨어 시스템은 화재진압, 지진, 건물붕괴, 수해 복구 등의 각종 재난 현장이나 산업 현장에서, 스마트 웨어를 이용하여 작업자의 작업에 방해를 주지 않으면서 현장 상황에 관한 각종 정보(예: 현장을 촬영한 동영상 정보, 위험감지 정보 등)를 실시간으로 원격지의 중앙통제 센터로 전달하고, 센터의 지시에 따라 현장의 작업을 원활히 통제하고 현장의 긴급 상황에 신속히 대처할 수 있도록 하는 효과가 있으며, 또한 상기 스마트 웨어는 헬멧, 벨트, 장갑과 같은 작업자의 보호장구에 원격지 작업자들(or 중앙통제 센터)과의 통신을 위한 무전기 및 이동단말기, 그리고 카메라, 배터리, 헤드셋, 각종 센서 등을 일체형으로 실장함으로써 작업자가 불편하지 않은 상태로 작업에 집중할 수 있도록 하여 작업 능률과 생산성을 높일 수 있는 효과가 있으며, 또한 작업자가 작업 중 또는 천재지변이나 사고에 의해 외부로부터 고립될 경우 작업자를 빠르게 비상구가 안전지대로 안내하여 대피할 수 있도록 하며, 작업자의 거동이 어려울 경우 다양한 방법으로 작업자의 위치를 위부의 구조대원들에게 알려줌으로써 빠른 구조가 이루어질 수 있도록 하는 효과가 있다.",,G08B25/14;A42B3/006;A41D13/0002;G08B21/02,G08B25/00;G08B21/00;A42B3/00;A41D13/00,TLC TECHNOLOGY CO LTD,KR,True,False
CN-116556128-A,CN-202310514922-A,CN,A,87503043,20230504,20230504,20230808,0,Rail embankment disease emergency rescue reinforcement structure and reinforcement method,,"The invention discloses a railway embankment disease emergency rescue reinforcement structure and a reinforcement method, which belong to the technical field of roadbed retaining protection, and are used for forming a reinforcement structure on a retaining structure on one side of an embankment slope, wherein the reinforcement structure comprises a support panel attached to one side of an inclined plane of the retaining structure and a support structure arranged at intervals with the support panel, and the support structure penetrates into a ground plane along a vertical part to fix the support structure; and still be equipped with the backup pad between support panel and the bearing structure, this backup pad one end butt support panel&#39;s inclined plane, its other end and bearing structure butt to support the panel tightly on the inclined plane of retaining structure. The support panel and the support structure are arranged on the basis of not damaging the original supporting structure, so that the stable use of the supporting structure can be ensured by the existing reinforcing structure, the problems of long construction period and secondary collapse in the construction process caused by damaging the supporting structure are avoided, and the safety and timeliness of repairing and disposing of the supporting structure are greatly improved.",,,E01C3/04;E01C3/06;E02D17/207;E02D3/08;E01B2/006;Y02A30/60,E01C3/04;E01B2/00;E01C3/06;E02D3/08;E02D17/20,CN RAILWAY SIYUAN SURVEY & DES,,True,False
KR-20220014782-A,KR-20200095137-A,KR,A,80253389,20200729,20200729,20220207,0,crashed worker escape succour safety belt,추락한 작업자 탈출 구조 안전대,"An objective of the present invention is to allow a fallen worker to escape from danger since the risk of exposure to secondary accidents caused by the shock when falling, an increase in blood pressure, and extreme fear becomes high when a worker performing high place work at a construction site, an industrial site, and the like has a fall accident and hangs in the air, promote a satisfactory structure, minimize pressure through position correction while hanging in the air, and give psychological stability. A fallen worker escape rescue safety belt comprises a hook, a tightening string, a winch, a rope withdrawn from the winch, and a safety belt for connection, and a hook, a tightening string, a winch, and a safety belt fixed and connected to the winch. A wired and a wireless driving button switch for operating the winch can be used to promote an escape. The present invention has a function of correcting a position. Also, a protection pad on a waist portion of the safely belt can be withdrawn to be connected between legs to provide psychological stability and reduce pressure through position correction.","본 발명은 건설현장 및 산업현장 등에서 고소작업 중인 작업자가 추락 사고를 당해 허공에 매달려 있을 때, 극심한 공포 와 혈압상승, 떨어질 때 충격으로 인한 압박으로 인해 2차 사고에 노출될 위험성이 높아지므로 떨어진 근로자 스스로 위험에서 탈출할 수 있도록 하기 위함이며, 원만한 구조를 도모하기 위함이다. 또한 허공에 매달린 상태에서 자세 교정을 통해 압박을 최소화 하고 심리적 안정감을 주기 위함이다. 
기술적 수단으로 으로서 본 발명은 훅, 죔줄, 윈치, 윈치에서 인출된 로우프, 안전대로 연결 구성되어 있으며, 또한 훅, 죔줄, 윈치, 윈치 와 고정 연결된 안전대의 구성으로 된다. 윈치 작동을 위한 유, 무선 구동버튼 스위치를 사용해 탈출을 도모 할 수 있으며, 자세를 교정하는 기능을 가지고 있다. 또한 안전대 허리 부위에 보호대를 인출하여 다리 사이로 연결을 하여 자세 교정을 통한 심리적 안정감 과 압박을 줄여 주는 효과를 가지고 있다. 
색인어: (1) 훅 (2) 죔줄 (3) 윈치 (4) 로우프 (5) 안전대 (6) 구동버튼스위치 (7) 와이어 등 (8) 보호대 보관 캡 (9) 보호대 (10) 보호대 고정 장치",,A62B35/0043;A62B35/0025;A62B35/0037,A62B35/00,LEE JU CHAN,KR,False,True
KR-20120014262-A,KR-20100076180-A,KR,A,45837348,20100809,20100809,20120217,0,Bed for saving from disaster,방재용 침대,"PURPOSE: A bed for saving from disaster is provided to prevent a drowning accident when flood occurs and a burn when fire occurs. CONSTITUTION: A bed for saving from disaster comprises a main body member(10), a mattress(20), and a cover(30). The main body member includes a secondary battery and a life maintaining system driven by the secondary battery. The mattress is located on the top of the main body member and enables a user to take a sound sleep. The cover is opened and closed on the top of the main body member and mattress.","본 발명은 방재용 침대에 관한 것으로, 보다 상세하게는 내부에 2차전지와 상기 2차전지에 의해 구동되는 생명유지장치를 포함한 본체부와, 상기 본체부의 상부에 위치하여 이용자가 수면을 취할 수 있도록 한 매트리스 및 상기 본체부 및 매트리스의 상부에 개폐가능한 덮개를 포함한 방재용 침대에 관한 것으로, 본 발명의 방재용 침대는 지진, 홍수 등의 자연재해 발생시 건축물의 붕괴 또는 침수시에도 내부의 이용자가 안전할 수 있도록 공간을 확보하여 인명피해를 줄여주는 효과가 있다. 또한 위치 추적 및 구조요청 신호발생장치를 본체부에 포함하게 되면 각종 자연재해 및 재난이 발생했을 경우 구조대에게 신호를 보내 더욱 빨리 구조될 수 있는 이점이 있다.",,A62B7/00;A47C29/003;H04W4/00;A47C31/002,A62B3/00;A47C21/00;A62B7/00,HAN JUNG SUN,KR,True,True
KR-102296382-B1,KR-20200071986-A,KR,B1,77794384,20200615,20200615,20210902,20210902,Protection device for fireman with danger detection,위험 감지 기능을 갖는 소방관용 보호장비,"The present invention relates to a protection device for a firefighter with a danger detection function, and more specifically, to a protection device for a fireman with a danger detection function, wherein a communication function and a collapse risk detection function are installed on the protection device devised to ensure the safety of a firefighter, such that the risk of collapse of a building is predicted in advance and other firefighters are informed of the occurrence of danger and the location of a firefighter to be rescued. According to the present invention, the protection device for a firefighter with a danger detection function has the effect of: predicting, when a firefighter extinguishes a fire, the risk in advance so as to warn the firefighter and fellow firefighters around the firefighter; enabling communication between firefighters to be smoothly conducted in a situation of a firefighting site full of flames and smoke; and providing information, such that the location of a firefighter who is injured or unconscious can be easily identified and the firefighter can be quickly rescued.","본 발명은 위험 감지 기능을 갖는 소방관용 보호장비에 관한 것으로서, 보다 상세하게는 소방관의 안전을 확보하기 위한 보호장비에 통신기능과 붕괴위험감지기능을 설치하여 건물 붕괴의 위험을 미리 예측하고 다른 소방관에게 위험 발생사실과 구조대상 소방관의 위치를 알려줄 수 있도록 하는 위험 감지 기능을 갖는 소방관용 보호장비에 관한 것이다. 
본 발명에 따르면 소방관의 화재 진압시에 위험을 미리 예측하여 자신에게 또는 주변의 동료 소방관에게 경고를 할 수 있으며, 화염과 연기가 가득한 화재진압현장의 상황에서 소방관 사이에 원활한 통신이 가능해지며, 부상을 입거나 의식을 잃은 소방관의 위치를 용이하게 파악하고 신속하게 구조할 수 있도록 정보를 제공하는 것이 가능해지는 효과가 있다.",,A43B3/34;A43B3/02;A42B3/046;A42B3/18;A42B3/06;A62B18/04;A62B18/08;A42B3/30;G08B21/182;A43B3/0005,A42B3/30;A42B3/18;A42B3/04;G08B21/18;A43B3/02;A62B18/04;A42B3/06;A62B18/08;A43B3/00,HUMEDIA CO LTD;DOVE LIFE TEC CO LTD,KR,True,True
KR-20210014470-A,KR-20190092594-A,KR,A,74559333,20190730,20190730,20210209,0,Gas inflatable type lifesaving safety mat,가스팽창식 인명구조 안전매트,"The present invention relates to a gas inflation type lifesaving safety mat, which rapidly injects air into a safety mat by using a gas inflator to enable the safety mat to be inflated so as to allow an unskilled person to easily install the safety mat and easily saves a falling person when a fire or an emergency occurs in a high-rise building. The safety mat comprises: a mat main body inflated and expanded by injection of the air; the gas inflator connected to a side portion of the mat main body to inject the air into the mat main body; a shock absorbing unit provided inside the mat main body to absorb a shock; a mat top plate covered by an upper portion of the shock absorbing unit to absorb the shock; and a moving unit provided to the outside of an upper portion of the mat main body to move the mat main body.","본 발명은 가스인플레이트에 의해 안전매트에 신속하게 공기를 주입시켜 팽창되게 하여 미숙련자도 손쉽게 설치가 가능하고 고층건물의 화재나 비상시에 떨어지는 낙하자를 용이하게 구조할 수 있는 가스팽창식 인명구조 안전매트에 관한 것으로, 공기가 주입되어 팽창되면서 펼쳐지는 매트 본체와, 상기 매트 본체의 측부에 연결되어 매트 본체로 공기를 주입시키는 가스인플레이터와, 상기 매트 본체의 내부에 구비되어 충격을 완충할 수 있도록 하는 충격완충부와, 상기 충격완충부의 상부로 덮여져 충격을 흡수하는 매트 상판과, 상기 매트 본체의 상부 외측에 구비되어 매트 본체를 이동시킬 수 있는 이동부를 포함한다.",,A62B1/22,A62B1/22,CHUNGCHEONGNAM DO PROVINCE,KR,True,True
US-2024077873-A1,US-202318388260-A,US,A1,83228491,20231109,20210309,20240307,0,Radar sensor-based bio-inspired autonomous mobile robot using ble location tracking for disaster rescue,,"An autonomous bio-inspired mobile robotic device ( 200 ) capable of detecting, tracking and communicating location of survivor(s) ( 34 ) trapped under earthquake/building collapse debris ( 30, 32 ). The small-size, lightweight, ruggedized autonomous legged mobile robot ( 200 ) incorporates high-frequency millimeter-wave radar sensor ( 10 ) and Ultra Wideband (IR-UWB) radar sensor ( 12 ) for detecting presence and perform ranging of trapped survivor(s) ( 34 ). The autonomous mobile robot ( 200 ) also comprises GNSS ( 8 ) and BLE ( 4 ) connectivity for location tracking of trapped survivor(s) ( 34 ) in conjunction with a Wi-Fi enabled visual sensing solution ( 20 ) and a flashlight ( 16 ) to aid during rescue operation. The battery-powered ( 24 ) autonomous bio-inspired mobile robot ( 200 ) also comprises an MCU ( 26 ), actuators ( 14   b ), motor control circuitry ( 18 ) and IMU ( 6 ) to control robot ( 200 ) locomotion and perform sensor data fusion. BLE ( 4 ) connectivity solution of the present invention ( 200 ) communicates the location of detected trapped survivor(s) ( 34 ) to a plurality of rescue devices ( 44 A,  44 B,  44 C) using Angle-of-Arrival ( 700 )/Angle-of-Departure ( 800 ) method for successful survivor ( 34 ) location resolution.",,,G05D1/0212;G01S5/0231;G05D1/0246;G05D1/0257;G05D1/027;G05D1/0278;G01S2205/06;G05D2201/0217;B25J11/008;G01S13/56;G01S13/888;G01S13/887;G01S13/42;G01S13/867;G01S13/86;G01S13/881;G01S13/584;G01S7/415;G01S19/48;G01S19/17,G01S5/02,PANNALA SUMA GOURI,IN,True,True
KR-20080082093-A,KR-20070022455-A,KR,A,40021530,20070307,20070307,20080911,0,Inquiry robot scattering wireless repeater,무선 통신 중계기를 살포하는 탐사 로봇,"An inquiry robot capable of scattering wireless repeaters is provided to enable mutual communication with scattered wireless repeaters without external power supply by installing batteries in the wireless repeaters and to reuse the wireless repeaters by collecting the scattered wireless repeaters. An inquiry robot(300) capable of scattering wireless repeaters(200) includes a scattering device(380) for scattering the wireless repeaters. The inquiry robot includes an imaging device(310), a sound receiving device(320), a collecting unit(360), first and second communication parts(330,340), and a control part(350). The collecting unit collects the wireless repeaters scattered by the scattering device. The first communication part transmits and receives images of the imaging device and sounds of the sound receiving device to the wireless repeaters. The second communication part transmits and receives electric waves through the wireless repeaters. The wireless repeaters have respective batteries.","본 발명은 무선 통신 중계기를 살포하는 탐사 로봇에 관한 것으로서, 보다 상세하게는 영상 및 텍스트가 출력되는 디스플레이부, 음향이 출력되는 음향출력부, 조종레버 및 전원스위치가 형성된 무선 조종기 및 상기 무선 조종기에 의해 조종되며 복수개의 무선 통신 중계기를 수용하고, 전파음영지역에서 상기 무선 통신 중계기를 살포하여 상기 무선 조종기간의 전파의 송수신을 가능하게 하는 탐사 로봇을 포함하는 무선 통신 중계기를 살포하는 탐사 로봇에 관한 것이다.  본 발명에 따르면, 동굴, 지하터널 및 땅굴과 같은 전파음영지역(Blanket Area)에서 로봇에 탑재된 소형 무선 통신 중계기를 살포하여 영상 및 음향과 같은 데이터를 원활하게 송수신하여 탐색 및 수색 등에 활용될 수 있으며, 전쟁 또는 지진으로 인해 건물이 붕괴된 재난위험지역에서의 인명구조용으로 활용될 수 있고, 천재지변으로 인한 통신두절지역에서의 긴급통신망으로 활용될 수 있는 무선 통신 중계기를 살포하는 탐사 로봇을 제공할 수 있다. 
       
     무선통신, 중계기, 애드혹, 탐사, 로봇",,B25J19/005;B25J13/065;B25J13/006;B25J11/00;B25J19/0075;B25J19/06,B25J5/00;B25J13/08,HAN BUM UK,KR,True,False
KR-20170016684-A,KR-20150110110-A,KR,A,58121095,20150804,20150804,20170214,0,The unmanned air vehicle for castaway tracking,조난자 위치 추적용 무인 비행체,"The present invention relates to an unmanned air vehicle comprising: a body; a camera for photographing the front; a microphone for receiving an external sound; a speaker capable of delivering sound to the outside; a directional antenna oriented in a moving direction; a proximity sensor for detecting an obstacle; an environmental sensor for sensing a surrounding environmental condition; and a steering antenna for transmitting control information. By inputting the unmanned air vehicle into various disaster sites such as a fire site or a collapse site to rescue a castaway, the unmanned air vehicle can rapidly find a castaway without inputting manpower into a high-risk site, thereby providing a safe route where a rescue team can enter.","본 발명은 몸체와 정면을 촬영하는 카메라, 외부의 소리를 입력 받을 수 있는 마이크, 소리를 외부로 전달 가능한 스피커, 이동 방향을 지향하는 지향성 안테나, 장애물을 감지하는 근접센서, 주변의 환경 상태를 감지하는 환경센서, 및 제어 정보를 전달하는 조종 안테나를 포함하는 무인 비행체를 투입하여 화재현장이나 붕괴현장과 같은 각종 재해현장에서 피치 못할 상황으로 대피하지 못한 조난자를 구조하는데 있어서, 고 위험의 현장에 인력을 투입하는 대신 신속하게 조난자를 탐색하여, 구조대가 투입될 수 있는 안전한 경로를 제공하는데 관한 것이다.",,G05D1/0038;B64D45/00;B64C2201/146;B64D47/00;B64C39/024;B64C2201/12;B64C2201/127,G05D1/00;B64D47/00;B64D45/00;B64C39/02,NAT UNIV CHANGWON IND ACAD COOP CORPS,KR,True,False
CN-121236613-A,CN-202511798523-A,CN,A,98157491,20251202,20251202,20251230,0,"Earthquake disaster area analysis and prediction method, device and medium based on remote sensing data",,"The invention discloses a method, equipment and medium for analyzing and predicting an earthquake disaster area based on remote sensing data, which comprises the steps of collecting hyperspectral remote sensing data of the earthquake disaster area after an earthquake occurs, performing cross-modal mutual information calibration, and outputting cross-modal standardized data of a hyperspectral remote sensing image; the method comprises the steps of extracting reflectance vectors corresponding to different spectrum wavelengths, constructing a linear spectrum mixed model, calculating vegetation destruction rate, classifying pixels, calculating building collapse rate of an earthquake disaster area, calculating building stability coefficients after an earthquake by using the building collapse rate, calculating surface layer geological structure stability coefficients after the earthquake, evaluating post-earthquake rescue priority by using the building stability coefficients after the earthquake, and planning vehicle types entering the earthquake disaster area by using the surface layer geological structure stability coefficients after the earthquake. Based on the remote sensing data analysis technology, the accurate prediction and analysis of the risk after the earthquake disaster area disaster are realized, and reasonable technical support is provided for rescue of rescue teams.",,,,G06V20/13;G06V10/764;G06V20/10,Sichuan earthquake emergency service center,,True,False
WO-2012161269-A1,JP-2012063359-W,WO,A1,47217341,20120524,20110526,20121129,0,"Rescue signal transmission device, rescue terminal, and rescue management device",,"[Problem] To provide a rescue signal generation device capable of increasing the chance of rescue even in the case where escape is difficult at the time of building collapse in a disaster.
[Solution] A rescue signal transmission device used by being mounted to a thing which is used by being fixed on the interior (e.g., fire alarm and/or peripheral members thereof). As an aspect thereof, the rescue signal transmission device including: an impact resistant housing for protecting the inside of the device; an independent power supply that is disposed inside the impact resistant housing; a building collapse detection means that is driven by the independent power supply; and a rescue signal transmission means for transmitting a rescue signal by using the independent power supply, when the building collapse is detected by the building collapse detection means.",,,G08B25/009;G08B25/10;G08B25/016;G08B25/08,G08B25/04;G08B21/02,KAWABE KARL KAZUSHIGE;ISHIKAWA YUMIKO,JP,True,False
CN-105148425-B,CN-201510609667-A,CN,B,54789668,20150923,20150923,20180313,20180313,Intelligent safety airbag system for fire fighters,,"The invention discloses an intelligent safety airbag system for firefighters. Comprises a distance sensing device, an air bag triggering device and a waistband buckle device; the distance sensing device starts the air bag triggering device under a certain condition, the air bag triggering device is installed on the waistband, and the waistband is bound on the body of a fireman by the waistband buckling device. When the firefighter executes a task on a higher building, the intelligent safety airbag system can automatically eject the airbag when the building collapses or the firefighter steps empty, so that the life safety of the firefighter is protected.",,,,A62B35/00;A62B35/04;A62B1/00,,,True,True
KR-20100050003-A,KR-20080109079-A,KR,A,42276218,20081104,20081104,20100513,0,Portable emergency lantern,휴대용 비상 랜턴,"PURPOSE: A hand-held emergency lantern is provided to enable lifeguards and fire fighters to smoothly and efficiently work by passively or automatically turning on a secondary lamp when a lamp is turned off. CONSTITUTION: A hand-held emergency lantern comprises a battery, a power switch(12), a controller, a lamp(14), an alarm part(16), and a secondary lamp. A power switch supplies and disconnects power of a battery. The controller outputs a control signal according to on/off of the power switch. The lamp is turned on/off by a control signal of the controller. The alarm part generates an alarm according to a control signal of the controller. The secondary lamp is automatically or passively turned on when a lamp is turned off. The secondary lamp is a LED(Light Emitting Diode) lamp or a laser diode lamp.","본 발명은 휴대용 비상 랜턴에 관한 것이다. 
     본 발명은 화재, 지진, 붕괴사고 등에 의한 비상상황에서 작업하는 소방관 또는 인명구조원이 휴대하는 비상 랜턴에 자신의 위치표시 및 움직임에 따른 위험을 주변에서 쉽게 인식할 수 있도록 표시하는 경보부를 구비함으로써, 위험사고 발생시 신속하게 안전조치를 받거나, 줄 수 있도록 하여 위험상황으로부터 안전을 도모할 수 있는 효과를 제공하게 된다. 
       
           비상 랜턴, 사고, 경보",,H02J7/80;F21Y2115/00;F21Y2115/10;F21V33/0056;F21V23/0471;F21K9/20;F21L4/00,F21L4/00,LEE BYUNG JIP,KR,True,False
KR-20110045583-A,KR-20090102219-A,KR,A,44240617,20091027,20091027,20110504,0,System for managing a abnormality status of workers,작업자 이상상황 처리 시스템,"PURPOSE: An ASW(Abnormality Status of Workers) processing system is provided to perform an emergency rescue measure in real time. CONSTITUTION: An ASW processing control module(101) is connected to a working spot monitoring system through communication, obtains the ASW data through a working spot monitoring system and controls the ASW process. An ASW inspection module(105) is controlled by the ASW process control module and inspects the reception of the ASW data from a worker related device by communicating with the working spot monitoring system.","본 발명은 작업자 이상상황 처리 시스템에 관한 것으로, 본 발명에서는 작업장으로부터 출력되는 작업자 이상상황(ASW: Abnormality Status of Workers) 데이터를 작업장 모니터링 시스템을 매개로 실시간 취득할 수 있는 전산모듈, 작업장 모니터링 시스템에 의해 ASW의 발생이 감지되었음에도 불구하고, 일정시간 동안 작업자에게 필요한 일련의 작업관리자 구조조치가 취해지지 않을 경우, 작업관리자에게 별도의 문제가 발생한 것으로 상정하고, 자체적으로 ASW 데이터를 분류·분석한 후, 해당 ASW에 가장 적합한 긴급 구조조치를 즉각적으로 취할 수 있는 전산모듈 등을 체계적으로 연계·배치하고, 이를 통해, 예컨대, 작업관리자가 작업장 모니터링 시스템 설치영역을 잠시 이탈하거나, 작업자의 이상상황을 미처 인지하지 못하거나 하는 등의 예측하지 못한 상황이 발생하더라도, 작업자에게 요구되는 일련의 긴급 구조조치가 상기 전산 파이프라인에 의해 실시간으로 자동 실행될 수 있도록 함으로써, 고 위험 작업에 투입된 작업자가 작업관리자에 의한 구조조치가 지연되는 악 조건 하에서도, 별다른 어려움 없이, 자신이 처한 이상상황(예컨대, 신체 이상상황, 작업도구의 오작동 상황, 유독가스의 유출상황, 주변 구조물의 붕괴상황 등)으로부터 손쉽게 벗어날 수 있도록 가이드 할 수 있다.",,G08B25/016;G08B21/02,G08B25/00;G08B21/02;G06Q50/10,,,True,False
KR-20200040740-A,KR-20200044355-A,KR,A,70467394,20200410,20200410,20200420,0,Smart-phone nfc marker safty system,스마트폰 nfc마커를 이용하여 시설물관리 재난재해 인명구조 안전조치의 정보안내를 구현하는 시스템,"The present invention relates to a smart phone disaster safety system for information guide and reporting for disasters, lifesaving, and safety measures using NFC, wherein the system comprises a housing (100), a body (200), and an NFC (300). The housing has a rectangular shape by including a housing front surface (110) and a housing rear surface (120). The body is protected by the housing. The NFC is attached to the body. The housing has the shape of a box having an empty inside, and thus only the lower surface thereof is opened. The body includes a holding plate fixing part (210) having a bundle shape at the lower portion thereof and an NFC holding plate (220) having a plate shape at the upper portion thereof. The outer surface of the holding plate fixing part is formed to correspond to the shape of a housing lower inner surface (140) of the housing, so that the holding plate fixing part is inserted into and fixed to the inside of the lower end of the housing in close contact therewith. A system capable of storing data for providing evacuation information or the like when an emergency occurs can be provided to have strong durability against an external environment.","NFC를 이용하여 재난재해; 인명구조; 안전조치;를 위한 정보안내 및 신고를 위한 스마트폰 재난재해 안전시스템으로서, 
하우징(100); 본체(200); NFC(300);를 포함하고, 
상기 하우징은 하우징전면(110) 및 하우징배면(120)을 포함하여 사각형상을 취하고, 상기 본체는 상기 하우징에 보호되고, 상기 NFC는 상기 본체에 부착되되, 
상기 하우징은 내부가 빈 박스 형태를 취하여 하면만이 개구되고, 
상기 본체는, 그 하부에 뭉치형태를 취하는 거치판고정부(210) 및 상부에 판상의 형태를 취하는 NFC거치판(220)을 포함하고, 
상기 거치판고정부의 외면은 상기 하우징의 하우징하부내면(140)의 형태에 대응되게 형성되어서, 상기 거치판고정부가 상기 하우징의 하단 내부에 긴밀히 접촉하면서 삽입되어 고정되게 하고, 
 상기 하우징전면(110)의 저부 및 상기 거치판고정부(210)의 저부에는, 상기 본체가 상기 하우징 내에 확고하게 고정되어 밖으로 빠지지 않도록 잡아주는 자체 잠금장치(150)가 구성되되, 
수직 및 수평방향으로 컷팅을 시켜 절개된 두 개의 절개부(cut1, cut2)의 의해, 상기 하우징전면(110)의 저면에서, 일 측을 남겨두고 나머지 측이 절개되어 형성되는 잠금판(151); 상기 잠금판(151)의 일 측에 상기 하우징전면(110)의 소정구간 두께를 얇게 파는 방법(cut3)으로 굽힘이 가능하게 형성되어 힌지의 역할을 하는 잠금힌지(152); 및 상기 하우징의 하우징하부내면(140)에서, 상기 잠금판(151)의 내측면으로부터 상기 하우징배면(120) 쪽을 향하여 돌출 형성되는 잠금핀(153);이 상기 하우징에 구성된다.",,G08B27/006;G08B21/10;H04M1/725;G08B25/10,H04M1/725;G08B21/10;G08B27/00;G08B25/10,PARK DU HYEON,KR,True,False
WO-2020153151-A1,JP-2020000600-W,WO,A1,69183618,20200110,20190124,20200730,0,"Method of attaching sensor for sensing carbon dioxide to drone, searching for site where carbon dioxide concentration is high, and sending information thereof to mobile terminal such as smartphone",,"[Problem] To provide a method that has few constraints in terms of use, makes it easy to ascertain location information for people who have been buried alive due to a disaster, and makes it possible to efficiently conduct rescue operations. [Solution] A method for discovering a place where a person (H) has been buried alive due to a landslide or a building collapse, wherein the method is characterized by comprising: a step for fixing, to a drone (10), a carbon dioxide sensor (13) that is a sensor provided for the purpose of detecting and measuring carbon dioxide; a step for flying the drone; a step for sensing, with the carbon dioxide sensor, a degree of carbon dioxide concentration consistent with a person breathing; a step for identifying location information for the sensed place; and a step for thereafter transmitting information to a mobile terminal (70).",,,G08B25/04;H04Q9/00;G08B21/10,H04Q9/00;G08B21/10;G08B25/04,KIMURA YUJI,JP,True,False
CN-116343455-A,CN-202310621808-A,CN,A,86889818,20230530,20230530,20230627,0,Digital twinning technology-based fire scene collapse risk early warning method,,"The invention relates to a fire scene collapse risk early warning method based on a digital twin technology, which belongs to the technical field of fire scene collapse risk early warning, and mainly adopts the following scheme: acquiring fire scene building environment information, establishing a fire scene building environment digital twin model according to the fire scene building environment information, and determining a collapse initial profile according to the floor temperature distribution information of a combustion area; determining an additional collapse profile; determining collapse risk level by using the thickness information of the floor slab in the burning area and the weight information of the articles on the floor slab in the burning area; determining a predicted collapse profile according to the additional collapse profile and the initial collapse profile; and when the position of the firefighter is coincident with the predicted collapse profile, the predicted collapse profile information and the collapse risk level are timely sent to the firefighter so as to realize collapse risk early warning, and the firefighter in the collapse area is early warned, so that casualties caused by collapse of the building in a fire disaster are effectively avoided.",,,G08B31/00;G08B21/10;G01D21/02;G06V20/52;G06V20/176;G06V10/74,G08B21/10;G06V20/52;G06V20/10;G06V10/74;G01D21/02;G08B31/00,GUANGDONG GUANGYU SCIENCE AND TECH DEVELOPMENT CO LTD,,True,False
KR-102563104-B1,KR-20210115226-A,KR,B1,85512406,20210831,20210831,20230803,20230803,Fixed multi-sensor device,고정형 멀티 센서 디바이스,,"본 발명은 고정형 멀티 센서 디바이스에 관한 것으로서, 공동구에 설치되어 화재 또는 재난 상태를 감지하여 대응하도록 하는 고정형 멀티 센서 디바이스에 있어서, 불꽃 또는 연기를 감지하여 화재 감지 신호를 제공하는 화재감지모듈; 온습도, 연소 가스 또는 휘발성 가스를 감지하여 환경정보 감지 신호를 제공하는 복합 환경 감지 모듈; 지진, 균열 또는 붕괴로 인해 발생되는 진동을 감지하여 재난 감지 신호를 제공하는 재난 감지 모듈; 외부의 제어장치로부터 제어 신호를 수신하고, 상기 화재 감지 신호, 환경정보 감지 신호 또는 재난 감지 신호를 외부의 제어 장치로 송신하는 통신 모듈; 상기 통신 모듈을 통해 전송되는 제어 신호에 따라 상기 화재감지모듈, 복합 환경 감지 모듈 또는 재난 감지 모듈의 상시 감지 기능을 수행하는 일반 모드와, 상기 화재감지모듈, 복합 환경 감지 모듈 또는 재난 감지 모듈 중 적어도 어느 하나의 신호에 따라 화재 또는 재산 감지시 알람 동작을 수행하는 비상 모드로의 동작을 수행하도록 고정형 멀티 센서 디바이스의 전반적인 동작을 제어하는 제어 모듈; 상기 제어 모듈의 제어에 따라 고정형 멀티 센서 디바이스의 구동에 필요한 전원을 제공하는 전원 모듈; 및 상기 제어 모듈의 제어 따라 비상 모드시 진입 금지 표시 또는 기 설정된 방향으로의 대피 방향 표시로 디자인된 유도광을 출력하는 탈출 유도 모듈을 포함하는 것이다.",,G08B17/117;G09F19/22;G09F2019/225;G08B21/10;G08B7/06,G08B17/117;G09F19/22,,,True,False
CN-114869731-A,CN-202210373123-A,CN,A,82669337,20220411,20220411,20220809,0,Chest-abdomen synchronous linkage cardio-pulmonary resuscitation device and method,,"The invention discloses a thoracoabdominal synchronous linkage cardio-pulmonary resuscitation device which comprises a portal frame, an abdominal lifting device and a chest pressing device, wherein a cross beam of the portal frame vertically penetrates through a central rod, the left end of the central rod is connected with a left rod, the abdominal lifting device is connected to the lower end of a telescopic rod, the chest pressing device is connected to the lower end of a right telescopic rod, and the right end of the right rod is connected to a handle through a connecting rod. The invention has the following beneficial effects: the chest compression and the abdomen lifting are orderly and alternately linked to act and synchronously run; the device can be used in disaster sites in narrow spaces such as earthquakes and building collapse, and has small use limitation and strong universality; the distance and the height of the chest pressing device and the abdomen lifting device can be adjusted according to the body type of the patient; the device is fixed on a sickbed, so that the stability of the device during operation is improved; physical strength consumption is reduced, the pressing depth and frequency are guaranteed, the force and frequency can be adjusted in time, and the success rate of cardio-pulmonary resuscitation is improved; simple use, rapid use by the rescuers and the convenient popularization.",,,A61H2203/0456;A61H31/007;A61G7/05;A61H2201/0142;A61H2205/083;A61H2201/1664;A61H2205/084;A61H2201/1253,A61H31/00;A61G7/05,HUANG ZIXUAN,,True,False
KR-20070015237-A,KR-20070003688-A,KR,A,38080664,20070110,20070110,20070201,0,Driving gear of skyscraper fire suppression and life structure elevator,고층건물 화재진압 및 인명구조용 엘리베이터의 구동장치,"A driving gear of skyscraper fire suppression and life rescue elevator is provided to be lifted horizontally and vertically in a prompt and safe manner to rescue people in case of emergency. On one end and the other end of two wires(400,401), detachable wire pulley devices are installed. On an elevator(500) corresponding to the detachable pulley device, a coupling shaft(510) having a screw coupling portion is installed. On the upper end or side of the coupling shaft, a guide pulley is further installed. The wires(400,401) are coupled to and wound on the detachable wire pulley device(600) and the guide pulley(510) that are coupled with one end and the other end of the elevator(500). When one of the wires are pulled from an upper direction, the elevator(500) is safely lifted vertically.","본 발명은 고층건물에 화재나 지진, 건물붕괴 등과 같은 긴급 상황이 발생할 경우 그 건물의 외벽을 따라 신속하게 승강이동하여 안전하게 인명을 구조하여 재난으로 부터 인명피해의 최소화를 도모하는데 크게 일조할 수 있는 새로운 형태의 초고층건물의 인명구조용 엘리베이터구동장치에 관한 것이다. 
     즉, 좌우 일정간격 선회작동할 수 있는 선회장치(300)에서 건물의 아래 지면을 향해 길게 늘어뜨려지는 가운데 일체로 연결된 두가닥 와이어(400,401)의 일측과 타측에는 인명 탑승용 엘리베이터(500)의 상부 일단과 타단에 각각 체결할 수 있는 탈부착용 와이어 풀리장치(600)를 설치하는 한편, 상기 탈부착용 와이어 풀리장치(600)와 대응하는 엘리베이터(500)에는 나사결합부(511)를 가진 체결용 샤프트(510)를 구비 시킨 것과; 상기 체결용 샤프트(610)의 상단 또는 측면에 와이어 안내용 풀리(520)를 더 구비시킨 것과; 상기 엘리베이터(500)의 일단과 타단에 결합되는 탈부착용 와이어 풀리장치(600)와 안내용 풀리(510)에 상기 와이어(400,401)를 각각 연결 권취시켜 그 와이어 중 하나의 와이어를 상방에서 잡아 당기면 엘리베이터(500)를 안전하고 용이하게 상,하 리프팅할 수 있도록 한 것이다. 
     [색인어] 
     와이어, 엘리베이터, 체결용 샤프트, 탈부착용 와이어 풀리장치, 와이어 풀리,  &#34; 형 커버, 보조롤러, 풀리축, 각형 걸림부,",,A62B1/08;A62B1/02,A62B1/02;B66B9/187,JIN YOUNG R & S CO LTD,KR,True,True
KR-20190084197-A,KR-20180002005-A,KR,A,67474386,20180106,20180106,20190716,0,Smart Emergency Exit Lamp,스마트 피난구 유도등,"The present invention relates to a smart refuge guide light, and more particularly, to a smart refuge guide light which allows a portable emergency light to be separated into a flashlight while maintaining the function of indicating the direction of a refuge when an emergency such as building collapse or a fire, due to the generation of a disaster to serve as a flashlight and transmit a distress signal, thereby being actively used in lifesaving. To this end, the smart refuge guide light comprises: a base emergency light installed to be supported by a building wall, and having an evacuation exit induction light turned on in an emergency; and the portable emergency light constantly charged by a built-in battery in a state of being attached to the base emergency light, provided with the evacuation exit induction light to be constantly turned on, and turning on a flashlight lamp and transmitting the distress signal every predetermined time while being separated from the base emergency light in case of an emergency. The base emergency light turns on the evacuation exit induction light when the portable emergency light is separated therefrom.","본 발명은 피난구 유도등에 관한 것으로서, 특히 재해/재난 등으로 건물붕괴 및 화재 등의 비상상황 발생시 피난구의 방향표시 기능은 유지한 채 휴대가능한 비상등이 손전등으로 분리되어 후레쉬와 조난신호 전송 기능을 하여 인명구조에 적극 활용되는 스마트 피난구 유도등에 관한 것이다. 
이를 위하여, 본 발명은 건물 벽체에 지지되도록 설치되고, 비상시 점등되는 피난구 유도등이 구비되는 베이스 비상등; 및 상기 베이스 비상등에 부착된 상태로 내장 배터리에 의해 상시 충전되고 피난구 유도등이 구비되어 상시 점등되며, 비상시 베이스 비상등으로부터 분리되면서 후레쉬 램프가 점등되고 조난신호를 일정 시간마다 전송하는 포터블 비상등; 을 포함하여 구성되며, 상기 베이스 비상등은 포터블 비상등의 분리시 피난구 유도등이 점등되는 것을 특징으로 하는 스마트 피난구 유도등을 제공한다.",,F17D5/005;F16B5/0664;F17D3/01;F21V33/0064;G08B21/0263;F21S9/04;G08B3/10;G08B5/36,G08B5/36;G08B3/10;F21S9/04;F21V33/00;G08B21/02,WUJUNG HIGHTECH CO LTD,KR,True,False
CN-112329675-A,CN-202011259924-A,CN,A,74317645,20201112,20201112,20210205,0,Fourier transform-based polarized SAR data collapse identification building method,,"The invention discloses a method for identifying collapsed buildings based on polarized SAR data of Fourier transform, which provides a new characteristic parameter, namely angular domain variation coefficient CV _ AFI based on Fourier transform magnitude spectrum, is used for identifying collapsed buildings and perfect inclined buildings, and is combined with a polarization decomposition method to extract collapsed buildings in a post-earthquake disaster area. The method provided by the invention can achieve 82.95% of damaged buildings and 85.20% of perfect buildings. 78% of the perfect sloping structures were successfully separated from the collapsed structures. If the perfect buildings are mistakenly identified as collapsed buildings, rescue deployment is misguided, and a large amount of disaster relief resources are consumed. The CV _ AFI parameter provided by the invention can effectively describe the space distribution difference and the structural feature difference of collapsed buildings and inclined buildings in a frequency domain, can better identify the two buildings, and improves the precision of identifying earthquake damage of the buildings after an earthquake.",,,G06V20/176;G06T7/136;G06T2207/20056;G06T2207/10044,G06T7/136;G06K9/00,EARTHQUAKE ADMINISTRATION OF GANSU PROVINCE,,True,False
CN-117090592-A,CN-202310855085-A,CN,A,88778859,20230713,20230713,20231121,0,Combined tunneling mechanism for tunneling type lifesaving channel,,"The invention relates to the technical field of mine rescue teams, in particular to a combined tunneling mechanism for a tunneling rescue channel, which solves the problems that after the existing mine collapses, if the position of the existing mine collapses deeply, the rescue teams can enter the collapse through combining rescue instruments and a large amount of time, so that time and labor are wasted, and secondary collapse is possibly encountered in the rescue process, and the collapse is damaged again in the prior art. The combined tunneling mechanism for the tunneling type lifesaving passage comprises a tunneling mechanism, a pushing mechanism and a supporting mechanism, wherein the tunneling mechanism comprises a bottom supporting frame, a front baffle plate detachably connected to one side of the top of the bottom supporting frame, and an extension cylinder horizontally arranged on one side of the front baffle plate. The invention has reasonable structure, is convenient for splicing and extending the tunneling depth, is convenient for realizing automatic propulsion and crushing, greatly improves the rescue efficiency, saves time and labor, and simultaneously avoids the injury to rescue workers caused by secondary collapse.",,,E21D9/10;E21D9/1093;E21D9/1086;E21F11/00,E21D9/10;E21F11/00,JIANGSU TIANDUN HEAVY INDUSTRY MACHINERY TECH CO LTD,,True,False
JP-2017119044-A,JP-2015257655-A,JP,A,59271268,20151229,20151229,20170706,0,Disaster prevention desk,,"PROBLEM TO BE SOLVED: To provide a disaster prevention desk having an excellent disaster prevention function.SOLUTION: A disaster prevention desk 1 includes: a top plate 2; a plurality of legs 3s, 3s supporting the top plate 2. The leg 3s includes: a leg frame 11 joining at least two vertical materials 16 and at least two horizontal materials 17 in a closed frame shape and forming an opening on both sides; an outer plate 12 closing an outer side of the opening of the leg frame 11; a lid body 13 closing an inner side of the opening of the leg frame 11; and a floor connection part 15 fixing the leg 3s on a floor 14 of a building. Disaster prevention equipment 24 is stored in an inner space 23 of the leg frame 11 covered by the outer plate 12 and lid body 13. The disaster prevention desk is fixed on the floor through the floor connection part, and is not thereby moved even if the building is oscillated. Thus, an evacuee can firmly grasp the disaster prevention desk and ensure body safety. Even when a building collapses and an evacuee is embedded in debris and trapped under the disaster prevention desk, a possibility of being rescued can be enhanced by the disaster prevention equipment stored in the inner space.SELECTED DRAWING: Figure 5",,,,A47B7/00;A47B13/00,ATTAKA MORINOKUNI KARA:KK,,True,False
KR-20200095012-A,KR-20190012547-A,KR,A,72049126,20190131,20190131,20200810,0,Remote Controllable fire fighting truck,원격 컨트롤이 가능한 방수포,"The present invention relates to a remotely controllable waterproof cloth and, more specifically, to a waterproof cloth having excellent accessibility for effective firefighting. According to the present invention, the waterproof cloth comprises: a body in which a fire hose is loaded; a track wheel coupled to a lower part of the body; and a waterproof cloth unit installed on a front side of the body to spray firefighting water at high pressure to a fire point.","본 개시는 사전 제작된 대형 소방차에 탑재하여 이동성과 기동성을 갖되 자체 동력으로 주행이 가능하여 화재 진압에 대한 유리한 위치 선정 및 접근성이 우수하고, 화재의 초기 진압성이 우수하여 인명을 보호하고, 재산피해를 최대한으로 억제가 가능하며, 소방호스가 탑재되어 있어 대형 소방차로부터 무거운 소방호스를 현장까지 운반해야되는 기존의 소방호스 제공방법이 개선되고, 이를 통해 소방전 등과 연결이 용이하여 화재 및 주변환경에 대한 적극적인 대처가 가능해져 화재 진압의 유리함이 제공되고, 골목길 등의 좁은 통행로의 각종 장애물을 피해 무거운 소방호스를 화재현장까지 운반이 가능하여 시간 소비의 낭비가 발생되지 않아 초기 진압이 유리하며, 원격 컨트롤에 따른 무인 이동이 가능하여 화재 현장에 투입된 소방관이 화염과 연소에 의한 유독가스 및 건물 붕괴, 고온의 화염이 발생하고 폭발 등의 위험을 받는 종래 문제점이 해결되고, 계단이나 건물 붕괴 등으로 인한 잔해에 따른 장애물 통과에 대한 극복이 유리하고, 좁은 공간이나 사람이 출입할 수 없는 곳에 접근이 유리해 효과적인 화재 진압이 가능하며, 화재 진압을 위한 복합적인 기술과 기능의 접목으로 인해 효과적인 화재 진압이 가능하고, 화재 현장에서의 소방 활동성이 보장되어 소방로봇 개발과 보급에 대한 발판이 되고, 화재현장으로 소방호스를 이동해 화재 진압을 함으로써 고압대 유량의 방수가 어려운 종래의 문제점이 개선되는 장점을 갖는 원격 컨트롤이 가능한 방수포에 관한 것이다. 
본 개시의 실시예에 따른 원격 컨트롤이 가능한 방수포는 소방호스가 적재되며, 기제작된 소방차에 상하차되는 몸체와, 상기 몸체의 하부에 결합되되, 계단 또는 건물 붕괴 등으로 인한 장애물을 통과하여 상기 몸체가 화재 진압을 위한 장소로 위치 이동되도록 주행시키는 궤도바퀴 및 상기 몸체의 전방측에 설치되되, 소방차 또는 소화전 등으로부터 공급되는 소방수를 화재 지점에 고압으로 분사하는 방수포를 포함하고, 상기 몸체와 상기 궤도바퀴 및 상기 방수포는 원격에 의한 무인으로 작동된다.",,H04N23/57;B25J11/00;A62C99/009;B25J5/005;A62C27/00;B25J19/023;F04B17/05;H04N5/2257,B25J19/02;B25J5/00;B25J11/00;A62C99/00;A62C27/00;H04N5/225;F04B17/05,DEOKYANG ECO CO LTD,KR,True,False
CN-107289916-A,CN-201710519707-A,CN,A,60099357,20170630,20170630,20171024,0,A kind of method deformed in fire using situation detection by laser building structure,,"The invention discloses a kind of method deformed in fire using situation detection by laser building structure, including (1), laser positioning position is set, (2) selection laser positioning region, (3) transmitting multi-stripe laser builds measurement line segment, (4) the relative displacement residual quantity of line segment and reference substance is measured in observation localization region, and there is provided early warning.The present invention is according to targeted design the problem of being run into fire scenario, it is ingenious to make use of multi-stripe laser structure measurement line segment to be compared with architectural existing fixed reference thing in the scene of a fire, and the change residual quantity of the two generation of monitoring in real time, so as to contrast the parameter for obtaining scene of a fire building deformation, the early warning before building collapse is realized, environmental suitability of the present invention is strong, application is good, cost is relatively low, disclosure satisfy that the required precision of fire field environment measurement, is had a good application prospect in fire-fighting and rescue field.",,,G01C15/002,G01C15/00,SICHUAN FIRE RES INST MINISTRY PUBLIC SECURITY,,True,False
CN-106710420-A,CN-201710105149-A,CN,A,58917539,20170225,20170225,20170524,0,Tank model capable of launching fire-extinguishing bullets special for juvenile national defense,,"The invention discloses a tank model capable of launching fire-extinguishing bullets special for juvenile national defense. The tank model comprises a tank base, a fire rescue fireman cabin, a fire-extinguishing bullet supply cabin, a rotatable launching battery, a telescopic scaling ladder, a gun barrel, a cockpit, a left front main wheel axle, a left front main wheel, a left front fixing rack member, a left auxiliary wheel, a left rear fixing rack member, a left rear main wheel, a left track, a left rear main wheel axle, a left upper wheel, an auxiliary base, a main base, a right front main wheel, a right track, a right front main wheel axle, a right front fixing rack member, a right auxiliary wheel, a right rear fixing rack member, a right rear main wheel axle, a right rear main wheel and a right upper wheel. By virtue of the barrier property of heavy armor and high cross-country power of the track, casualties of firemen caused by chemical explosion, toxic gas leakage, building collapse and large-scale fire can be effectively avoided, and the operating dangerousness in a high-risk area is greatly reduced. Moreover, the fire-fighting efficiency and accuracy are improved, and the tank model makes an important contribution for enabling China to stride forward the countries having intelligent fire-fighting equipment.",,,G09B25/00;A62C99/0081,A62C99/00;G09B25/00,FOSHAN CITY SANSHUI DISTR XIWANG TORCH EDUCATION SCIENCE & TECH CO LTD,,True,False
CN-113919195-A,CN-202111063363-A,CN,A,79234629,20210910,20210910,20220111,0,Fire-receiving building collapse early warning method based on damage and damage pattern matching,,"The invention relates to the technical field of building safety and emergency rescue, and discloses a fire-affected building collapse early warning method based on damage and damage mode matching, which comprises the following steps: marking key elements of the building structure; constructing a structural damage failure mode database based on different fire working conditions, wherein each data sample of the structural damage failure mode database is associated with a component combination causing the fire working condition; and acquiring a member damaged and destroyed on the fire scene, and judging whether a collapse risk exists or not based on the structural damage and destruction mode database. The method can quickly and accurately judge the stability condition of the fire-receiving building, early warn the structural collapse and provide a technical basis for fire extinguishing and rescue command decision on a fire scene.",,,G06F30/13;G06F2111/10;G06Q50/08;G06F30/23,G06F30/23;G06F30/13;G06F111/10;G06Q50/08,SICHUAN FIRE RES INST MEM,,True,False
KR-20110021245-A,KR-20090078922-A,KR,A,43930170,20090825,20090825,20110304,0,Breathing apparatus for saving a life,피구조자용 호흡 장비,"PURPOSE: A respiratory device for a rescued person is provided, which can prevent a large scale of life accident by quickly and safely rescuing persons. CONSTITUTION: A respiratory device for a rescued person comprises: an air tank(10) which is filled with air in predetermined pneumatic pressure; a decompression unit(20) in which a decompressor reducing pressure of the air formed in the central part; a mask(40) which is formed so that a rescued person can inhale the air provided from the air tank by the negative pressure; a bent guide unit(42) in which the inside is penetrated in order to supply air to a mask; a receiving unit which keeps the air tank; and a case part(50) in which a storage is formed.","본 발명은 피구조자용 호흡 장비에 관한 것으로, 공기가 충전되어 있는 공기탱크와 상기 공기탱크의 기압을 감압하는 감압부와 상기 감압부로부터 감압된 공기를 공급하여 피구조자가 흡입하는 마스크로 구성된 것으로, 화재 또는 건물의 붕괴 등의 구조 현장에서 피구조자들이 신속하고 안전하게 대피하여 구조되는 피구조자의 수를 높여 대형의 인명사고를 예방할 수 있도록 피구조자에게 개별적으로 공급할 수 있는 호흡 장비에 관한 것이다. 
       
     구조장비, 공기탱크, 감압부, 중압호스, 마스크, 충전부재",,A62B9/02;A62B9/06;A62B7/04,A62B9/02;A62B7/02;A62B9/06,HWANG JIN YEON,KR,True,True
KR-20230100672-A,KR-20220184754-A,KR,A,87158785,20221226,20211227,20230705,0,Seismic structure desgin method of fire extinguishing piping,소화배관의 내진구조 설계방법,"The present invention relates to a seismic structure design method applied to a fire extinguish pipe of a fire prevention facility, which comprises: a fire extinguishing pipe determination step which determines a fire extinguishing pipe facility where a seismic structure design will be applied; an earthquake load selection step which selects an earthquake load on the fire extinguishing pipe determined by the fire extinguishing pipe determination step; an equivalent static load production step which produces an equivalent static load in the horizontal direction applied to the fire extinguishing pipe by earthquakes when the earthquake occurs; a dynamic analysis applying step which applies the dynamic analysis to the fire extinguishing pipe to review the safety of a member to be fixed to the fire extinguishing pipe; a structural safety checking step which checks the structural safety of a basic facility fixed to the floor; and a fixing method determination step which determines a fixing method of the member installed in the fire extinguishing pipe. According to the present invention, the method can improve the accuracy and precision of the seismic structure design.","본 발명은 소방시설의 소화배관에 적용되는 내진구조 설계방법에  관한 것으로, 내진구조 설계가 적용될 소화배관 설비를 결정하는 소화배관 결정 단계; 상기 소화배관 결정 단계에 의해 결정된 소화배관에 지진 하중을 선정하는 지진 하중 선정 단계; 지진 발생 시 지진에 의해 소화배관에 적용되는 수평방향의 등가정적하중을 산정하는 등가정적하중 산정 단계; 소화배관에 동적해석법을 적용하여 소화배관에 정착될 부재의 안전성을 검토하는 동적해석 적용 단계; 바닥에 고정되는 기초 설비의 구조안전성을 확인하는 구조 안전성 확인 단계; 및 소화배관에 설치되는 부재의 정착 방법을 결정하는 정착방법 결정 단계;를 포함하는 것을 특징으로 하고 있다.",,A62C35/68;G06F30/18;G06F2111/20;G06F30/20;G06F2111/10;G06F2111/06;G06F2119/14,G06F30/20;A62C35/68;G06F30/18;G06F111/06;G06F111/10;G06F111/20;G06F119/14,AN CHANG YUP;O HEUNG GYU;KIM KIL JOONG,KR,True,False
KR-100701789-B1,KR-20060129029-A,KR,B1,37870685,20061215,20061215,20070329,20070329,Drive system of life structure elevator of skyscraper,초고층건물의 인명구조용 엘리베이터의 구동시스템,,"본 발명은 고층건물에 화재나 지진, 건물붕괴 등과 같은 긴급 상황이 발생할 경우 건물의 외벽을 따라 신속하게 승강이동하여 안전하게 인명을 구조하여 재난으로 부터 인명피해의 최소화를 도모하는데 크게 일조할 수 있는 새로운 형태의 초고층 건물의 인명구조용 엘리베이터 시스템에 관한 것이다. 
     	즉, 고층건물 옥상의 일측에 일정한 길이의 와이어를 좌우방향으로 선회 작동할 수 있는 와이어 좌우 선회장치와; 그 일측에 일정한 길이의 가이드레일과; 상기 가이드레일과 선회장치 와이어의 선회작동에 따라 좌우 일정간격 이동이 자유롭고 엘리베이터의 리프팅 매개체인 상하 리프팅 안내용 와이어가 권설된 엘리베이터 구동장치와; 상기 엘리베이터 구동장치에 권설된 상태에서 건물의 하방 지면으로 두 가닥 늘어뜨려져 엘리베이터의 리프팅 매개로 작용하는 엘리베이터 상, 하 리프팅 안내용 와이어와; 상기 건물바닥으로 하향 늘어뜨려진 두 줄의 상, 하 리프팅 안내용 와이어에 선택 장착된 상태에서 그 와이어를 타고 스스로 리프팅 구동하면서 필요한 건물 외벽위치로 이동하여 인명 구조할 수 있도록 하는 와이어리프팅 구동장치를 가진 구조용 엘리베이터; 를 포함하여 이루어지는 것이다. 
       
     	와이어, 구동모터, 가이드레일, 엘리베이터, 끼움홈, 보조커버, 힌지핀",,A62B1/02;A62B1/06,A62B1/02;B66B9/187,,,True,True
KR-102436059-B1,KR-20190092594-A,KR,B1,74559333,20190730,20190730,20220829,20220829,Gas inflatable type lifesaving safety mat,가스팽창식 인명구조 안전매트,,"본 발명은 가스인플레이트에 의해 안전매트에 신속하게 공기를 주입시켜 팽창되게 하여 미숙련자도 손쉽게 설치가 가능하고 고층건물의 화재나 비상시에 떨어지는 낙하자를 용이하게 구조할 수 있는 가스팽창식 인명구조 안전매트에 관한 것으로, 공기가 주입되어 팽창되면서 펼쳐지는 매트 본체와, 상기 매트 본체의 측부에 연결되어 매트 본체로 공기를 주입시키는 가스인플레이터와, 상기 매트 본체의 내부에 구비되어 충격을 완충할 수 있도록 하는 충격완충부와, 상기 충격완충부의 상부로 덮여져 충격을 흡수하는 매트 상판과, 상기 매트 본체의 상부 외측에 구비되어 매트 본체를 이동시킬 수 있는 이동부를 포함한다.",,A62B1/22,A62B1/22,,,True,True
CN-113627047-A,CN-202110785314-A,CN,A,78379542,20210712,20210712,20211109,0,Method for quickly identifying post-earthquake structural damage based on flexibility change rate and pattern matching,,"The invention discloses a method for quickly identifying post-earthquake structural damage based on flexibility change rate and pattern matching, which comprises the following steps of: establishing a finite element model of the structure, and carrying out modal analysis on various damage working conditions; calculating the flexibility change rate of the injury to form an injury mode library; carrying out modal identification on the structure dynamic response, and calculating a matching vector to form a test set; and (5) carrying out similarity measurement on the matching vectors in the test set and a pattern library in sequence, and judging the damage position and the damage degree according to the matching result. The method has the advantages of small calculation amount and high calculation speed; the influence of excitation can be eliminated, so that the established damage mode library is not influenced by external environmental factors; the damage position and the damage degree can be efficiently and quickly identified, and the defect that the damage degree cannot be quantified by the traditional method for identifying the structural damage based on the flexibility matrix is overcome. Therefore, the method is suitable for the post-earthquake damage and safety evaluation of the structure, and has great significance for emergency rescue and emergency decision after earthquake.",,,G06F18/22;G06F2218/08;G06F2218/12;G06F30/23;G06F2119/14,G06K9/00;G06F30/23;G06F119/14;G06K9/62,UNIV JINAN,,True,False
CN-117108300-A,CN-202310855062-A,CN,A,88811730,20230713,20230713,20231124,0,Graded power propulsion system and propulsion device for tunneling type lifesaving passage,,"The invention relates to the technical field of mine rescue, in particular to a grading power propulsion system and a propulsion device for a tunneling rescue channel, which solve the problems that the supporting mechanism of the existing tunneling rescue machine in the prior art is inconvenient to adjust the angle, and after the mine collapses, if the position of the mine is deeper to be rescued, the rescue team is combined with a rescue instrument to enter the collapse, a great amount of time is needed, so that time and labor are wasted, and secondary collapse is possibly encountered in the rescue process, and the secondary injury is caused. The utility model provides a tunneling type life saving passageway is with hierarchical power propulsion system and advancing device, includes tunneling mechanism, pushing mechanism, adjustment mechanism and sediment mechanism, and tunneling mechanism includes bottom support frame. The invention improves the convenience of installation, thereby greatly improving the rescue efficiency, facilitating the splicing and prolonging of the tunneling depth, facilitating the realization of automatic propulsion and crushing and improving the rescue efficiency.",,,E21D9/10;E21D9/1093;E21D9/1086;E21D9/12;E01B23/10;E01B23/00,E21D9/10;E01B23/00;E01B23/10;E21D9/12,JIANGSU TIANDUN HEAVY INDUSTRY MACHINERY TECH CO LTD,,True,False
CN-117058842-B,CN-202310937204-A,CN,B,88658090,20230728,20230728,20260424,20260424,Real-time early warning method for secondary collapse risk of RC frame semi-ruin structure after earthquake,,"The invention relates to the field of earthquake on-site rescue and early warning, in particular to a real-time early warning method for secondary collapse risk of a ruin structure of an RC frame. The method comprises 4 modules, wherein the module 1 is used for realizing the whole process of the RC frame structure from intact to ruins and then to secondary collapse through simulating a main-aftershock effect by using a seismic simulation vibrating table, the module 2 is used for processing the structural dynamic response time course data by adopting a high-dimensional continuous transverse moving time window method and obtaining dynamic response characteristics of the RC frame semi-ruins secondary collapse structure, the module 3 is used for clustering the secondary collapse risk type of the RC frame semi-ruins structure by using a K-Means machine learning algorithm, and the module 4 is used for realizing real-time early warning of the secondary collapse risk of the RC frame semi-ruins structure by using Informer machine learning algorithm. The invention can scientifically and accurately judge and predict the risk of secondary collapse of the RC frame ruin structure under the aftershock.",,,G06F30/27;G06N20/00;G06F18/24;G06F18/23213;G08B31/00;G08B21/10,G08B31/00;G06N20/00;G06F30/27;G06F18/24;G06F18/23213;G08B21/10,,,True,False
KR-102080533-B1,KR-20180166836-A,KR,B1,69637099,20181221,20181221,20200224,20200224,Safety Diagnosis System for Underground,지하 작업공간에 대한 안전진단 시스템,"The present invention relates to a safety diagnosis system for an underground working space which comprises: a gateway installed on a lower portion of a manhole cover to communicate with the outside through Wi-Fi communication and Bluetooth communication; an environment sensor which is installed in the working space and configured to be changed from a sleep mode to a wake-up mode when an operation signal is transmitted from the gateway through the Bluetooth communication to detect at least one of the environment states of gas detection, carbon dioxide detection, temperature and humidity detection, and immersion detection in the working space, and to transmit the environment state to the gateway; and a worker terminal with an application installed therein to provide a worker with environment state information provided by the environment sensor. The gateway performs the Bluetooth communication with the worker terminal when the worker terminal, in which the application is run, enters within a reference distance, generates the operation signal for changing the environment sensor from the sleep mode to the wake-up mode, and transmits the operation signal to the environment sensor.","본 발명은 지하 작업공간에 대한 안전진단 시스템에 관한 것으로, 맨홀 뚜껑의 하부에 설치되어 와이파이 통신과 블루투스 통신으로 외부와 통신하는 게이트웨이; 작업공간 내에 설치되고, 블루투스 통신을 통해 상기 게이트웨이로부터 동작신호가 전송될 때 슬립 모드에서 웨이크업 모드로 변경되어 작업공간 내의 가스감지, 이산화탄소감지, 온습도감지, 및 침수감지 중 적어도 어느 하나의 환경상태를 감지하여 상기 게이트웨이로 전송하는 환경센서; 및 상기 환경센서에서 제공하는 환경상태정보를 작업자에게 제공하는 앱이 설치된 작업자 단말기를 포함하고, 상기 게이트웨이는 상기 앱이 구동된 작업자 단말기가 기준 거리 이내로 진입될 때 상기 작업자 단말기와 블루투스 통신을 수행한 후 상기 환경센서를 슬립 모드에서 웨이크업 모드로 변경시키기 위한 동작신호를 생성하여 환경센서로 전송하는 것을 특징으로 한다.",,G08B25/08;G08B21/18;G08B21/12;G08B21/20;G08B25/016,G08B25/01;G08B21/20;G08B21/12;G08B21/18,JGPOWERNET CO LTD,KR,True,False
CN-120995310-A,CN-202511172222-A,CN,A,97696205,20250821,20250821,20251121,0,Intelligent protection method and system for fire extinguishing protective clothing based on impact mechanics analysis,,"The invention belongs to the technical field of fire protection equipment, and discloses an intelligent protection method and system for fire protection clothing based on impact mechanics analysis, wherein the intelligent protection method and system comprise the steps of quantifying main frequency energy of sound waves, heat radiation intensity and human impact force vector, and constructing an environment risk portrait; the method comprises the steps of carrying out grading treatment on different types of data, calculating a human body injury risk index, a collapse risk index and a secondary collapse probability to generate a collaborative threat grading table, monitoring firefighter physiological state data in real time, triggering protection actions according to threat grades and response priorities, dynamically generating a physiological-environment linkage instruction set, detecting high risk positions and triggering conditions through mapping of group topological coordinates and risk areas, generating a directional defense instruction and driving a touch vibration array, synchronously recording group protection execution logs, and dynamically correcting threat grade thresholds, linkage instruction strategies, touch feedback parameters and calculation accuracy of threat indexes in the threat grading table.",,,G06F2218/08;G06F2218/12;A62B17/003;G06Q50/265;G06F18/10;G06F18/21;G06F18/2431,G06Q50/26;G06F18/21;G06F18/10;A62B17/00;G06F18/2431,U PROTEC SHENZHEN TECH CO LTD,,True,True
KR-100962373-B1,KR-20080047987-A,KR,B1,41604748,20080523,20080523,20100610,20100610,Shore Protection Revetments of Hydrophilic with Capacity of Wave Dissipating,소파 성능이 내재된 친수호안블록,,"본 발명은 해안, 하천, 호수, 물량장 등에 사용하여 사람들이 수변에 원활하게 접근할 수 있으며, 바다의 파도나 물량장 등에서 발생하는 항주파, 호수내의 파랑에 의한 제방의 붕괴, 유속에 의한 하천 제방 등의 유실을 방지하기 위한 소파 성능이 내재된 친수호안블록에 관한 것이다.  
     하천이나 해안에 설치되는 콘크리트 구조물로서 사람들의 문화생활 향상에 따른 수변이나 해안의 접근성을 향상시키기 위한 구조물로 하천의 제방 보호 및 해안의 제방보호를 주된 목적으로 한다. 종래의 유사한 구조물들은 단순 법면 보호기능 위주로 개발 보급되고 있는 사항이나 본 발명은 제방보호와 사람들이 안전하게 물가에 접근할 수 있는 구조로 되며 본 발명 블록의 시공시 기초블록, 기본블록, 마감블록으로 구성되어 기초단부터 상부마감까지 서로 교차되게 적층되는 구조로 기초지반 부실에 의한 부등침하 저항성을 향상시키며 블록의 하단부에 설치된 돌출 구조들을 이용하여 공극률을 극대화시켜 해안이나 하천, 호수 등의 파랑이나 태풍, 해일 등의 발생시 제방에 진입하는 파의 에너지를 감쇄시켜 월파방지를 최소화하며 또한 파 에너지에 의한 연안침식을 최소화시킬 수 있으며 선착장이나 물량장 등에 설치 시 선박의 주행에 의해 발생되는 항주파를 최소화하여 소형 선박 등의 계류가 보다 안전할 수 있도록 파력과 유속 등의 힘을 분산시킬 수 있다. 
       
     기초블록, 기본블록, 마감블록, 고정홈, 차수벽, 유공부, 천단블록, 감세부, 돌출부",,Y02A10/11;E02B3/14;E02B3/06,E02B3/06;E02B3/14;E02B3/12,,,True,False
KR-101457677-B1,KR-20140012551-A,KR,B1,52287091,20140204,20140204,20141107,20141107,System for saving a life and information transmission by collapse of structure,붕괴에 따른 인명구조 정보전달 시스템,"The present invention relates to a system, for transmitting lifesaving information due to collapse of building structure, which detects collapse of the building structure, detects existence of human who cannot evacuate, and transmits the status of collapse of the building structure and the existence of human to people who are in concern, emergency rescue agencies and rescue workers when earthquake, external shock or fire occurs within the building structure in which people work or rest. More particularly, the present invention relates to a system for transmitting lifesaving information due to collapse of building structure which includes: a vibration detection unit; a human detection unit; a collapse detection unit; a data transmission unit for converting data detected in the collapse detection unit into a signal and transmitting to a data collection and analysis unit wherein the data collection and analysis unit generates a collapse reference by analyzing the transmitted signal, determining the collapse of the building structure using the collapse reference and existence of human, and transmitting the information to a communications service provider web application server wherein the communications service provider server transmits the collapse of the building structure and existence of human to emergency rescue agencies and rescue workers, and people who are in concern with the building structure in real time, thereby helping rapid lifesaving and understanding the safety and security of people who are in concern with the building structure.","본 발명은 사람들이 내부에서 업무 또는 휴식을 취하는 건축구조물에 지진, 외부충격, 화재가 발생할 경우 상기 건축구조물의 붕괴 여부를 감지하고 상기 건축구조물 내부에 대피하지 못한 사람의 유무를 감지하여 상기 건축구조물에 관련된 사람들과 구조기관, 구조대원들에게 상기 건축구조물의 붕괴 상황 및 사람의 존재 유무 상황을 전달할 수 있는 건축구조물의 붕괴에 따른 인명 구조 정보 전달 시스템에 관한 것으로 보다 상세하게는 진동 감지부와 인체 감지부와 붕괴 감지부에서 감지한 데이터를 데이터 전송부에서 신호로 변환하여 데이터 수집 분석부에 전송하며 상기 데이터 수집 분석부는 전송된 신호를 분석하여 붕괴 기준을 생성하고, 상기 붕괴 기준을 통해 건축구조물의 붕괴 유무 및 사람의 존재 유무를 판단하여 통신사 웹 어플리케이션 서버에 전송하며, 상기 통신사 웹 어플리케이션 서버는 상기 건축구조물의 붕괴 유무 및 사람의 존재 유무를 구조기관 및 구조대원들과 상기 건축구조물과 관련된 사람들에게 실시간으로 전송하여 신속한 인명 구조 및 상기 건축구조물과 관련된 사람들의 안전을 미리 파악할 수 있는 건축구조물의 붕괴에 따른 인명 구조 정보전달 시스템에 관한 것이다.",,G08B5/22;G08C17/02;G08B21/10;G08B25/10;G08B3/10;G08B19/00,G08B19/00;G08B25/10,KM INDUSTRY,KR,True,False
KR-102601337-B1,KR-20210025250-A,KR,B1,83281950,20210225,20210225,20231110,20231110,floor indefendent type firefighting unit and floor indefendent type firefighting system using the same,건물 층별 소화유니트 및 이를 적용한 건물 층간 독립형 소방시스템,,"본 발명은 건물 층별 소화유니트 및 이를 적용한 건물 층간 독립형 소방시스템에 관한 것으로서, 건물 층별 소화유니트는 건물의 해당 층에 독립되게 마련되며 소방수를 저수공간에 가압상태로 저장하는 가압탱크와, 가압탱크가 설치된 층에 마련된 소화수 분사용 노즐로부터 상기 가압탱크와 연통되게 마련된 공급관로에 설치되어 공급 제어신호에 따라 상기 공급관로를 개폐하는 개폐밸브가 마련된 소화수 공급부와, 소화수 공급부가 설치된 층에 장착된 화재감지기로부터 화재감지신호가 수신되면 개폐밸브가 개방되게 제어하여 가압탱크에 저수된 소화수가 노즐을 통해 분사되게 처리하는 단말제어부를 구비한다. 이러한 건물 층별 소화유니트 및 이를 적용한 건물 층간 독립형 소방시스템에 의하면, 지진과 같은 재난상황 발생에 의해 일부 층이 붕괴되거나 상용전원의 공급이 차단되더라도 층별로 자체 화재 감지 및 진화처리를 독립적으로 수행할 수 있어 재난 피해를 최소화할 수 있다.",,A62C37/38;A62C3/0214;A62C35/58;A62C35/68;A62C37/46;E04B1/941;G06Q50/10;H02J7/35;H02J9/06;Y02E10/50,A62C37/38;A62C3/02;A62C35/58;A62C35/68;A62C37/46;E04B1/94;G06Q50/10;H02J7/35;H02J9/06,,,True,False
CN-112257544-A,CN-202011116489-A,CN,A,74244547,20201019,20201019,20210122,0,High-resolution remote sensing image post-earthquake building detection method based on sparse dictionary,,"The invention discloses a sparse dictionary-based high-resolution remote sensing image post-earthquake building detection method. Belongs to the field of remote sensing and photogrammetry; the method comprises the following specific steps: 1. extracting a potential building set and constructing a multi-feature earthquake damage visual dictionary; 2. constructing a context relation based on spatial pixels in a visual dictionary; 3. the sparse expression of the visual dictionary can realize more detailed expression of the characteristics of the original image; 4. and obtaining a final detection result through earthquake damage building detection based on SVM classification. After an earthquake occurs, the method can quickly and accurately judge the position of the earthquake-damaged building, and has important effects on carrying out emergency rescue and disaster assessment after the earthquake; the method is characterized in that a plurality of groups of high-resolution remote sensing images after the earthquake in different areas and different sensors are tested; meanwhile, through further division of intact buildings, partial earthquake-damaged buildings and ruins in detection results, key decision support can be provided for emergency response rescue after earthquake and reconstruction after disaster.",,,G06F18/2411;G06F18/28;G06V10/507;G06V10/267;G06V10/56;G06V20/176;G06V10/44,G06K9/34;G06K9/62;G06K9/46;G06K9/00,UNIV NANJING INFORMATION SCIENCE & TECH,,True,False
KR-102569499-B1,KR-20220075700-A,KR,B1,87846982,20220621,20220621,20230825,20230825,Buried person search device using detachable module,분리형 모듈을 활용한 매몰자 탐색 장치,"The present invention relates to a shipwrecked person detecting device at a collapse disaster site, and more specifically, to a buried person searching device using a detachable module. According to an embodiment of the present invention, the buried person searching device using a detachable module comprises: a ground drone (10) deployed at the collapse disaster site, traveling by driving a track device (20), and equipped with a communication device (80) and a first beacon; a camera device (40) mounted on the ground drone (10) to photograph the front, rear, left and right sides, and top of the ground drone (10); a storage (50) installed on the ground drone (10), storing a repeater module (60), and throwing the repeater module (60) at the collapse disaster site according to an operation signal; a plurality of repeater modules (60) connected to a wireless communication network to relay wireless communication between the ground drone (10), a flying drone (32), and a command and control unit (100) and equipped with a second beacon; and a detection device (70) installed on the ground drone (10) or the repeater module (60) to collect human breathing sounds, voice sounds, mobile phone sounds, and artificial rhythm sounds. According to the present invention, it is possible to more clearly determine whether someone needs help, and if so, where and in what situation.","본 발명의 실시예에 따른 붕괴 재난 현장의 조난자 탐지 장치 더욱 구체적으로 분리형 모듈을 활용한 매몰자 탐색 장치는, 붕괴 재난 현장에 투입되어 궤도 장치(20)의 구동으로 주행하고 통신 장치(80)와 제1 비컨(Beacon)이 탑재된 지상 드론(10); 지상 드론(10)에 탑재되어 지상 드론(10)의 전후방, 좌우 측방 및 상방을 촬영하는 카메라 장치(40); 지상 드론(10)에 설치되고 중계기 모듈(60)을 수납하며 작동 신호에 따라 중계기 모듈(60)을 붕괴 재난 현장에 투척하는 스토리지(50); 무선 통신망으로 연결되어 지상 드론(10), 비행 드론(32) 및 지휘 통제부(100) 간에 무선 통신을 중계하고 제2 비컨(Beacon)이 탑재된 다수의 중계기 모듈(60); 및 지상 드론(10) 또는 중계기 모듈(60)에 설치되어 인체 숨소리, 육성, 휴대전화기 소리 및 인위적 리듬 소리를 수집하는 감지 장치(70); 을 포함한다.",,G01J2005/0077;G01J5/0025;B64U2101/70;B64U10/16;B64U2101/56;B64U80/86;H04N7/181;G06V20/17;G06V20/50;A63B29/021;G01S1/02;G05D2105/87;B64U2201/20;B64U2101/30;G05D2107/36;G05D1/648;H04N7/185;G05D1/6985;G05D1/692;G05D2109/10;G05D2109/254;G05D2105/55;G05D2111/10;G05D1/243;G05D2111/20;G05D2111/14;G06Q50/26;B25J13/006;B25J5/005;B25J9/1689;B64C39/024;G03B15/006;G06Q50/10;G10L17/26;H04B7/155;H04N23/57;H04N7/18,G06Q50/26;B25J5/00;B25J9/16;B25J13/00;B25J19/02;B64C39/02;G03B15/00;G06Q50/10;H04B7/155;H04N7/18;H04N23/00,NAT DISASTER MANAGEMENT RES INST,KR,True,False
CN-215351636-U,CN-202120969704-U,CN,U,79629385,20210506,20210506,20211231,20211231,Fire rescue that can install fast is with preventing device that collapses,,"The utility model discloses a collapse prevention device for fire rescue, which can be quickly installed and solves the technical problem that secondary collapse is easily caused due to the fact that a corresponding supporting and stabilizing device is not available in the existing ditch rescue. The device comprises a first baffle plate, a second baffle plate and an adjusting mechanism, wherein the first baffle plate and the second baffle plate are used for supporting soil bodies on two sides of a ditch; the adjusting mechanism comprises a first rotating telescopic rod movably connected with the first baffle, a second rotating telescopic rod movably connected with the second baffle, and a fixed telescopic sleeve for movably sleeving the first rotating telescopic rod and the second rotating telescopic rod. The utility model adopts the adjusting mechanism which can reasonably adjust the supporting distance between the two baffles according to ditches with different widths, and in order to avoid the support collapse caused by the pressure of soil bodies on two sides on the baffles in the rescue process, the utility model is also provided with the fixing mechanism for stabilizing the distance between the two baffles, so the application is stable and safe.",,,,A62B3/00,SICHUAN FIRE RES INST MEM,,False,True
KR-101613307-B1,KR-20150115662-A,KR,B1,55915861,20150817,20150817,20160429,20160429,System and method for notifying of dangerous situation in building,건물 위험 상황 통지 시스템 및 방법,"The present invention relates to a system for notifying a building manager or an occupant of a hazardous situation by detecting a hazardous situation such as accident, fire, collapse, explosion, break-in and the like occurring in a building and a method thereof. The system for notifying a hazardous situation according an embodiment of the present invention comprises: a detecting apparatus for judging a disaster situation by collecting environment information inside a building, and for transmitting disaster information to a relay apparatus; the relay apparatus for receiving the disaster information transmitted from the detecting apparatus, transmitting the received disaster information to a server, and outputting access point (AP) signals; the server for receiving the disaster information transmitted from the relay apparatus, generating a service set identifier (SSID) list by searching disaster-occurred building information, manager information, user information and an SSID corresponding to an AP of the relay apparatus installed at the disaster-occurred location, based on the received disaster information, and transmitting a push message including the SSID list to a mobile terminal of a user based on the user information; and the mobile terminal for starting wireless communication, detecting the AP signals, and judging whether a hazardous situation occurs by comparing the SSID of the detected AP signals and the SSID list, when the push message is received.","본 발명은 건물에서 발생하는 재해, 화재, 붕괴, 폭발 및 침입 등의 위험 상황을 감지하고 위험상황정보를 건물 관리자 또는 재실자에게 통지하는 시스템 및 방법에 관한 것으로, 본 발명의 하나의 실시예에 따르면 위험 상황 통지 시스템은 건물 내부의 환경정보를 수집하여 재난 상황을 판단하고 재난정보를 중계장치로 전송하는 감지장치, 감지장치로부터 전송되는 재난정보를 수신하고 수신된 재난정보를 서버로 전송하며 AP(Access Point) 신호를 출력하는 중계장치, 중계장치로부터 전송되는 재난정보를 수신하고 수신된 재난정보에 기초하여 재난 발생 건물정보, 관리자정보, 이용자정보, 그리고 재난 발생 위치에 설치되어 있는 중계장치의 AP에 대응하는 SSID(Service Set IDentifier)를 검색하여 SSID 리스트를 생성하고, 이용자정보에 기초하여 이용자의 모바일 단말로 SSID 리스트를 포함하는 푸시 메시지를 전송하는 서버, 그리고 푸시 메시지가 수신되는 경우 무선통신을 개시하고 AP 신호를 감지하며 감지된 AP 신호의 SSID와 SSID 리스트를 비교하여 위험상황 발생 여부를 판단하는 모바일 단말을 포함한다.",,G08B21/10;G08B25/10;G08B23/00;G08B21/182;G08B25/00,G08B21/18;G08B23/00;G08B25/00;G08B21/10;G08B25/10,NAM HEE,KR,True,False
CN-117400218-A,CN-202311612822-A,CN,A,89500020,20231128,20231128,20240116,0,Search and rescue robot for building collapse,,"The invention discloses a search and rescue robot for building collapse, which comprises a robot main body, wherein crawler wheels are arranged on two sides of the robot main body, a rotating base is arranged on the outer side wall of the upper end of the robot main body, a cantilever is arranged on the rotating base, a cutting mechanism is arranged at the end part of the cantilever, when the cutting mechanism cuts concrete, water can be sprayed to cool the cutting mechanism, when a cutting saw blade performs high-power cutting, simple spraying water can not meet the cooling requirement of the cutting saw blade, the spraying water can be adjusted in a self-adaptive manner, the cooling requirement of the cutting saw blade is met, in addition, the cooling liquid on the upper side of a liquid storage cavity can be mixed with water in the spraying water in a self-adaptive manner when the cutting saw blade performs high-power cutting, the cooling effect of the water mixed with the cooling liquid is better, the cooling effect of the cutting saw blade can be further improved, and the efficiency of the cutting saw blade during search and rescue cutting can be ensured.",,,Y02P70/10;B25J5/005;B25J19/00,B25J5/00;B25J19/00,HANGZHOU TIANHAIXIANG INTELLIGENT TECH CO LTD,,True,False
KR-20220109064-A,KR-20210012296-A,KR,A,82836852,20210128,20210128,20220804,0,Building a smart university safety campus using safety booths,안심부스를 이용한 스마트한 대학 안전 캠퍼스 구축,"The present invention relates to the construction of a safe campus of a smart university using a safety booth, which can recognize a situation of a criminal or evacuee inside and outside a safety booth. The safety booth for criminal prevention and emergency rescue, comprises: a safety booth installed to be spaced apart from each other at a dangerous area; a roof of the safety booth; a glass and a door of the safety booth; an emergency door lock installed on the door; a control center; a rim and a receiving means; a CCTV or camera, Wi-Fi, and warning light; and a fixed chair.","본 발명의 일측면은 범죄예방 및 긴급구조 안전부스를 이용하여 여성 및 노약자, 어린이 등이 안전부스를 통해 신속하게 격리시켜 범죄자로부터 부터 긴급구조 요청함과 동시에 안전을 제공하여 범죄예방을 방지하기 위한 안전부스; 상기 안전부스의 지붕; 상기 안전부스의 유리 및 도어문; 상기 도어문에 설치된 비상도어락; 상기 복수개 안전부스와 유무선 및 영상통신이 가능하고, 대피자와 동시에 유무선 및 영상통화가 가능한 관제센터; 상기 관제센터에 의해 상기 복수개 안전부스 위치와 비상상황을 구조자에게 실시간으로 알려주고 출동하는 알림 및 수신수단; 상기 안전부스에 장착된 CCTV 또는 카메라, 와이파이, 경광등; 및 상기 안전부스 내부에 구비된 CCTV 또는 카메라, 공중전화기, 비상벨, 스마트 미디어기, 긴급통화 장치, 비대면 ATM, AED. 함체형 탈착식 들것, 냉난방기, 고정식 의자;을 포함하고, 대피자가 상기 안전부스 내부에 장착된 상기 비상벨을 누를 경우, 상기 도어문의 비상도어락, 경과등 및 사이렌이 작동되고, 상기 비상벨의 신호는 관제센터에 송신되어서 관제요원 긴급출동중에도 구조자가 대피자에게 응급상황과 대처지시를 하면서 대피자를 구조;하고, 상기 비상벨의 해제 누를 경우 상황이 종료;되게 구성되고, 또한 상기 유리 및 도어문은, 강화유리로 이루어지면서 대피자가 비상벨을 작동할 경우 상기 도어문이 작동되어 잠겨지게 구성될 수 있고, 상기 CCTV 또는 카메라는, 상기 안전부스의 안밖의 범죄사 또는 대피자의 상황을 파악하거나, 상기 안전부스 내부의 대피자의 응급상황을 대처할 수 있도록 포함되게 구성되어 있다.",,E04H1/1205;E05B65/0025;E05Y2800/252;G08B7/06;G08B25/14,G08B7/06;E05B65/00;G08B25/14;E04H1/12,GANGNEUNG YEONGDONG COLLEGE IND ACADEMIC COOPERATION FOUNDATION,KR,True,False
CN-118965870-A,CN-202410986438-A,CN,A,93397280,20240723,20240723,20241115,0,Intelligent dialogue platform for building industry,,"The invention relates to the technical field of intelligent dialogue platforms, in particular to an intelligent dialogue platform for building industry, which comprises the following components: the system comprises a man-machine interaction module, an image acquisition module, a data analysis module, a three-dimensional modeling module, a data storage module, a cloud server and a control management module; the method comprises the steps of repairing a damaged building according to a shot damaged building picture and text data uploaded by a user, drawing a three-dimensional model, displaying repairing reasons and repairing concepts in a text mode by a platform, and adjusting unsatisfied positions on the three-dimensional model of the platform by the user through uploading the picture and the text, so that people can repair the damaged ancient building conveniently, the ancient building can be protected better, or a collapsed building in a natural disaster can be repaired, and rescue workers can know the building structure as soon as possible and rescue can be implemented.",,,G06Q50/08;G06V20/17;G06N3/08;G06N3/04;G06F18/25;G06F18/24;G06F30/13;G06T17/00;G06F30/23,G06V20/17;G06T17/00;G06Q50/08;G06N3/08;G06N3/04;G06F30/13;G06F18/25;G06F18/24;G06F30/23,JINAN HUIGU DIGITAL TECH CO LTD,,True,False
CN-107174761-B,CN-201710535540-A,CN,B,59845078,20170704,20170704,20221104,20221104,Rescue system for building collapse,,"The invention discloses a rescue system for collapse of a building, which comprises a framework system and a control system, wherein the framework system comprises a plurality of fixed frames, each fixed frame comprises stand columns perpendicular to the ground and fixed cross beams perpendicular to the stand columns, the stand columns and the fixed cross beams are at least four, the stand columns are arranged in a rectangular mode, two ends of each fixed cross beam are connected to the top ends of two adjacent stand columns, the top of each fixed frame is provided with a plurality of movable cross beams capable of moving along the X-axis direction, the control system comprises a control room, the control room is arranged on the movable cross beams and can move along the Z-axis direction, a motor, a control panel and an accommodating space are arranged in the control room, an iron hook capable of moving along the Y-axis direction is arranged at the bottom of the control room, and the motor is connected with a power supply. The rescue system provided by the invention has the advantages of small required open area, no limit on height, large rescue surface coverage and high rescue efficiency, and can efficiently rescue the life bodies and effectively reduce casualties.",,,A62B99/00;A62B3/00,A62B99/00;A62B3/00,,,True,True
CN-118419470-A,CN-202410536740-A,CN,A,92324122,20240430,20240430,20240802,0,Earthquake and collapse building rescue waste residue transferring equipment,,"The invention discloses earthquake and collapse building rescue waste residue transfer equipment, which solves the problem that a conveying device in the prior art cannot be suitable for building collapse or earthquake rescue sites. The earthquake and collapse building rescue waste residue transfer equipment comprises a linear conveying assembly, a turning conveying assembly, a supporting assembly for supporting the linear conveying assembly and the turning conveying assembly to leave the ground, a connecting assembly matched with the linear conveying assembly and the turning conveying assembly, and a mobile power supply for supporting the linear conveying assembly and the turning conveying assembly to supply power; the supporting straight line conveying components, the turning conveying components or the supporting straight line conveying components and the turning conveying components are connected through connecting components. According to the invention, the linear conveying assembly, the turning conveying assembly, the supporting assembly, the mobile power supply and the connecting assembly are matched for use, and the linear conveying assembly and the turning conveying assembly can be assembled according to the field environment, so that waste residues can be conveyed conveniently, and the cleaning speed of a rescue channel is improved.",,,B65G21/02;B65G41/008;B65G41/003;B65G15/02;B65G15/24,B65G41/00;B65G21/02;B65G15/02;B65G15/24,SICHUAN FIRE RES INST MEM,,True,False
CN-117973163-B,CN-202410391266-A,CN,B,90851856,20240402,20240402,20240611,20240611,Dam flood discharge energy dissipation structure safety risk assessment method based on Bayesian network,,"The invention discloses a dam flood discharge energy dissipation structure safety risk assessment method based on a Bayesian network, which comprises the steps of constructing a finite element simulation model of a dam and a Bayesian network of the dam flood discharge energy dissipation structure; searching a damage path in the finite element simulation model by adopting a flood discharge energy dissipation structure damage criterion; calculating the damage probability p  o  of each structural damage mode by adopting a Monte Carlo method according to the risk agent model, the mechanical parameters of the dam and foundation materials and the hydraulic parameters of the overflow surface; calculating the structural system damage probability p  α  of the flood discharge energy dissipation structure; when any damaged path o is assumed to be absent, calculating damage probability of flood discharge energy dissipation structure when disaster factors of damaged path o are not damaged based on the rest damaged paths and Bayesian network ; According to p  α  and Calculating the importance of disaster factors of the damaged path o; and selecting a failure path corresponding to the disaster causing factor with the highest importance as a main control path for destroying the flood discharging and energy dissipating structure.",,,G06F18/29;G06F30/13;G06F30/23;Y02A10/40,G06F30/23;G06F18/20;G06F30/13,,,True,False
CN-119397145-A,CN-202411485989-A,CN,A,94422086,20241023,20241023,20250207,0,Prediction method for highest temperature and position of fire roof of underground inclined tunnel,,"The invention discloses a prediction method for the highest temperature and the position of a fire roof of an underground inclined tunnel, belongs to the technical field of tunnel fire safety, and solves the problem that the error of the determination method for the highest temperature and the position of the highest temperature of the fire roof of the inclined tunnel in the prior art is large. Compared with the prior art, the method has the advantages that the fire early warning capability is improved, the fire source position can be effectively identified by accurately predicting the highest temperature and the position of the ceiling when the fire occurs in the inclined tunnel, important references are provided for rescue workers, and the timeliness and the accuracy of fire emergency response are enhanced. The method reduces structural damage, predicts the highest temperature of the ceiling and the position of the ceiling, can take protective measures in time or in advance, reduces damage of fire to the tunnel structure, and prolongs the service life of the tunnel.",,,G06Q50/265;G06F17/11,G06Q50/26;G06F17/11,UNIV CHONGQING,,True,False
CN-202498522-U,CN-201220052970-U,CN,U,47035148,20120220,20120220,20121024,20121024,Portable quick-demolition device,,"The utility model discloses a portable quick-demolition device comprising a hand-operated hydraulic pump, a shearing clamp, an expander and a jacking device. The shearing clamp, the expander and the jacking device adopt the hydraulic drive, and are respectively connected to the hand-operated hydraulic pump by quick-changed joints. The utility model provides the portable quick-demolition device, which only depends on the human power, is light-weighted, and is convenient to carry and operate. The shearing clamp, the expander and the jacking device can be alternatively used to save lives at the scenes of car, railway accidents, air crashes, geological disasters, building collapses, and beach rescues. The quick-demolition device is the ideal tool for the public security, the fire-fighting, and the mine emergency rescues.",,,,B25F1/02,HENAN LEIHENG TECHNOLOGY CO LTD,,True,False
KR-101309747-B1,KR-20120059561-A,KR,B1,49637304,20120604,20120604,20131015,20131015,System for rescuing distress of human life by collapse and fire,붕괴 및 화재에 따른 인명 조난 구조 시스템,PURPOSE: A system for rescuing people when a collapse or fire occurs is provided to minimize the number of victims by determining whether a person exists inside a building in which the collapse or fire occurs. CONSTITUTION: An acceleration sensor (110) measures vibrations affected to a building when an earthquake occurs or an external impact is applied. An inclination sensor (120) measures a change in an inclination angle of the building. An analog-to-digital (A/D) converting unit (140) converts analog data filtered in a band-pass filter into digital data. A human body sensing unit (300) detects an infrared ray generated from a human body and senses existence of a person inside the building. A data analyzing unit (400) determines whether a person exists inside the building. [Reference numerals] (100) Collapse detection unit; (110) Acceleration sensor; (120) Inclination sensor; (130) Band pass filter; (140) A/D converting unit; (200) Smoke detection unit; (300) Human body sensing unit; (400) Data analyzing unit; (500) Warning alarm unit; (600) Power supply unit,"본 발명은 사람들이 내부에서 업무 또는 휴식을 취하는 건축물에 지진, 외부 충격, 화재가 발생할 경우 건축물 내부에 미처 대피하지 못한 사람의 유무를 감지하고 붕괴로 인한 매몰자 및 화재로 인한 질식자를 감지하여 구조대원에게 구조요청을 할 수 있도록 경보 및 구조요청 신호를 전달하는 것으로 상기 건축물에 발생하는 붕괴와 화재를 붕괴 감지부와 화재 감지부를 통해 감지하고, 상기 건축물의 내부에 사람이 존재할 경우 인체 감지부를 통해 사람의 유무를 감지하여 건축물의 붕괴 또는 화재 발생 시 구조대원들이 휴대하고 있는 구조 요청 단말기에 붕괴 또는 화재 발생 신호를 전송하고 인체 감지부를 통해 사람의 유무 감지 시 사람이 있다고 판단할 경우 붕괴로 인해 발생한 매몰자 또는 화재에 따른 연기 질식자가 있음을 구조 요청 단말기에 전송하여 상기 건축물의 붕괴 및 화재 발생 시 구조대원들이 매몰자 또는 질식자를 신속하게 구조할 수 있는 붕괴 및 화재에 따른 인명 조난 구조 시스템을 제공한다.",,G08B21/10;G08B3/10;G08B25/10;G08C17/02;G08B17/10,G08B17/10;G08B25/10;G08B21/10,INNOVATIVE SENSING CO LTD,KR,True,False
WO-2025213285-A1,CL-2025050042-W,WO,A1,97349197,20250409,20240409,20251016,0,Elastic continuous road pavement structure with nano-cracks,,"As part of the search for innovative and sustainable solutions for the design and construction of road pavement, the present invention consists of a continuous structure that challenges conventional maintenance paradigms. The design of the invention, which is based on an elastic and disruptive mechanistic approach, incorporates nano-cracks to improve the strength and durability of the pavement. The invention uses H30 reinforced concrete with A630-420H steel in a central mesh. This pavement is suited to different levels of traffic by means of the variation in the thickness and reinforcement of frameworks, which are installed on a continuous levelling H5 concrete grid, having a thickness that varies depending on the characteristics of the subgrade, ensuring a pavement-ground structure with structural integrity. This approach also includes features such as chamfers on the surface that prevents the edge from breaking due to the load of road traffic, ensuring its structural integrity under different traffic conditions and not requiring maintenance. In 2011, the first generation (1G) invention patent CL47.313 (José Pablo Fernández, 03 November 2008) was granted for a continuous pavement structure with an elastic and disruptive mechanistic design with nano-cracks, in ports, airports and roads, with a double continuous upper and lower mesh, and reinforcing bars at the edges. To date, a third generation invention patent has been applied for which relates to a continuous road pavement structure with a disruptive and elastic mechanistic design with nano-cracks, which is more efficient with a central mesh having a longitudinal framework at 100 mm and a transverse framework at 200 mm, and without reinforcing bars at the edges, for average traffic with a pavement thickness of 100 mm. The invention is used as a firebreak that prevents fire propagation and allows evacuation and access for rescuers and firefighters.",,,E01C11/18;E01C11/00;E01C9/02;E01C9/00;E01C7/12;E01C7/10;E01C7/08;E01C7/32;E01C7/14;E01C7/00;C04B28/04,E01C11/18;E01C11/00;E01C9/02;E01C9/00;E01C7/32;E01C7/14;E01C7/12;E01C7/10;E01C7/08;C04B28/04;E01C7/00,MADARIAGA ORREGO VERONICA;FERNANDEZ VALDIVIESO JOSE PABLO;VILLAFANAGARRIDO MARIO ALFREDO,CL,True,False
CN-109714822-B,CN-201811602573-A,CN,B,66258467,20181226,20181226,20210226,20210226,Positioning system and method for emergency networking in disaster area,,"The invention relates to a positioning system and a method for emergency networking in a disaster area, belonging to the technical field of communication positioning. The system comprises a GNSS data module, a data processing module and a data processing module, wherein the GNSS data module is used for acquiring coordinate data of a peripheral reference point of a disaster area and providing reference coordinate data for UWB emergency networking in the disaster area; the UWB emergency networking module is used for establishing UWB emergency networking in a disaster area according to the reference coordinate data; the UWB mobile tag positioning module is used for acquiring positioning data of UWB emergency networking in a disaster area; the data calculation module is used for calculating the position information of the rescuers according to the positioning data of the UWB emergency networking and the reference coordinate data; and the monitoring end display module is used for receiving the position information of the rescue workers and displaying the positions of the rescue workers in real time. The invention solves the problem that rescue workers cannot be accurately positioned due to the fact that the quality of communication signals cannot be guaranteed in a disaster site of building collapse in the prior art.",,,,G01S19/46;H04W84/18;H04W64/00,,,True,False
CN-110561402-B,CN-201910900376-A,CN,B,68781993,20190923,20190923,20201023,20201023,Passive disconnect-type snake-like robot,,"The invention relates to a passive separation type snake-shaped robot, which comprises a head, a control unit, an external environment detection unit and a battery unit, wherein the head comprises a head shell, and the control unit, the external environment detection unit and the battery unit are arranged on the head shell; the body part comprises a plurality of separable joint modules which are sequentially connected to form a chain structure and joint driving motors arranged between every two adjacent separable joint modules; the separable joint module comprises a module I, a module II and a connecting assembly; when the building collapses and is pressed by gravity, the pressed part stops moving, the part which is not pressed continues moving to transmit power, so that the spring in the connecting device drives the steel ball to be separated from the spherical groove, the pressed part is separated from the whole body to stop working, the part which is not pressed continues working under the leading of the snake head, and the disaster scene is transmitted to the rescue workers through the miniature camera, thereby improving the rescue working efficiency.",,,B25J9/08;B25J11/00;B25J9/065;B25J19/023,B25J9/08;B25J9/06;B25J19/02;B25J11/00,,,True,False
JP-2021148367-A,JP-2020048871-A,JP,A,77848282,20200319,20200319,20210927,0,Crushed material loading device,,"To provide a technique that enables recovery work, rescue activities, etc., in a place where it is difficult to perform the rescue activities and recovery work by manpower in a case of disaster such as a landslide, a building collapse, etc., caused by an earthquake or heavy rain.SOLUTION: A crushed material loading device has: a device body; three or more legs which are provided on the device body, and can change an attitude of the device body; a drilling device which drills a hole in a structure to be crushed; and a feed device which feeds crushed material as a non-explosive crushed composition into the hole formed in the structure by the drilling device. The at least three legs can be made extensible, and also changeable in angle to the device body so as to not only change the attitude of the device body, but also move the device body.SELECTED DRAWING: Figure 1",,,,F42D1/08;F42D3/04,UNIV AKITA;NIPPON KOKI KK;SANWA TEKKI CORP,,True,False
KR-20190080233-A,KR-20170182569-A,KR,A,67256697,20171228,20171228,20190708,0,Jack robot for disaster and control method of the same,재난용 잭 로봇 및 그것의 제어 방법,"A jack robot for disaster, according to the present invention, comprises: a robot body made to move; a camera provided in the robot body to photograph the surroundings of the robot in real time; a controller provided in the robot body to input and output a control signal for the robot; a communication unit provided in the robot body, and for transmitting and receiving signals to and from a robot control device located outside and the camera and the controller to enable remote control; a jack mechanism provided on the robot body to lift an object while being operated according to a signal from the controller; and a jack push mechanism for moving the jack mechanism from a storage position in the robot body to a use position outside the robot body. The jack robot for disaster can secure an access road by lifting collapsed debris by being put in a place where people cannot enter, such as a collapsed building site, while monitoring the situation in real time by means of the mounted camera.","본 발명에 따른 재난용 잭 로봇은, 주행 가능하게 이루어진 로봇 바디와; 상기 로봇 바디에 구비되어 로봇 주변을 실시간으로 촬영하는 카메라와; 상기 로봇 바디에 구비되어 로봇에 대한 제어 신호를 입출력하는 제어부와; 상기 로봇 바디에 구비되어 외부에 위치되는 로봇 제어장치와 상기 카메라 및 제어부와 신호를 주고받도록 하여 원격 제어가 가능하도록 하는 통신부와; 상기 로봇 바디에 구비되어 상기 제어부의 신호에 따라 작동되면서 물체를 들어 올리는 잭 기구와; 상기 잭 기구를 상기 로봇 바디 내의 보관 위치에서 상기 로봇 바디 바깥쪽의 사용 위치로 이동시키는 잭 밀당기구를 포함하여 구성됨으로써 건물 붕괴 사고 현장 등에 사람이 들어가지 못하는 장소에 투입되어 무너진 잔해물을 들어 올려 진입로를 확보함과 동시에 장착된 카메라로 상황을 실시간으로 모니터링 할 수 있다.",,B25J11/00;B25J19/023;B25J9/0009;B25J9/102;B25J19/026;B25J9/123,B25J9/12;B25J11/00;B25J19/02;B25J9/00;B25J9/10,KYUNGPOOK NAT UNIV IND ACADEMIC COOP FOUND,KR,True,False
KR-102869753-B1,KR-20230104878-A,KR,B1,94822923,20230810,20230810,20251015,20251015,High-rise building monitoring system with emergency evacuation guidance function,비상 대피 유도 기능을 갖는 고층 건물 잔불 감시 시스템,,"본 발명은 비상 대피 유도 기능을 갖는 고층 건물 잔불 감시 시스템에 관한 것으로, 이를 위해 1차 소화 후 잔불을 감시하기 위해 건물의 각 화재층에 간이 설치되는 열화상카메라를 갖는 이동감지대;와, 상기 각 화재층에 설치된 이동감지대에 의해 감지된 정보를 근거리통신 및 원거리통신으로 연결받아 출력되는 전용단말기; 및 상기 각 이동감지대에 의해 잔불에 관한 정보를 원거리통신을 통해 제공받아 취합한 후, 이를 모니터링하고 더불어 전용단말기로 중계하는 중계서버;를 포함하여 이루어지되, 상기 전용단말기는 자체적으로 잔불 진압 현장의 건물의 붕괴 위험을 예측하고 소방대원에게 위험 경보를 발생시켜 비상 대피를 유도하는 대피모듈를 갖는 것을 특징으로 한다.",,F21Y2115/10;F16M11/32;G01H17/00;G01P15/00;A44B6/00;H04R1/00;G01S19/17;G01C5/00;F21V33/0064;H04W4/90;H04W4/33;H04W4/80;G01J5/60;G08B7/066;G08B21/182;G08B6/00;G08B21/02;G08B25/14;G08B31/00;G08B17/125,H04W4/90;H04W4/80;H04W4/33;G08B31/00;G08B25/14;G08B21/18;G08B21/02;G08B7/06;G08B6/00;G01J5/60;G08B17/12,,,True,False
CN-122413506-A,CN-202510064570-A,CN,A,100499641,20250115,20250115,20260717,0,Earthquake rescue wood support design and assembly operation system,,"The invention relates to the technical field of earthquake emergency rescue, in particular to an earthquake rescue wood support design and assembly operation system which comprises an applet end and a cloud service end, wherein the applet end comprises a building collapse scene data storage module, a wood support type selection module, a wood support size design module and a wood support system assembly module. The invention relates to an operable earthquake rescue wood support design assembly operation system, which realizes the calculation and assembly functions of the wood support. The invention effectively improves the rescue efficiency, enhances the rescue scientificity, improves the training level and enriches the teaching interest. The invention improves the receiving and understanding ability of students and the training effect of outdoor practical exercises in a sound earthquake rescue training teaching mode.",,,,G06F30/12;G06F30/13;G06F111/02;G06Q50/20,,,True,False
CN-223277979-U,CN-202422723846-U,CN,U,96840396,20241108,20241108,20250829,20250829,Mobile platform of miniature search and rescue robot,,"The utility model belongs to the technical field of building collapse ruin search and rescue equipment, in particular relates to a microminiature search and rescue robot moving platform which comprises two moving modules and a load module, wherein the two moving modules are connected end to form a snake-shaped robot moving platform, the two moving modules are identical in structure and comprise driving joints, deflection joints and a fixed shell, the driving joints provide power for the robot moving platform to walk, the deflection joints control the walking direction of the robot moving platform and ensure that the robot moving platform successfully avoids obstacles in the walking process, and the load module is internally provided with a life detector and a battery and can search and rescue in the ruins and provide a power supply for the wireless communication robot to realize functions. The mobile platform of the miniature snake-shaped robot has good adaptability under the complex environment inside the ruins of building collapse, is particularly suitable for passing through narrow gaps, and has the characteristics of modularized structure, light weight, flexible walking, easy installation, replacement and accurate control.",,,,B25J11/00;B25J9/06;B25J5/00,SHENYANG INST AUTOMATION CAS,,True,False
CN-105421605-A,CN-201510844577-A,CN,A,55500111,20151123,20151123,20160323,0,Device and method for avoiding building collapse through fire protection of building beams and stand columns,,"The invention discloses a device and method for avoiding building collapse through fire protection of building beams and stand column. The method includes the steps that the outer walls of all concrete beams and stand columns for load-bearing or the outer walls of all stand columns made of metal of a building are provided with fire-resistant and heat preservation layers, and the fire-resistant and heat preservation layers are either metal shell fire-resistant and heat preservation layers or ceramic shell fire-resistant and heat preservation layers. By means of the device and method, the beams or the stand columns of the building can resist to big fire for a long time without collapse, and the tragedy that firefighters are buried in a dire scene is avoided. The device and method for avoiding building collapse through fire protection of building beams and stand columns are particularly suitable for being used for various buildings such as office buildings, residential buildings, schools, hospitals and research and development institutions.",,,E04B1/94;E04B1/76,E04B1/76;E04B1/94,GUO WEIKANG,,True,False
KR-20220121333-A,KR-20210025250-A,KR,A,83281950,20210225,20210225,20220901,0,floor indefendent type firefighting unit and floor indefendent type firefighting system using the same,건물 층별 소화유니트 및 이를 적용한 건물 층간 독립형 소방시스템,"The present invention relates to a floor independent type firefighting unit and a floor independent type firefighting system using the same. The floor independent type firefighting unit comprises: a pressurized tank which is independently arranged on the respective floor of a building and stores firefighting water in a pressurized state in a water storage space; a firefighting water supply unit which includes an opening and closing valve installed in a supply pipeline which is arranged in communication with the pressurized tank from a firefighting water spray nozzle arranged on the floor where the pressurized tank is installed, to open and close the supply pipeline according to a supply control signal; and a terminal control unit which controls the opening and closing valve to be opened when a fire detection signal is received from a fire detector installed on the floor where the firefighting water supply unit is installed so that the firefighting water stored in the pressurized tank is sprayed through the nozzle. The floor independent type firefighting unit and the floor independent type firefighting system using the same can perform fire detection and suppression independently on each floor, even when some floors collapse or the supply of commercial power is cut off due to the occurrence of a disaster situation such as an earthquake, thereby minimizing disaster damage.","본 발명은 건물 층별 소화유니트 및 이를 적용한 건물 층간 독립형 소방시스템에 관한 것으로서, 건물 층별 소화유니트는 건물의 해당 층에 독립되게 마련되며 소방수를 저수공간에 가압상태로 저장하는 가압탱크와, 가압탱크가 설치된 층에 마련된 소화수 분사용 노즐로부터 상기 가압탱크와 연통되게 마련된 공급관로에 설치되어 공급 제어신호에 따라 상기 공급관로를 개폐하는 개폐밸브가 마련된 소화수 공급부와, 소화수 공급부가 설치된 층에 장착된 화재감지기로부터 화재감지신호가 수신되면 개폐밸브가 개방되게 제어하여 가압탱크에 저수된 소화수가 노즐을 통해 분사되게 처리하는 단말제어부를 구비한다. 이러한 건물 층별 소화유니트 및 이를 적용한 건물 층간 독립형 소방시스템에 의하면, 지진과 같은 재난상황 발생에 의해 일부 층이 붕괴되거나 상용전원의 공급이 차단되더라도 층별로 자체 화재 감지 및 진화처리를 독립적으로 수행할 수 있어 재난 피해를 최소화할 수 있다.",,H02J7/35;A62C37/38;G06Q50/10;A62C3/0214;E04B1/941;A62C37/46;H02J9/06;A62C35/68;A62C35/58;Y02E10/50,H02J7/35;A62C35/68;E04B1/94;H02J9/06;A62C3/02;A62C35/58;A62C37/46;A62C37/38;G06Q50/10,PARK GYEONG YEON,KR,True,False
KR-102021085-B1,KR-20170183336-A,KR,B1,67261031,20171229,20171229,20190911,20190911,Laminated elastomeric bearing having ability of safety check-up for bridge,교량 안전진단 기능을 갖는 교좌장치,,"본 발명은 지진 발생시의 교량 상판에 작용하는 변형을 감지하여 교량을 통과하는 차량과 원거리의 관리자에게 교량 상판의 변형을 알려주며, 교량 상판의 변형이 일정 범위를 벗어나는 경우 교량의 진입로를 차단하여 차량을 통제할 수 있는 교량 안전진단 기능을 갖는 교좌장치에 관한 것이다. 
본 발명에 의한 교량 안전진단 기능을 갖는 교좌장치는, 앵커볼트에 의해 교량 상판의 저부에 고정되는 상부패드와, 교각의 상면에 상기 상부패드와 대응되도록 앵커볼트에 의해 고정되는 하부패드와, 그 사이에 개재되는 완충패드로 구성되되, 상부패드의 저면에 부착되어 진동에 따른 기울기 각도를 감지하는 자이로스코프 센서로 된 제1감지기, 하부패드의 상면에 x축과 y축으로 각각 부착되어 축의 이동량을 감지하는 마이크로미터로 된 제2감지기, 및 상하부 패드의 일측면에 부착되어 상하 압축량을 감지하는 하이트 게이트로 된 제3감지기를 포함하여 이들 감지기의 감지신호를 실시간 모니터링하여 일정 변위를 벗어나는 교좌를 측정 확인 후 필요에 따라 교량을 통제하도록 구성된다.",,G01B11/03;G01B5/24;E01D19/04;G01D21/02,E01D19/04;G01D21/02;G01B11/03;G01B5/24,,,True,False
JP-2016042379-A,JP-2015226266-A,JP,A,47217341,20151119,20110526,20160331,0,Rescue signal transmission device,,PROBLEM TO BE SOLVED: To provide a rescue signal transmission device capable of increasing the possibility of rescue even if evacuation becomes difficult when a building collapses due to a disaster.SOLUTION: A rescue signal transmission device provided between an indoor ceiling and a fire alarm which is fixed to the ceiling and used comprises: an impact-resistance housing for protecting the inside of a device; an independent power supply arranged in the impact-resistance housing; building collapse detecting means driven by the independent power supply; and rescue signal transmitting means for transmitting a rescue signal by using the independent power supply when a building collapse is detected by the building collapse detecting means. The building collapse detecting means determines whether a building collapsed on the basis of acceleration information and information related to whether the fire alarm is electrically conducted.SELECTED DRAWING: Figure 1,,,G08B25/08;G08B25/009;G08B25/016;G08B25/10,G08B25/04;G08B21/10,KAWABE KARL KAZUSHIGE,,True,False
CN-205486666-U,CN-201620041289-U,CN,U,56669450,20160115,20160115,20160817,20160817,A aftershock early warning device for earthquake rescue is on --spot,,"The utility model provides an aftershock early warning device for earthquake rescue is on - -spot, including supporting fixed part (1), aftershock early warning terminal (2) and vibration bracelet, the aftershock early warning electron device include: control circuit board, sensor, signal conditioning circuit, wireless communication equipment, alarm and power supply unit, the output of sensor passes through signal conditioning circuit is connected to control circuit board&#39;s input, control circuit board still respectively with the power supply unit with the alarm is connected, control circuit board passes through wireless communication equipment with the communication of vibration bracelet is connected. The advantage does: for a low -cost portable aftershock early warning device, have the quick detachable advantage of easy installation, very suitable rescue field usage can effectively reduce because strong aftershock causes the casualties that the house secondary collapses and bring.",,,,G08B21/10,EARTHQUAKE ADMINISTRATION OF BEIJING MUNICIPALITY,,True,False
CN-118045303-A,CN-202410144288-A,CN,A,91051458,20240201,20240201,20240517,0,Emergency rescue method and emergency rescue system for collapsed building,,"The invention provides an emergency rescue method and an emergency rescue system for a collapsed building, and relates to the technical field of emergency rescue. The emergency rescue method for the collapsed building comprises the following steps: step one: before the building collapses, the detection unit predicts earthquake information in advance and gives out warning through the alarm unit, and on-site personnel make a response according to the emergency unit; step two: after the building collapses, the position of a person is detected through a rescue unit, the rescue is excavated, and medical care is timely ensured; step three: temporary dwellings are built outdoors through the building units, rescue channels are provided, and ground cushion pads are paved to cope with secondary earthquakes. According to different earthquake grades, the emergency unit can flexibly select equipment such as an emergency channel, an emergency protection box, an anti-explosion self-rescue bag and the like, so that on-site personnel can make optimal selection according to the environment where the emergency unit is located, and each module of the emergency rescue system cooperatively works, thereby ensuring efficient and orderly rescue process.",,,A62B99/00;G08B21/10,A62B99/00;G08B21/10,NAT EARTHQUAKE RESPONSE SUPPORT SERVICE,,True,True
CN-113963506-A,CN-202111225383-A,CN,A,79465782,20211021,20211021,20220121,0,Collapse monitoring and early warning system in building fire and implementation method,,"The invention discloses a collapse monitoring and early warning system in building fire and an implementation method thereof. The building collapse early warning system carries out data acquisition modeling on the building, installs the deformation monitoring device at key positions in the building, gives an alarm after the preset value is exceeded, carries out comparison, analysis and processing on the acquired data and the standard data, thereby accurately early warning the collapse of the building, and transmits the early warning data to rescuers, so that the rescuers can deal with the early warning in time, the potential safety hazard of the rescuers is reduced, and the building collapse early warning system has popularization and application values.",,,G08B21/02;G01D21/02;G08B25/00;G06F30/13,G01D21/02;G06F30/13;G08B21/02;G08B25/00,SICHUAN FIRE RES INST MEM,,True,False
KR-101711277-B1,KR-20150065076-A,KR,B1,57540387,20150511,20150511,20170306,20170306,Exploration robot for dangerous spot search,건물 및 토목시설 붕괴지역 탐사 대응 로봇,,"본 발명에 따른 재난지역 탐사 대응 로봇은, 입력신호에 따라 정/역회전이 가능한 하나 이상의 구동모터(100); 상기 구동모터(100)와 연결되어 동력을 전달하는 기어모듈(110); 상기 기어모듈(110)과 결합되어 회전하는 2쌍이상의 구동 바퀴(120);를 포함하는 구동부(1000); 주행 방향과 일치하는 촬영 방향을 갖고 주행 방향의 영상을 획득하는 메인 카메라(200); 초음파를 이용하여 주변 장애물과의 거리 측정값 데이터를 생성하는 초음파센서(300); 외부로 데이터를 송신하거나, 제어신호를 수신하는 송수신장치(400); 상기 구동모터(100), 메인 카메라(200), 초음파센서(300) 및 송수신장치(400)와 연결되고, 송수신장치(400)에서 수신되는 제어신호에 따른 구동모터(100)의 제어 및 메인 카메라(200), 초음파센서(300)에서 획득하는 데이터를 상기 송수신장치(400)로 전송하는 제어보드(500); 상기 제어보드(500)와 연결되어, 제어신호 및 메인 카메라(200), 초음파센서(300)에서 획득하는 데이터를 저장하는 메인 메모리(600); 상기 각 구성요소와 연결되어 전력을 공급하는 배터리(700);를 포함하는 것을 특징으로 한다.",,B25J19/023;B25J5/007;B25J19/005;B25J9/1671;B25J19/06;B25J9/1666,B25J9/16;B25J5/00;B25J19/06;B25J19/02;B25J19/00,,,True,False
KR-102834687-B1,KR-20230051178-A,KR,B1,93287461,20230419,20230419,20250717,20250717,System searching of sufferer based on unmanned aerial vehicle,무인 비행 기반 조난자 수색 시스템,,"본 발명은 무인 비행 기반 조난자 수색 시스템에 관한 것으로, 무인 비행하는 드론에 음향 센서를 부착하여, 화재현장이나 붕괴현장과 같은 각종 재해현장에서 접근이 어려운 환경 조건에서도 조난자로부터 발생하는 특정 주파수 대역의 음향만을 탐지하여 조난자가 발생한 것으로 판단할 수 있는 무인 비행 기반 조난자 수색 시스템을 제공하는 것이다.",,B64U2201/10;B64U2101/56;G01H17/00;B64C39/024;B64U20/80,B64U101/56;B64C39/02;B64U20/80,,,True,False
CN-121413983-A,CN-202511347321-A,CN,A,98488364,20250919,20250919,20260127,0,Intelligent fire monitoring and automatic fire extinguishing method and system in highway steel structure canopy,,"The invention discloses an intelligent fire monitoring and automatic fire extinguishing method and system in a highway steel structure canopy, wherein the method comprises the steps of obtaining multisource perception data of a fire scene through a double-spectrum imaging device, wherein the multisource perception data comprises video streams and a temperature distribution matrix; the fire source position, the heat release rate, the wind field condition and the structure configuration are input into a fire evolution prediction model, the fire expansion path and the heat intensity change are dynamically simulated, the heat release intensity and the high-temperature spreading trend of the fire source are calculated by combining a temperature distribution matrix, the comprehensive priority ranking result is calculated according to the heat release intensity, the structural damage degree, the personnel distribution and the material value of the fire source, the fire extinguishing and rescue task scheduling strategy is generated, and the fire extinguishing and rescue are performed.",,,,G16C20/70;G16C20/30;G16C20/20;G08B21/18;G08B21/14;G08B17/10;G06V40/10;G06V20/64;G06V20/52;G06V20/40;G06V10/82;G06T7/70;G06Q50/26;G06N20/20;G06N5/04;G06N5/01;G06N3/092;G06F123/02;G06F18/243;A62C37/40;A62C27/00;G06Q10/0631,SHENZHONG CHANNEL MAN CENTER;GUANGZHOU KAIBO BRIDGE ENG CO LTD;BOSHEN BRANCH GUANGDONG BODA EXPRESSWAY CO LTD;HUANGPU BRIDGE OF PEARL RIVER IN GUANGZHOU,,True,False
KR-20180013354-A,KR-20160096943-A,KR,A,61204485,20160729,20160729,20180207,0,Smart wearable device for disaster response and disaster response system using thereof,재난대응을 위한 스마트 웨어러블장치 및 이를 이용한 재난대응 시스템,"The present invention relates to a device and a method for a swift and safe response when a disaster occurs. According to the present invention, a wearable device which can be worn or attached to the body of a user, to help the user swiftly and safely evacuate in case of natural disasters including typhoon, flood, storm, and earthquake, as well as other accidents such as fire, collapsing building, explosion, forest fire, and shipwrecking, is provided. The smart wearable device is capable of instructing a safe evacuation route based on the current location of the user. Thus, the user is provided with a safe route without the presence of additional equipment or tools during a disaster. Also, according to the present invention, provided is a system for preemptively and efficiently responding to disasters at the early stage to minimize casualties and property damage through a network of wireless sensors which sense the smart wearable device and various sensors, at the same time helping people in danger to swiftly and safely evacuate.","본 발명은 재난발생시 신속하고 안전한 대응을 위한 장치 및 방법에 관한 것으로, 본 발명에 따르면, 예를 들면, 태풍, 홍수, 폭풍, 지진 등과 같은 자연재해나, 건물화재, 붕괴, 폭발, 산불, 선박침몰 등과 같은 각종 재난상황 발생시 조난자를 신속하고 안전하게 대피시킬 수 있도록 하기 위해, 사용자의 몸에 착용 가능한 웨어러블 디바이스(wearable device)의 형태로 구성되어 현재위치를 기준으로 안전한 대피 경로를 제공할 수 있도록 구성됨으로써, 재난상황 발생시 별도의 장비나 도구를 휴대할 필요 없이 안전한 대피 경로를 제공할 수 있도록 구성되는 재난대응을 위한 스마트 웨어러블장치가 제공되며, 또한, 본 발명에 따르면, 상기한 바와 같이 재난상황 발생시 안전한 대피 경로를 제공하기 위해 사용자의 몸에 착용 가능한 웨어러블 디바이스의 형태로 구성되는 재난대응을 위한 스마트 웨어러블장치 및 다양한 센서들을 활용하여 각종 재난상황을 감지하는 무선 센서 네트워크의 연동을 통하여, 각종 재난상황 발생시 조난자를 신속하고 안전하게 대피시키는 동시에, 재난발생 초기에 선제적이고 효율적인 재난대응이 가능하여 인명 및 재산피해를 최소화할 수 있도록 구성되는 재난대응 시스템이 제공된다.",,G06F1/163;H04W4/80;H04W4/023;G06Q50/265;A62B18/08;Y02A10/40;Y02A10/30,A62B18/08;G06F1/16;H04W4/00;G06Q50/26,IUCF SUNMOON UNIV,KR,True,True
CN-116556128-B,CN-202310514922-A,CN,B,87503043,20230504,20230504,20260901,20260901,Rail embankment disease emergency rescue reinforcement structure and reinforcement method,,"The application discloses a railway embankment disease emergency rescue reinforcement structure and a reinforcement method, which belong to the technical field of roadbed retaining protection, and are used for forming a reinforcement structure on a retaining structure on one side of an embankment slope, wherein the reinforcement structure comprises a support panel attached to one side of an inclined plane of the retaining structure and a support structure arranged at intervals with the support panel, and the support structure penetrates into a ground plane along a vertical part to fix the support structure; and still be equipped with the backup pad between support panel and the bearing structure, this backup pad one end butt support panel&#39;s inclined plane, its other end and bearing structure butt to support the panel tightly on the inclined plane of retaining structure. According to the application, the support panel and the support structure are arranged on the basis of not damaging the original support structure, so that the stable use of the support structure can be ensured by the existing reinforcement structure, the problems of long construction period and secondary collapse in the construction process caused by damaging the support structure are avoided, and the safety and timeliness of the repair treatment of the support structure are greatly improved.",,,E01C3/04;E01C3/06;E02D17/207;E02D3/08;E01B2/006;Y02A30/60,E01C3/04;E01B2/00;E01C3/06;E02D3/08;E02D17/20,,,True,False
CN-117672071-A,CN-202410051258-A,CN,A,90077200,20240112,20240112,20240308,0,Bridge rescue training facility and training method,,"The invention discloses a bridge rescue training facility and a method, wherein the bridge rescue training facility is provided with a bridge area and a bridge lower area, a plurality of engineering elevators and a plurality of stairways are arranged on the side face of the bridge area, the engineering elevators are used for assisting in carrying appliances to a bridge deck, the bridge rescue training facility is provided with structural stress monitoring sensors at structural stress points, the structural stress monitoring sensors are used for monitoring structural stability in real time, when a structural member is damaged or reaches a maximum set stress value, the bridge area is provided with a bridge intact section, a bridge damaged section and a traffic accident occurring section, the bridge lower area is provided with a dangerous chemical tank car accident occurring section, the bridge damaged section is provided with a bridge damaged point and a bridge damaged section, the bridge upper structural damage, the lower structural damage, the foundation damage and the bridge broken scene are simulated after an earthquake disaster, the bridge is rapidly broken, the bridge is robbed, and the bridge damage points are positioned on a bridge deck, a drop-proof baffle, a supporting seat, a pier and the foundation position.",,,G09B9/00;G09B25/04,G09B25/04;G09B9/00,UNIV SOUTHWEST JIAOTONG,,True,False
KR-20200021851-A,KR-20180097706-A,KR,A,69805746,20180821,20180821,20200302,0,Real-time Personnel Identification System,실시간 인원 파악 시스템,"An objective of the present invention is to provide a system for counting the number of people in real time capable of preventing inefficient manpower input for rescuing buried people and quickly progressing a lifesaving activity by collecting data on how many people are in each area in real time until a building collapses through a human body sensing unit to transmit the collected data to a data processing unit, updating collected data in real time through a data control unit and then transmitting updated data to a web server, and transmitting the updated data to certified users including rescue workers and rescue teams through the web browser when a building collapses due to unexpected accidents such as earthquake or natural disasters.","본 발명은 지진과 같은 자연재해나 예기치 못 한 사고로 인해 건물이 붕괴할 경우 건물이 무너지기까지 실시간으로 각 구역 내의 몇 명의 사람이 있는지에 대한 데이터를 인체 감지부를 통해 수집하여 데이터 처리부에 전송하고, 데이터 제어부를 통해 상기 데이터를 실시간으로 업데이트 후 웹 서버에 전송하고, 웹 서버는 웹 브라우저를 통해 구조대원 및 구조대를 포함한 인증된 사용자에게 전달함으로 써 매몰된 인명을 구조하는 데 있어 비효율적인 인력 투입을 방지할 수 있으며 보다 신속하게 인명구조 활동을 진행할 수 있게 만드는 효과를 가진 실시간 인원 파악 시스템을 제공하는데 목적이 있다.",,G06Q50/265;G06Q50/10,G06Q50/26;G06Q50/10,OH SEUNG HYEON;JEONG CHANG HOON;KIM JAE IN;HWANG HO SUNG;YUN SANG JIN,KR,True,False
US-12681475-B2,US-202318388260-A,US,B2,83228491,20231109,20210309,20260714,20260714,Radar sensor-based bio-inspired autonomous mobile robot using BLE location tracking for disaster rescue,,"An autonomous bio-inspired mobile robotic device ( 200 ) capable of detecting, tracking and communicating location of survivor(s) ( 34 ) trapped under earthquake/building collapse debris ( 30, 32 ). The small-size, lightweight, ruggedized autonomous legged mobile robot ( 200 ) incorporates high-frequency millimeter-wave radar sensor ( 10 ) and Ultra Wideband (IR-UWB) radar sensor ( 12 ) for detecting presence and perform ranging of trapped survivor(s) ( 34 ). The autonomous mobile robot ( 200 ) also comprises GNSS ( 8 ) and BLE ( 4 ) connectivity for location tracking of trapped survivor(s) ( 34 ) in conjunction with a Wi-Fi enabled visual sensing solution ( 20 ) and a flashlight ( 16 ) to aid during rescue operation. The battery-powered ( 24 ) autonomous bio-inspired mobile robot ( 200 ) also comprises an MCU ( 26 ), actuators ( 14   b ), motor control circuitry ( 18 ) and IMU ( 6 ) to control robot ( 200 ) locomotion and perform sensor data fusion. BLE ( 4 ) connectivity solution of the present invention ( 200 ) communicates the location of detected trapped survivor(s) ( 34 ) to a plurality of rescue devices ( 44 A,  44 B,  44 C) using Angle-of-Arrival ( 700 )/Angle-of-Departure ( 800 ) method for successful survivor ( 34 ) location resolution.",,,G05D1/0212;G01S5/0231;G05D1/0246;G05D1/0257;G05D1/027;G05D1/0278;G01S2205/06;B25J11/008;G01S13/56;G01S13/888;G01S13/887;G01S13/42;G01S13/867;G01S13/86;G01S13/881;G01S13/584;G01S7/415;G01S19/48;G01S19/17,G05D1/00;G01S5/02,PANNALA SUMA GOURI,IN,True,True
WO-2022222358-A1,CN-2021119335-W,WO,A1,78687983,20210918,20210420,20221027,0,Emergency rescue apparatus for building collapse,,"An emergency rescue apparatus for building collapse. The emergency rescue apparatus comprises a suction and digging robot (3), a gas-solid separation device (2) and a power device (1), wherein the power device (1) is connected to the gas-solid separation device (2) by means of a pipeline, and the gas-solid separation device (2) is connected to the suction and digging robot (3) by means of a pipeline; the power device (1) is used for providing hydraulic power for the gas-solid separation device (2) and the suction and digging robot (3); the power device (1) is further used for providing negative-pressure suction power for the gas-solid separation device (2) and the suction and digging robot (3); the suction and digging robot (3) is used for sucking and digging through a collapsed building; the gas-solid separation device (2) is used for storing collapsed building material sucked and dug through by the suction and digging robot (3); and the gas-solid separation device (2) is further used for purifying gas in the gas-solid separation device (2).",,,E02F3/92;E02F3/88;E02F3/90;A62B99/00;B65G53/60;B65G53/24,B65G53/60;A62B99/00;E02F3/92;B65G53/24;E02F3/88;E02F3/90,FUJIAN QIAOLONG EMERGENCY EQUIP CO LTD,CN,True,True
KR-102243921-B1,KR-20190012547-A,KR,B1,72049126,20190131,20190131,20210423,20210423,Remote Controllable fire fighting truck,원격 컨트롤이 가능한 방수포,,"본 개시는 사전 제작된 대형 소방차에 탑재하여 이동성과 기동성을 갖되 자체 동력으로 주행이 가능하여 화재 진압에 대한 유리한 위치 선정 및 접근성이 우수하고, 화재의 초기 진압성이 우수하여 인명을 보호하고, 재산피해를 최대한으로 억제가 가능하며, 소방호스가 탑재되어 있어 대형 소방차로부터 무거운 소방호스를 현장까지 운반해야되는 기존의 소방호스 제공방법이 개선되고, 이를 통해 소방전 등과 연결이 용이하여 화재 및 주변환경에 대한 적극적인 대처가 가능해져 화재 진압의 유리함이 제공되고, 골목길 등의 좁은 통행로의 각종 장애물을 피해 무거운 소방호스를 화재현장까지 운반이 가능하여 시간 소비의 낭비가 발생되지 않아 초기 진압이 유리하며, 원격 컨트롤에 따른 무인 이동이 가능하여 화재 현장에 투입된 소방관이 화염과 연소에 의한 유독가스 및 건물 붕괴, 고온의 화염이 발생하고 폭발 등의 위험을 받는 종래 문제점이 해결되고, 계단이나 건물 붕괴 등으로 인한 잔해에 따른 장애물 통과에 대한 극복이 유리하고, 좁은 공간이나 사람이 출입할 수 없는 곳에 접근이 유리해 효과적인 화재 진압이 가능하며, 화재 진압을 위한 복합적인 기술과 기능의 접목으로 인해 효과적인 화재 진압이 가능하고, 화재 현장에서의 소방 활동성이 보장되어 소방로봇 개발과 보급에 대한 발판이 되고, 화재현장으로 소방호스를 이동해 화재 진압을 함으로써 고압대 유량의 방수가 어려운 종래의 문제점이 개선되는 장점을 갖는 원격 컨트롤이 가능한 방수포에 관한 것이다. 
본 개시의 실시예에 따른 원격 컨트롤이 가능한 방수포는 소방호스가 적재되며, 기제작된 소방차에 상하차되는 몸체와, 상기 몸체의 하부에 결합되되, 계단 또는 건물 붕괴 등으로 인한 장애물을 통과하여 상기 몸체가 화재 진압을 위한 장소로 위치 이동되도록 주행시키는 궤도바퀴 및 상기 몸체의 전방측에 설치되되, 소방차 또는 소화전 등으로부터 공급되는 소방수를 화재 지점에 고압으로 분사하는 방수포를 포함하고, 상기 몸체와 상기 궤도바퀴 및 상기 방수포는 원격에 의한 무인으로 작동된다.",,A62C99/009;F04B17/05;A62C27/00;B25J5/005;B25J11/00;B25J19/023;H04N23/57;H04N5/2257,F04B17/05;B25J11/00;A62C27/00;B25J5/00;H04N5/225;B25J19/02;A62C99/00,,,True,False
CN-117672071-B,CN-202410051258-A,CN,B,90077200,20240112,20240112,20260529,20260529,Bridge rescue training facility and training method,,"The invention discloses a bridge rescue training facility and a method, wherein the bridge rescue training facility is provided with a bridge area and a bridge lower area, a plurality of engineering elevators and a plurality of stairways are arranged on the side face of the bridge area, the engineering elevators are used for assisting in carrying appliances to a bridge deck, the bridge rescue training facility is provided with structural stress monitoring sensors at structural stress points, the structural stress monitoring sensors are used for monitoring structural stability in real time, when a structural member is damaged or reaches a maximum set stress value, the bridge area is provided with a bridge intact section, a bridge damaged section and a traffic accident occurring section, the bridge lower area is provided with a dangerous chemical tank car accident occurring section, the bridge damaged section is provided with a bridge damaged point and a bridge damaged section, the bridge upper structural damage, the lower structural damage, the foundation damage and the bridge broken scene are simulated after an earthquake disaster, the bridge is rapidly broken, the bridge is robbed, and the bridge damage points are positioned on a bridge deck, a drop-proof baffle, a supporting seat, a pier and the foundation position.",,,G09B9/00;G09B25/04,G09B9/00;G09B25/04,,,True,False
KR-20200104653-A,KR-20190023238-A,KR,A,72470762,20190227,20190227,20200904,0,Hollow snake robot for topographical detection of a urial and collapse and control method thereof,붕괴지형 매몰자 탐지를 위한 뱀 로봇 및 그 제어방법,"An objective of the present invention is to provide a hollow snake robot for detecting a buried person in a flat and narrow space, and a control method thereof. According to an aspect of the present invention, the hollow snake robot comprises: a hollow body unit constructed by connecting a plurality of modules having drive shafts perpendicular to each other in a universal joint scheme; a supply unit connected to one end of the body unit; and a robot hand which is connected to at least a portion of the supply unit, and performs a task by gripping or liberating an object. The supply unit includes: a tube inserted into the hollow space of the other end of the body unit to move a first material associated with survival of a rescue request person to the outside through the one end; a camera to photograph an area around the hollow snake robot; a temperature sensor to measure the temperature of the area around the hollow snake robot; a gas sensor to measure a gas amount and the present of gas in the area around the hollow snake robot; a microphone to receive a voice of the rescue request person and a sound in the area around the hollow snake robot; a speaker to output information inputted from the outside; and a projector to use light to output an image to the area around the hollow snake robot. The hollow snake robot may further comprise a communication unit to transfer information acquired through at least one among the camera, the temperature sensor, the gas sensor, and the microphone to the outside via wired communication or wireless communication.","본 발명의 일 양상인 중공형 뱀 로봇은, 유니버설 조인트(universal joint) 방식의 서로 직교하는 구동축을 가진 복수의 모듈을 연결하여 구성된 중공형의 몸통부; 상기 몸통부의 일단에 연결되는 공급부; 및 상기 공급부의 적어도 일부에 연결되고, 객체를 파지 또는 해방하여 태스크(task)를 수행하는 로봇 핸드; 를 포함하고, 상기 공급부는, 상기 몸통부의 타단의 중공으로 삽입되고, 상기 일단을 통해 외부로 구조요청자의 생존과 관련된 제 1 물질을 이동시키기 위한 튜브; 상기 중공형 뱀 로봇의 주변 영역을 촬영하는 카메라; 상기 중공형 뱀 로봇의 주변 영역의 온도를 측정하는 온도 센서; 상기 중공형 뱀 로봇의 주변 영역의 가스 유무 및 가스량을 측정하는 가스 센서; 상기 구조요청자의 음성 및 상기 중공형 뱀 로봇의 주변 영역의 소리를 입력 받는 마이크로폰; 상기 외부로부터 입력된 정보를 출력하기 위한 스피커; 및 빛을 이용하여 영상을 상기 중공형 뱀 로봇의 주변 영역으로 출력하는 프로젝터;를 더 포함하며, 상기 카메라, 온도 센서, 가스 센서 및 마이크로폰 중 적어도 하나를 통해 획득한 정보를, 유선 통신 또는 무선 통신을 통해 외부로 전달하기 위한 통신부;를 더 포함할 수 있다.",,B25J15/0009;B25J19/023;B25J9/065;B25J11/00;B25J19/061,B25J15/00;B25J11/00;B25J19/06;B25J9/06;B25J19/02,KOREA INST ROBOT & CONVERGENCE,KR,True,False
WO-2022190003-A1,IB-2022052108-W,WO,A1,83228491,20220309,20210309,20220915,0,Radar sensor-based bio-inspired autonomous mobile robot using ble location tracking for disaster rescue,,"An autonomous bio-inspired mobile robotic device (100) capable of detecting, tracking and communicating location of survivors trapped under earthquake/building collapse debris. The small-size, lightweight, ruggedized autonomous legged mobile robot incorporates high-frequency millimeter-wave radar sensor and Ultra Wideband (IR-UWB) radar sensor for detecting presence and perform ranging of trapped survivors. The autonomous mobile robot also comprises GNSS and BLE connectivity for location tracking of trapped survivors in conjunction with a Wi-Fi enabled visual sensing solution and a flashlight to aid during rescue operation. The battery-powered autonomous bio-inspired mobile robot (100) also comprises an MCU, actuators, motor control circuitry and IMU to control robot locomotion and perform sensor data fusion. BLE connectivity solution of the present invention communicates the location of detected trapped survivors to a plurality of rescue devices which use BLE Angle-of-Arrival method for successful survivor location resolution.",,,G01S13/887;G01S13/584;G01S13/888;G01S13/881;G01S13/867;G01S13/56;G01S7/415;G01S13/42;G01S13/86;B25J11/008;G01S19/48;G01S19/17;G05D1/0212;G05D1/0246;G05D1/0257;G05D1/027;G05D1/0278;G01S2205/06;G01S5/0231,B25J11/00;G01S13/56;B25J9/00;G01S19/01,PANNALA SUMA GOURI,IN,True,True
KR-20230017632-A,KR-20210099387-A,KR,A,85223761,20210728,20210728,20230206,0,Operation method for gas detetction robot,기체 탐지 로봇의 운용 방법,"The present invention relates to a gas detection robot operation method capable of enabling an emergency response and minimizing the loss of lives in a terror and disaster site, which is difficult for people to access, such as a fire, a harmful gas leak, a collapse, an explosion risk or the like. Moreover, in accordance with the present invention, the gas detection robot operation method includes: an overall search step of measuring gas in a predetermined area for a predetermined time through a gas detection robot, and comparing d_t, which is a concentration value of the measured gas, and d_t-1, which is a gas concentration value measured for the predetermined time before the d_t measurement in the predetermined area, with each other; and a termination step of terminating the overall search step when the value of the d_t-1 is greater than the d_t in the overall search step.","본 발명은 화재, 유해가스 누출, 붕괴 및 폭발 위험 등 사람이 접근하기 어려운 테러 및 재난현장에서 긴급 대응이 가능하고 인명 피해를 최소화할 수 있는 기체 탐지 로봇의 운용 방법에 관한 것이다. 
또한, 본 발명은 기체 탐지 로봇을 사용하여 소정의 시간 동안 소정의 영역에서 기체를 측정하고, 측정된 기체의 농도 값인 d t 와 상기 소정의 영역에서 상기 d t  측정 이전에 상기 소정의 시간동안 측정된 기체 농도 값인 d t-1 을 서로 비교하는 전체적 탐색 단계 및 상기 전체적 탐색 단계에서 상기 d t 보다 상기 d t-1 의 값이 크면 상기 전체적 탐색 단계를 종료하는 종료 단계를 포함하는 것을 특징으로 한다.",,B25J9/1664;B25J9/1674;B25J19/023;B25J11/002;B25J5/005;B25J9/1684,B25J5/00;B25J9/16;B25J11/00;B25J19/02,KOREA INST ROBOT & CONVERGENCE,KR,True,False
CN-105750627-A,CN-201610231866-A,CN,A,56335056,20160414,20160414,20160713,0,Clamping shearing snatching and seam expanding integral rescue tool,,"The invention discloses a clamping shearing snatching and seam expanding integral rescue tool, which comprises a clamping shearing holding snatching and seam expanding conversion device, a constant shearing force device, holding and snatching mechanisms of four pairs of four-connecting-rod mechanisms and a seam expanding device, wherein a deformation hydraulic cylinder of the clamping shearing holding snatching and seam expanding form conversion device and a slide block  realize the mutual switching among the clamping shearing, holding snatching and seam expanding forms; the constant shearing force device provides uniform shearing force for the clamping and shearing process; the secondary collapse in the rescue process is prevented; a holding snatching hydraulic cylinder of the four-connecting-rod holding snatching mechanism controls the position of holding snatching claws to realize the shielding and the work of clamp shear blades, and is matched with the clamping shearing holding snatching and seam expanding conversion device to complete the holding and snatching operation. The four functions including the clamping, shearing, holding snatching and seam expanding are integrated into one tool; the structure is reasonable and creative; the operation is simple and convenient; the dealing with complicated rescue environment can be realized; the complicated residue operation can be fast completed; the rescue efficiency is improved.",,,B23D27/06;A62B5/00,A62B5/00;B23D27/06,UNIV BEIJING TECHNOLOGY,,False,True
KR-20160061592-A,KR-20140164010-A,KR,A,56138132,20141123,20141123,20160601,0,,아메바 운동을 응용한 인명 구조용 로봇,"The present invention relates to a robot to save a life applied with amoebic movement which enables a rescue worker to more quickly grasp a position of a survivor in a buried space, thus enabling fast rescuing to save a human life. Moreover, a machine entering an inside of a collapsed structure photographs a surrounding environment using a camera, and photographed information is received from the outside to quickly grasp the position of the survivor. In addition, various relief supplies are transmitted to the survivor for the survivor not to pass away before a rescue team enters. According to the present invention, a robot to save the life applied with amoebic movement comprises: an inner layer; an outer layer; filling materials; a plurality of small electromagnets; and a driving controller.",본 발명은 아메바 운동을 응용한 인명 구조 로봇의 발명에 관한 것으로 구조요원으로 하여금 매몰된 공간에서의 생존자의 위치 파악을 더욱 신속하게 할 수 있게 하여 빠른 구조가 가능해 사람의 생명을 구하는데에 목적이 있으며 붕괴된 구조물 내부로 진입한 기계가 카메라를 이용해 주변 환경을 촬영하고 촬영한 정보를 외부로 수신하여 생존자의 위치를 빠르게 파악하는 것뿐만 아니라 생존자에게 각종 구호물자를 전달하여 구조대가 진입하기 전까지 생존자를 사망에 이르지 않도록 한다.,,B25J5/00;B25J5/002;B25J11/00,B25J11/00;B25J5/00,JU JEONG HWAN,KR,True,False
KR-20070004491-A,KR-20060129029-A,KR,A,37870685,20061215,20061215,20070109,0,Drive system of life structure elevator of skyscraper,초고층건물의 인명구조용 엘리베이터의 구동시스템,"Provided is a life-saving elevator drive system for a high-rise building using a wire horizontal turning unit, which vertically and horizontally moves an elevator along an outer wall of the high-rise building for rescuing human life. The drive system includes a guide rail(200) having a wire horizontal turning unit(100) operating a turning operation of a wire of a constant length on the roof of a high-rise building in a horizontal direction, an elevator drive unit(300) moving according to the turning operation of the guide rail and wire and having a pair of elevator lifting guide wires(400) which are installed on the elevator drive unit in a lower direction, and an elevator(500) having a wire lifting drive unit for moving the wire in a desired position of an outer wall of the high-rise building for rescuing human life.","본 발명은 고층건물에 화재나 지진, 건물붕괴 등과 같은 긴급 상황이 발생할 경우 건물의 외벽을 따라 신속하게 승강이동하여 안전하게 인명을 구조하여 재난으로 부터 인명피해의 최소화를 도모하는데 크게 일조할 수 있는 새로운 형태의 초고층 건물의 인명구조용 엘리베이터 시스템에 관한 것이다. 
     	즉, 고층건물 옥상의 일측에 일정한 길이의 와이어를 좌우방향으로 선회 작동할 수 있는 와이어 좌우 선회장치와; 그 일측에 일정한 길이의 가이드레일과; 상기 가이드레일과 선회장치 와이어의 선회작동에 따라 좌우 일정간격 이동이 자유롭고 엘리베이터의 리프팅 매개체인 상하 리프팅 안내용 와이어가 권설된 엘리베이터 구동장치와; 상기 엘리베이터 구동장치에 권설된 상태에서 건물의 하방 지면으로 두 가닥 늘어뜨려져 엘리베이터의 리프팅 매개로 작용하는 엘리베이터 상, 하 리프팅 안내용 와이어와; 상기 건물바닥으로 하향 늘어뜨려진 두 줄의 상, 하 리프팅 안내용 와이어에 선택 장착된 상태에서 그 와이어를 타고 스스로 리프팅 구동하면서 필요한 건물 외벽위치로 이동하여 인명 구조할 수 있도록 하는 와이어리프팅 구동장치를 가진 구조용 엘리베이터; 를 포함하여 이루어지는 것이다. 
       
     	와이어, 구동모터, 가이드레일, 엘리베이터, 끼움홈, 보조커버, 힌지핀",,A62B1/02;A62B1/06,A62B1/02;B66B9/187,JIN YOUNG R & S CO LTD,KR,True,True
KR-20080027814-A,KR-20080022697-A,KR,A,39414588,20080310,20080310,20080328,0,The group escape safety chuter on the double brakes pulley type for the fire refuge,화재대피용 이중브레이크 도르래타입 다인승 완강 안전장치,A group escape safety chute in a double brake pulley type for fire escape is provided to enable several people to escape at an emergency safely and to minimize damage of humans. A rope(78) is wound on a pulley body which has a brake function by a brake gear and is rotated by a pulley gear(52) to form a group escape safety chute in a double brake pulley type for fire escape. A pulley gear body(50) is installed to be adjacent to a pulley body for a descending rope. A first brake body is received into a body brake chamber(82) and a second brake body is received into a cover brake chamber(92) to make brake iron cores do the function of brakes well by the friction with each brake chamber. Two brake bodies are arranged on both sides of a brake pulley body.,"본 발명은 지금까지 개발된 완강 장치가 모두 1인용이란 것인데 반하여 본 발명이 추구하는 목적은 어린이를 포함하여 나약한 이들에게 홀로 로프를 잡고 내려가라고 한다면 아예 던져버리는 것과 같다는 점에서 힘 있는 이와 함께 내려갈 수 있는 완강 장치의 개발이 필연적이라는 점에서 발명을 하게 된 것이다. 
     이러한 필연성에 의거하여 개발된 것으로 일명 다인용 완강 장치라고 명명하면서 이를 감당할 수 있도록 강화할 부분이 무게로 인한 가속도를 적절하게 잡아줄 수 있는 브레이크를 추가한다는 것이고 이에 합당하도록 몸체와 덮개에 각각 브레이크 집을 만들어 브레이크를 장착하면서 이 가운데에 하강을 위한 로프의 회전용 롤러와 같이 돌려질 치차와 맞물리는 작은 치차의 속도를 앞과 뒤에서 잡아주므로 인한 완만한 하강을 유도시키는 장치의 개발이다. 
     이 다인용 완강 장치로 인하여 심약한 이들과 함께 대피할 수 있게 되어 붕괴 도는 화재 등의 재난에서 높은 층 또는 절벽 등지로부터 심약한 이들과 함께 내려오므로 대피의 효율성을 높여 주는 효과를 얻게 될 것이다. 
       
     완만한 하강장치(緩慢한 下降裝置),   이중브레이크(Duplex Brake),   도르래(Pulley),   활강(Chute),   소방용구,   탈출슈트(escape chute),",,A62B1/14;A62B1/10,A62B1/10;A62B1/08;A62B1/06,OH SANG HYUNG,KR,True,True
KR-20220033686-A,KR-20200115855-A,KR,A,80936072,20200910,20200910,20220317,0,Apparatus of emergency lamp for disaster rescue,재난 구조 비상등 장치,"The present invention relates to a disaster relief emergency light device. The device comprises: a differential GPS unit receiving a signal of a GPS satellite to extract precise coordinate information; a disaster relief control unit recording and managing user personal information; an LED lighting unit selectively lighting on or off an LED in white or red; a solar generation unit outputting power generated by sunlight radiation to a 5.1 voltage of constant voltage or constant current or interrupting the power; a commercial electricity unit outputting the 5.1 voltage of constant voltage to the constant current or interrupting the constant voltage; an emergency charge and discharge unit charged by inputting the 5.1 voltage of constant voltage to the constant current; and an anion generation unit generating and emitting an anion when analyzing surrounding air and it is detected that harmful gas is included. Accordingly, the present invention has an effect of protecting breathing of a sufferer.","본 발명은 정전, 화재, 지진, 태풍, 홍수, 붕괴 등이 포함되는 각종 재난이 발생한 지역에 위치하는 경우 생존자의 위치정보를 정말한 좌표정보로 외부에 알려주고 어두운 장소에서 조난자에게 주변을 확인하도록 조명하여 안정감을 주며, 과다한 먼지 또는 유해가스 등으로부터 조난자의 안전한 호흡을 위하여 정화된 공기를 제공하는 재난 구조 비상등 장치에 관한 것으로 지피에스 인공위성의 신호를 수신하여 50 센티미터 이내의 오차범위에 의한 정밀좌표정보를 추출하는 정밀지피에스부; 정밀지피에스부에 접속하여 현재 위치의 정밀좌표정보를 입력받고 재난 구조 비상등 장치의 전체 운용을 감시하며 각 구성부에 해당 제어신호를 각각 출력하고 각 구성부 사이의 해당 신호 전송경로를 스위칭하며 사용자 신상정보를 기록 관리하는 재난구조제어부; 재난구조제어부의 해당 제어신호에 의하여 6 개 이상의 다수로 이루어지는 5 와트급 엘이디를 선택적으로 백색 또는 적색으로 점등 또는 점멸시키는 엘이디조명부; 재난구조제어부에 접속하고 해당 제어신호를 입력하며 태양광 조사에 의하여 발전된 전력을 5.1 볼트의 정전압과 정정류로 출력하거나 차단하는 태양광발전부; 재난구조제어부에 접속하고 해당 제어신호에 의하여 상용전원을 입력하고 5.1 볼트의 정전압을 정정류로 출력하거나 차단하는 상용전원부; 재난구조제어부에 접속하고 해당 제어신호에 의하여 태양광발전부 또는 상용전원부로부터 인가되는 5.1 볼트의 정전압을 정정류로 입력하여 충전하는 비상충방전부; 재난구조제어부에 접속하고 해당 제어신호에 의하여 주변 공기를 분석하여 유해가스가 포함된 것으로 검출되면 음이온을 발생하여 배출하는 음이온발생부를 포함하는 특징에 의하여 상용전원이 공급되지 않는 경우에도 충방전배터리를 충전시키고 재난발생 상황을 국제공용 조난구조신호로 출력하면서 사이렌, SOS와 다수 통신경로를 이용하여 구조요청 신호를 송출하므로 재난상황을 주변에 정확하고 빠르게 전달하며, 조난자의 호흡을 보호하는 효과가 있다.",,Y02B10/70;G08B21/10;G08B25/10;H05B47/155;G08B21/0269;H02J9/06;G08B5/36;H02J7/34;G08B3/10;F21V33/0076;G08B25/006,G08B25/00;F21V33/00;G08B21/10;G08B21/02;G08B3/10;H02J9/06;G08B5/36;H05B47/155;G08B25/10;H02J7/34,PROMAX CO LTD,KR,True,False
CN-102139143-B,CN-201010599712-A,CN,B,44407077,20101222,20101222,20121121,20121121,Method for extinguishing fire by using flue gas,,"The invention discloses a method for extinguishing fire by using flue gas, which comprises the following steps of: 1, collecting the stored flue gas: compressing the flue gas exhausted to a chimney by a boiler into a mobile gas storage tank or a fixed gas storage tank by using an air compressor, wherein the output end of the fixed gas storage tank is communicated with a gas pipeline of a user side through a building gas pipe network; 2, collocating an air respirator for emergency escape of a wearer indoors; 3, inflating gas to the room to extinguish fire: when a fire disaster happens, automatically opening a pipeline valve communicated with the fixed gas storage tank indoors by a trapped person to inflate the gas to the room to extinguish fire; supplying the flue gas to the fixed gas storage tank in time by a rescuer, or closing the pipeline valve at the output end in time according to the fire extinguishing condition; and 4, performing safe escape, namely the trapped person wears the air respirator and escapes the danger zone per se. By using the flue gas to extinguish the fire, the fire is extinguished quickly, the effect is good, articles are not damaged, building collapse accidents and personnel burn can be prevented, fire spread is effectively controlled, the escape time for trapped persons is prolonged, and the method has unique advantages of fire extinguishment of high-rise buildings.",,,,A62C31/00;A62B7/02;A62C3/00,SONGYU HAN,,True,True
CN-120361446-A,CN-202510706608-A,CN,A,96451621,20250529,20250529,20250725,0,Protective tool for auxiliary operation and rescue in collapse risk environment,,"The invention discloses a protective tool for auxiliary operation and rescue in an environment with collapse risk, which belongs to the technical field of rescue protection and comprises a head assembly, a chest assembly and an external display assembly. According to the invention, collapse impact force can be effectively absorbed, the risk of craniocerebral injury is reduced, the face is prevented from being scratched by crushed objects through the protective mask, the relative breathing space can be formed, air required by breathing is provided, the transverse and longitudinal distance of the position of the buried person and the general posture of the human body when the buried person is buried can be obtained, references are provided for external rescue personnel to command large-scale machinery to participate in rescue and rescue by using tools, the rescue time is shortened, and the rescue mask can be used for talking with the trapped person in the rescue process, so that psychological comfort is carried out on the trapped person.",,,A62B3/00;A62B18/08;A62B18/02,A62B18/08;A62B3/00;A62B18/02,HE HONGKUAN,,True,True
CN-121876974-A,CN-202511790813-A,CN,A,99399101,20251201,20251201,20260417,0,Heterogeneous equipment path planning method under complex collapse scene,,"The invention provides a heterogeneous equipment path planning method under a complex collapse scene, and belongs to the field of emergency rescue heterogeneous equipment navigation and path planning. Setting a terrain index threshold and an initial voxel resolution by utilizing complex collapse scene environment information and heterogeneous equipment characteristics acquired by an unmanned aerial vehicle, constructing a three-dimensional voxel map with dynamic resolution by taking octree as a frame, realizing balance of terrain details and storage efficiency, calculating basic terrain indexes and collapse catastrophe indexes, completing traversal risk assessment and passable area division, and adopting improved technology And (3) an algorithm, which fuses the terrain risk and the path smoothness requirement, and generates an optimal path for adapting to heterogeneous equipment. The method can effectively improve the safety and the high efficiency of equipment path planning in complex collapse scenes, is suitable for emergency rescue scenes such as earthquake, building collapse and the like, and provides reliable path support for heterogeneous equipment rescue operation.",,,G06T17/00;G01C21/20,G06T17/00;G01C21/20,UNIV CHINA MINING & TECHNOLOGY BEIJING;CHINA ACADEMY SAFETY SCIENCE & TECHNOLOGY;UNIV CHINA MINING,,True,False
CN-112329675-B,CN-202011259924-A,CN,B,74317645,20201112,20201112,20230425,20230425,Polarization SAR data identification collapse construction method based on Fourier transform,,"The invention discloses a method for identifying collapsed building by polarized SAR data based on Fourier transform, which provides a new characteristic parameter, namely an angular domain variation coefficient CV_AFI based on Fourier transform amplitude spectrum, which is used for identifying the collapsed building and a perfect inclined building, and extracting the collapsed building of a post-earthquake disaster area by combining a polarization decomposition method. The method provided by the invention has the advantages that the identification precision of damaged buildings can reach 82.95 percent, and the identification precision of intact buildings can reach 85.20 percent. 78% of the perfectly inclined buildings were successfully separated from the collapsed buildings. If the perfect buildings are mistakenly recognized as collapsed buildings, misleading rescue deployment is conducted, and a large amount of disaster relief resources are consumed. The CV_AFI parameter provided by the invention can effectively describe the space distribution difference and the structural characteristic difference of the collapsed building and the inclined building in the frequency domain, can better identify the two buildings, and improves the accuracy of identifying earthquake damage of the building after earthquake.",,,G06T2207/10044;G06T2207/20056;G06V20/176;G06T7/136,G06T7/136;G06V10/48;G06V20/10,,,True,False
KR-102635208-B1,KR-20230099334-A,KR,B1,89899843,20230731,20230731,20240208,20240208,Underground facility survey system for measuring depth of underground facility using level staff,수준 표척을 이용하여 지하시설물의 심도를 측정할수 있는 지하시설물 측량시스템,"The present invention relates to an underground facility surveying system and, more specifically, to an underground facility surveying system capable of measuring the depth of an underground facility by using a level indicator. The underground facility surveying system comprises: a lower level indicator which can be inserted into an excavation hole and has a scale engraved on the front surface thereof; an upper level indicator which is inserted into the lower level indicator, can be adjusted in length in a sliding and elastic manner, and has a scale engraved on the front surface thereof; a rotary buffer landing means which is provided at the lower end of the lower level indicator; a vertical maintaining means which is coupled to the upper end of the lower level indicator and allows the lower level indicator and the upper level indicator to be vertical; a foldable handle which is foldably connected to the upper end of the lower level indicator; and a level device which is installed adjacent to the outside of the excavation hole and can measure the scale engraved on the lower level indicator and the upper level indicator. The underground facility surveying system can prevent casualties caused by earth and sand collapse or fall by allowing a level indicator to stand at a desired point without entering the excavation hole.","본 발명은 지하시설물 측량시스템에 관한 것으로, 보다 상세하게는 굴착공 안으로 진입시킬 수 있으며 전면에 눈금이 새겨진 하부표척, 하부표척에 삽입되어 슬라이드 신축식으로 길이 조절이 가능하며 전면에 눈금이 새겨진 상부표척, 하부표척의 하단에 구비되는 회전식 완충착지수단, 하부표척의 상단에 결합되어 하부표척과 상부표척이 수직을 이루도록 하는 수직유지수단, 하부표척의 상단에 접이식으로 연결되는 접이식 핸들 및 굴착공의 바깥에 인접 설치되어 하부표척과 상부표척에 새겨진 눈금을 측정할 수 있는 레벨장치를 포함하는 것을 특징으로 하여, 표척수가 굴착공 내로 들어가지 않고서 표척을 원하는 지점에 세울 수 있어 토사붕괴 또는 추락 등에 의한 인명사고를 미연에 방지할 수 있는 수준 표척을 이용하여 지하시설물의 심도를 측정할 수 있는 지하시설물 측량시스템에 관한 것이다.",,G01C15/06;F16F15/04;F16M11/20;G01C5/00,G01C15/06;F16F15/04;F16M11/20;G01C5/00,SHINIL TOPOGRAPHY INFORMATION CO LTD,KR,True,False
KR-20240154805-A,KR-20230051178-A,KR,A,93287461,20230419,20230419,20241028,0,System searching of sufferer based on unmanned aerial vehicle,무인 비행 기반 조난자 수색 시스템,"The present invention relates to an unmanned flight-based victim search system. The present invention is to provide an unmanned flight-based victim search system which attaches a sound sensor to an unmanned flying drone to detect only a sound of a specific frequency band generated from a victim even in environmental conditions difficult to access at various disaster sites such as fire sites or collapse sites, thereby determining that the victim has occurred.","본 발명은 무인 비행 기반 조난자 수색 시스템에 관한 것으로, 무인 비행하는 드론에 음향 센서를 부착하여, 화재현장이나 붕괴현장과 같은 각종 재해현장에서 접근이 어려운 환경 조건에서도 조난자로부터 발생하는 특정 주파수 대역의 음향만을 탐지하여 조난자가 발생한 것으로 판단할 수 있는 무인 비행 기반 조난자 수색 시스템을 제공하는 것이다.",,B64U2201/10;B64U2101/56;G01H17/00;B64C39/024;B64U20/80,B64U101/56;B64C39/02;B64U20/80,LOAS INC,KR,True,False
WO-2012169773-A2,KR-2012004442-W,WO,A2,44957324,20120605,20110607,20121213,0,Rescue system for a collapse,붕괴에 따른 조난 구조 시스템,"The present invention relates to a rescue system for a collapse, in which a body detection unit is installed in order to detect the presence of people inside a building, and a tilt sensor and an acceleration sensor are installed in order to set changed tilt data and acceleration data as an event trigger signal, when an earthquake or external shock occurs. Moreover, by analyzing a signal measured in the body detection unit at a predetermined time before the event trigger signal occurs, if someone was in the building before a collapse accident, the place where people are buried is announced through a voice or Morse code via an alarm unit in order to perform a rescue operation quickly. As a result, accident mortality from a collapse may be drastically reduced.",본 발명은 인체 감지부를 설치하여 건축물 내부 사람의 유무를 감지하고 경사 센서와 가속도 센서를 설치하여 지진 또는 외부의 충격이 발생할 경우 변화되는 경사 데이터와 가속도 데이터를 이벤트 트리거 신호로 설정하여 이벤트 트리거 신호가 발생한 시점의 일정시간 전 인체 감지부에서 계측한 신호를 분석하여 건축물의 붕괴사고 발생 전 사람이 있을 경우 경보 알람부를 통해 사람이 매몰된 장소의 위치를 음성 또는 모스부호를 통해 경보하여 신속하게 구조 작업을 진행할 수 있도록 함으로써 붕괴에 의한 사고 사망률을 현저히 저감할 수 있는 붕괴에 따른 조난 구조 시스템에 관한 것이다.,,G08B21/02;G08B21/043,G08B25/00;G08B21/02,KOREA MAINTENANCE CO LTD;CHOI JUN SEONG;SONG JEA HWAN;KANG SUNG MIN,KR,True,False
CN-102581819-A,CN-201210037492-A,CN,A,46471340,20120220,20120220,20120718,0,Portable quick dismantling equipment,,"The invention discloses portable quick dismantling equipment which comprises a manual hydraulic pump, a pair of shearing pliers, a dilator and a support device. The shearing pliers, the dilator and the support device adopt hydraulic drive and are connected with the manual hydraulic pump through quick change connectors respectively. The portable quick dismantling equipment only depends on human power, is light in weight and convenient to carry and operate. The shearing pliers, the dilator and the support device can be used alternately in the sites of vehicle and railway accidents, air crash, building collapse caused by the geological disaster and beach rescue to save people quickly, so that the portable quick dismantling equipment is a desired tool for public security, fire fighting and mine emergency rescue.",,,,B25F1/02,HENAN LAHENG SCIENCE & TECHNOLOGY CO LTD,,True,False
CN-210105433-U,CN-201821828466-U,CN,U,69529602,20181107,20181107,20200221,20200221,Novel emergency rescue refuge building platform of earthquake area transformation formula,,"The utility model provides a novel earthquake belt-modified emergency rescue building platform, which is characterized in that the tops of four sides of the inner wall of the building platform are embedded with an inner frame, the bottom end of the inner frame is uniformly fixed with a plurality of vertical support plates integrated with the inner frame, the vertical support plates are embedded in the four sides of the inner wall of the building platform, and the side surfaces of the vertical support plates are vertically penetrated with at least three horizontal vertical rods, thereby providing bricks, falling rocks and the like generated when the surrounding building collapses, the bricks, falling rocks and the like can be shielded by the building platform, a helicopter can quickly find landing points in high altitude without evacuating people and then vacating a piece of empty ground to stop, thus solving the problem of the existing earthquake belt-modified novel emergency rescue building platform, building bricks and the like are easy to fall in emergency shelters and cause injury accidents of the people, the helicopter is inconvenient to land and needs a certain time to evacuate people.",,,,E01F3/00;E04H9/00;E04H9/02,SHANGHAI CHUANQIN BUILDING ENG CO LTD,,True,False
CN-224070078-U,CN-202520782144-U,CN,U,99261155,20250423,20250423,20260403,20260403,Earthquake disaster reduction refuge bed cabin,,"The utility model belongs to the technical field of household protection rescue equipment, and particularly relates to an earthquake disaster reduction refuge bed cabin. The earthquake shelter comprises a bed body, wherein a shelter cabin is arranged in the bed body, a plurality of cabin doors leading to the shelter cabin are arranged on the side part of the bed body, and when an earthquake suddenly occurs and people cannot escape outdoors, a refugee can rapidly enter the shelter cabin from the cabin doors on the side part. The refuge cabin body adopts a steel frame structure and is assembled by at least two frame units, the structure has high strength and stability, can effectively resist impact when a building collapses caused by an earthquake, prevents refuders from being directly pressed by the collapsed building, and provides a relatively safe shelter environment for the refuders. Meanwhile, foods and water (such as compressed biscuits and mineral water which are resistant to long-term storage) are stored and replaced in the refuge cabin at regular intervals, so that necessary dietary support is provided for refugees during waiting for rescue.",,,,A47C21/00;A47C19/22;A47C19/02;A47C17/86,ZHONGFANG AIBAO CHENGDU TECH CO LTD,,True,False
CN-113990004-A,CN-202111225432-A,CN,A,79739792,20211021,20211021,20220128,0,Rescue method for building structure in fire state,,"The invention discloses a rescue method under a fire state of a building structure, which plans a rescue advancing recommended path through a preset building collapse mode, quickly matches the most appropriate advancing path when a fire occurs, and can provide powerful guarantee for the smooth development of rescue work; meanwhile, the monitoring center can master the position of the rescue worker in real time by utilizing the positioning information of the handheld positioning terminal, so that the rescue scheme can be quickly adjusted, casualties of the rescue worker are reduced, and the method has popularization and application values.",,,G08B25/016;G01C21/206;G08B7/062,G08B7/06;G01C21/20;G08B25/01,SICHUAN FIRE RES INST MEM,,True,False
CN-113536433-A,CN-202110830360-A,CN,A,78120461,20210722,20210722,20211022,0,BIM platform-based dynamic escape route optimization system for evacuation after disaster of building,,"The invention discloses a BIM platform-based dynamic escape route optimization system for post-disaster evacuation of a building, which comprises a seismic wave data acquisition system, a structural health condition data analysis system and a structural safety early warning feedback system; the seismic wave data acquisition system acquires seismic wave data and real-time state parameters of the structure; the structural health condition data analysis system carries out screening analysis and structural damage identification on the collected data; the structure safety early warning feedback system sequentially finishes intelligent judgment of structure damage, disaster alarm, generation of an optimal escape path and escape indication according to the structure damage data, and comprises a BIM information model platform module. The invention can fully automatically monitor and feed back the structure safety condition in real time and plan an escape path in real time, can realize the integration of building structure monitoring, alarming, post-disaster rescue and repair, and has the characteristics of intellectualization, timeliness and accuracy.",,,G06F30/13;G06Q10/047;G06F30/23,G06F30/23;G06Q10/04;G06F30/13,UNIV SOUTHEAST,,True,False
KR-102642701-B1,KR-20230031332-A,KR,B1,88964711,20230309,20220509,20240304,20240304,Apparatus for experiencing the virtual reality,가상현실 체험장치,,"본 발명은 시민안전, 지진, 해일, 산사태, 산불, 건물붕괴, 전쟁, 기후변화, 건설현장에서 발생할 수 있는 각종 안전사고에 대한 다양한 가상환경을 각각 모듈로 구성하고, 가상체험을 위한 목적에 맞게 하나의 프레임의 천장, 벽체, 바닥부위에 모듈들을 선택적으로 조립하여 가상체험을 위한 장치를 구현하며, 체험자가 VR기기를 착용하여 장치의 내부로 진입하여 다양한 가상현실의 안전사고를 몸으로 직접 체험할 수 있도록 한 가상현실 체험장치를 제공하는데 그 목적이 있다. 
이를 위해 본 발명은 다면체를 구현하기 위한 프레임; 상기 프레임의 각 면을 구현할 부위에 선택적으로 탈부착이 가능하도록 각각 체결되며, 안전사고 체험상황을 물리적으로 구현하는 모듈화된 구동부; 체험자가 착용하는 VR 기기; 상기 VR 기기에 디스플레이되는 가상현실 영상과 매칭되도록 상기 구동부의 구동을 제어하는 제어부;로 구성된다.",,G09B9/00;G02B27/017;G06F3/005;G06F3/011;G06F3/016;G06T19/003;G06V10/14;G06V40/103;G09B19/00,G09B9/00;G02B27/01;G06F3/00;G06F3/01;G06T19/00;G06V10/14;G06V40/10;G09B19/00,,,True,False
CN-102139143-A,CN-201010599712-A,CN,A,44407077,20101222,20101222,20110803,0,Method for extinguishing fire by using flue gas,,"The invention discloses a method for extinguishing fire by using flue gas, which comprises the following steps of: 1, collecting the stored flue gas: compressing the flue gas exhausted to a chimney by a boiler into a mobile gas storage tank or a fixed gas storage tank by using an air compressor, wherein the output end of the fixed gas storage tank is communicated with a gas pipeline of a user side through a building gas pipe network; 2, collocating an air respirator for emergency escape of a wearer indoors; 3, inflating gas to the room to extinguish fire: when a fire disaster happens, automatically opening a pipeline valve communicated with the fixed gas storage tank indoors by a trapped person to inflate the gas to the room to extinguish fire; supplying the flue gas to the fixed gas storage tank in time by a rescuer, or closing the pipeline valve at the output end in time according to the fire extinguishing condition; and 4, performing safe escape, namely the trapped person wears the air respirator and escapes the danger zone per se. By using the flue gas to extinguish the fire, the fire is extinguished quickly, the effect is good, articles are not damaged, building collapse accidents and personnel burn can be prevented, fire spread is effectively controlled, the escape time for trapped persons is prolonged, and the method has unique advantages of fire extinguishment of high-rise buildings.",,,,A62C31/00;A62C3/00;A62B7/02,SONGYU HAN,,True,True
CN-202945847-U,CN-201220281462-U,CN,U,48421554,20120606,20120606,20130522,20130522,Multifunctional life safe box,,"A multifunctional life safe box is formed by thin steel plates and buffer materials or inflaming retarding sealing layers. Multiple reinforcing ribs are pressed or welded on the planes of the rectangular thin steel plates, load bearing strength is increased, and the overall weight is lightened. In order to facilitate manufacturing, disassembling, assembling and transportation, the safe box is divided into a top part, a bottom part, four walls, a door and a bed plate to be manufactured. Rust-proof treatment is carried out for the manufactured thin steel plates. The buffer materials are contained below the top part, on middle upper portions of the four walls, inside the door and on the bed plate. A partition plate is arranged below the bed plate and used for storing articles and self-rescue tools. After assembling, the safe box is a rectangular container type metal outer shell, and the interior of the safe box is a hexahedral space containing the buffer materials. Once a violent earthquake happens, as long as people sleep or hide in the safe box, even through a building collapses, the safe box rolls over and falls to the ground, building debris can only impact or extrude the metal outer shell, and even a part of the safe box is damaged or buried in the ruins, people in the safe box cannot be injured, people are injured at the most but cannot die, and life and property safety of people can be ensured.",,,,E04H9/02,LU YINHE,,True,False
CN-119905026-A,CN-202411994248-A,CN,A,95473325,20241231,20241231,20250429,0,Building collapse rescue simulation test method,,"The invention relates to the technical field of collapse rescue simulation and discloses a building collapse rescue simulation test method, which is characterized in that image data in a collapse simulation scene is recorded through a camera module, and meanwhile, information of the sensor touched by a life detector is recorded through a first sensor and a second sensor, so that a tester can timely obtain test feedback, the proficiency of the tested person in operating the life detector is improved in a test substitution mode, meanwhile, after the test, the defect in operation of the life detector can be purposefully complemented through reviewing the image data and definitely confirming the defects of the tested person, so that the existing problems are purposefully improved, the detection skill of the life detector is improved, the detection efficiency and the rescue efficiency of the rescuer in formal rescue are improved, and the rescue success rate is improved.",,,G06T7/0002;H04N5/76;G01V9/00;G09B25/04;G09B9/00,H04N5/76;G09B25/04;G06T7/00;G01V9/00;G09B9/00,CHONGQING VOCATIONAL INST ENG;CHONGQING XIANCHEN TECH CO LTD,,True,False
KR-20220013673-A,KR-20200092905-A,KR,A,80268064,20200727,20200727,20220204,0,"Apparatus, system and control method for people counting","피플카운팅 장치, 시스템 및 제어방법","The present invention relates to a people counting apparatus and a system and control method thereof and, more specifically, to a people counting apparatus including a lighting function and a disaster detection function, and a system and control method thereof. According to the present invention, the people counting apparatus detects a counting target passing a detection area and determines whether the counting target is a person to generate information about the number of counted persons, thereby counting the number of people passing the detection area. The people counting apparatus provides the lighting function lighting a predetermined range including the detection area. The people counting apparatus transmits the information on the number of people counted on the basis of an ad-hook network to other nodes or gateways, thereby facilitating installation and operation regardless of indoor or outdoor. The people counting apparatus provides a disaster detection function to detect occurrence of disaster situations such as building collapses, earthquakes, fires, and gas leaks and is configured to supply auxiliary power when operating power supply is cut off or the disaster situation is detected, thereby propagating information about a disaster situation or a rescue target even when operating power is cut off due to a disaster. The people counting apparatus comprises a sensing unit, a lighting unit, a control unit, and a communication unit.","본 발명은 피플카운팅 장치, 시스템 및 제어방법에 관한 것으로, 구체적으로는 조명 기능과 재난 감지 기능을 구비하는 피플카운팅 장치, 시스템 및 제어방법에 관한 것이다. 
또한, 본 발명은 감지 영역을 지나는 카운팅 대상을 감지하고 카운팅 대상이 사람인지 판정하여 카운팅된 사람의 수에 대한 정보를 생성함으로써, 감지 영역을 지나는 사람의 수를 카운팅할 수 있고, 감지 영역을 포함하는 소정의 범위에 빛을 비추는 조명 기능을 제공하며, 애드훅 네트워크를 기반으로 카운팅된 사람의 수에 대한 정보를 타 노드 또는 게이트웨이에 송신하도록 구비됨으로써, 실내나 실외의 구분없이 설치 및 운용이 용이하며, 건물 붕괴, 지진, 화재 및 가스 누출을 포함하는 재난 상황의 발생 여부를 감지하는 재난 감지 기능을 제공하며, 동작 전원 공급이 차단되거나 재난 상황이 감지되는 경우 보조 전원을 공급하도록 구비됨으로써, 재난으로 인해 동작 전원이 차단된 상황에서도 재난 상황이나 구조 대상에 대한 정보의 전파가 가능하다.",,H04N23/20;G08B25/14;G06M1/10;G08B21/10;Y02B20/40;H05B47/115;G01J5/0025;G01J5/60;H04N5/33,H05B47/115;G08B21/10;G01J5/00;H04N5/33;G01J5/60;G06M1/10,CHEJU HALLA COLLEGE IND ACADEMIC COOPERATION FOUNDATION,KR,True,False
KR-102093317-B1,KR-20180094366-A,KR,B1,69525565,20180813,20180813,20200325,20200325,Random number generation method and random number generator using inorganic scintillator,무기섬광체를 이용한 난수생성방법 및 난수생성장치,,"본 발명은 ZnS 섬광체를 이용한 난수생성방법 및 난수생성장치에 대한 것으로, 원자핵의 자연붕괴시 알파입자 또는 베타입자를 방출하는 방사성 동위 원소 방출층과, 상기 방사성 동위 원소 방출층의 하단에 배치되는 폴리머층과, 상기 방사성 동위원소방출층과 상기 폴리머층 사이에 배치되며 무기섬광물질이 도포되는 무기섬광체층과, 상기 폴리머층 하단에 배치되고 상기 무기섬광체층으로부터 발생하는 빛을 검출하는 포토다이오드를 포함하는 웨이퍼층을 포함하는 것을 특징으로 한다.",,G06F7/588;C09K11/584,G06F7/58,,,True,False
CN-115659676-A,CN-202211371624-A,CN,A,84995625,20221103,20221103,20230131,0,Numerical simulation method for quickly constructing building collapsed ruin lifesaving channel,,"The invention relates to the technical field of earthquake field rescue, in particular to a numerical simulation method for quickly constructing collapsed ruin lifesaving channels of buildings. The method comprises the following steps: (1) And establishing a building structure numerical model by adopting an ANSYS/LS-DYNA program, generating a KEYWORDS file 1, and then solving to generate a D3DUMP file. (2) Modifying the KEYWORDS file, adding a keyword STRESS _ INITIALIZATION, and keeping the STRESS state of the collapsed ruin numerical model. (3) Performing &#39;secondary editing&#39; on the structural collapse ruin numerical model, adding a keyword DELETE _ ELEMENT, and deleting a component unit to realize removal and breaking rescue technology in the rescue process. (4) And generating a new KEYWORDS file 1+i (i =1,2,3 …), and realizing the construction of the ruin numerical model lifesaving channel. The numerical simulation method for quickly constructing the building collapse ruin lifesaving channel can provide scientific and reliable basis for quickly determining the rescue direction and constructing the lifesaving channel for commanders in earthquake sites.",,,,G06F119/14;G06F111/10;G06F30/20,UNIV JILIN AGRICULTURAL,,True,False
CN-115405352-A,CN-202210061355-A,CN,A,84158245,20220119,20220119,20221129,0,Multifunctional barrier-breaking rescue robot for mine,,"The invention discloses a multifunctional mine barrier-breaking rescue robot which comprises a rescue vehicle, wherein a barrier cleaning device is arranged at the front end of the rescue vehicle, an anti-collapse auxiliary device positioned above the barrier cleaning device is arranged at the front end of the rescue vehicle, a plurality of anti-collapse supporting steel beams are driven by a three-dimensional driving mechanism to move to the front of a barrier below a collapse position, then the anti-collapse supporting steel beams are controlled to be inserted into the barrier in front, so that the collapse position is supported by the anti-collapse supporting steel beams, and then the barrier cleaning device starts to clean the barrier, so that the possibility of secondary collapse caused by the barrier cleaning device cleaning the barrier is greatly reduced, the barrier-breaking rescue efficiency is favorably improved, and the safety of rescuers, trapped persons and rescue equipment is guaranteed.",,,B62D55/06;E21F11/00,B62D55/06;E21F11/00,ANHUI TECHNICAL COLLEGE MECHANICAL & ELECTRICAL ENG,,True,False
CN-120848736-A,CN-202511004103-A,CN,A,97427149,20250721,20250721,20251028,0,Virtual training method and system for firefighter search and rescue escape,,"The invention relates to the technical field of virtual training, in particular to a method and a system for virtual training of firefighter search and rescue escape, wherein the system comprises a virtual scene dynamic construction module, a door and a channel are abstracted into sides giving geometric distance weight according to a building plan, a room intersection and a corridor intersection are abstracted into nodes, the fire spreading or structure collapse event is responded in the virtual training, the weight of the corresponding sides is adjusted to infinity, a shortest path is obtained, and a reference rescue path set is established. According to the invention, through dynamic analysis of structural information of the building plan, intersections of rooms and hallways are abstracted into nodes, doors and channels are abstracted into sides with geometric weights, accessibility of the sides is adjusted in real time after fire spread or structural collapse occurs, non-passable conditions are introduced in calculating paths, and real-time adaptability and rescue simulation precision of the path generation process are improved.",,,G06F3/04815;G06F3/011;G09B9/00,G09B9/00;G06F3/04815;G06F3/01,SHANGHAI FIRE RES INSTITUTE OF MEM,,True,False
KR-102055631-B1,KR-20180002005-A,KR,B1,67474386,20180106,20180106,20191213,20191213,Smart Emergency Exit Lamp,스마트 피난구 유도등,,"본 발명은 피난구 유도등에 관한 것으로서, 특히 재해/재난 등으로 건물붕괴 및 화재 등의 비상상황 발생시 피난구의 방향표시 기능은 유지한 채 휴대가능한 비상등이 손전등으로 분리되어 후레쉬와 조난신호 전송 기능을 하여 인명구조에 적극 활용되는 스마트 피난구 유도등에 관한 것이다. 
이를 위하여, 본 발명은 건물 벽체에 지지되도록 설치되고, 비상시 점등되는 피난구 유도등이 구비되는 베이스 비상등; 및 상기 베이스 비상등에 부착된 상태로 내장 배터리에 의해 상시 충전되고 피난구 유도등이 구비되어 상시 점등되며, 비상시 베이스 비상등으로부터 분리되면서 후레쉬 램프가 점등되고 조난신호를 일정 시간마다 전송하는 포터블 비상등; 을 포함하여 구성되며, 상기 베이스 비상등은 포터블 비상등의 분리시 피난구 유도등이 점등되는 것을 특징으로 하는 스마트 피난구 유도등을 제공한다.",,F17D5/005;F17D3/01;F16B5/0664;F21V33/0064;G08B21/0263;F21S9/04;G08B3/10;G08B5/36,F21V33/00;G08B5/36;G08B3/10;F21S9/04;G08B21/02,,,True,False
WO-2011026280-A1,CN-2009075181-W,WO,A1,42420915,20091127,20090903,20110310,0,Earthquake life-saving device,,"Disclosed is an earthquake life-saving device, which includes a casing (1), an entry-exit opening provided at the lower part of the casing (1), vents (3) set at the upper part of the casing, a handle (5) mounted on the inner wall of the casing (1), and a signal emission device (6) provided on the casing (1). The life-saving device is set in an above-ground building where human beings live, work or exercise. During the short period of time when the earthquake happens, a person can quickly enter the life-saving device, close the entry-exit opening and the vents, stabilize oneself and grasp the handle. When the building collapses during the earthquake, the life-saving device can slide down along with the damaged parts of the building, protecting the person inside from being bumped, crushed, squeezed or pricked by the broken objects of the building, thereby protecting the life of the person. The signal emission device can emit a rescue signal at regular intervals to facilitate rescue.",,,E04H9/029,A62B31/00,ZHAO JINGCAN,CN,True,True
JP-2014145155-A,JP-2013012784-A,JP,A,49529418,20130128,20130128,20140814,0,Jib bracket,,"PROBLEM TO BE SOLVED: To provide a jib bracket capable of hanging down a rope up to the ground surface for helping oneself, which is required because the Government and News warns that a huge earthquake will occur in Southern Kanto, and it is unknown whether or not a building collapses at the earthquake, and if a huge earthquake occurs, a disaster victim can obtain relief supplies for protecting his/her own life only when he/she goes to a refuge place by oneself and registers himself/herself as a victim, in a situation that the first floor and the midway floor of a mid-to-high-rise building collapse like in the Great Hanshin earthquake, the collapsed ceiling blocks up an evacuation passage in the building, so the disaster victim is unable to go to the outside ground from the inside of a building, and there is a possibility in a big city that the disaster victim who survives the earthquake disaster runs out of food and water and dies of hunger because whether or not a rescue party comes is uncertain due to the numerous population.SOLUTION: A rope support is mounted on an outer wall of a building structure, and a rope is attached to the tip of a jib in a hand-reachable place from a veranda and a window having a floor. An arm is turned and fixed at a right angle to the wall surface after a state in which a person can safely hang on the rope is established, and the rope is hung down at a position separate from the building structure.",,,,A62B3/00;E06C9/14,SAISHU TETSUYA,,True,True
KR-102473045-B1,KR-20220075698-A,KR,B1,84407623,20220621,20220621,20221206,20221206,Disaster situation communication network infrastructure supplementation method and system using unmanned mobile device,무인이동체 장치를 활용한 재난상황 통신 네트워크 인프라 보완방법 및 시스템,"An apparatus for building a communication network and collecting situation information in a field of a collapse disaster according to one embodiment of the present invention comprises: a ground drone (10) traveling by means of driving of a track device (20) and having a communication device (80) mounted thereon; a flying drone (32) mounted on the ground drone (10) to be transferred and flying according to an operational signal to photograph a field of a collapse disaster; a camera device (40) mounted on the ground drone (10) to photograph the surroundings of the ground drone (10); storage (50) installed on the ground drone (10) to accommodate a relay module (60) and throw the relay module (60) into the field of the collapse disaster according to an operational signal; and a plurality of relay modules (60) connected through a wireless communication network to relay wireless communication among the ground drone (10), the flying drone (32), and a directing control unit (100). Accordingly, situation information on a disaster field can be more accurately ensured and shared and a rescue plan can be made in a safer manner.","본 발명의 실시예에 따른 붕괴 재난 현장에서 통신망 구축 및 상황정보 수집하는 장치는, 궤도 장치(20)의 구동으로 주행하고 통신 장치(80)가 탑재된 지상 드론(10); 지상 드론(10)에 탑재되어 운반되고, 작동 신호에 따라 비행하여 붕괴 재난 현장을 촬영하는 비행 드론(32); 지상 드론(10)에 탑재되어 지상 드론(10)의 주변을 촬영하는 카메라 장치(40); 지상 드론(10)에 설치되고 중계기 모듈(60)을 수납하며 작동 신호에 따라 중계기 모듈(60)을 붕괴 재난 현장에 투척하는 스토리지(50); 및 무선 통신망으로 연결되어 지상 드론(10), 비행 드론(32) 및 지휘 통제부(100) 간에 무선 통신을 중계하는 다수의 중계기 모듈(60); 을 포함한다.",,H04W4/90;B64C39/024;B65G33/02;H04W84/18;H04W4/33;H04W76/50;G08B25/10;B65G47/44;H04N7/18;G03B15/006;H04W88/04;G05D2109/10;G05D2111/14;G05D1/243;G05D1/689;G05D2105/55;G05D2109/254;G05D1/692;G05D1/225;G05D2107/36;G08B21/10;G08B25/009;G05D1/617;G05D2105/40;G05D2111/32;G05D2109/20;G05D2111/10;G05D2111/20,B65G47/44;G03B15/00;B65G33/02;B64C39/02;H04W84/18;H04W88/04;H04W76/50;H04W4/33;H04W4/90;G08B25/10,NAT DISASTER MANAGEMENT RES INST,KR,True,False
CN-215741465-U,CN-202122255195-U,CN,U,80088995,20210917,20210917,20220208,20220208,Protective device for landslide rescue,,"The utility model discloses a protective device for landslide rescue, which comprises a plurality of protective pipe bodies connected end to end, wherein crawling ladders are fixed in the protective pipe bodies, and the crawling ladders in the adjacent protective pipe bodies are connected end to end; a clamping mechanism is further arranged between the protective pipe bodies and used for connecting and fastening two adjacent sections of the protective pipe bodies; the inboard of protection body still is provided with a plurality of stiffeners, the stiffener top is provided with the plug, and the bottom is provided with the socket, and is adjacent the protection body the stiffener pass through the plug with the socket end to end. According to the protection device for collapse rescue, the protection pipe body covers the periphery of the rescue personnel, so that the damage of secondary collapse to the rescue personnel is effectively prevented, and the protection pipe bodies are structurally provided with the reinforcing rods and the like, so that the structural strength is enhanced, and the safety of rescue work is improved.",,,,A62B3/00;A62B99/00,HEBEI CONVERSER EMERGENCY RESCUE TECH SERVICE CO LTD,,True,True
CN-107433049-A,CN-201610357586-A,CN,A,60454392,20160525,20160525,20171205,0,A kind of method that novel particle builds assembled device and assembly,,"The present invention relates to a kind of method that novel particle builds assembled device and assembly,Include the individual particle of series of identical moulding,The particle is six cube structures,The middle position in six faces of the particle is equipped with perforate,The wherein symmetrical two sides of the particle is equipped with some small sircle holes,The small sircle hole is located at the periphery of perforate,The series of identical moulding particle is mutually connected to each other by connection strap,It can realize that diversification is built in life,Convenience in transport,It is easily manufactured,Save material,Recycle,And the moulding of the unique setting of the particle is more stable and firm than conventional construction material,And reduce the complicated coagulation process of conventional construction material,The building that the principle of the particle is more beneficial for being in quake zone country is built,Some fritters can be dispersed into during the building collapse built with the granular materials and mitigate weight,Directly people or thing will not be caused death or damaged,Or temporary shelter constructions when combating a natural disaster rescue are built.",,,A63H33/42;G09B25/04;E04B2/16;E04C1/00;E04B2002/0254,E04C1/00;G09B25/04;E04B2/16;A63H33/42,DING ZEJIE,,True,False
KR-101930023-B1,KR-20170079550-A,KR,B1,65759627,20170623,20170623,20190314,20190314,Fire extinguisher including hammer,해머 일체형 소화기,"A hammer-integrated fire extinguisher according to an embodiment of the present invention, which is configured so as to perform the functions of a fire extinguisher and a hammer which are individually disposed within an airplane, comprises: a main body container in which a fire extinguishing agent is compressed to be stored therein; a hammer unit fastened to a lower portion of the main body container such that a user can grip the main body container and hit a wall body in order to destroy the wall body; and a fastening unit fastening the hammer unit to the lower portion of the main body container. Therefore, the present invention reduces the overall weight of an airplane, and simplifies processes required for using emergency equipment, thereby improving safety in rescuing human lives in case of an emergency.","항공기 내에 각각 개별 비치되는 소화기와 해머의 기능을 함께 수행할 수 있도록 한 본 발명에 따른 해머 일체형 소화기는 소화약제가 압축 내장된 본체용기, 사용자가 상기 본체용기를 파지하고 벽체를 타격하여 상기 벽체를 파괴할 수 있도록 상기 본체용기의 하부에 결속되는 해머부 및 상기 해머부를 상기 본체용기의 하부에 결속시키는 결속부를 포함하므로, 항공기 전체 중량을 절감할 수 있으며, 비상 장비를 이용하는 절차를 단순화하여 비상시 인명구조 안전성을 향상시킬 수 있는 효과가 있다.",,A62C13/76;A62C8/04,A62C13/76;A62C8/04,KOREA AEROSPACE IND LTD,KR,True,False
KR-101672710-B1,KR-20150175593-A,KR,B1,57540930,20151210,20151210,20161116,20161116,Indoor monitoring system using augmented reality,증강현실을 이용한 실내 위치 모니터링 시스템,"The present invention provides a system to monitor an indoor location by using augmented reality (AR), comprising: a plurality of indoor transmitters installed inside a building to transmit a signal for determining a location of an indoor staff entering the building; indoor staff equipment held by the indoor staff, and determining the location of the indoor staff based on radio positioning or dead reckoning, or by integrating radio positioning and dead reckoning; a plurality of outdoor transmitters installed outside the building and transmitting a signal for determining a location of an observation staff who monitors the indoor staff in the outside; observation staff equipment held by the observation staff, and receiving location information of the outdoor transmitter and a wireless signal capable of measuring a distance to determine the location of the observation staff; and a central processing server receiving the location information of the indoor staff from the indoor staff equipment and the observation staff equipment to determine a relative location, and calculating an eyeline vector of the observation staff to generate an image capable of being displayed as AR in the observation staff equipment. Thus, since location information of a rescue staff placed in a building is provided when rescue activity is deployed in an accident scene of fire, collapse, etc., efficient rescue activity deployment and safety of the rescue staff can be ensured.","상술한 목적을 달성하기 위한 본 발명에 따른 증강현실을 이용한 실내 위치 모니터링 시스템은 실내에 설치되어 실내에 진입한 내부요원의 위치를 결정하기 위한 신호를 송신하는 복수의 실내 송신기; 실내요원이 착용하고 전파측위 기반, 추측항법 기반, 또는 전파측위와 추측항법을 통합하여 실내요원의 위치를 결정하는 내부요원 장비; 실외에 설치되어 실외에서 실내요원을 모니텅링하기 위한 관측요원의 위치를 결정하기 위한 신호를 송신하는 복수의 실외 송신기; 관측요원이 착용하고 실외 송신기의 설치된 위치정보와 거리 측정이 가능한 무선신호를 수신하여 상기 관측요원의 위치를 결정하는 관측요원 장비; 내부요원 장비와 관측요원 장비로부터 각각 실내요원 위치정보와 관측요원 위치정보 수신하여, 상대위치를 결정하고 관측요원의 시선벡터를 계산하여 관측요원 장비에 증강현실로 디스플레이될 수 있는 영상을 생성하는 중앙처리 서버;를 포함하여, 화재 및 붕괴 사고 등의 현장에서 구조 활동 전개 시, 실내에 위치한 구조요원의 위치 정보를 제공함으로써, 효율적인 구조 활동 전개는 물론 구조요원의 안전을 확보할 수 있는 효과가 있다.",,G06Q50/10;G01S5/04;H04W4/02,H04W4/02;G01S5/04;G06Q50/10,KOREA AEROSPACE RES INST,KR,True,False
WO-2018097760-A1,RU-2017000854-W,WO,A1,59797399,20171116,20161122,20180531,0,Modular pump assembly and pump module for use therein,,"The group of inventions relates to modular pump assemblies and can be used for pumping large volumes of fluid using at least one pump module. Both the claimed pump assembly and the claimed pump module can be incorporated into mobile firefighting stations. A modular pump assembly comprises at least one pump module, each of which comprises a frame 1 and, mounted therein, an electric motor, a reduction gear, and a pump for pumping fluid. The frame 1 of each pump module is designed so that at least one other pump module can be detachably connected to the frame 1. The invention is directed toward: providing a broader scope of use by increasing the options for the spatial configuration of modular pump assemblies with pumps so that they can be compactly housed in small and narrow rooms or in low-volume containers in the event of transportation; simplifying the process of regulating the capacity of a pump assembly by adjusting the number of connected modules; and enhancing the structural integrity of the pump assembly and its resistance to vibrations.",,,F04B53/00;F04B23/00,F16M11/00;F04C11/00;F04B23/00;F04D13/02;F04B53/00,Selyutin Anton Valerevich,RU,True,False
CN-113627047-B,CN-202110785314-A,CN,B,78379542,20210712,20210712,20221206,20221206,Method for quickly identifying post-earthquake structural damage based on flexibility change rate and pattern matching,,"The invention discloses a method for quickly identifying post-earthquake structural damage based on flexibility change rate and pattern matching, which comprises the following steps of: establishing a finite element model of the structure, and carrying out modal analysis on various damage working conditions; calculating the flexibility change rate of the injury to form an injury mode library; carrying out modal identification on the structure dynamic response, and calculating a matching vector to form a test set; and (5) carrying out similarity measurement on the matching vectors in the test set and a pattern library in sequence, and judging the damage position and the damage degree according to the matching result. The method has the advantages of small calculation amount and high calculation speed; the influence of excitation can be eliminated, so that the established damage mode library is not influenced by external environmental factors; the damage position and the damage degree can be efficiently and quickly identified, and the defect that the damage degree cannot be quantified by the traditional method for identifying the structural damage based on the flexibility matrix is overcome. Therefore, the method is suitable for damage and safety evaluation of the structure after the earthquake, and has great significance for emergency rescue and emergency decision after the earthquake.",,,G06F2218/12;G06F18/22;G06F2218/08;G06F30/23;G06F2119/14,G06F30/23;G06K9/62;G06K9/00;G06F119/14,,,True,False
WO-2012169773-A3,KR-2012004442-W,WO,A3,44957324,20120605,20110607,20130404,0,Rescue system for a collapse,붕괴에 따른 조난 구조 시스템,"The present invention relates to a rescue system for a collapse, in which a body detection unit is installed in order to detect the presence of people inside a building, and a tilt sensor and an acceleration sensor are installed in order to set changed tilt data and acceleration data as an event trigger signal, when an earthquake or external shock occurs. Moreover, by analyzing a signal measured in the body detection unit at a predetermined time before the event trigger signal occurs, if someone was in the building before a collapse accident, the place where people are buried is announced through a voice or Morse code via an alarm unit in order to perform a rescue operation quickly. As a result, accident mortality from a collapse may be drastically reduced.",본 발명은 인체 감지부를 설치하여 건축물 내부 사람의 유무를 감지하고 경사 센서와 가속도 센서를 설치하여 지진 또는 외부의 충격이 발생할 경우 변화되는 경사 데이터와 가속도 데이터를 이벤트 트리거 신호로 설정하여 이벤트 트리거 신호가 발생한 시점의 일정시간 전 인체 감지부에서 계측한 신호를 분석하여 건축물의 붕괴사고 발생 전 사람이 있을 경우 경보 알람부를 통해 사람이 매몰된 장소의 위치를 음성 또는 모스부호를 통해 경보하여 신속하게 구조 작업을 진행할 수 있도록 함으로써 붕괴에 의한 사고 사망률을 현저히 저감할 수 있는 붕괴에 따른 조난 구조 시스템에 관한 것이다.,,G08B21/02;G08B21/043,G08B21/02;G08B25/00,KOREA MAINTENANCE CO LTD;CHOI JUN SEONG;SONG JEA HWAN;KANG SUNG MIN,KR,True,False
KR-101447991-B1,KR-20140062378-A,KR,B1,51996798,20140523,20140523,20141013,20141013,Emergency road block device driver,긴급 도로운행 차단장치,"The present invention is installed on a ramp of bridges or an entrance of flooded roads or tunnel. An emergency roadblock device is used to prevent vehicles from entering if an emergency such as collapsing of bridges, roads, or tunnel, automobile accidents, and renovation thereof have occurred. A roll screen descended in an emergency is easily fluttered in strong winds but is not folded, and a receiving chamber mounted with the roll screen can be horizontally moved along a guide rail which is provided on a horizontal frame, thereby completely resolving factors of an accident during the renovation and traffic problems.","본 발명은 교량이나 침수도로 터널 등의 진입로에 설치되어 교량이나 도로 도는 터널의 붕괴나 차량사고 또는 이들의 개보수 등과 같은 비상사태가 발생하는 경우 작동하여 차량이 진입하는 것을 차단하여 주는데 사용되는 긴급 도로운행 차단장치에 관한 것으로 비상사태발생시 하강시킨 롤스크린이 강풍에도 쉽게 휘날리면서 접히지 않도록 하여 주고, 
롤스크린이 내장된 수용함체를 수평프레임에 구비된 안내레일을 타고 좌,우로 이동가능한 이동식으로 구성하여 개보수시 인적사고의 위험과 교통장애의 요인을 완벽하게 해소하여 줌은 물론, 
롤스크린에 새겨진 경고문구나 문양 등을 간접발광체가 아닌 전원의 공급에 의한 직접발광체로 구성하여 야간이나 흐린 날씨에도 경고문구나 문양이 선명하게 식별 가능하도록 하여 운전자의 안전을 더욱 효과적으로 꾀할 수 있는 특수한 구성의 긴급 도로운행 차단장치를 제공하고자 함에 그 목적을 둔 것이다. 
상기와 같은 목적을 달성하기 위한 본 발명의 긴급 도로운행 차단장치는 기본적으로 터널입구 상단에 직접 고정설치되거나 또는 터널입구 전방 진입로에 설치되는 각종 형태의 지주에 수평으로 고정설치되는 수평프레임(2)에 설치되는 수용함체(100)내에 장착된 제1정역모터(10)에 의해 정,역회전하는 구동축(11)에 귄취되어 감겨지거나 풀려지면서 경고문구(21)나 문양이 새겨진 롤스크린(20)을 승,하강시켜 운전자에게 비상사태 발생을 알려주는 긴급 도로운행 차단장치에 있어서, 
상기 긴급 도로운행 차단장치는, 
각각 제1아암(210)과 제2아암(220)으로 이루어져 내측으로 접혀지도록 힌지(201)결합된 한쌍의 절첩식아암(200)을 제조하여 각각의 절첩식아암(200) 상단은 롤스크린(20)이 귄취된 구동축(11) 전방의 수용함체(100) 상부 양측에 각각 힌지(202)결합하고, 
각각의 절첩식아암(200)의 하단은 롤스크린(20) 배면에 수평으로 배치되는 뒤틀림방지대(230)의 좌,우 양측에 결합되어 롤스크린(20)의 양단을 감싸고 있는 &#34;ㄷ&#34;형 절곡편(231)에 힌지(203)결합하되, 
상기 롤스크린(20)의 상부 좌,우 양측단에는 롤스크린(20)의 하강시 &#34;ㄷ&#34;형 절곡편(231)에 걸리면서 절첩식아암(200)이 하측으로 펼쳐지도록 보조하는 상측걸림편(241)을 형성하고, 
상기 롤스크린(20)의 하부 좌,우 양측단에는 롤스크린(20)의 승강시 &#34;ㄷ&#34;형 절곡편(231)에 걸리면서 절첩식아암(200)이 상측으로 접혀지도록 하는 하측걸림편(242)을 형성하여서, 
비상사태 발생시 롤스크린(20)을 하강시키면 절첩식아암(200)이 동시에 펼쳐져 롤스크린(20)의 상부를 최대한 파지하여 줌으로서 롤스크린(20)이 강풍이 불어도 뒤틀리지 않고 펼쳐진 상태가 지속적으로 유지되도록 이루어진 것에 그 특징이 있는 것이다.",,E01F9/604;E01F13/00;G08G1/09,E01F13/04,PARK KYUNG HO,KR,True,False
WO-2026034803-A1,KR-2025009288-W,WO,A1,96223441,20250701,20240806,20260212,0,Rescue structure for seismic reinforcement of school buildings and facilitating emergency evacuation during earthquakes,학교 건축물의 내진 보강 및 지진발생 시 긴급 대피가 용이한 구호용 구조물,"The present invention can be applied to both existing and newly-constructed school buildings, can help prevent collapse by dissipating seismic energy during an earthquake, and at the same time, can facilitate floor-by-floor emergency evacuation during emergency situations such as earthquakes or fires.","본 발명은 기존에 건축 된 학교는 물론 신축 학교에도 적용 가능하며, 지진발생 시 지진에너지의 소산 효과로 붕괴 예방에 일익을 담당할 수 있음과 동시에 지진, 화재 등의 긴급 지진 발생 시 층별 긴급 대피가 용이하다.",,E04H9/02;E04B1/98;E04G23/02,E04G23/02;E04B1/98;E04H9/02,SECOND CONNECT CO LTD,KR,True,False
KR-20110041605-A,KR-20090098514-A,KR,A,44047425,20091016,20091016,20110422,0,Emergency escape wireless transmitter,비상탈출 무선송수신장치,"PURPOSE: An emergency escape wireless transmitter is provided to alarm a speaker warning sound in a receiver attached to the inside of the helmet and to increase the safety of a fire fighter. CONSTITUTION: An emergency escape wireless transmitter includes a reception speaker(3), an LED lamp(5), an reception antenna(4), and a transmitter(6). The reception speaker is installed inside the helmet. The LED lamp is installed inside the helmet. The reception antenna is installed in the outside of the helmet. The transmitter includes a button(7) and transmission antenna(8).","본 발명은 화재현장에 소방관이 옥내로 진입시 각종 폭발 및 건물붕괴요인이 발생시 신속히 지휘팀장 및 진압대원 중 무선송신기를 작동시켜 헬멧 내부에 있는 수신부에서 LED램프 점등 및 스피커에서 경보음을 발생하여 화재의 위험으로부터 안전을 확보할 수 있다. 
       
     비상탈출 무선 송수신, 헬멧",,G08B21/02;A42B3/30;A42B3/044,G08B21/02;G08B7/00;A42B3/30,CHO CHEON SU,KR,True,False
KR-102602551-B1,KR-20230026331-A,KR,B1,88742613,20230227,20230227,20231115,20231115,Portable tape measurement for safety diagnosis and check,안전점검 및 정밀안전진단 성능평가 시 사용 가능한 균열측정 휴대용 줄자,"The present invention relates to a portable tape measure for measuring cracks that can be used for safety inspection and performance evaluation of precise safety diagnosis, wherein the depth of cracks generated on a structure can be measured using a measure, and if a pipe (fire-extinguishing water pipe, gas pipe, communication pipe, etc.) is in front of the cracks, the measure is supported using the pipe to arrange a flexible measure stably in the longitudinal direction of the cracks without folding and sagging, thereby measuring the depth of the cracks accurately. The portable tape measure for measuring cracks that can be used for safety inspection and performance evaluation of precise safety diagnosis according to the present invention comprises: a well known tape measure (10) having a measure accommodated in a case; a slider (20) connected to the measure of the tape measure to be able to slide and moving to correspond to the position of a pipe; and a pipe supporter (30) connected to the slider to be supported on the circumference of a pipe (1). The pipe supporter moves to the pipe through the slider and then measures the depth of cracks on a structure while being supported on the pipe and supporting the measure with the pipe as a supporting base.","본 발명은 안전점검 및 정밀안전진단 성능평가 시 사용 가능한 균열측정 휴대용 줄자에 관한 것으로, 자를 이용하여 구조물에 발생된 균열의 길이를 측정하고 균열의 앞쪽에 배관(소방수로관, 가스관, 통신관 등)이 있는 경우 이 배관을 이용하여 자를 지지함으로써 유연성 있는 자를 접힘과 처짐없이 균열의 길이방향을 따라 안정적으로 배열하여 균열의 길이를 정확하게 측정하는 것을 목적으로 한다. 
본 발명에 의한 안전점검 및 정밀안전진단 성능평가 시 사용 가능한 균열측정 휴대용 줄자는, 케이스 안에 자가 수납된 공지의 줄자(10)와; 상기 줄자의 자에 슬라이딩 가능하게 연결되어 배관의 위치에 맞춰 이동하는 슬라이더(20)와; 상기 슬라이더에 연결되며 배관(1)의 둘레부에 지지되는 배관 지지구(30)를 포함하여, 상기 배관 지지구가 상기 슬라이더를 통해 배관으로 이동한 후 상기 배관에 지지되어 상기 배관을 지기기반으로 하여 상기 자를 지지하면서 구조물에 있는 균열의 길이를 측정한다.",,G01B3/1071;G01B5/0004;G01B5/02;G01B5/30;G01B2003/1079,G01B3/1071;G01B5/00;G01B5/02;G01B5/30,SME&T CO LTD,KR,True,False
CN-205626789-U,CN-201620459657-U,CN,U,57058308,20160519,20160519,20161012,20161012,Emergency rescue case,,"The utility model relates to an emergency rescue case, including the box, be equipped with the chamber door on the box, the chamber door is the rolling slats door, and the space that needs when the rolling slats door is opened is little, when the conflagration takes place, even the condition that the building collapses appears, the building that collapses to the rolling slats door to open the influence also smaller, ensure that the rescue article of depositing among the emergency rescue case can in time be taken out, increase scene of a fire personnel&#39;s the rate of fleing, win more rescue time.",,,,A45C11/00;A62B99/00,DING XIAOYUE,,True,True
CN-115419458-A,CN-202211224830-A,CN,A,84206323,20221009,20221009,20221202,0,Method for quickly constructing underground slide rail type rescue channel,,"The invention relates to the technical field of rescue channels, and particularly discloses a method for quickly constructing an underground slide rail type rescue channel, which comprises the following steps: s1: arranging a plurality of fixing rods penetrating through the stacking bodies along the extending direction of the stacking bodies; s2: the supporting rods are connected to the front ends of the fixing rods to connect and fix the fixing rods, the supporting rods are sequentially connected to form a closed loop structure, and the fixing rods and the supporting rods form a main support frame; s3: arranging a guide assembly on the inner side of the main support frame, wherein the extending direction of the guide assembly is the same as the extending direction of the accumulation body; s4: and arranging a plurality of supporting shells in sequence along the extending direction of the guide assembly, and respectively cleaning accumulated bodies in the supporting shells so as to form a rescue channel. The method for quickly constructing the underground slide rail type rescue channel can reduce the risk of secondary collapse of an accumulation body, increase the stability and safety of the rescue channel and ensure the life safety of rescuers in the rescue process.",,,E21F11/00,E21F11/00,CHINA COAL RES INST,,True,False
CN-117789554-A,CN-202311845864-A,CN,A,90383176,20231228,20231228,20240329,0,Building collapse search and rescue skill simulation training method,,"The application provides a building collapse search and rescue skill simulation training method which is applied to a simulation training system; the simulation training system comprises terminal equipment and a training platform; the terminal equipment is pre-configured with a training virtual scene corresponding to a search and rescue link of building collapse; the practical training platform comprises an anthropomorphic dummy, a broken and detached practical training platform and a supporting practical training platform; the method comprises the following steps: the terminal equipment acquires equipment wearing data of a user; the terminal equipment displays a plurality of practical training virtual scenes, receives practical training operation instructions of a user aiming at each practical training virtual scene, and obtains simulation training data; the user performs search and rescue skill training through a breaking and tearing training platform and a supporting training platform in the training platform, and real training duration data and real training results of the user are obtained; based on equipment wearing data, simulation training data, training duration data and training results, determining search and rescue skill training results of the user, the method is simple in scene construction, easy in practical training and high in training frequency, and training efficiency is greatly improved.",,,,G09B9/00;G09B5/06,ZHENGZHOU J&T HI TECH CO LTD,,True,False
KR-20230157240-A,KR-20230031332-A,KR,A,88964711,20230309,20220509,20231116,0,Apparatus for experiencing the virtual reality,가상현실 체험장치,"The present invention aims to provide a virtual reality experience apparatus, in which various virtual environments with respect to citizen safety, earthquakes, tsunamis, landslides, forest fires, building collapse, war, climate change, and various accidents that may occur at construction sites are configured with respective modules, a device for virtual experiences is implemented by selectively assembling modules on the ceiling, walls, and floor of a single frame according to the purpose of a virtual experience, and an experiencer can wear a VR device and enter the inside of the device so as to directly experience various virtual reality accidents. To this end, the present invention comprises: a frame for implementing a polyhedron; modular driving units which are fastened so as to be selectively attached or detached from respective areas that implement respective surfaces of the frame and can physically implement accident experience situations; a VR device worn by an experiencer; and a control unit which controls the operation of the driving units to match the same with a virtual reality image displayed on the VR device.","본 발명은 시민안전, 지진, 해일, 산사태, 산불, 건물붕괴, 전쟁, 기후변화, 건설현장에서 발생할 수 있는 각종 안전사고에 대한 다양한 가상환경을 각각 모듈로 구성하고, 가상체험을 위한 목적에 맞게 하나의 프레임의 천장, 벽체, 바닥부위에 모듈들을 선택적으로 조립하여 가상체험을 위한 장치를 구현하며, 체험자가 VR기기를 착용하여 장치의 내부로 진입하여 다양한 가상현실의 안전사고를 몸으로 직접 체험할 수 있도록 한 가상현실 체험장치를 제공하는데 그 목적이 있다. 
이를 위해 본 발명은 다면체를 구현하기 위한 프레임; 상기 프레임의 각 면을 구현할 부위에 선택적으로 탈부착이 가능하도록 각각 체결되며, 안전사고 체험상황을 물리적으로 구현하는 모듈화된 구동부; 체험자가 착용하는 VR 기기; 상기 VR 기기에 디스플레이되는 가상현실 영상과 매칭되도록 상기 구동부의 구동을 제어하는 제어부;로 구성된다.",,G09B9/00;G02B27/017;G06F3/005;G06F3/011;G06F3/016;G06T19/003;G06V10/14;G06V40/103;G09B19/00,G09B9/00;G02B27/01;G06F3/00;G06F3/01;G06T19/00;G06V10/14;G06V40/10;G09B19/00,YOUNGWOO IND CO LTD,KR,True,False
CN-222051033-U,CN-202420505744-U,CN,U,93514057,20240315,20240315,20241122,20241122,Mobile Internet of things alarm device for earthquake rescue site,,"The utility model discloses a mobile Internet of things alarm device for a seismic rescue site, which improves the prior art, and in actual use, when rescue workers search for and rescue work, the rescue workers can carry out aftershock alarm if aftershock occurs through an aftershock alarm component, so that the probability of accidental injury caused by the rescue workers is greatly reduced, the mobile Internet of things alarm device is very suitable for the rescue site, and the casualties caused by secondary collapse of houses due to strong aftershock can be effectively reduced.",,,,G08B7/06;G08B21/10,Harbin Emergency Rescue Support Center,,True,False
CN-201227478-Y,CN-200820023089-U,CN,Y,40632438,20080603,20080603,20090429,20090429,Earthquake life-saving emergency device,,"The utility model relates to an emergent lifesaving device for an earthquake. When a building collapses, and objects fall on the lifesaving device, a protecting wall takes the effects of support and protection. When the lifesaving device falls, a buffer firstly touches the ground for absorbing energy so as to reduce impact on people; because the lifesaving device is in a triangle structure, a falling building can slide down so as to reduce accumulated pressure to the lifesaving device. When the device falls to the ground, buttons on the protecting wall are automatically switched on to start an information alarm system so as to send out rescue signals, and water, food and medicine in a lifesaving chamber can survive refugees.",,,,A62B99/00;E04H9/02,FUGAO CHEN,CN,True,True
WO-2020036259-A1,KR-2018014066-W,WO,A1,69525565,20181119,20180813,20200220,0,Method and apparatus for random number generation using inorganic scintillator,무기섬광체를 이용한 난수생성방법 및 난수생성장치,"The present invention relates to a method and apparatus for random number generation using a ZnS scintillator, wherein the apparatus for random number generation comprises: a radioactive isotope emission layer emitting alpha particles or beta particles at the time of spontaneous decay of atomic nuclei; a polymer layer disposed below the radioactive isotope emission layer; an inorganic scintillator layer disposed between the radioactive isotope emission layer and the polymer layer and coated with an inorganic scintillator material; and a wafer layer disposed below the polymer layer and including a photodiode detecting a light generated from the inorganic scintillator layer.","본 발명은 ZnS 섬광체를 이용한 난수생성방법 및 난수생성장치에 대한 것으로, 원자핵의 자연붕괴시 알파입자 또는 베타입자를 방출하는 방사성 동위 원소 방출층과, 상기 방사성 동위 원소 방출층의 하단에 배치되는 폴리머층과, 상기 방사성 동위원소방출층과 상기 폴리머층 사이에 배치되며 무기섬광물질이 도포되는 무기섬광체층과, 상기 폴리머층 하단에 배치되고 상기 무기섬광체층으로부터 발생하는 빛을 검출하는 포토다이오드를 포함하는 웨이퍼층을 포함하는 것을 특징으로 한다.",,G06F7/588;C09K11/584,G06F7/58,EYL INC,KR,True,False
KR-102606015-B1,KR-20230019122-A,KR,B1,88964711,20230214,20220509,20231129,20231129,Apparatus for experiencing the virtual reality,가상현실 체험장치,,"본 발명은 시민안전, 지진, 해일, 산사태, 산불, 건물붕괴, 전쟁, 기후변화, 건설현장에서 발생할 수 있는 각종 안전사고에 대한 다양한 가상환경을 각각 모듈로 구성하고, 가상체험을 위한 목적에 맞게 하나의 프레임의 천장, 벽체, 바닥부위에 모듈들을 선택적으로 조립하여 가상체험을 위한 장치를 구현하며, 체험자가 VR기기를 착용하여 장치의 내부로 진입하여 다양한 가상현실의 안전사고를 몸으로 직접 체험할 수 있도록 한 가상현실 체험장치를 제공하는데 그 목적이 있다. 
이를 위해 본 발명은 다면체를 구현하기 위한 프레임; 상기 프레임의 각 면을 구현할 부위에 선택적으로 탈부착이 가능하도록 각각 체결되며, 안전사고 체험상황을 물리적으로 구현하는 모듈화된 구동부; 체험자가 착용하는 HMD; 상기 HMD에 디스플레이되는 가상현실 영상과 일치되도록 상기 구동부의 구동을 제어하는 제어부;로 구성된다.",,G09B9/00;G02B27/017;G06F3/005;G06F3/011;G06F3/016;G06V10/14;G06V40/103;G09B19/00;G06T19/003,G09B9/00;G02B27/01;G06F3/00;G06F3/01;G06V10/14;G06V40/10;G09B19/00,,,True,False
KR-102994981-B1,KR-20250138287-A,KR,B1,101209897,20250924,20250924,20260826,20260826,Real-Time Protection Device for Firefighters Using Fire Detection Composite Sensor,화재감지 복합센서를 이용한 소방대원 실시간 보호장치,,"본 발명은 화재감지 복합센서를 이용한 소방대원 실시간 보호장치에 관한 것으로, 화재현장에서 소방대원을 직접적으로 보호하기 위하여 온도·압력·복사열유속을 실시간 계측·연산하여 위험수준을 신뢰성 있게 판단하고, 그 판단 결과를 즉시 인지할 수 있는 시각·청각 경보 및 바닥면 위치표시를 제공한다.  
이러한 본 발명은, 온도를 계측하는 온도센서; 화재실 내부 폭발 또는 붕괴에 따른 압력 변화를 계측하는 압력센서; 상기 온도센서 및 압력센서로부터 입력된 계측값을 수집 및 연산 처리하여 위험수준을 판단하는 제어기; 상기 제어기의 제어에 따라 설정된 위험수준 도달 시 시각적 경보와 청각적 경보를 각각 제공하는 LED 표시기 및 부저; 및 상기 온도센서, 압력센서, 제어기, LED 표시기 및 부저가 설치된 본체 케이싱을 포함하는 것을 특징으로 한다.",,G08B21/02;C09D11/50;G01D21/02;G01K1/02;G01K1/08;G01L5/14;G08B25/10;G08B3/10;G08B5/36;G08B7/06;H01S3/0007,G08B21/02;C09D11/50;G01D21/02;G01K1/02;G01K1/08;G01L5/14;G08B3/10;G08B5/36;G08B7/06;G08B25/10;H01S3/00,NATIONAL FIRE RESEARCH INST,KR,True,False
KR-20170070324-A,KR-20150176976-A,KR,A,59282882,20151211,20151211,20170622,0,Personal alert safety system for fireman,소방관용 개인 안전 알람장치,,"본 발명은 소방관이 일정 시간동안 움직이지 않는 경우 오디오 부저에서 경보신호에 초음파신호를 혼합하여 송출하고, 통제실에서는 상기 초음파신호를 수신하여 소방관의 위치를 확인할 수 있는 소방관용 개인 안전 알람장치에 관한 것이다.  
종래의 소방관용 안전장치는 건물 내부에서 화재 진압에 투입되는 소방관의 위치를 추적하기에 부적합하고, 별도의 부가장치를 추가하여 구성이 복잡한 문제점이 있는 바, 이를 해결하기 위하여 본 발명은 소방복의 일측에 부착되며 주변의 온도를 감지하는 온도센서를 포함하는 개인 안전 알람 장치에 있어서, 움직임센서에서는 소방관의 움직임이 일정시간 이상 없는 경우 소정의 전기적 신호를 발생하여 마이콤에 전달하고, 상기 마이콤에서는 압전소자 구동부를 제어하여 오디오 부저에서 가청주파수의 경보음을 발생함과 동시에 통제실에서 소방관의 위치를 확인할 수 있도록 초음파를 이중으로 발생하여 외부로 송출하는 것을 특징으로 하는 소방관용 개인 정보 알람 장치를 제안한다. 
따라서, 본 발명에 의한 소방관용 개인 안전 알람장치는 소방관이 화재를 진압시 건물붕괴, 유독가스 질식 등의 이유로 바닥에 쓰러져 일정 시간동안 움직이지 않는 경우 이를 움직임센서를 통해 감지하고, 오디오 부저에서 직접 초음파를 발생함으로써 간단한 기술구성에 의해 소방관의 위치 추적을 용이하게 구현하는 효과가 있다. 또한, 공기통에 부착된 압력센서를 통해 공기의 잔여량과, 온도센서를 통해 확인된 주변 온도를 엘시디 디스플레이에 표시함으로써 위험징후를 소방관에게 즉각적으로 경고할 수 있는 효과가 있다.",,G08B21/0277;G08B21/0438;G08B25/14;G08B21/0263;G08B5/226;G08B21/182;G08B3/1016;G08B25/10;G01K13/00;G08B25/016,G08B25/01;G08B25/14;G08B25/10;G08B21/02;G08B3/10;G01K13/00;G08B5/22;G08B21/04;G08B21/18,AWT CO LTD,KR,True,False
KR-20230032416-A,KR-20210115226-A,KR,A,85512406,20210831,20210831,20230307,0,Fixed multi-sensor device,고정형 멀티 센서 디바이스,"The present invention relates to a fixed multi-sensor device. The fixed multi-sensor device, installed in a utility-pipe conduit to detect and respond to a fire or disaster situation, comprises: a fire detection module that detects flame or smoke to provide a fire detection signal; a complex environment detection module that detects temperature, humidity, combustion gas, or volatile gas to provide an environmental information detection signal; a disaster detection module that detects vibrations caused by earthquakes, cracks, or collapses o provide a disaster detection signal; a communication module that receives a control signal from an external control device and transmits the fire detection signal, environmental information detection signal, or disaster detection signal to the external control device; a control module that controls the overall operations of the fixed multi-sensor device in a normal mode or an emergency mode according to the control signal transmitted through the communication module, wherein in the normal mode, a constant detection function of the fire detection module, complex environment detection module, and disaster detection module is performed, and in the emergency mode, an alarm operation upon detection of a fire or disaster is performed in accordance with a signal from at least one of the fire detection module, complex environment detection module, and disaster detection module; a power module that provides power required to drive the fixed multi-sensor device under the control of the control module; and an escape guidance module that outputs guidance light designed as an entry prohibition sign or an evacuation direction sign in a preset direction in an emergency mode under the control of the control module.","본 발명은 고정형 멀티 센서 디바이스에 관한 것으로서, 공동구에 설치되어 화재 또는 재난 상태를 감지하여 대응하도록 하는 고정형 멀티 센서 디바이스에 있어서, 불꽃 또는 연기를 감지하여 화재 감지 신호를 제공하는 화재감지모듈; 온습도, 연소 가스 또는 휘발성 가스를 감지하여 환경정보 감지 신호를 제공하는 복합 환경 감지 모듈; 지진, 균열 또는 붕괴로 인해 발생되는 진동을 감지하여 재난 감지 신호를 제공하는 재난 감지 모듈; 외부의 제어장치로부터 제어 신호를 수신하고, 상기 화재 감지 신호, 환경정보 감지 신호 또는 재난 감지 신호를 외부의 제어 장치로 송신하는 통신 모듈; 상기 통신 모듈을 통해 전송되는 제어 신호에 따라 상기 화재감지모듈, 복합 환경 감지 모듈 또는 재난 감지 모듈의 상시 감지 기능을 수행하는 일반 모드와, 상기 화재감지모듈, 복합 환경 감지 모듈 또는 재난 감지 모듈 중 적어도 어느 하나의 신호에 따라 화재 또는 재산 감지시 알람 동작을 수행하는 비상 모드로의 동작을 수행하도록 고정형 멀티 센서 디바이스의 전반적인 동작을 제어하는 제어 모듈; 상기 제어 모듈의 제어에 따라 고정형 멀티 센서 디바이스의 구동에 필요한 전원을 제공하는 전원 모듈; 및 상기 제어 모듈의 제어 따라 비상 모드시 진입 금지 표시 또는 기 설정된 방향으로의 대피 방향 표시로 디자인된 유도광을 출력하는 탈출 유도 모듈을 포함하는 것이다.",,G08B17/117;G09F2019/225;G09F19/22;G08B21/10;G08B7/06,G09F19/22;G08B17/117,KOREA PHOTONICS TECH INST,KR,True,False
CN-121989195-A,CN-202411590568-A,CN,A,99649034,20241108,20241108,20260508,0,Mobile platform of miniature search and rescue robot,,"The invention belongs to the technical field of building collapse ruin search and rescue equipment, in particular relates to a microminiature search and rescue robot moving platform which comprises two moving modules and a load module, wherein the two moving modules are connected end to form a snake-shaped robot moving platform, the two moving modules are identical in structure and comprise driving joints, deflection joints and a fixed shell, the driving joints provide power for the robot moving platform to walk, the deflection joints control the walking direction of the robot moving platform and ensure that the robot moving platform successfully avoids obstacles in the walking process, and the load module is internally provided with a life detector and a battery and can search and rescue in the ruins and provide a power supply for the wireless communication robot to realize functions. The mobile platform of the miniature snake-shaped robot has good adaptability under the complex environment inside the ruins of building collapse, is particularly suitable for passing through narrow gaps, and has the characteristics of modularized structure, light weight, flexible walking, easy installation, replacement and accurate control.",,,,B25J11/00;B25J9/06;B25J5/00,SHENYANG INST AUTOMATION CAS,,True,False
KR-20110003981-U,KR-20090013467-U,KR,U,44209315,20091016,20091016,20110422,0,Emergency escape wireless transmitter,비상탈출 무선송수신장치,,"본 고안은 화재현장에 소방관이 옥내로 진입시 각종 폭발 및 건물붕괴요인이 발생시 신속히 지휘팀장 및 진압대원 중 무선송신기를 작동시켜 헬멧 내부에 있는 수신부에서 LED램프 점등 및 스피커에서 경보음을 발생하여 화재의 위험으로부터 안전을 확보할 수 있다. 
       
     비상탈출, 무선 송수신, 헬멧",,A42B3/30;H04B1/385;A42B3/044;A42B3/0453,A42B3/30;H04B1/38,,,True,False
CN-112696983-A,CN-202011530575-A,CN,A,75510560,20201222,20201222,20210423,0,Gradient type indent honeycomb explosion-proof construction,,"The invention provides a gradient type concave honeycomb explosion-proof structure, which comprises: the gradient type negative Poisson ratio structure layer is arranged between the panel and the back plate, the panel and the back plate are mutually coupled with the gradient type negative Poisson ratio structure, the structural integrity and strength can be improved, the gradient type negative Poisson ratio structure has stronger impact resistance than a common single-layer negative Poisson ratio structure, has low surface density, high impact strength, high anti-explosion property and good energy absorption and vibration reduction performance, and has wide application prospects in the aspects of explosion prevention, emergency rescue protection, light armor and the like.",,,B32B9/041;B32B5/02;B32B2262/0253;F41H5/0457;B32B9/005;B32B15/14,B32B9/00;B32B9/04;F41H5/04;B32B15/04;B32B27/32;B32B15/085;B32B27/02;B32B15/14,BEIJING INSTITUTE TECH,,True,False
CN-117973163-A,CN-202410391266-A,CN,A,90851856,20240402,20240402,20240503,0,Dam flood discharge energy dissipation structure safety risk assessment method based on Bayesian network,,"The invention discloses a dam flood discharge energy dissipation structure safety risk assessment method based on a Bayesian network, which comprises the steps of constructing a finite element simulation model of a dam and a Bayesian network of the dam flood discharge energy dissipation structure; searching a damage path in the finite element simulation model by adopting a flood discharge energy dissipation structure damage criterion; calculating the damage probability p  o  of each structural damage mode by adopting a Monte Carlo method according to the risk agent model, the mechanical parameters of the dam and foundation materials and the hydraulic parameters of the overflow surface; calculating the structural system damage probability p  α  of the flood discharge energy dissipation structure; when any damaged path o is assumed to be absent, calculating damage probability of flood discharge energy dissipation structure when disaster factors of damaged path o are not damaged based on the rest damaged paths and Bayesian network ; According to p  α  and Calculating the importance of disaster factors of the damaged path o; and selecting a failure path corresponding to the disaster causing factor with the highest importance as a main control path for destroying the flood discharging and energy dissipating structure.",,,G06F18/29;G06F30/13;G06F30/23;Y02A10/40,G06F30/23;G06F18/20;G06F30/13,UNIV SICHUAN,,True,False
CN-119740756-A,CN-202510241902-A,CN,A,95126987,20250303,20250303,20250401,0,Post-earthquake wounded rescue difficulty assessment method and system based on building collapse form,,"The invention discloses a post-earthquake wounded rescue difficulty assessment method and system based on a building collapse form, and relates to the technical field of post-earthquake rescue, wherein the method comprises the steps of extracting geometric form and attribute information of a destroyed building based on earthquake damage analysis of a target earthquake region, and establishing a to-be-collapsed simulation building model; the method comprises the steps of loading a building model to be collapsed with earthquake, generating a ruin model after earthquake reflecting collapse forms based on an explicit time integration method, extracting geometric and spatial characteristics of the ruin model after earthquake, dividing collapse form types of the ruin model after earthquake, calculating comprehensive rescue difficulty indexes of the ruin model after earthquake based on living space evaluation indexes and rescue channel complexity indexes, determining rescue difficulty grades of different areas in the ruin model after earthquake based on the comprehensive rescue difficulty indexes, and determining estimated rescue time of the ruin model after earthquake based on the comprehensive rescue difficulty indexes and collapse form types. The invention relieves the technical problem that the ruins are difficult to quantitatively evaluate after earthquake in the prior art.",,,,G06Q50/26;G06Q50/08;G06F119/14;G06F30/20;G06Q10/063,UNIV BEIJING SCIENCE & TECH,,True,False
US-2013046701-A1,US-201213587213-A,US,A1,47713367,20120816,20110816,20130221,0,Integrated building management systems,,"A system for the coordinated collection of information related to a potentially hazardous condition, within a specific venue, from a community of interested entities, the comparison of such information against a set of generally accepted criteria for control and containment of a potentially hazardous condition, and the rating of the specific environment, as to safety and as to the risk associated with the potentially hazardous condition via-a-vis the specific structural environment within which it exists. This system can also do prediction analysis and therefore extrapolate solutions to impending problems. This can lead to systems of mitigation and or apply methods and means of life safety such as evacuation plans, preparation plans, etc., since understanding structural integrity is related to how much time a first responder or occupant may have before a building collapse based on specific conditions.",,,G06Q90/20,G06Q99/00,PALMERI RICHARD P,US,True,False
CN-107590554-A,CN-201710740628-A,CN,A,61043224,20170825,20170825,20180116,0,A kind of urban road road ability evaluation method for considering building earthquake collapse,,"The present invention provides a kind of urban road road ability evaluation method for considering building earthquake collapse, belongs to civil engineering and prevents and reduces natural disasters technical field.This method establishes the road net model that becomes more meticulous in GIS platform first；Then according to multilayer shear model region groups of building are carried out with the time-history analysis of seismic response, it is determined that the destruction of building, situation of collapsing；Building destruction, coverage of collapsing are calculated according to building collapse accumulation area probabilistic model afterwards；Building destruction, the influence collapsed to road are calculated according to the distance of width of roadway, building to road edge；Finally according to road passage capability damage situations and it is expected that departure place and the optimal path of the act of rescue and rescue, evacuation after shake in the calculating earthquake of destination.The present invention provides accurately and efficiently method to consider that the urban road road ability of building earthquake collapse is evaluated.",,,,G06Q10/06;G06Q10/04,UNIV BEIJING SCIENCE & TECH,,True,False
CN-118334931-A,CN-202410620987-A,CN,A,91779921,20240520,20240520,20240712,0,Bridge-cut-off disaster simulation device for emergency rescue training,,"The invention relates to the technical field of simulation devices, in particular to a broken bridge disaster simulation device for emergency rescue training. Including support column, connecting plate, revolving frame I, revolving frame II etc. two connecting plates all are connected between the support column, and revolving frame I rotates to be connected on the support column, and revolving frame II rotates to be connected on revolving frame I. According to the invention, clean water is added into the water pool, then the cement board is placed between the rotary frame I and the top of the rotary frame II, so that a bridge on a river can be simulated, and then the rotary frame II and the rotary frame I rotate sequentially, so that the cement board falls into the water pool, a bridge-breaking accident and secondary collapse can be simulated, and thus emergency rescue training can be conveniently carried out by rescue workers in a simulation experiment of the bridge-breaking accident and the secondary collapse, the emergency rescue consciousness of the rescue workers is improved, the simulation training can be carried out on the whole condition of the rescue workers, and the training effect on rescue can be maximized.",,,G09B25/00;G09B9/00,G09B25/00;G09B9/00,CHINA CONSTR 7TH ENG DIVISION CORP LTD,,True,False
KR-100805952-B1,KR-20070098945-A,KR,B1,39382875,20071001,20071001,20080221,20080221,Collapse prevent apparatus for sewer pipe propeling unit,추진 입구 선도장치,"A leading apparatus of an approach for tunneling is provided to prevent the breaking of soil to the weak ground in excavation work, and to prevent the pollution of a workshop and machinery installed to the workshop by a leakage of muddy water. A leading apparatus of an approach for tunneling includes a water stopping case(10) fixed to a sheeting support(20) piling for preventing the breaking of soil or bedrock toward a vertical working hole formed at an approach for tunneling and closed at the upper, lower, right and left sides except the front and rear parts, and a water stopping rubber plate(12) having elastic force to expand and widen inward when a shield approaches forcibly to a through hole formed on the front of the water stopping case to have a smaller diameter than a cutter head of a cylindrical shield(1), and many bolt mounting portions formed on the outside of the water stopping rubber plate to be a little larger than the whole diameter of the shield, arranged radially on the circumference, coupled to the water stopping case through the water stopping rubber plate and composed of many pressure plates(15a) installed radially at regular intervals, long holes(15b) formed on the pressure plates, and bolts(15c) fitted to the long holes and screwed to the water stopping case to fix the water stopping rubber plate and the pressure plates, wherein an airtight structure(12a) is formed by expanding with elastic force and adhering a cross section by expansion closely to the outside of the shield when the shield approaches forcibly to the through hole of the water stopping rubber plate.","본 발명은 굴진기 커터 헤드의 회전 분쇄에 의한 굴진작업시 작업 초입부분에 약해진 지반으로 지하수 및 토사가 붕괴되는 것을 방지하도록 할 뿐만 아니라 터널굴착시 공급 분사되어 나오는 이수의 누수로 인해 작업장(수직 작업구) 및 그 작업장에 설치되는 기계가 오염되는 것을 방지하도록 하는 추진 입구 선도장치에 관한 것이다. 
     이에 따른 본 발명은, 원통형 굴진기(1) 커터헤드(1&#39;)의 회전분쇄에 의한 소구경 터널 굴진작업에 있어서, 
     상기 굴진기(1) 터널 굴진작업을 위한 초입부분의 외곽으로 소정 두께의 시멘트를 발라 양생시켜 구조의 견고함을 확보하고, 
     상기 굴진 초입부분에, 전, 후방부를 제외한 상, 하, 좌, 우 폐쇄된 구조의 지수함체(10)를 고정 설치하며, 
     상기 지수함체(10)의 전방부에 커터헤드(1&#39;) 보다 작은 직경을 갖는 관통공(13)이 형성되며, 그 관통공(13)으로 굴진기(1)의 억지진입시 확경되어 내측으로 벌어질 수 있는 탄성력을 갖는 지수 러버판(12)을 구비하며, 
     상기 지수 러버판(12)의 외측으로 굴진기(1)의 전체 직경보다 약간 크게 형성되고, 그 주위로 방사형으로 배치되며 지수 러버판(12)을 관통하여 지수함체(10)에 설치되는 다수의 볼트장착부(15)를 포함하여 구성된다. 
       
     굴진기, 소구경터널, 지수함체, 기밀구조",,E21D9/0635;E21D9/10;E21F17/00;E21D9/06,E21D9/02;E21D9/00,CIMA CONSTRUCTION CO LTD;SUNG LIM CORP,KR,True,False
CN-219128077-U,CN-202222689131-U,CN,U,86601326,20221012,20221012,20230606,20230606,Electric breaking and dismantling tool set,,"The utility model discloses an electric breaking and dismantling tool set, which relates to the technical field of rescue tools and comprises a generator arranged in a carriage of a fire engine, a vehicle rescue tool arranged in the carriage and electrically connected with the generator, an urban comprehensive rescue tool arranged in the carriage and electrically connected with the generator and an earthquake building collapse rescue tool arranged in the carriage and electrically connected with the generator. The electric breaking and disassembling tool set provided by the utility model unifies the power sources of various rescue tools, and can be used by placing various rescue tools on a fire engine at the same time.",,,,B65H75/44;A62B3/00;B60R21/02,SHANGHAI HUARUI RESCUE EQUIPMENT CO LTD,,True,True
KR-20180035303-A,KR-20160125191-A,KR,A,61973802,20160929,20160929,20180406,0,Portable emergency lantern,휴대용 랜턴,"The present invention relates to a portable emergency lantern which has a warning unit for displaying a position of a user in an emergency lantern that a fire fighter or a lifeguard working in an emergency situation due to a fire, an earthquake, a collapse accident, etc. carries, and displaying a risk due to a movement to be easily recognized by others, thereby quickly receiving or taking a safety action when a dangerous accident occurs to promote safety from a dangerous situation.","본 발명은 휴대용 비상 랜턴에 관한 것이다. 
본 발명은 화재, 지진, 붕괴사고 등에 의한 비상상황에서 작업하는 소방관 또는 인명구조원이 휴대하는 비상 랜턴에 자신의 위치표시 및 움직임에 따른 위험을 주변에서 쉽게 인식할 수 있도록 표시하는 경보부를 구비함으로써, 위험사고 발생시 신속하게 안전조치를 받거나, 줄 수 있도록 하여 위험상황으로부터 안전을 도모할 수 있는 효과를 제공하게 된다.",,F21V33/0056;F21V23/0471;G01H17/00;F21K9/20;F21L4/00;H02J7/0047;F21Y2101/00;H02J7/80;F21Y2115/30;F21Y2115/10;F21V33/0064;F21L4/02,F21K9/20;F21V33/00;F21L4/00;F21V23/04;G01H17/00;H02J7/00,YDINTERNATIONAL,KR,True,False
CN-205759750-U,CN-201620491358-U,CN,U,58110975,20160525,20160525,20161207,20161207,A kind of granule builds assembled device,,"nullThis utility model relates to a kind of granule and builds assembled device，Individual particle including series of identical moulding，Granule is six cube structures，The hexahedro middle position of granule is equipped with perforate，The wherein symmetrical two sides of granule is equipped with some small sircle holes，Small sircle hole is positioned at the periphery of perforate，Series of identical moulding granule is mutually connected to each other by connection strap，In can realizing living, diversification builds，Convenient transport，Easily manufactured，Save material，Recycle，And the moulding that this granule uniqueness sets more is stablized firmly than conventional construction material，And decrease the coagulation process that conventional construction material is complicated,The principle of this granule is more beneficial for being in the building of quake zone country and builds，Some fritters can be dispersed into during the building collapse built with this granular materials and alleviate weight，Directly people or thing will not be caused death or damage，Or combat a natural disaster rescue time temporary shelter constructions build.",,,,E04B2/16;A63H33/42;G09B25/04;E04C1/00,DING ZEJIE,,True,False
CN-215408704-U,CN-202121809112-U,CN,U,79657062,20210804,20210804,20220104,20220104,Emergency rescue device with support function under coal mine,,"The utility model discloses an emergency rescue device with a support function in a coal mine well, which comprises a hydraulic rod arranged above a base and clamped and fixed with the base, wherein the hydraulic rod moves upwards a fixing plate to a proper height, a pressurizing unit works, a support mechanism moves upwards, a telescopic rod extends to different degrees according to the depression degree of a hollow part, a top plate is hinged with the fixing rod, the inclination angle of the hydraulic rod is adjusted according to the inclination degree of the joint part, the device is tightly attached to the inner wall of a mine hole and is drilled into the fixing mechanism, and an ejector pin in the fixing mechanism expands and fixes two sides, so that the top plate and a rock-soil layer are integrally fixed, and secondary collapse is prevented under the action of support force and fastening force.",,,,E21F11/00;E21D15/44;E21D15/51,Huainan vocational technical college,,True,False
CN-115284314-A,CN-202211003771-A,CN,A,83829261,20220820,20220820,20221104,0,Multifunctional flexible robot applied to ruins search and rescue,,"The invention discloses a multifunctional flexible robot applied to searching and rescuing in ruins, wherein one end of a spine mechanism is provided with a front scapular frame, and the other end of the spine mechanism is provided with a rear scapular frame; two ends of the front scapular frame are respectively provided with a first walking mechanism, and two ends of the rear scapular frame are respectively provided with a second walking mechanism; one part of the first driving mechanism is arranged on the front scapular frame and is connected with the first travelling mechanism, the other part of the first driving mechanism is arranged on the rear scapular frame and is connected with the second travelling mechanism, and the heights of the first travelling mechanism and the second travelling mechanism can be adjusted; and a second driving mechanism is arranged on the rear scapula frame and can bend the spinal mechanism. The device has compact structure and high transmission efficiency, can finish multiple motion actions such as multi-angle flexible and stable steering, creeping forward, climbing up a slope, obstacle crossing and the like, can shuttle in the ruins, finish the work of search and rescue, material transportation and the like, and cannot cause the damage to search and rescue and trapped personnel due to secondary collapse of the ruins.",,,B62D57/02;B25J11/00,B62D57/02;B25J11/00,UNIV SOUTHWEST JIAOTONG,,True,False
KR-20070014225-A,KR-20070003687-A,KR,A,38013641,20070110,20070110,20070131,0,Balance maintenance system of skyscraper fire suppression and life structure elevator,고층건물 화재진압 및 인명구조용 엘리베이터의균형유지장치,"An automatic balance maintaining apparatus of an elevator for fire extinguishing and life saving of multistory building is provided to assure the safe of its passenger by maintaining its horizontal balance through automatic correction in real time, and to reduce the cost for manufacturing and maintaining through its simple structure. The automatic balance maintaining apparatus of an elevator for fire extinguishing and life saving of multistory building comprises: an wire interval controlling implement(P) of left and right wire combined directly with an elevator(500), which includes a slide operating groove(102) and a driving device(103); a wire length controlling implement(L) having a slide operating groove(320) and a driving device(330); and a leaning level detecting device, which detects the leaning level of the elevator(500) in real time, and then transmits signals to the driving device(103) of wire interval controlling implement(P) or the driving device(330) of wire length controlling implement(L) for maintaining the balance of elevator.","본 발명은 고층건물에 화재나 지진, 건물붕괴 등과 같은 긴급 상황이 발생할 경우 그 건물의 외벽을 따라 신속하게 승강이동하여 안전하고 효율적인 명구조 및 화재진압을 도모할 수 있도록 고안된 엘리베이터장치에 있어서, 그 엘리베이터장치의 전,후,좌,우 기울어짐에 대하여 즉각적이고 실시간 자동교정 및 보정하여 탑승자의 안전에 최대한 부합하는 균일한 수평 밸런스를 항시 유지될 수 있도록 하는 그 균형유지장치에 관한 것이다. 
     즉, 엘리베이터(500)에 두가닥의 와이어(130,230)가 직접적으로 접설되는 제 1 와이어 풀리(100)가 고정 삽입되는 제 1풀리축(101)의 후단에 슬라이드 작동홈(102)과 구동장치(103)를 구비하는 직결와이어 좌우 간격조절수단(P)과; 상기 제1 풀리와 제 2 풀리(222)의 사이에는 와이어 길이조절용 풀리(300)와 슬라이드 작동홈(320)과 구동장치(330)를 갖는 와이어 길이 조절수단(L)과; 한편, 상기 엘리베이터(500)의 전후좌우 기울기에 대하여 실시간 감지한 후 상기 직결와이어 좌우 간격조절수단(P)의 구동장치(103) 또는 와이어 길이 조절수단(L)의 구동장치(330)에 각각 신호 전달하여 자동으로 균형을 유지할 수 있도록 하는 기울기감지수단(S);가 구비하는 것이다. 
       
      제 1 와이어 풀리, 슬라이드 작동홈, 구동장치, 와이어 좌우 간격조절수단, 와이어 길이조절용 풀리, 와이어 길이 조절수단, 기울기감지수단",,A62B1/08;A62B1/02,A62B1/00;B66B9/187,JIN YOUNG R & S CO LTD,KR,True,True
KR-20090121864-A,KR-20080047987-A,KR,A,41604748,20080523,20080523,20091126,0,Shore protection revetments of hydrophilic with capacity of wave dissipating,소파 성능이 내재된 친수호안블록,"PURPOSE: A hydrophilic revetment with a wave dissipating function is provided to reduce the wave energy entering a bank by maximizing the inner cavity formed inside of stacked blocks. CONSTITUTION: A hydrophilic revetment comprises a plurality of foundation blocks(10), a plurality of base blocks(20), and a plurality of finish blocks(30). The foundation blocks with connection grooves on the top surface thereof are arranged from side to side. The base blocks with securing grooves on the top surface thereof are arranged from side to side. The base block has central holes bored between the securing grooves and side holes bored on the outer side of the securing grooves to drain water downward. The finish blocks are arranged from side to side. The finish block includes spacers inserted in the securing grooves in part in order to regulate the interval between the base block and the finish block.","본 발명은 해안, 하천, 호수, 물량장 등에 사용하여 사람들이 수변에 원활하게 접근할 수 있으며, 바다의 파도나 물량장 등에서 발생하는 항주파, 호수내의 파랑에 의한 제방의 붕괴, 유속에 의한 하천 제방 등의 유실을 방지하기 위한 소파 성능이 내재된 친수호안블록에 관한 것이다.  
     하천이나 해안에 설치되는 콘크리트 구조물로서 사람들의 문화생활 향상에 따른 수변이나 해안의 접근성을 향상시키기 위한 구조물로 하천의 제방 보호 및 해안의 제방보호를 주된 목적으로 한다. 종래의 유사한 구조물들은 단순 법면 보호기능 위주로 개발 보급되고 있는 사항이나 본 발명은 제방보호와 사람들이 안전하게 물가에 접근할 수 있는 구조로 되며 본 발명 블록의 시공시 기초블록, 기본블록, 마감블록으로 구성되어 기초단부터 상부마감까지 서로 교차되게 적층되는 구조로 기초지반 부실에 의한 부등침하 저항성을 향상시키며 블록의 하단부에 설치된 돌출 구조들을 이용하여 공극률을 극대화시켜 해안이나 하천, 호수 등의 파랑이나 태풍, 해일 등의 발생시 제방에 진입하는 파의 에너지를 감쇄시켜 월파방지를 최소화하며 또한 파 에너지에 의한 연안침식을 최소화시킬 수 있으며 선착장이나 물량장 등에 설치 시 선박의 주행에 의해 발생되는 항주파를 최소화하여 소형 선박 등의 계류가 보다 안전할 수 있도록 파력과 유속 등의 힘을 분산시킬 수 있다. 
       
     기초블록, 기본블록, 마감블록, 고정홈, 차수벽, 유공부, 천단블록, 감세부, 돌출부",,E02B3/14;E02B3/06;Y02A10/11,E02B3/06;E02B3/12;E02B3/14,NAT UNIV HANBAT INDUSTRY,KR,True,False
KR-101064577-B1,KR-20110054524-A,KR,B1,44957324,20110607,20110607,20110915,20110915,System for rescuing distress by collapse,붕괴에 따른 조난 구조 시스템,,본 발명은 사람들이 내부에서 업무 또는 휴식을 취하는 건축물의 붕괴사고 발생 시 건축물에 존재하는 사람들을 감지하여 매몰된 사람들의 위치를 파악하고 이를 통해 매몰된 사람들을 신속하게 구조할 수 있는 붕괴에 따른 조난 구조 시스템에 관한 것으로 보다 상세하게는 건축물의 내부 천장 또는 사람들의 감지가 원활한 위치에 적외선 센서 또는 인체 감지 센서의 인체 감지부를 설치하여 건축물 내부 사람의 유무를 감지하고 상기 건축물에 내벽 보 또는 기둥에 경사 센서와 가속도 센서를 설치하여 지진 또는 외부의 충격이 발생할 경우 변화되는 경사 데이터와 가속도 데이터를 이벤트 트리거 신호로 설정하여 상기 이벤트 트리거 신호가 발생하면 건축물이 붕괴되는 것으로 판단하고 이벤트 트리거 신호가 발생한 시점의 일정시간 전 인체 감지부에서 계측한 신호를 분석하여 건축물의 붕괴사고 발생 전 사람의 유무를 판단하며 이를 통해 사람이 있을 경우 경보 알람부를 통해 사람이 매몰된 장소의 위치를 음성 또는 모스부호를 통해 경보하여 현장에 도착한 구조대원이 경보 알람부가 경보를 통해 알려주는 위치를 파악하여 신속하게 구조 작업을 진행하여 붕괴에 의한 사고 사망률을 현저히 저감할 수 있는 붕괴에 따른 조난 구조 시스템에 관한 것이다.,,G08B21/043;G08B21/02,G08B21/02,KOREA MAINTENANCE & AMP CONTROL CO LTD,KR,True,False
KR-101514899-B1,KR-20130166821-A,KR,B1,53054022,20131230,20131230,20150423,20150423,"Composition and Manufacturing Method of self-exitinguishing fire-retardant wood by free carbon, metallic salts and micro-fibril by Modifide of Wood",목재의 마이크로피브릴 개질화 및 금속염과 유리 탄소(遊離炭素)에 의한 자기소화성 내화목재의 제조방법과 그의 조성물,"The present invention relates to technology used for manufacturing wooden materials with strong resistance to flame. Wooden materials have organic compounds, which is easily being ignited at low temperatures and burnt, thereby being well known as more vulnerable materials to flame compared with other materials. In the present invention, developed is the wooden material having its eco-friendly property while improving its thermal property with use of technology which improves structural, physical and thermal properties where the developed wooden material has less vulnerable to flame and accordingly is recognized as safer materials, thereby being satisfied with Building Act and Fire Act and used in buildings and houses as a built-in materials.","최근 고도성장에 따른 문화적인 생활가치를 중히 여기면서 목재소재에 대한 일반인들의 인식도가 달라져 목재를 사용한 전원주택의 수요가 증가하고 있으며, 대형 건축물의 구조용 목재를 사용하고자 하는 수요도 점차 증가하는 추세에 있다. 이는 목재의 자연적 무늬는 사람에게 안락하고 편한 느낌과 따뜻한 질감을 주며, 오랜 세월동안 인간생활과 밀접한 관계를 가지고 널리 사용되었던 친근감이 있는 친환경적 자재이기에 누구나 선호하는 최고의 건축자재로 취급되는 것이다. 
그러나 이러한 장점에도, 목재는 낮은 착화온도로 쉽게 점화가 되고 연소가 되는 자기 연소성 유기화합물로 구성되어 있어 다른 소재의 보다 화재에 취약한 재료로 인식되고 있다, 특히 화재시 목재는 많은 양의 열을 방출하기 때문에 주변 다른 가연성 물질의 온도를 상승시켜 화재가 더욱 확산하고 연소한 목재는 대하능력을 상실하여 붕괴하므로 목조건축물의 화재는 더욱 위험하다고 할 수 있다. 
이러한 목재를 방화와 난연 및 내화성능 등 화재 안전능력을 확보하고자 하는 노력은 각 분야에서 끊임없이 개발이 이루어졌으나, 일반적으로 유기성 방염제나 난연저리제 침투 또는 도장 등을 통해 화재시 연소를 억제하여 초기 화재 확산을 예방하는 효과에 그치고 있으며, 이 또한 이들 물질 사용에 따른 유해성 논란과 결함은 목재의 품질저하가 되고 있어 화재에 안전한 난연 및 내화목재는 현재 요원(遼遠)한 과제로 취급되고 있다. 
이에 본 발명에서는 목재의 구조적, 물리적, 열적 특성이 강화되고 향상시키는 기술을 확보하여 목재의 친환경적 고유특성은 그대로 유지하면서 목재의 근본적인 품질결함요인인 수축과 변형 그리고 흰개미, 부패균, 부패곰팡이에 저항성이 우수한 목재의 내구성을 증진하면서 열적 특성이 강화된 내화성능이 향상된 내화목재를 개발하게 되었다.  
따라서 본 발명을 통해 목재가 화재에 취약하다는 위험부담이 감소함에 따라 건축법과 소방법에 준하는 성능이 확보됨에 따라 다양한 주택과 건물 및 내장재료 등에  널리 사용될 수 있게 되었다.",,D21C1/06;B27K3/20;B27K5/04;B27K3/0207;B27M1/08,B27K5/00;B27M1/08,CHOI MI HEE,KR,True,False
KR-102606532-B1,KR-20220122285-A,KR,B1,88969320,20220927,20220927,20231129,20231129,Disaster training device and disaster training system,가상현실을 기반으로 하는 구급대응 도상훈련시스템,"The present invention relates to a virtual reality-based emergency response simulation training system. According to the present invention, firefighting training is performed on a virtual reality platform. The virtual reality platform comprises a user unit, a connection unit, a virtual reality unit, and a management unit. According to the present invention, it is possible to enhance disaster response capabilities.","본 발명은 ICT를 활용한 가상현실 플랫폼(1)상에서 재난 상황을 재연하고, 플랫폼에 접속한 다수의 소방관과 일반인이 소방훈련과 소방체험을 개별 또는 서로 협동하여 실시하되, 상기 플랫폼(1)은 네트워크 망에 연결되어 신호의 입력과 정보의 송수신 및 출력 가능토록 지원하는 유저부(100)와, 유저부(100)들의 동시 접속을 위한 인터넷망이 구축되고, 선택적으로 외부에 저장 관리되는 정보를 호출 및 출력하는 접속부(200)와, 접속부와 연동되어 재난 상황 연출을 위한 가상공간과 체험 오브젝트 및 유저별 맞춤 아바타를 모델링하고, 아바타의 행동과 유저부로부터 입력된 메세지를 가상공간에 출력시켜 상호 소통을 유도하며, 가상공간에 재난 상황을 이벤트별로 제공 및 관리하는 가상현실부(300)와, 유저부, 접속부, 가상현실부간 송수신되는 신호와 데이터 정보를 인계받아 관리 및 제어하고, 가상공간에 연출된 재난 상황에 대한 유저들의 대처 능력을 분석 및 평가하는 관리부(400)를 포함하는 구급대응 도상훈련시스템에 있어서, 상기 가상현실부(300)는 재난상황을 재연하기 위해 설정 지역의 건축물, 도로, 자연, 환자용 NPC(Non-Player Character), 구급 도구, 재난 훈련 및 체험 오브젝트를 구축함과 아울러 플랫폼 및 프로토타입을 기반으로 구축되며, 실제에 입각하여 전체 구조를 설계하고 제공할 수 있는 모델링 기능이 제공되고, 훈련 컨텐츠 및 UX 설계서 작성 기능이 제공되며, 클라이언트의 목표 환경 결정 기능이 제공되고, 플랫폼 서버 및 DB 설계서 작성 기능이 제공되며, 대처 방법에 따른 시나리오를 설계할 수 있고, 환자 중증도 분류 알고리즘(START, SALT, RTS), 환자케이스 관리를 위한 웹기반 CMS 기능을 제공하여 각각 특정 지역들을 3D 환경으로 재연한 가상공간을 형성할 수 있음과 아울러 재연된 가상공간에는 건물, 도로 또는 주변시설 등의 건축물 뿐만 아니라, 사고차량, 경찰차량, 구급차량, 소방차 외 화재나 균열 등의 이펙트가 표현되어 실제와 같은 장소를 연출할 수 있으며, 가상공간 상에 아바타와 소품, 애니메이션 등의 구성 요소가 기획됨과 아울러 이를 관리할 수 있는 DB가 제공되고, 세부 기능을 통해 환자 생성 패턴 및 환경에 따른 상호 작용이 가능한 모델링부(310)와, 유저 아바타의 행동 인식과 텍스트를 출력하여 가상공간에서 유저간 소통을 가능케 하고, 유저 아바타에게 재난 상황을 극복 및 대처할 수 있도록 상황을 안내하는 소통안내부(320)와, 접속부로부터 접속 여부를 판별 산출한 정보, 가상공간과 유저 아바타 및 재난 관련 오브젝트, 영상, 이미지 정보와 아바타의 이동 동선을 일괄 저장하고, 외부에 저장 관리되는 정보를 호출 및 수집하여 영상, 이미지, 재난 관련 오브젝트 정보로 분류 및 저장하는 데이터센터(330)와, 수신되는 입력신호에 따라 데이터센터에 저장된 정보를 설정 경로로 전송하는 송수신부(340)를 포함하고, 상기 환자용 NPC는 환자의 연령대와 성별을 설정하는 외형 설정부(A1)와, 가상공간상에서 환자의 위치를 설정하는 위치 설정부(A2)와, 환자의 상해 위치와 중증도를 설정하는 중증도 설정부(A3)로 이루어지되, 상기 중증도 설정부(A3)는 환자의 상태를 긴급, 응급, 비응급, 사망예상, 사망 단계로 분류하여 환자 증상에 따른 미션을 부여하고, 분류된 단계별로 설정의 색상을 부여하여 유저가 환자의 중증 상태를 시각적으로 안내받을 수 있게 제공하며, 대처 시간에 따른 환자용 NPC의 증상이 변화할 수 있도록 세부 설정이 가능한 것을 포함하고, 상기 접속부(200)는, 회원정보의 입력 및 외부에 저장 관리되는 정보를 호출 가능토록 하는 인터페이스부(210), 게스트와 회원으로 구분하여 입장을 안내하고, 게스트와 회원들의 입장 여부 관련 데이터를 수집 및 관리하고, 인터페이스부에 입력된 회원정보를 승인하는 회원가입부(220), 승인 회원에 대해 가상현실부의 입장을 허용 및 안내하는 접속안내부(230), 가상현실부에 실시간 소통 가능토록 함과 아울러 유니티툴로 개발한 룸(room) 형식의 클라우드 기반 서버로 가상공간에 유저부(100)의 다중 접속을 허용하는 포톤서버부(240)를 포함하여 이루어지며, 상기 소통안내부(320)는, 유저부(100)의 입력신호를 기반으로 아바타를 형성 및 커스텀마이징 기능이 제공되는 아바타 생성부(321), 가상공간에서 아바타의 행동 및 유저가 입력한 텍스트를 출력하는 소통 출력부(322), 유저부의 입력 신호에 따라 아바타의 시점을 제어하는 카메라 제어부(323), 시점을 따라 아바타의 이동을 가능케 하고, 유저부의 입력 신호에 따라 아바타의 모션을 형성하는 아바타 동작부(324), 가상공간상에 연출할 적어도 하나 이상의 화재나 붕괴, 교통사고, 천재지변이나 인명 피해와 관련된 재난 상황 이벤트를 생성, 편집, 출력되게 하며, 제작된 재난 상황 이벤트를 유포할 수도 있으며, 타 기업에서 제작된 재난 상황 이벤트를 불러와 현 플랫폼에 적용할 수도 있고, 관리자 페이지를 통해 재난 환경 이벤트의 플레이 시간을 유동적으로 설정할 수 있으며, 각각의 재난 상황 대처 능력을 평가하기 위한 난이도에 맞춰 시간 제한 모드나, 각종 미션 훈련을 적용시킬 수 있도록 형성되는 이벤트 관리부(325)를 포함하여 이루어지고, 상기 관리부(400)는, 유저부(100)의 행동 정보를 수집하는 모션수집부(410), 유저의 행동 정보를 바탕으로 재난 대처 능력을 판단하는 산출부(420), 산출된 내용으로 유저 개별 및 대단위의 재난 대처 능력을 단계별로 평가할 수 있을 뿐만 아니라 개별 및 대단위가 각각 목적을 달성한 시간 및 대처 능력을 분석할 수 있는 시스템을 제공하며, 기입력된 프로그램에 의해 개별 및 대단위 각각에 대처가 미흡했던 부분을 각각 실시간 분석하여 해결 방안을 피드백 해주는 평가부(430)를 포함하여 이루어진다.",,G06Q50/10;G06Q50/265;G06T13/40;G06T19/003;G06T19/006;G06T19/20;G09B19/00;G09B23/28;G09B9/00,G06Q50/10;G06Q50/26;G06T13/40;G06T19/20;G09B9/00;G09B19/00;G09B23/28,KNL CO LTD;KIM YOUNG JIN,KR,True,False
CN-116059548-B,CN-202310281326-A,CN,B,86177108,20230320,20230320,20231017,20231017,Intelligent broken assembly and disassembly equipment for building collapse rescue,,"The application discloses intelligent breaking and dismantling equipment for building collapse rescue, which comprises a breaking and dismantling equipment body, wherein the breaking and dismantling equipment body comprises a traveling system and a control console arranged above the traveling system, two ends of the control console are provided with adjustable traveling auxiliary components, one side of the top of the control console is provided with an operating part, the operating part comprises an operating force arm, a replacing table is arranged above the operating force arm, a quick-changing device is arranged on the replacing table, the quick-changing device is provided with a breaking hammer, a bucket, a hydraulic grab bucket and a cutting saw, one end of the control console is provided with a protruding control part, the top of the protruding control part is provided with strip-shaped convex strips, and the strip-shaped convex strips are arranged at intervals. The beneficial effects of the application are as follows: compact structure, promote the demand to different rescue environment, improve the broken effect of tearing open of rescue and the stability of equipment.",,,A62B3/00;Y02W30/58,A62B3/00,,,False,True
KR-102789739-B1,KR-20230179595-A,KR,B1,95481879,20231212,20231212,20250404,20250404,Enhancing Fire Prevention and Fire Safety of Electric Vehicle Charging Stations and Suppression Control Method thereof,충전소 화재예방과 화재 안전성을 강화한 전기차 소화장치 시스템과 그 제어 방법,The electric vehicle fire extinguisher system intensifying the charging station fire prevention and fire safety comprise the battery safety diagnosis part: sensor unit: fire-extinguishing material showerhead: and controller. The present invention performs safety measures for each step of thermal runaway of an electric vehicle battery and directly sprays a fire extinguishing liquid to a lower portion of a vehicle to extinguish a fire at an early stage and prevent secondary damage.,"본 발명은 충전소 화재예방과 화재 안전성을 강화한 전기차 소화장치 시스템과 그 제어방법에 관한 것으로서, 소화장치 시스템은 전기차의 BMS 자기진단장치 또는 충전기로부터 제공받은 배터리에 대한 온도, 충전전압, 충전전류, 충전상태에 대한 배터리 상태정보로부터 데이터 분석과 진단을 통해 배터리 비정상상태를 진단하여 배터리 안전상태정보를 제공받을 수 있도록 된 배터리 안전진단장치부와, 전기차가 주차되는 영역내에 설치되어 충전중인 전기차 주변의 온도를 검출하는 외부 온도센서와, 전기차의 화재여부를 판단하는 화재검출센서 중 적어도 하나 이상이 마련된 센서부와, 전기차가 주차되는 영역내에 설치되어 소방수와 소화약제 중 적어도 하나 이상의 소화물질을 분사할 수 있도록 된 소화물질 분사부와, 배터리 안전진단부로부터 수신된 배터리 상태정보가 화재 예방을 위한 충전 차단조건에 해당하면 충전기의 상기 충전건으로의 전력공급을 차단하거나 조절하도록 제어하며, 센서부로부터 검출된 정보가 소화조건에 해당하면 전기차에 소화물질이 분사되게 상기 소화물질 분사부를 제어하는 제어부를 구비한다. 이러한 충전소 화재예방과 화재 안전성을 강화한 전기차 소화장치 시스템과 그 제어방법에 의하면, 충전과정에서 전기차에 장착된 배터리의 열폭주 진행 단계별로 구분하여 화재안전 조치를 보다 효과적으로 수행할 수 있어 화재예방과 화재 안전성을 강화할 수 있다.",,H01M2010/4271;H01M10/486;H01M10/42;B66F7/065;B60L53/60;B60L53/30;B23B47/26;A62C37/38;A62C31/22;A62C3/16;A62C3/07,H01M10/48;H01M10/42;B66F7/06;B60L53/60;B60L53/30;B23B47/26;A62C37/38;A62C31/22;A62C3/16;A62C3/07,WONTECH WORLDWIDE CO LTD,KR,True,False
CN-112263791-A,CN-202011239825-A,CN,A,74339661,20201109,20201109,20210126,0,Rescue robot and method for quickly cleaning building collapse materials,,"The invention relates to the technical field of rescue robots, in particular to a rescue robot and a method thereof for quickly cleaning house collapse building materials, wherein the rescue robot comprises a movable vehicle body, a movable box body is fixed at the top of the movable vehicle body, a placing groove is formed in the movable box body, two ground breaking side plates are arranged in the placing groove, a T-shaped sliding block is arranged on the right side of each ground breaking side plate, two T-shaped sliding grooves are formed in the left side of the movable box body, the T-shaped sliding grooves are connected with the left side of the movable box body in a sliding manner, and two electric push rods are arranged on the right side of; the invention is provided with two ground breaking side plates, the transverse push rod is pushed by the electric push rod to cause the ground breaking side plates to prop open the ruins, and the high-density canvas folded at the tops of the ground breaking side plates is also opened to be matched with the crossed side prop rods to form a top guard, so that an emergency channel is formed, a rescuer can conveniently enter rescue or transmit food, water source or detector inwards, all the ruins do not need to be cleaned completely, and the channel forming speed is high and stable.",,,B25J19/00;B25J5/007;A62B3/00;B25J11/00,B25J11/00;A62B3/00;B25J19/00;B25J5/00,NORTH CHINA INST SCIENCE & TECH,,True,True
CN-120252827-A,CN-202510314893-A,CN,A,96195814,20250318,20250318,20250704,0,Building collapse risk monitoring system for fire rescue,,"The utility model provides a building risk monitoring system that collapses towards fire rescue, belongs to fire rescue technical field, including interconnect&#39;s front end sensing unit, rear end controlling means, front end sensing unit is used for gathering building inclination/acceleration, surface strain, displacement data, rear end controlling means includes central control module, display module, wireless transceiver module, protocol conversion module, interactive subassembly, power management module. The invention can improve the personal safety level of the fire rescue team when executing the task by displaying and alarming the collected data about the collapse risk of the building after processing.",,,G06N3/04;G06Q50/265;G06Q50/08;G06Q10/0635;G06N3/088;G06F18/2135;G06F18/213;G06F18/20;G08B21/18;H04L67/125;H04L69/08;G01D21/02,H04L69/08;H04L67/125;G08B21/18;G06Q50/26;G06Q50/08;G06Q10/0635;G06N3/088;G06N3/04;G06F18/2135;G06F18/213;G06F18/20;G01D21/02,SHENYANG FIRE RES INSTITUTE OF MEM,,True,False
CN-113576193-B,CN-202010362780-A,CN,B,78237181,20200430,20200430,20240419,20240419,Disaster-avoiding bed for high building,,"The invention relates to the technical field of furniture, in particular to a disaster avoidance bed for a high building. The disaster avoidance bed starts the traction mechanism through the sensor or the button arranged on the bed body, so that the bearing mechanism in the daily state can be quickly opened and fallen, and the hatch cover can be quickly closed, thereby achieving the purpose of quickly forming a disaster avoidance space. The high-strength heat insulation material adopted by the disaster avoidance bed can bear huge impact force brought by a building when the building collapses caused by earthquake and fire disaster, protects the safety of disaster avoidance personnel, and is not secondarily damaged when the disaster avoidance bed is excavated and searched and rescuing by a large machine. The disaster prevention bed adopts a double-layer heat insulation plate structure and a sealing edge structure, so that the disaster prevention bed has a sealing and heat insulation function, and high temperature and smoke during a fire disaster are effectively isolated. An emergency box is arranged to ensure life needs of disaster avoidance personnel and provide search and rescue positioning information. The folded mattress or the soft mattress can be placed to fall along with the bearing plate, so that the time for forming disaster avoidance space is greatly shortened. The invention has ingenious design and reasonable structure, and is suitable for popularization and application in the technical field of furniture.",,,A47C17/00;A47C17/86;A47C31/002;A47C31/001;A47C31/123,A47C17/00;A47C17/86;A47C31/00;A47C31/12,,,True,False
CN-110211328-A,CN-201910566956-A,CN,A,67794864,20190627,20190627,20190906,0,Structure collapse early warning system and method based on acceleration data,,"The invention discloses a structural collapse early warning system and method based on acceleration data, and solves the problem that in the prior art, whether a fire-affected building structure collapses or not can not be accurately judged, so that the deployment of emergency rescue and disaster relief work of firemen is not facilitated. The structure collapse early warning system comprises a wireless acceleration sensor, a wireless signal receiver, an AD converter, a PC (personal computer) and an acousto-optic alarm, wherein the PC converts acceleration information acquired by the wireless acceleration sensor into an acceleration time-course curve, and then converts the acceleration time-course curve into a curve of structure frequency changing along with time through a Hilbert algorithm. When the frequency-time curve is sharply reduced, the acousto-optic alarm is controlled to operate for early warning. The fire-fighting building early warning system is simple in structure, scientific and reasonable in design and convenient to use, can accurately pre-judge the collapse of a fire-fighting building, and pre-warns the fire-fighting building at the first time when the collapse risk of the fire-fighting building is pre-judged so as to guarantee the life safety of fire fighters.",,,G01M13/00;G08B21/02;G08C17/02,G01M13/00;G08C17/02;G08B21/02,SICHUAN FIRE RES INST MEM,,True,False
KR-20140022838-A,KR-20137026904-A,KR,A,45931010,20120312,20110323,20140225,0,30-minute residential fire protection of floors,주거용 바닥에 대한 30-분 소방,,"거주용 바닥을 위한 화재 보호 차단층 및 구조화 방법이 개시되고, 본 구조는 아래 공간에서 발생된 화재에 노출되면 조기 붕괴될 수 있는 경량 장선에 의해 지지되는 바닥 (floor), 장선 아래에 현수되는 긴 강재의 메인 티 (tee)의 배열 및 건식벽 패널로 구성되고, 티는 호칭 거리 2&#39;로 이격되고 평행하게 배열되고, 티는 상부 중공 보강 벌브 (bulb), 벌브에서 하향 연장되는 중간 수직 웨브 (web) 및 웨브 양측으로 측방 연장되는 수평 플랜지를 가지고, 건식벽 패널은 인접한 한 쌍의 티의 플랜지의 상면에 얹어지고, 건식벽 패널은 티의 중앙-대-중앙 간격보다 약간 좁은 폭을 가지고, 패널 대다수는 8&#39; 또는 이상의 길이를 가진다.",,E04B9/001;E04B9/241;E04B5/12;E04B9/30;E04B9/00;E04B9/24,E04B9/24;E04B9/00;E04B5/12;E04B9/30,UNITED STATES GYPSUM CO,US,True,False
CN-115284314-B,CN-202211003771-A,CN,B,83829261,20220820,20220820,20240607,20240607,Multifunctional flexible robot applied to ruin search and rescue,,"The invention discloses a multifunctional flexible robot applied to ruins search and rescue, wherein one end of a spine mechanism is provided with a front shoulder blade frame, and the other end of the spine mechanism is provided with a rear shoulder blade frame; the two ends of the front shoulder blade frame are provided with first travelling mechanisms, and the two ends of the rear shoulder blade frame are provided with second travelling mechanisms; one part of the first driving mechanism is arranged on the front shoulder blade frame and is connected with the first travelling mechanism, the other part of the first driving mechanism is arranged on the rear shoulder blade frame and is connected with the second travelling mechanism, and the heights of the first travelling mechanism and the second travelling mechanism can be adjusted; a second driving mechanism is arranged on the rear shoulder blade frame, and the second driving mechanism can bend the spine mechanism. The device has compact structure and high transmission efficiency, and can complete multi-angle flexible and stable steering, creeping forward, ascending, obstacle surmounting and other various movement actions, thereby being capable of shuttling in ruins, completing searching and rescuing, transporting materials and other works, and avoiding damage to searching and rescuing and trapped personnel caused by secondary collapse of the ruins.",,,B25J11/00;B62D57/02,B25J11/00;B62D57/02,,,True,False
KR-101050710-B1,KR-20100108691-A,KR,B1,44923874,20101103,20101103,20110720,20110720,Smart helmet for fireman,소방작업을 위한 스마트 웨어,"PURPOSE: A smart wear for firefighting work is provided to control field work smoothly and to deal with emergency situations quickly with instructions of the center. CONSTITUTION: A helmet body is worn to protect a head and a face of an operator. A camera part(260) includes a first camera filming the front of the operator and a second camera filming the rearward of the operator, and creates video information by filming the operator or surroundings of the operator. A sound input part creates sound information with inputted operator voice or sound of the operator surroundings. A first control module (200B) transmits the video information and the sound information to a central control center through a smart belt, and receives predetermined control signals for safety of operators from the central control center. An image input and output section(270) is installed in one side of a visor bottom plane of the helmet body, and indicates the information processed at a smart wear or the control signals received from the central control center according to a control of a control module.","본 발명에 따른 소방작업을 위한 스마트 헬멧장치는, 작업자의 두부와 안면보호를 위해 착용하는 헬멧 본체와, 작업자나 작업자 주변을 촬영하여 영상정보를 생성하는 카메라부와, 작업자 음성이나 작업자 주변의 사운드를 입력받고 사운드 정보를 생성하는 음향 입력부와, 상기 스마트 벨트를 통해, 상기 영상정보와 사운드 정보를 중앙통제 센터로 전송하고 중앙통제 센터로부터 작업자 안전을 위한 소정의 제어신호를 수신하는 제어모듈과, 상기 헬멧 본체의 챙 밑면 일측에 장착되며, 상기 제어모듈의 지시에 따라, 스마트 웨어에서 처리되는 정보나 중앙통제 센터로부터 수신된 상기 제어신호를 표시하는 디스플레이를 포함하여 구성된다. 
본 발명에 따른 스마트 웨어는, 재산피해나 인명피해가 우려되는 화재현장의 작업자에게 보다 안전한 작업환경을 제공할 수 있게 되었으며, 현장에서 발생할 수 있는 각종 위험 요소들(예: 추가붕괴, 고립, 개스 폭발, 추락 등)로부터 방재 작업자들의 안전을 한층 보장할 수 있게 되었다.",,A41F9/00;A42B3/30;A41D13/00,A42B3/30;A41F9/00;A41D13/00,TELECOMLAND CO LTD,KR,True,False
KR-101751960-B1,KR-20150176976-A,KR,B1,59282882,20151211,20151211,20170703,20170703,Personal alert safety system for fireman,소방관용 개인 안전 알람장치,,"본 발명은 소방관이 일정 시간동안 움직이지 않는 경우 오디오 부저에서 경보신호에 초음파신호를 혼합하여 송출하고, 통제실에서는 상기 초음파신호를 수신하여 소방관의 위치를 확인할 수 있는 소방관용 개인 안전 알람장치에 관한 것으로, 소방복의 일측에 부착되며 주변의 온도를 감지하는 온도센서를 포함하는 개인 안전 알람 장치에 있어서, 움직임센서에서는 소방관의 움직임이 일정시간 이상 없는 경우 소정의 전기적 신호를 발생하여 마이콤에 전달하고, 상기 마이콤에서는 압전소자 구동부를 제어하여 오디오 부저에서 가청주파수의 경보음을 발생함과 동시에 통제실에서 소방관의 위치를 확인할 수 있도록 초음파를 이중으로 발생하여 외부로 송출하되, 상기 오디오 부저는 주전극과 보조전극 및 접지 역할을 하는 그라운드를 포함하는 타려식 발진소자로 구성되며, 상기 오디오 부저는 압전소자 구동부를 통해 주전극에 전달된 입력신호에 의해 20kHz 미만의 가청주파수를 90~100dB 출력하고, 보조전극에 전달된 입력신호에 의해 20kHz 이상의 초음파를 발생하는 것을 특징으로 한다. 따라서, 본 발명에 의한 소방관용 개인 안전 알람장치는 소방관이 화재를 진압시 건물붕괴, 유독가스 질식 등의 이유로 바닥에 쓰러져 일정 시간동안 움직이지 않는 경우 이를 움직임센서를 통해 감지하고, 오디오 부저에서 직접 초음파를 발생함으로써 간단한 기술구성에 의해 소방관의 위치 추적을 용이하게 구현하는 효과가 있다. 또한, 공기통에 부착된 압력센서를 통해 공기의 잔여량과, 온도센서를 통해 확인된 주변 온도를 엘시디 디스플레이에 표시함으로써 위험징후를 소방관에게 즉각적으로 경고할 수 있는 효과가 있다.",,G08B25/10;G08B21/0277;G08B5/226;G08B21/0263;G08B25/016;G08B3/1016;G08B25/14;G08B21/0438;G08B21/182;G01K13/00,G01K13/00;G08B3/10;G08B21/04;G08B25/01;G08B21/18;G08B5/22;G08B21/02;G08B25/10;G08B25/14,,,True,False
CN-105148425-A,CN-201510609667-A,CN,A,54789668,20150923,20150923,20151216,0,Intelligent safety airbag system applied to firefighters,,"The invention discloses an intelligent safety airbag system applied to firefighters. The intelligent safety airbag system comprises a distance sensing device, an airbag triggering device and a waistband fastening device, wherein the distance sensing device is capable of starting the airbag triggering device under a certain condition; the airbag triggering device is mounted on the waistband; the waistband fastening device is used for binding on the body of the firefighter. When the building collapses or the firefighter steps on an empty during performing a task on a high building, the intelligent safety airbag system is capable of automatically ejecting an airbag and protecting the life safety of the firefighter.",,,,A62B1/00;A62B35/04;A62B35/00,XIAMEN KINGTOP INFORMATION TECHNOLOGY CO LTD,,True,True
CN-206959799-U,CN-201720777637-U,CN,U,61385573,20170630,20170630,20180202,20180202,A kind of fire based on laser positioning building deformation monitoring device,,"The utility model discloses a kind of fire based on laser positioning building deformation monitoring device, including the casing in flat rectangular box, the camera lens installing port being arranged on casing front side wall, the electric installing port being arranged on casing rear wall, it is arranged at the heat emission hole on wall at left and right sides of casing, at least four are arranged side by side in the laser in casing, for the standby tune bearing being individually fixed in each laser in casing, the controller for being placed on electric installing port and being all connected with all lasers, and be placed on camera lens installing port and with the one-to-one lens fine-tuning component of each laser.The problem of the utility model is based in fire scenario carries out targeted design, multiple hot spot structure measurement line segments are formed using adjustable multi-stripe laser is architectural in fire scenario, compared with reference to architectural existing fixed reference thing, realize and the deformation built in fire scenario is monitored, the early warning before building collapse is realized, ensures the life security of fire-fighting and rescue personnel.",,,,G01B11/16,SICHUAN FIRE RES INST MINISTRY PUBLIC SECURITY,,True,False
KR-20160133020-A,KR-20150065076-A,KR,A,57540387,20150511,20150511,20161122,0,Exploration robot for dangerous spot search,건물 및 토목시설 붕괴지역 탐사 대응 로봇,"The present invention relates to a compact response robot for exploring a disaster area capable of rapidly being inputted to the disaster area. According to the present invention, a response robot for exploring a disaster area comprises: a driving unit (1000) including at least one driving motor (100) forwardly/backwardly rotatable, a gear module (110) connected to the at least one driving motor (100) to transfer power, and two pair or more driving wheels (120) rotating in a state being coupled to the gear module (110); a main camera (200) which has a photographing direction matching a driving direction, acquiring an image in the driving direction; an ultrasonic sensor (300) which generates data on a distance measurement value from a surrounding obstacle using an ultrasonic wave; a transmission and reception device (400) which transmits data to the outside or receives a control signal; a control board (500) connected to the at least one driving motor (100), the main camera (200), the ultrasonic sensor (300), and the transmission and reception device (400), controls the at least one driving motor (100) in accordance with the control signal received by the transmission and reception device (400), and transmits data acquired by the main camera (200) and the ultrasonic sensor (300) to the transmission and reception device (400); a main memory (600) connected to the control board (500), storing the control signal and the data acquired by the main camera (200) and the ultrasonic sensor (300); and a battery (700) connected to the elements, supplying power thereto.","본 발명에 따른 재난지역 탐사 대응 로봇은, 입력신호에 따라 정/역회전이 가능한 하나 이상의 구동모터(100); 상기 구동모터(100)와 연결되어 동력을 전달하는 기어모듈(110); 상기 기어모듈(110)과 결합되어 회전하는 2쌍이상의 구동 바퀴(120);를 포함하는 구동부(1000); 주행 방향과 일치하는 촬영 방향을 갖고 주행 방향의 영상을 획득하는 메인 카메라(200); 초음파를 이용하여 주변 장애물과의 거리 측정값 데이터를 생성하는 초음파센서(300); 외부로 데이터를 송신하거나, 제어신호를 수신하는 송수신장치(400); 상기 구동모터(100), 메인 카메라(200), 초음파센서(300) 및 송수신장치(400)와 연결되고, 송수신장치(400)에서 수신되는 제어신호에 따른 구동모터(100)의 제어 및 메인 카메라(200), 초음파센서(300)에서 획득하는 데이터를 상기 송수신장치(400)로 전송하는 제어보드(500); 상기 제어보드(500)와 연결되어, 제어신호 및 메인 카메라(200), 초음파센서(300)에서 획득하는 데이터를 저장하는 메인 메모리(600); 상기 각 구성요소와 연결되어 전력을 공급하는 배터리(700);를 포함하는 것을 특징으로 한다.",,B25J19/06;B25J9/1666;B25J9/1671;B25J19/023;B25J5/007;B25J19/005,B25J19/00;B25J19/06;B25J19/02;B25J9/16;B25J5/00,PUSAN UNIV OF FOREIGN STUDIES,KR,True,False
KR-20070004492-A,KR-20060129032-A,KR,A,37870686,20061215,20061215,20070109,0,Fire suppression and life structure elevator system of skyscraper,고층건물의 화재진압 및 인명구조용 엘리베이터장치,"An elevator apparatus for rescuing human life and fighting a fire of a high-rise building is provided to vertically and horizontally move an elevator along an outer wall of the high-rise building for rescuing human life. The elevator apparatus includes an elevator(30) consisting of thermal resistance walls having incombustible materials contained considerably thermal resistance, a self power generating member(40) installed on an upper and lower portions of the elevator for generating a drive force such as an engine or a battery, a travelling member having a wheel, a transmission, and a steering system operated by power generated from the self power generating member, a wire pulley(60) for vertically and safely lifting the elevator along two wires(100), and an elevator fire-fighting device installed on an inner portion of the elevator for fighting a fire while rescuing human life.","본 발명은 고층건물에 화재나 지진, 건물붕괴 등과 같은 긴급 상황이 발생할 경우 그 건물의 외벽을 따라 신속하게 승강이동하여 안전하게 인명을 구조하여 재난으로 부터 인명피해의 최소화를 도모하는데 크게 일조할 수 있는 새로운 형태의 초고층건물의 인명구조용 엘리베이터장치에 관한 것이다. 
     즉,  인명구조용 엘리베이터장치(10)를 구성함에 있어서, 화재시 발생하는 고열이나 화염 등에도 상당한 내열성을 가진 불연재(21)가 내장된 내열벽체(20) 로 이루어진 엘리베이터(30)와; 상기 엘리베이터(30)의 내, 외부 일정한 위치에 자체적인 구동력을 발휘할 수 있는 엔진이나 밧데리 등의 자체동력발생수단(40)과; 상기 엘리베이터(30)의 용이한 주행/이동성을 고려한 미션, 바퀴, 조향장치로 구성된 주행수단(50)과; 와이어(100)를 타고 상방으로 스스로 올라갈 수 있도록 하는 태클 형태의 와이어풀리(60)와; 화염의 임시소등 또는 화재자체의 진압 등을 목적으로 하는 엘리베이터 자체 소방장치(70);  를 포함하여 이루어지는 것이다. 
       
     엘리베이터, 와이어, 주행수단,와이어 풀리, 소방장치, 외부소방호스연결구, 자체 소방호스, 안내 난간대, 보조 안내대, 슬라이드 유도장치, 물분사구",,A62B1/02;A62B1/06,B66B9/187;A62B1/02,JIN YOUNG R & S CO LTD,KR,True,True
CN-113152554-B,CN-202110425419-A,CN,B,76867551,20210420,20210420,20230117,20230117,Building collapse emergency rescue equipment,,"The invention relates to emergency rescue equipment for collapse of a building, which comprises a suction and excavation robot, a gas-solid separation device and a power device, wherein the suction and excavation robot is connected with the gas-solid separation device through a pipeline; the power device is connected with the gas-solid separation device through a pipeline, and the gas-solid separation device is connected with the suction excavation robot through a pipeline; the power device is used for providing hydraulic power for the gas-solid separation device and the suction excavation robot; the power device is also used for providing suction negative pressure power for the gas-solid separation device and the suction excavating robot; the suction excavation robot is used for suction excavation of the collapsed building; the gas-solid separation device is used for storing the collapsed building sucked and excavated by the suction excavation robot; the gas-solid separation device is also used for purifying the gas in the gas-solid separation device. The emergency rescue equipment for collapse of the building, disclosed by the invention, is low in labor intensity, time-saving and labor-saving, and long in operation distance, improves the working efficiency and the timeliness of emergency rescue, and does not generate secondary collapse.",,,B65G53/60;E02F3/92;E02F3/88;E02F3/8816;B65G53/24;E02F3/90;A62B99/00,B65G53/24;A62B99/00;E02F3/90;E02F3/88;B65G53/60;E02F3/92,,,True,True
CN-116059548-A,CN-202310281326-A,CN,A,86177108,20230320,20230320,20230505,0,Intelligent broken assembly and disassembly equipment for building collapse rescue,,"The invention discloses intelligent breaking and dismantling equipment for building collapse rescue, which comprises a breaking and dismantling equipment body, wherein the breaking and dismantling equipment body comprises a traveling system and a control console arranged above the traveling system, two ends of the control console are provided with adjustable traveling auxiliary components, one side of the top of the control console is provided with an operating part, the operating part comprises an operating force arm, a replacing table is arranged above the operating force arm, a quick-changing device is arranged on the replacing table, the quick-changing device is provided with a breaking hammer, a bucket, a hydraulic grab bucket and a cutting saw, one end of the control console is provided with a protruding control part, the top of the protruding control part is provided with strip-shaped convex strips, and the strip-shaped convex strips are arranged at intervals. The beneficial effects of the invention are as follows: compact structure, promote the demand to different rescue environment, improve the broken effect of tearing open of rescue and the stability of equipment.",,,Y02W30/58;A62B3/00,A62B3/00,SHANGHAI FIRE RES INSTITUTE OF MEM,,False,True
CN-121236613-B,CN-202511798523-A,CN,B,98157491,20251202,20251202,20260303,20260303,"Earthquake disaster area analysis and prediction method, device and medium based on remote sensing data",,"The invention discloses a method, equipment and medium for analyzing and predicting an earthquake disaster area based on remote sensing data, which comprises the steps of collecting hyperspectral remote sensing data of the earthquake disaster area after an earthquake occurs, performing cross-modal mutual information calibration, and outputting cross-modal standardized data of a hyperspectral remote sensing image; the method comprises the steps of extracting reflectance vectors corresponding to different spectrum wavelengths, constructing a linear spectrum mixed model, calculating vegetation destruction rate, classifying pixels, calculating building collapse rate of an earthquake disaster area, calculating building stability coefficients after an earthquake by using the building collapse rate, calculating surface layer geological structure stability coefficients after the earthquake, evaluating post-earthquake rescue priority by using the building stability coefficients after the earthquake, and planning vehicle types entering the earthquake disaster area by using the surface layer geological structure stability coefficients after the earthquake. Based on the remote sensing data analysis technology, the accurate prediction and analysis of the risk after the earthquake disaster area disaster are realized, and reasonable technical support is provided for rescue of rescue teams.",,,,G06V20/13;G06V10/764;G06V20/10,,,True,False
KR-102240269-B1,KR-20190153812-A,KR,B1,75477346,20191126,20191126,20210414,20210414,Snake robot device used in collapsed areas,붕괴지역에 사용되는 뱀 로봇 장치,"A snake robot device according to an embodiment of the present invention comprises: a head with a protruding tip of a first tube for emergency medicine and a tip of a second tube for nutritional juice; a body comprising a plurality of unit joints; and a tail in which an external wire is inserted and connected, and the first tube for emergency medicine and the second tube for nutritional juice are drawn to the outside. Since the snake robot device according to an embodiment of the present invention injects emergency medicine into the first tube and nutrient juice into the second tube to deliver emergency medicine or nutrient juice to a buried person in the collapsed area, the present invention has the effect of allowing the buried person to take emergency medicine or nutritional juice and securing and extending a lifesaving golden time for the buried person.","본 발명의 일실시예에 따른 뱀 로봇 장치는 응급약물용 제 1 튜브의 선단부와 영양주스용 제 2 튜브의 선단부가 돌출 구비된 머리부; 다수 개의 단위 관절로 이루어진 몸통부; 및 외부의 배선이 삽입 연결되고 상기 응급약물용 제 1 튜브와 영양주스용 제 2 튜브가 외부로 도출된 꼬리부;를 포함한다.  
본 발명의 실시예에 따른 뱀 로봇 장치는 응급약물을 제 1 튜브로 주입하고 영양주스를 제 2 튜브로 주입하여 붕괴지역의 매몰자에게 응급약물 또는 영양쥬스를 전달하므로, 매몰자가 응급약물 또는 영양쥬스를 섭취하게 하고 매몰자에 대한 인명구조 골든타임을 확보 및 연장할 수 있는 효과가 있다.",,B25J19/005;B25J9/0009;B25J9/065;B25J11/009,B25J19/00;B25J9/00;B25J11/00;B25J9/06,KOREA INST ROBOT & CONVERGENCE,KR,True,False
CN-117058842-A,CN-202310937204-A,CN,A,88658090,20230728,20230728,20231114,0,Real-time early warning method for secondary collapse risk of RC frame semi-ruin structure after earthquake,,"The invention relates to the field of earthquake on-site rescue and early warning, in particular to a real-time early warning method for secondary collapse risk of a ruin structure of an RC frame. The method comprises the following core contents of 4 modules, namely, a module 1: the method of simulating the vibrating table by using the earthquake is used for realizing the whole process from intact RC frame structure to semi-ruins to secondary collapse by simulating the main-aftershock effect, and obtaining the dynamic response time-course data of the secondary collapse structure; module 2: processing the structural dynamic response time-course data by adopting a high-dimensional continuous transverse moving time window method and acquiring dynamic response characteristics of the RC frame semi-ruins secondary collapse structure; module 3: clustering the secondary collapse risk types of the RC framework semi-ruin structures by using a K-Means machine learning algorithm; module 4: and (3) realizing real-time early warning of secondary collapse risk of the RC framework semi-ruin structure by using an Informir machine learning algorithm. The invention can scientifically and accurately judge and predict the risk of secondary collapse of the RC frame ruin structure under the aftershock.",,,G08B21/10;G08B31/00;G06F18/23213;G06F18/24;G06N20/00;G06F30/27,G08B21/10;G06F18/23213;G06F18/24;G06F30/27;G06N20/00;G08B31/00,UNIV TONGJI;UNIV JILIN AGRICULTURAL,,True,False
WO-2022222364-A1,CN-2021119397-W,WO,A1,76867551,20210918,20210420,20221027,0,Emergency rescue apparatus for building collapse,,"The present invention relates to an emergency rescue apparatus for building collapse. The emergency rescue apparatus comprises a suction and digging robot, a gas-solid separation device and a power device, wherein the power device is connected to the gas-solid separation device by means of a pipeline, and the gas-solid separation device is connected to the suction and digging robot by means of a pipeline; the power device is used for providing hydraulic power for the gas-solid separation device and the suction and digging robot; the power device is further used for providing negative-pressure suction power for the gas-solid separation device and the suction and digging robot; the suction and digging robot is used for sucking and digging through a collapsed building; the gas-solid separation device is used for storing collapsed building material sucked and dug through by the suction and digging robot; and the gas-solid separation device is further used for purifying gas in the gas-solid separation device. By means of the emergency rescue apparatus for building collapse in the present invention, the labor intensity is low, time and labor are saved on, the working efficiency and the timeliness of emergency measures are improved, and no secondary collapse is caused due to a long-distance operation.",,,B65G53/24;B65G53/60;E02F3/88;E02F3/8816;E02F3/90;A62B99/00;E02F3/92,E02F3/88;B01D50/00,FUJIAN QIAOLONG EMERGENCY EQUIP CO LTD,CN,True,True
CN-113152554-A,CN-202110425419-A,CN,A,76867551,20210420,20210420,20210723,0,Emergency rescue equipment for collapse of building,,"The invention relates to an emergency rescue device for building collapse, which comprises a suction excavation robot, a gas-solid separation device and a power device, wherein the suction excavation robot is connected with the gas-solid separation device through a pipeline; the power device is connected with the gas-solid separation device through a pipeline, and the gas-solid separation device is connected with the suction excavation robot through a pipeline; the power device is used for providing hydraulic power for the gas-solid separation device and the suction excavation robot; the power device is also used for providing suction negative pressure power for the gas-solid separation device and the suction excavating robot; the suction excavation robot is used for suction excavation of the collapsed building; the gas-solid separation device is used for storing the collapsed building sucked and excavated by the suction excavation robot; the gas-solid separation device is also used for purifying the gas in the gas-solid separation device. The emergency rescue equipment for collapse of the building, disclosed by the invention, is low in labor intensity, time-saving and labor-saving, and long in operation distance, improves the working efficiency and the timeliness of emergency rescue, and does not generate secondary collapse.",,,E02F3/8816;B65G53/60;E02F3/92;E02F3/90;B65G53/24;E02F3/88;A62B99/00,E02F3/90;B65G53/24;A62B99/00;E02F3/92;E02F3/88;B65G53/60,FUJIAN QIAOLONG EMERGENCY EQUIP CO LTD,,True,True
KR-20150136380-A,KR-20140063800-A,KR,A,54872355,20140527,20140527,20151207,0,waterfront Structure Integrating management system based on GIS(Geographical Information System),자연재해에 따른 수변구조물의 피해정보를 실시간으로 예측／관리 가능한 gis 기반의 수변구조물 통합관리시스템,"Provided is a geographical information system (GIS)-based integrated waterfront structure management system capable of real-time prediction and management of information on damage to a waterfront structure caused by a natural disaster. The GIS-based integrated waterfront structure management system comprises: a waterfront structure measurement module (100) measuring behavior of a waterfront structure caused by a natural disaster; a data logging server (200) collecting behavior information of the waterfront structure measured by the waterfront structure measurement module (100) in real time through a wireless interface, and classifying and logging the same according to a type and geographical position of the waterfront structure, and a type of the natural disaster; a monitoring server (300) predicting, stage by stage, and monitoring predicted damage information of the waterfront structure including at least one among flooding, erosion, breakage, collapse, seepage, scour, fracture, exposure of a bar, bending, deformation, and piping which may occur in the waterfront structure due to the natural disaster, based on the logged information classified by the data logging server (200); and a waterfront structure management server (400) providing a disaster warning message to portable terminals of a manager charged with maintenance of the waterfront structure and a local resident of the area where the waterfront structure is installed, and to a management server of National Emergency Management agency, if the predicted damage information of each stage predicted by the monitoring server (300) exceeds predetermined reference predicted damage information.","자연재해에 따른 수변구조물의 피해정보를 실시간으로 예측/관리 가능한 GIS 기반의 수변구조물 통합관리시스템은 자연재해로 인한 수변구조물의 거동을 계측하는 수변구조물 계측모듈(100); 무선 인터페이스를 통해 상기 수변구조물 계측모듈(100)에서 계측된 상기 수변구조물의 거동정보를 실시간으로 수집한 후, 상기 수변구조물의 종류, 지리적 위치, 자연재해의 종류에 따라 분류하여 로깅하는 데이터 로깅서버(200); 상기 데이터 로깅서버(200)에서 분류된 로깅정보들에 기반하여, 상기 자연재해로 인하여 상기 수변구조물에서 발생 가능한 범람, 유실, 파손, 붕괴, 침수, 침투, 세굴, 균열, 철근노출, 휨, 이격, 변형, 파이핑 중 적어도 하나 이상이 포함된 수변구조물의 예상피해정보를 단계별로 예측 및 모니터링하는 모니터링 서버(300); 및 상기 모니터링 서버(300)에서 예측된 단계별 예상피해정보가 상기 수변구조물에 따라 설정된 기준예상피해정보를 초과할 경우, 상기 수변구조물의 유지보수 관리자, 상기 수변구조물이 설치된 지역의 지역주민의 휴대단말 및 소방재청의 관리서버로 재난경고메시지를 제공하는 수변구조물 관리서버(400);를 포함한다.",,Y02A50/00;G06Q50/265;G08C17/02;G08B21/10,G06Q50/26,HEESONG GEOTEK CO LTD,KR,True,False
KR-20190081052-A,KR-20170183336-A,KR,A,67261031,20171229,20171229,20190709,0,Laminated elastomeric bearing having ability of safety check-up for bridge,교량 안전진단 기능을 갖는 교좌장치,"The present invention relates to a bridge seat apparatus having a bridge safety diagnosis function which senses deformation acting on an upper plate of a bridge when an earthquake occurs to notify a vehicle passing on the bridge and a remote manager of the deformation of the upper plate of the bridge, and blocks the entrance of the bridge to restrict vehicles if the deformation of the upper plate of the bridge exceeds a prescribed range. According to the present invention, the bridge seat apparatus having a bridge safety diagnosis function comprises: an upper pad fixed on a lower portion of an upper plate of a bridge by an anchor bolt; a lower pad fixed on an upper surface of a bridge post by an anchor bolt to correspond to the upper pad; and an impact absorbing pad arranged between the upper and the lower pad. The bridge seat apparatus having a bridge safety diagnosis function further comprises: a first sensor consisting of a gyroscope sensor attached to a lower surface of the upper pad to sense an inclination angle by vibration; a second sensor consisting of a micrometer attached to an upper surface of the lower pad in an X-axis and a Y-axis to sense a movement of the axes; and a third sensor consisting of a height gate attached to one side of the upper and the lower pad to sense vertical compression. Sensing signals of the sensors are monitored in real time to measure and check a bridge seat exceeding a prescribed range, and then the bridge is controlled as needed.","본 발명은 지진 발생시의 교량 상판에 작용하는 변형을 감지하여 교량을 통과하는 차량과 원거리의 관리자에게 교량 상판의 변형을 알려주며, 교량 상판의 변형이 일정 범위를 벗어나는 경우 교량의 진입로를 차단하여 차량을 통제할 수 있는 교량 안전진단 기능을 갖는 교좌장치에 관한 것이다. 
본 발명에 의한 교량 안전진단 기능을 갖는 교좌장치는, 앵커볼트에 의해 교량 상판의 저부에 고정되는 상부패드와, 교각의 상면에 상기 상부패드와 대응되도록 앵커볼트에 의해 고정되는 하부패드와, 그 사이에 개재되는 완충패드로 구성되되, 상부패드의 저면에 부착되어 진동에 따른 기울기 각도를 감지하는 자이로스코프 센서로 된 제1감지기, 하부패드의 상면에 x축과 y축으로 각각 부착되어 축의 이동량을 감지하는 마이크로미터로 된 제2감지기, 및 상하부 패드의 일측면에 부착되어 상하 압축량을 감지하는 하이트 게이트로 된 제3감지기를 포함하여 이들 감지기의 감지신호를 실시간 모니터링하여 일정 변위를 벗어나는 교좌를 측정 확인 후 필요에 따라 교량을 통제하도록 구성된다.",,G01B11/03;E01D19/04;G01B5/24;G01D21/02,E01D19/04;G01B11/03;G01D21/02;G01B5/24,KIM YONG MIN;SEOUL FACILITIES CORP,KR,True,False
CN-116343455-B,CN-202310621808-A,CN,B,86889818,20230530,20230530,20230926,20230926,Digital twinning technology-based fire scene collapse risk early warning method,,"The invention relates to a fire scene collapse risk early warning method based on a digital twin technology, which belongs to the technical field of fire scene collapse risk early warning, and mainly adopts the following scheme: acquiring fire scene building environment information, establishing a fire scene building environment digital twin model according to the fire scene building environment information, and determining a collapse initial profile according to the floor temperature distribution information of a combustion area; determining an additional collapse profile; determining collapse risk level by using the thickness information of the floor slab in the burning area and the weight information of the articles on the floor slab in the burning area; determining a predicted collapse profile according to the additional collapse profile and the initial collapse profile; and when the position of the firefighter is coincident with the predicted collapse profile, the predicted collapse profile information and the collapse risk level are timely sent to the firefighter so as to realize collapse risk early warning, and the firefighter in the collapse area is early warned, so that casualties caused by collapse of the building in a fire disaster are effectively avoided.",,,G08B31/00;G08B21/10;G01D21/02;G06V20/52;G06V20/176;G06V10/74,G08B31/00;G01D21/02;G06V10/74;G06V20/10;G06V20/52;G08B21/10,,,True,False
CN-110561402-A,CN-201910900376-A,CN,A,68781993,20190923,20190923,20191213,0,Passive disconnect-type snake-like robot,,"The invention relates to a passive separation type snake-shaped robot, which comprises a head, a control unit, an external environment detection unit and a battery unit, wherein the head comprises a head shell, and the control unit, the external environment detection unit and the battery unit are arranged on the head shell; the body part comprises a plurality of separable joint modules which are sequentially connected to form a chain structure and joint driving motors arranged between every two adjacent separable joint modules; the separable joint module comprises a module I, a module II and a connecting assembly; when the building collapses and is pressed by gravity, the pressed part stops moving, the part which is not pressed continues moving to transmit power, so that the spring in the connecting device drives the steel ball to be separated from the spherical groove, the pressed part is separated from the whole body to stop working, the part which is not pressed continues working under the leading of the snake head, and the disaster scene is transmitted to the rescue workers through the miniature camera, thereby improving the rescue working efficiency.",,,B25J9/08;B25J11/00;B25J9/065;B25J19/023,B25J9/06;B25J19/02;B25J11/00;B25J9/08,UNIV SOUTHWEST PETROLEUM,,True,False
KR-101739262-B1,KR-20150110110-A,KR,B1,58121095,20150804,20150804,20170524,20170524,The unmanned air vehicle for castaway tracking,조난자 위치 추적용 무인 비행체,,"본 발명은 몸체와 정면을 촬영하는 카메라, 외부의 소리를 입력 받을 수 있는 마이크, 소리를 외부로 전달 가능한 스피커, 이동 방향을 지향하는 지향성 안테나, 장애물을 감지하는 근접센서, 주변의 환경 상태를 감지하는 환경센서, 및 제어 정보를 전달하는 조종 안테나를 포함하는 무인 비행체를 투입하여 화재현장이나 붕괴현장과 같은 각종 재해현장에서 피치 못할 상황으로 대피하지 못한 조난자를 구조하는데 있어서, 고 위험의 현장에 인력을 투입하는 대신 신속하게 조난자를 탐색하여, 구조대가 투입될 수 있는 안전한 경로를 제공하는데 관한 것이다.",,B64C2201/127;G05D1/0038;B64C2201/146;B64C39/024;B64C2201/12;B64D45/00;B64D47/00,B64D47/00;B64C39/02;G05D1/00;B64D45/00,,,True,False
KR-101676813-B1,KR-20160026477-A,KR,B1,57542325,20160304,20160304,20161117,20161117,A alarm for saving a life,개인인명구조용 경보기,"According to the present invention, a personal life saving alarm comprises: a case main body, and a main board. And a beacon, which is a wireless communication module, is installed in the personal life saving alarm to enable the personal life saving alarm to track a position of a firefighter, thereby easily recognizing a firefighter buried in a fire scene, and to verify personal information of firefighters entering the fire scene and a maximum entry maintaining time from a firefighting command center away from the fire scene, thereby considering safety of the entering firefighters.","본 발명에 따른 개인인명구조용 경보기는, 배면에 버클이 부착되고 전면에 이머전시 키와 상기 이머전시 키를 둘러싸는 LED 링이 배치된 케이스본체와, 상기 케이스본체의 측면에 인출작동이 가능하게 작동 키가 설치되고, 해제버튼이 설치되고, 상부측면에 LED 표시창이 설치되고 타측면에 모드키 및 접속부가 설치되고 내부에 움직임 감지 센서와 RTD센서가 설치되고, 비콘이 설치되고, 상기 비콘과 접속되며 경보음을 발생하는 부저와 배터리와 연결되며 상기 LED 링과 LCD 표시창과 연결된 메인보드를 포함하여, 화재 또는 각종 재난현장에 출동하는 소방관등의 안전과 출동현장의 현황을 파악하여 현장을 효율적으로 지휘하기 위하여 소방관등이 화재 또는 각종 재난현장에 출동 시에 소방관들이 착용한 소방복상에 걸어서 착용할 수가 있으며 착용이 용이하고, 화재현장에 진입한 소방관의 움직임이 없으면 경보음을 출력하고 LED가 점멸작동되고 화재현장에 설정된 온도이상의 고온의 온도가 감지되게 되면 경보음을 출력하고 LED가 점멸작동되어 위험한 현장을 식별하여 붕괴사고가 발생될 위험한 현장을 알려주며 화재현장의 진입시간과 현재시간이 표시되어 용이하게 착용한 소방관이 진입시간과 현재시간을 파악할 수가 있으며 무선통신모듈인 비콘이 설치되어 소방관의 위치의 추적이 가능하게 되어 화재현장에서 매몰된 소방관을 용이하게 인지하며 화재현장에서 떨어진 소방지휘소에서 화재현장에 진입한 소방관들의 인적사항과 진입시간의 파악이 가능하게 되어 최대진입유지시간의 파악으로 인하여 진입 소방관들의 안전을 고려하는 것이 가능한 우수한 효과가 있다.",,G08B25/14;F21V33/0076;G08B5/22;G08B21/10;G08B5/38;G08B21/0415;G08B21/02;G08B3/10;G08B25/10;G08B21/0277;G08B25/12,G08B21/10;G08B21/04;F21V33/00;G08B25/12;G08B5/22;G08B5/38;G08B21/02;G08B25/10;G08B3/10;G08B25/14,DUVEET CO LTD,KR,True,False
CN-113576193-A,CN-202010362780-A,CN,A,78237181,20200430,20200430,20211102,0,Disaster-avoiding bed for high-rise building,,"The invention relates to the technical field of furniture, in particular to a high-rise disaster-avoiding bed. The disaster-avoiding bed starts the traction mechanism through a sensor or a button arranged on the bed body, so that the bearing mechanism in a daily state can be quickly opened and fall down, and the hatch cover can be closed, and the purpose of quickly forming a disaster-avoiding space can be achieved. The high-strength heat insulation material adopted by the disaster-avoiding bed can bear huge impact force brought by the earthquake and fire when a building collapses, protects the safety of disaster-avoiding personnel, and is not secondarily damaged when the building is excavated and searched and rescued by large-scale machinery. The double-layer heat insulation plate structure and the sealing edge structure adopted by the disaster-avoiding bed have the functions of sealing and heat insulation, and effectively isolate high temperature and smoke during fire. The emergency box is arranged to ensure the life needs of disaster-avoiding personnel and provide search and rescue positioning information. The foldable mattress or the soft mattress can fall along with the bearing plate, thereby greatly shortening the time of forming a disaster-avoiding space. The invention has the advantages of ingenious design and reasonable structure, and is suitable for popularization and use in the technical field of furniture.",,,A47C31/001;A47C31/123;A47C17/00;A47C17/86;A47C31/002,A47C17/00;A47C31/12;A47C31/00;A47C17/86,UNIV NORTHEASTERN QINHUANGDAO,,True,False
CN-119527443-A,CN-202411662472-A,CN,A,94700666,20241120,20241120,20250228,0,Earthquake rescue robot car,,"The invention discloses an earthquake rescue robot vehicle which comprises a vehicle body, crawler wheel sets, mechanical arms, water spraying assemblies and mechanical arms, wherein the crawler wheels are assembled on two sides of the vehicle body, the crawler wheel sets are connected with driving assemblies which are used for driving the crawler wheel sets to rotate, when searching and rescuing, the contact area between the crawler wheel sets and the ground is large, the condition that a crawler falls into mud to idle in situ is avoided, meanwhile, the crawler wheel sets can climb a building to search and rescue, meanwhile, the mechanical arms can partially support a dangerous building to avoid secondary collapse of the dangerous building, so that the safety of rescue personnel is ensured, the water spraying assemblies spray water mist above the rescue vehicle to reduce the ambient temperature of equipment to ensure normal and stable operation of the rescue vehicle, and a scene of road obstacle is formed, and the mechanical arms are used for moving the obstacle away from the scene to facilitate rescue.",,,B25J5/005;F25D1/02;B05B1/00;B62D55/08;B62D55/075;B62D55/065,F25D1/02;B62D55/08;B62D55/075;B25J5/00;B05B1/00;B62D55/065,GUANGDONG POLYTECHNIC COLLEGE,,True,False
KR-20070119313-A,KR-20060053793-A,KR,A,39137664,20060615,20060615,20071220,0,Traffic safety diagnosis and management information integrational system,도로교통 안전진단 및 관리를 위한 통합정보시스템,"An integration information system for road traffic safety diagnosis and management is provided to reduce management costs by simplifying analysis procedure on road traffic safety diagnosis and management. An integration information system for road traffic safety diagnosis and management includes an information collection subsystem(S100), which has a data collection part(S101), a data conversion part(S102), and an integration database(S103), an information diagnosis and management subsystem(S200), which has a statistic analysis part(S201) and a safety diagnosis part(S202), and an information providing subsystem(S300), which has an inquiry and search part(S301), a user analysis part(S302), and a web server(S303). The integration information system shares files related to traffic accident and safety with the integration database, and provides easily and conveniently processed road traffic safety information to the users.","본 발명은 도로교통 안전진단 및 관리를 위한 통합정보시스템에 관한 것으로, 더욱 상세하게는 기관별로 산재해 있는 도로교통안전 관련 자료들을 통합데이터베이스와 연계하고 이를 수집·가공·처리하여 관련 유관기관 및 일반 이용자들에게 도로교통안전관련 정보를 손쉽고 편리하게 제공할 수 있는 통합정보시스템에 관한 것이다. 
     본 발명의 도로교통 안전진단 및 관리를 위한 통합정보시스템구축으로 기관별로 산재해 있는 다양한 교통사고 및 안전관련 데이터베이스의 수집과 수집된 데이터베이스의 통합적 통계분석 및 안전진단, 그리고 인터넷을 통한 통계 및 분석 정보의 제공이 가능함에 따라 정보의 다양성, 유효성 및, 신속성을 극대화할 수 있다. 
       
     교통사고, 교통안전, 안전진단, 통합정보시스템, 도로교통, 안전관리",,G06Q50/40;G06F16/00;G06Q50/10,G06F17/00;G06Q99/00,KOREA GEOSPATIAL INFORMATION &,KR,True,False
KR-20230157234-A,KR-20230019122-A,KR,A,88964711,20230214,20220509,20231116,0,Apparatus for experiencing the virtual reality,가상현실 체험장치,"The present invention aims to provide a virtual reality experience apparatus, in which various virtual environments with respect to citizen safety, earthquakes, tsunamis, landslides, forest fires, building collapse, war, climate change, and various accidents that may occur at construction sites are configured with respective modules, a device for virtual experiences is implemented by selectively assembling modules on the ceiling, walls, and floor of a single frame according to the purpose of a virtual experience, and an experiencer can wear a VR device and enter the inside of the device so as to directly experience various virtual reality accidents. To this end, the present invention comprises: a frame for implementing a polyhedron; modular driving units which are fastened so as to be selectively attached or detached from respective areas that implement respective surfaces of the frame and can physically implement accident experience situations; a head mounted display (HMD) worn by an experiencer; and a control unit which controls the operation of the driving units to match the same with a virtual reality image displayed on the HMD.","본 발명은 시민안전, 지진, 해일, 산사태, 산불, 건물붕괴, 전쟁, 기후변화, 건설현장에서 발생할 수 있는 각종 안전사고에 대한 다양한 가상환경을 각각 모듈로 구성하고, 가상체험을 위한 목적에 맞게 하나의 프레임의 천장, 벽체, 바닥부위에 모듈들을 선택적으로 조립하여 가상체험을 위한 장치를 구현하며, 체험자가 VR기기를 착용하여 장치의 내부로 진입하여 다양한 가상현실의 안전사고를 몸으로 직접 체험할 수 있도록 한 가상현실 체험장치를 제공하는데 그 목적이 있다. 
이를 위해 본 발명은 다면체를 구현하기 위한 프레임; 상기 프레임의 각 면을 구현할 부위에 선택적으로 탈부착이 가능하도록 각각 체결되며, 안전사고 체험상황을 물리적으로 구현하는 모듈화된 구동부; 체험자가 착용하는 HMD; 상기 HMD에 디스플레이되는 가상현실 영상과 일치되도록 상기 구동부의 구동을 제어하는 제어부;로 구성된다.",,G09B9/00;G02B27/017;G06F3/005;G06F3/011;G06F3/016;G06V10/14;G06V40/103;G09B19/00;G06T19/003,G09B9/00;G02B27/01;G06F3/00;G06F3/01;G06V10/14;G06V40/10;G09B19/00,YOUNGWOO IND CO LTD,KR,True,False
CN-208485540-U,CN-201821136421-U,CN,U,65247397,20180718,20180718,20190212,20190212,A kind of earthquake rescue tool,,"A kind of earthquake rescue tool, including hydraulic mandril, the hydraulic mandril includes first hydraulic cylinder body, second hydraulic cylinder body, oil storage cylinder, the oil storage cylinder is connect by oil inlet pipe with first hydraulic cylinder side bottom end, the side bottom end of first hydraulic cylinder side adjacent with the second hydraulic cylinder is connected by oil inlet pipe, the second hydraulic cylinder bottom surface is equipped with flowline, the flowline is connect with the oil storage cylinder, the second hydraulic cylinder connects the position of the oil inlet pipe, higher than the position that the oil storage cylinder connects the flowline；The first hydraulic cylinder body is fixedly connected with the external wall of the second hydraulic cylinder by attachment device, and the attachment device intersects the diamond shape device formed by connecting rod.In the building collapsed of support or other blocks, two supporting points object level that allows to collapse is lifted, and is guaranteed to lift stability when collapsing object, while increasing supporting point, is expanded the mass range for lifting the object that collapses.",,,,B66F3/24;B66F3/25,SHANXI EARTHQUAKE AGENCY,,True,False
CN-201835298-U,CN-201020564430-U,CN,U,44005404,20101018,20101018,20110518,20110518,Rescue shovel with hoisting function,,"The utility model relates to a rescue shovel with a hoisting function, which comprises a main shovel and two auxiliary shovels, wherein a shovel lever of the auxiliary shovel is formed by hinging two short levers with same length. When the rescue shovel is used for hoisting, the shovel levers of the two auxiliary shovels are used as erector arms, a shovel lever of the main shovel is used as a hoisting screw rod, and displacement is generated at the hinged positions of the erector arms so as to realize hoisting. The rescue shovel can realize the functions of earth shoveling and hoisting by simple disassembly and assembly, and is convenient to implement person and property rescue in disasters such as earthquake, building collapse, debris flow and the like.",,,,B66F3/08;E02F3/02,UNIV HUAZHONG SCIENCE TECH,,True,False
WO-2012060506-A1,KR-2010008408-W,WO,A1,44923874,20101125,20101103,20120510,0,Smart wear for firefighting work,소방작업을 위한 스마트 웨어,"The smart helmet device for firefighting work of the present invention comprises: a helmet body worn for the protection of the head and the face of a worker; a camera unit for filming a worker or the surroundings thereof, and generating image information thereby; a sound input unit for receiving the voice of a worker or the sound of the surroundings thereof as an input, and generating sound information thereby; a control module for transmitting, to a central control center, the image information and the sound information through a smart belt, and receiving a predetermined control signal for the safety of a worker from the central control center; and a display mounted on one side of the bottom surface of the brim of the helmet body, and according to the command of the control module, displaying information processed in a smart wear or the control signal received from the central control center. The smart wear of the present invention provides a safer work environment to workers at the scene of a fire with concerns of property damage or casualties, and further guarantees the safety of disaster prevention workers from various risk factors that could arise in a work environment such as additional collapse, isolation, gas explosion, and falls.","본 발명에 따른 소방작업을 위한 스마트 헬멧장치는, 작업자의 두부와 안면보호를 위해 착용하는 헬멧 본체와, 작업자나 작업자 주변을 촬영하여 영상정보를 생성하는 카메라부와, 작업자 음성이나 작업자 주변의 사운드를 입력받고 사운드 정보를 생성하는 음향 입력부와, 상기 스마트 벨트를 통해, 상기 영상정보와 사운드 정보를 중앙통제 센터로 전송하고 중앙통제 센터로부터 작업자 안전을 위한 소정의 제어신호를 수신하는 제어모듈과, 상기 헬멧 본체의 챙 밑면 일측에 장착되며, 상기 제어모듈의 지시에 따라, 스마트 웨어에서 처리되는 정보나 중앙통제 센터로부터 수신된 상기 제어신호를 표시하는 디스플레이를 포함하여 구성된다. 본 발명에 따른 스마트 웨어는, 재산피해나 인명피해가 우려되는 화재현장의 작업자에게 보다 안전한 작업환경을 제공할 수 있게 되었으며, 현장에서 발생할 수 있는 각종 위험 요소들(예: 추가붕괴, 고립, 개스 폭발, 추락 등)로부터 방재 작업자들의 안전을 한층 보장할 수 있게 되었다.",,A41D13/00;A42B3/30;A41F9/00,A41F9/00;A41D13/00;A42B3/30,TELECOMLAND CO LTD;PARK JEING HWAN;LEE CHOL U;PARK WOON YONG;LIM CHANG SOON,KR,True,False
