family_key,rep_publication,title_en,title_ko,abstract_en,abstract_ko,cpc_codes,assignees,earliest_priority,earliest_filing_year,countries,n_publications,has_grant,hit_context,hit_cpc
100745140,CN-224606128-U,Cabin body and emergency shelter,,"The application relates to the technical field of emergency rescue equipment, and discloses a cabin body which comprises a base, a top cover, a back plate, a placing rack and two side plates, wherein the top cover and the base are oppositely arranged at intervals, the two side plates are oppositely arranged between the base and the top cover in parallel, two ends of each side plate are respectively detachably connected with the edge of the base and the edge of the top cover, the back plate is arranged between the base and the top cover and is positioned at the same end of the two side plates, the lower end of the back plate is detachably connected with the base, the placing rack is arranged above the base and is positioned at one side of the top cover, two sides of the placing rack are respectively detachably connected with corresponding side edges of the two side plates, one side of the placing rack is detachably connected with the back plate, and one side of the placing rack is detachably connected with the top cover. The integral type water logging shelter body is skillfully decomposed into a plurality of independent components, so that the disassembly and assembly process can be simplified, the dependence on specialized tools is reduced, the time for converting from a transportation state to a use state is obviously shortened, and the emergency allocation efficiency of the water logging shelter is effectively improved.",,,,20250916,2025,CN,1,True,True,False
38277349,KR-100718838-B1,A handheld sub terminal and operation method for mountain climbing information,휴대용 등산안내 보조단말기 및 그 운영 방법,,"본 발명은 항법속성 기능을 갖고 있는 산악 전자지도 데이터베이스(DB)를 기반으로 한 휴대용 등산안내 보조 단말기 및 그 운영 방법에 관한 것으로, 보다 상세하게는 산악 전체 영역과 등고선 데이터, 등산로 및 등산 코스 데이터, 주요 산악 시설명칭 등을 하나의 서비스 데이터베이스(DB)화하여 단말기의 저장 장치에 저장시키고, GPS수신기가 내장된 휴대용 등산안내 보조 단말기를 간단한 화면의 터치 조작을 통해 사용자에게 등산로 코스 안내 및 경유지(Way Point), 대피소, 고도 정보 등의 등산 테마 데이터를 2차원 평면도 또는 3D 조감도 형태로 다양한 등산안내 서비스를 제공할 수 있도록 구성되어 있는 휴대용 등산안내 보조 단말기와 그 운영 방법 및 데이터베이스 구축 방법에 관한 것이다. 
     상기와 같은 목적을 달성하기 위하여 본 발명에 따른 휴대용 등산안내 보조단말기는 GPS위성으로부터 사용자의 위치 정보를 수신하는 GPS 수신부; 산악의 배경 형상, 등산 코스 데이터 및 테마 정보 등의 데이터베이스가 격납되어 있는 산악 전자지도 데이터베이스와, 상기 각각의 데이터베이스를 실행 가능하도록 하는 다수의 운영 실행 프로그램이 함께 저장된 산악 전자지도 데이터베이스 저장부; 사용자 조작신호를 발생시켜 등산 전자지도 모드 또는 3D 조감도 모드 중 어느 하나의 선택을 가능하게 하는 키입력부; 및 상기 GPS 수신부에서 수신한 사용자의 위치 정보 또는 키입력부를 통해서 사용자에 의해 선택된 산악 전자지도 모드 또는 3D 조감도 모드 중 어느 하나와 매칭 되는 산악 전자지도 데이터베이스를 산악 전자지도 데이 터베이스 저장부에서 독출하고, 독출된 데이터베이스에 해당하는 운영 실행 프로그램을 실행시키고, 이를 표출부를 이용하여 표출되도록 제어하는 중앙제어부를 포함하여 이루어지는 것을 특징적 구성으로 한다. 
       
     등산, 등고선, 등산로, 등산코스, 3D조감도, 산악, GPS, 네비게이션, 전자지도, DB, DEM, Navigation System",G01S19/13;G01S5/02;H04W4/90;H04W4/024,JATY ELECTRONICS CO,20060906,2006,KR,1,True,True,False
39058152,CN-201017653-Y,Shockproof hard disk machine,,"The utility model relates to a hard disk machine takes precautions against earthquakes, it includes: a casing having a receiving space for receiving a hard disk drive; a printed circuit board, located in the accommodation space, having a controller and a first connector, wherein the controller can be coupled to the hard disk drive to perform signal conversion between the hard disk drive and the first connector, and the first connector can be coupled to a host and exposed out of the housing; and at least one shock absorbing spring plate inserted into one side of the hard disk drive to provide shock absorbing capacity to the hard disk drive.",,,JILEBAO TECHNOLOGY CO LTD,20070315,2007,CN,1,True,True,False
40462899,CN-101383077-B,Alarm capable of sending out multi-grade earthquake signal to periphery towns,,"The invention relates to an alarm capable of automatically propagating a plurality of scales of impending earthquake signals toward external cities and towns, which is composed of an alarm cabinet lower chassis and an outer shell, wherein an alarm part device frame, a plurality of pendulum spike shaft bases are arranged on the device frame, a pendulum spike shaft protrudes from each pendulum spike shaft base, and one pendulum spike shaft sleeve is matched, a pendulum inverse proportion rod is connected to the above of the shaft sleeve, a pendulum linkage rod is connected to the below of the shaft sleeve, the lower end of the linkage rod is connected to a pendulum; one annular contact disk is arranged at the top of each pendulum inverse proportion rod, and four bolts displaced by the adjusting contact disk are arranged at the circumference thereof. When the earthquake comes, an alarm circuit is switched off to send alarm and propagate outward. Because the overspreading and propagation velocity of an earthquake wave is much slower than the conduction velocity of electricity, if the automatic propagation alarm can be mounted in all the cities and the towns nationwide, when an earthquake centered on a city or town occurs, the impending earthquake signals are rapidly propagated to the cities, towns and rural areas in eight directions so that people at a far distance can have enough time to evacuate.",,,ZUORUI ZHU,20080917,2008,CN,1,True,True,False
41458279,JP-2009289139-A,Method of providing emergency temporary housing to natural disaster evacuee,,"&lt;P&gt;PROBLEM TO BE SOLVED: To provide a system for providing a natural disaster evacuee with emergency temporary housing assigned with a temporary home number so as to allow a relative and acquaintance of the evacuee and a natural disaster prevention center to specify the evacuee&#39;s location.  &lt;P&gt;SOLUTION: Based on the system wherein a computer 100 of a natural disaster prevention general center is connected with computers 101 to 107 of organizations involved in natural disaster prevention through Internet network and, moreover, a host server 10 of the natural disaster prevention general center includes various databases including a natural disaster damage prediction database 12, a method of providing emergency temporary housing to a natural disaster evacuee allows the organizations involved in natural disaster prevention to share information and cooperate to support the evacuee so that the evacuee moves into an emergency temporary home.  &lt;P&gt;COPYRIGHT: (C)2010,JPO&amp;INPIT",,,KAMITOONO KOICHI,20080530,2008,JP,1,False,True,True
42328273,JP-2010127764-A,Method and apparatus for evaluating seismic capacity of building,,"&lt;P&gt;PROBLEM TO BE SOLVED: To provide a method and an apparatus for evaluating a seismic capacity of a building, which enable an operator to easily know which portion of the building is lowered in seismic capacity, when the building is acted upon by an external force such as an earthquake and the like.  &lt;P&gt;SOLUTION: The apparatus includes: three-axis acceleration sensors S(S1-S27) each being disposed at a structure material in each virtual block B which is defined by dividing the building 20 into two or more parts; and a measuring/evaluating section which is connected to each three-axis acceleration sensor S and measures a displacement of the structure material in each virtual block B by using a detection signal from each three-axis acceleration sensor S, when the building 20 is displaced by the external force, and which evaluates the seismic capacity of the building 20, based on these measured values and a previously set displacement-allowed value of the structure material in each virtual block B. Therefore, the operator can easily know which portion of the building 20 is lowered in the seismic capacity, when the building is acted upon by the external force such as the earthquake and the like.  &lt;P&gt;COPYRIGHT: (C)2010,JPO&amp;INPIT",,,NAT INST OF ADVANCED IND SCIEN;MISAWA HOMES INST OF RES & DEV,20081127,2008,JP,1,False,True,False
44133346,CN-201862179-U,High-altitude fire fighting truck,,"The utility model discloses a high-altitude fire fighting truck comprising a suspending drive room at the lower part and a fire balloon of a working room fixedly provided with a high pressure hose, wherein the outlet of the hose is connected with a high pressure water gun and fixedly arranged at the working room; the fire balloon is accommodated at the accommodation carriage of the fire balloon, wherein a winding machine is fixed in the carriage, and the fire balloon is fixed on the winding machine through a tractor rope; the surface of the fire balloon is provided with a plurality of buckles along the ball body in latitudes; the drive room is larger than the working room; the accommodation carriage of the fire balloon is provided with a gas-filled tube in which a gas outlet faces to the inflation inlet of the fire balloon; the wall of the accommodation carriage of the fire balloon is provided with a drive room platform and a working room platform matched with the drive room and the working room, and the winding machine is fixed at the bottom; and one end of the tractor rope on the winding machine is fixedly arranged on the fire balloon. Through the high-altitude fire fighting truck, the fire balloon can be ascended and folded quickly, and the fire balloon can be protected.",,,RONGHUA HOU,20101118,2010,CN,1,True,True,False
44136494,CN-201865336-U,Lattice polystyrene template,,"The utility model discloses a lattice polystyrene template. A vertical surface of the template is symmetrical from top to bottom and from left to right; the upper part and the lower part of the plane center of the vertical surface of the template are cambered; two sides of the plane are symmetrically provided with displaced convex-concave fat edges; and the profile arcs of the template are buckled to form a cavity, and a plurality of cavities are arranged. Through changing the structure form of the polystyrene template, the structure form of the template is improved, and the plate bursting phenomenon existed in the construction process is remarkably reduced, so that the using amount of the concrete is further saved under the condition that the bearing capacity and earthquake resistant behavior of the overall structure do not change. The lattice polystyrene template is feasible in economy, simple in technology, easy to master and convenient for construction, and can be widely applied to the process of post-disaster reconstruction. The lattice polystyrene template effectively solves the defect of the single structure form of the existing lattice polystyrene template in China, and enables the novel wall structure in China to get a larger development.",,,UNIV SHENYANG JIANZHU,20101124,2010,CN,1,True,True,False
45331084,CN-102284154-A,Automatic scaling emergency shelter device,,"The invention discloses an automatic scaling emergency shelter device, which mainly comprises hinge covers (1), connecting rods A (2), connecting rods B (3), motors (4), bolts (5), nuts (6), adjusting sleeves (7), lead screws (8) and self-locking devices (9), wherein a four-bar mechanism multi-layer flat basic structure (21) is formed by the connecting rods A (2), a vertical connecting structure (31) is formed by the connecting rods B (3), and the two structures are connected with each other to form a three-dimensional structural assembly of the device; the motors (4) are connected with the basic structure through the lead screws (8) and are uniformly distributed on the four pairs of hinge covers (1); the self-locking devices (9) are arranged on the relative inner sides of the hinge covers; the device has a compression resistance structure with certain strength and rigidity through the self-locking of the self-locking devices (9). The device can become an emergency shelter for people when a mine disaster occurs or houses collapse in earthquake collapse, and is unique in mechanism design, quick in starting and skilful in overall design concept; and due to selection of a proper material, the equipment has stronger compression resistance capacity, the personal safety can be guaranteed, and the device is easy to operate and low in cost and can become the emergency shelter for the people at a critical moment.",,,,20100618,2010,CN,1,False,True,False
46374121,CN-202305249-U,Living environment simulation experiment apparatus of emergency sheltering equipment,,"The utility model discloses an environment simulation experiment apparatus, particularly relates to a human living environment-related human metabolism gas and harmful gas simulation experiment apparatus in the emergency sheltering equipment. The environment simulation experiment apparatus comprises a cabinet body and the experimental instruments arranged in the cabinet body, wherein the experimental instruments include a gas control apparatus, a heating apparatus and a humidifying apparatus. The environment simulation experiment apparatus can simulate the human metabolism gas and the harmful gas and provide the environment with different temperature and humidity, and is used for testing whether the environment of the sheltering equipment in the mine meets the technical requirement ruled by the environment standard needed for the refugees within rated protection time. The environment simulation experiment apparatus is small in volume, light in weight and convenient to move, can perform the detection experiment of the sheltering apparatus of which the capacity is 3-24 persons and the protection time is more than 120 hours, and is also suitable for providing detection experiment samples of the living environment in a seabed emergency sheltering cabin.",,,XIN TIAN;YUZHU WANG,20111024,2011,CN,1,True,True,False
47332058,CN-102828771-A,Escape capsule gas linkage control device for mine,,"The invention discloses an escape capsule gas linkage control device for mine. The device comprises an air curtain tube, a spraying tube, a filter, a pressure reducer and a standby gas cylinder, wherein one end of the filter is connected with a compressed air pipeline; the other end of the filter is connected with one end of the pressure reducer through a connecting pipeline; the other end of the pressure reducer is connected with an aeration pipeline; another connecting pipeline is also arranged on the connecting pipeline between the filter and the pressure reducer, and is connected with the spraying pipe and the air curtain pipe; a control valve is arranged on the air curtain pipe, and is electrically connected with a mechanical valve; and the spraying pipe is connected with the standby gas cylinder through the connecting pipeline. At an emergency shelter constructed at a mine shaft at present, after a mine disaster happens, the system is matched with an underground compressed air device (the standby gas cylinder can be used under the condition that the compressed air is absent), the toxic and harmful gas can be isolated and removed while personnel enter the emergency shelter, the harmful gas can be removed more effectively, and thus, a good survival environment is provided for miners encountering the mine disaster.",,,Jiangsu dandilong heavy industry co ltd,20120831,2012,CN,1,False,True,False
47434738,JP-2012234523-A,Disaster risk area prediction device,,"PROBLEM TO BE SOLVED: To accurately predict a risk area resulting from local heavy rain and to appropriately guide a person to an emergency shelter on the basis of a prediction.SOLUTION: A disaster risk area prediction device 1, which predicts a degree of risk from disaster due to precipitation in an object area, comprises: FA value calculation means 2 which divides a ground surface of the object area into meshes, assigns altitude data to each mesh, assumes that surface water on a given mesh flows out to one of the surrounding meshes with which the given mesh has a steepest downward slope, and calculates a FA value of the given mesh which is a value obtained by accumulating a number of the meshes from which the surface water thereon flows in the given mesh; FA value logarithmic conversion means 3 which obtains a logarithmic value of the FA value for each mesh; and display means 4 which divides the FA logarithmic values into a plurality of groups in accordance with magnitudes of the FA logarithmic values, and performs a screen display of the meshes to which identification information set for each group is assigned.",,,NABLA-ZERO CO LTD,20110420,2012,JP,1,False,True,True
47762789,CN-102953452-B,The combined earthquake isolating equipment of the Self-resetting that a kind of vertical bearing capacity is high,,"The invention discloses the combined earthquake isolating equipment of the high Self-resetting of a kind of vertical bearing capacity, comprise slidable panels, slide mass, elastic rubbery body and gusset piece, slidable panels is positioned at top, for the upper head plate of earthquake isolating equipment, gusset piece is positioned at bottom, for the bottom plate of earthquake isolating equipment, accommodation space is formed between slidable panels and gusset piece, slide mass and elastic rubbery body are positioned at accommodation space, slide mass is positioned at the central region of accommodation space, the top of slide mass contacts with the soffit of slidable panels, bottom and the gusset piece of slide mass are connected, elastic rubbery body is multiple, multiple elastic rubbery body is evenly arranged in the fringe region of accommodation space, be positioned at the periphery of slide mass, each elastic rubbery body upper, lower end is connected with slidable panels and gusset piece respectively, slide mass and multiple elastic rubbery body are that horizontal lattice-like distributes.Use can be inverted when earthquake isolating equipment separately establishes dust guard.Adopt the protected structure of this earthquake isolating equipment can reduce structural response when earthquake.",,,,20121026,2012,CN,1,True,True,False
47816197,CN-202788922-U,Gas coordinated control device of mineral rescue capsule,,"The utility model discloses a gas coordinated control device of a mineral rescue capsule. The gas coordinated control device comprises an air curtain pipe, a spraying pipe, a filter, a pressure reducer and a spare air cylinder, wherein one end of the filter is connected with an air compression pipe, the other end of the filter is connected with one end of the pressure reducer through a connection pipe, the other end of the pressure reducer is connected with an oxygenation pipe, the connection pipe between the filter and the pressure reducer is additionally provided with a connection pipe which is connected wit the spraying pipe and the air curtain pipe, the air curtain pipe is provided with a control valve, the control valve is electrically connected with a mechanical valve, and the spraying pipe is connected with the spare air cylinder through the connection pipe. According to the gas coordinated control device of the mineral rescue capsule, disclosed by the utility model, at present, an emergency shelter arranged under a mine is in matched connection with an underground air compression device by utilizing a system (the spare air cylinder can be used under the condition of no compressed air) after a mine disaster generates, and toxic and harmful gas is isolated and cleaned when persons enter the emergency shelter, so that the harmful gas can be more effectively removed, and an excellent living environment is provided for mine workers in the mine disaster.",,,Jiangsu dandilong heavy industry co ltd,20120831,2012,CN,1,True,True,False
48970039,CN-203142490-U,Double-extension accommodation vehicle,,"The utility model belongs to the technical field of special vehicles, and provides a double-extension accommodation vehicle. The double-extension accommodation vehicle is characterized by comprising a chassis, the lower portion of the chassis is provided with a vehicle-mounted power-taking power generating system, an electrical system and an automatic leveling hydraulic supporting leg, the rear end of the chassis is provided with a push-pull-type boarding ladder, the upper portion of the chassis is provided with a fixed heat-preservation compartment body with a door at the rear end, two sides of the fixed heat-preservation compartment body are respectively provided with an extension heat-preservation compartment body through extension mechanisms, the middle of the fixed heat-preservation compartment body is provided with double-layer beds, the rear end of each extension heat-preservation compartment body is provided with a rest room and a wash room, and double-layer folding beds are arranged in the two extension heat-preservation compartment bodies. The double-extension accommodation vehicle is compact in structure, reasonable in layout, strong in guarantee capacity and convenient to use, and flexibly guarantees life of persons providing disaster relief and dealing with emergencies and field operation workers.",,,HENAN COSTAR SHENQI SPECIAL VEHICLE CO LTD,20130311,2013,CN,1,True,True,False
50380857,CN-203521982-U,Intelligent box type direct current traction transformer station,,"The utility model relates to an intelligent box type direct current traction transformer station. The intelligent box type direct current traction transformer station comprises a box type casing, wherein the box type casing is internally provided with an accommodation machine room. The intelligent box type direct current traction transformer station is characterized in that a bottom portion of the accommodation machine room is provided with a cable channel and an air conditioner air pipeline, a top portion of the accommodation machine room is provided with temperature control equipment, monitoring equipment and illumination equipment, the accommodation machine room is internally provided with an operation corridor, two sides of the operation corridor are provided with various types of cabinets and fire-fighting equipment, and a WDQ direct current cabinet and a KYN28A-12 high voltage cabinet respectively employ a handcart type structure. Through mutual cooperation of various electric equipment, intelligent unmanned operation can be realized, operation reliability of a direct current traction power supply system is greatly improved, operation maintenance cost is further reduced, moreover, an integrated box structure is employed, high integration of correlated electric equipment is realized, equipment space is fully utilized, and coordinative cooperation with a surrounding environment can be realized. The intelligent box type direct current traction transformer station further has properties of strong anti-impact capability, great heat insulation and strong temperature adjusting effect and can operate without capacity reduction integrally.",,,SUZHOU WANLONG ELECTRIC GROUP CO LTD,20131022,2013,CN,1,True,True,False
50906493,CN-103867611-B,A kind of drum type braking device,,"A kind of drum type braking device, including brake block static in brake rim and along with the brake rim of vehicle wheel rotation, the rubbing surface of brake rim arranges at least one annular ditch groove, and the rubbing surface of brake block is the face matched with annular ditch groove.The brake lining of the present invention sets groove, increases friction area, is not required to big stampede power or oil pressure.Also it is not required to use the brake rim being relatively large in diameter, just can improve the strength of brake.For ring-type V-shape ditch slot fit ring-type V-shape convex tendon, when ring-type V-shape groove is adjacent to completely with ring-type V-shape convex tendon (the two angle is identical), owing to the numerical value of V-shape convex tendon mean breadth is less times greater than the numerical value of V-shape groove mean breadth, V-shape convex tendon top is circular arc, V-shape convex tendon is displaced slightly forwards again, groove just produces huge clamping force, can effective brake, ring-type trapezoidal groove coordinate ring-type trapezoidal convex tendon situation as the situation of ring-type V-shape ditch slot fit ring-type V-shape convex tendon.",,,,20121210,2012,CN,1,True,True,False
50990536,CN-103898985-B,A kind of beam column ball pivot node,,"The invention provides a kind of beam column ball pivot node, comprise: column, some crossbeams, be arranged on the bulb in column and the some steel arms be fixedly connected with crossbeam with bulb respectively, the ball seat that closes with the matching form of bulb is provided with and several are for holding the accommodation section of steel arm in column, ball head pivot point is positioned on the centroidal line of column, the height of projection of bulb is greater than the cup depth of ball seat, the inner surface of accommodation section and the external surface of steel arm have certain interval, during earthquake, bulb rotates in ball seat, make column and between crossbeam and floor, relative motion occurs, and make each composition component of building structure not produce mutual restraining function, be conducive to reducing geological process, in addition, column is connected with the no-cohesive prestressed reinforcement of crossbeam by rigidity, and the elastic restoring force that these no-cohesive prestressed reinforcements produce when earthquake can guarantee that building structure is returned to initial position after earthquake, also can alleviate the Structural defect that earthquake causes.",,,,20140221,2014,CN,1,True,True,False
51126735,KR-20140073099-A,apparatus for induction reaction of molten steel,용탕의 반응 유도 장치 및 용탕의 반응 유도 방법,"The present invention relates to an apparatus for inducing reaction of molten steel and a method for inducing reaction of molten steel. The apparatus for inducing reaction of molten steel comprises a furnace having an accommodation space accommodating molten steel therein; a pump which has an outlet on an upper side and an inlet on a lower side and pumps some of the molten steel up to a predetermined height or higher from the molten steel surface accommodated in the furnace; a molten steel passage installed above the furnace to circulate the molten steel which is discharged from the outlet and flows along a predetermined route by returning the molten steel to the furnace; and a reactant supplying nozzle supplying powder reactant to the molten steel discharged from the outlet. Therefore, the apparatus for inducing reaction of molten steel and the method for inducing reaction of molten steel can reduce time for producing a metal alloy, produce a high purity metal alloy, automate and mass-produce a metal alloy, freely increase capacity by arranging multiple sets of pumps and molten steel passages, and easily perform maintenance such as washing or fire extinguishing.","본 발명은 용탕의 반응 유도 장치 및 용탕의 반응 유도 방법에 관한 것으로서, 본 발명의 용탕의 반응 유도 장치는, 내부에 용탕을 수용하는 수용 공간이 형성되는 로; 하측에 흡입구가 형성되고, 상측에 배출구가 형성되며, 상기 로에 수용된 상기 용탕의 수면으로부터 일정한 높이 이상의 위치로 상기 용탕의 일부를 끌어 올리는 펌프; 상기 배출구로부터 배출된 용탕이 일정한 경로를 따라 흐르다가 상기 로로 회귀하여 순환될 수 있도록 상기 로의 상방에 설치되는 용탕 유로; 및 상기 배출구로부터 배출된 용탕에 분말 형태의 반응 물질을 공급하는 반응 물질 공급 노즐;을 포함하여 금속 합금의 제조 시간을 절감할 수 있고, 순도 높은 금속 합금을 제조할 수 있으며, 금속 합금의 자동화 및 대량 생산을 가능하게 하고, 다수 조의 펌프와 용탕 유로를 배치하여 용량을 자유롭게 늘릴 수 있으며, 세척이나 화재 소화 등 관리를 용이하게 할 수 있는 효과를 갖는다.",C22C1/02;B22D11/11,HMK CO LTD,20121206,2012,KR,1,False,True,False
52636915,CN-104399211-B,Assembling structure and fire fighting truck on a kind of high polymer material,,"The invention discloses assembling structure on a kind of high polymer material, including the carriage body support made of polypropylene material, the carriage body support includes the compartment top plate being connected with parapet, the lower end both sides of the compartment top plate are connected to before railway carriage or compartment shrouding after shrouding and railway carriage or compartment, before the railway carriage or compartment bottom plate is provided with behind shrouding and railway carriage or compartment between shrouding, and the lower end of the bottom plate is connected with gusset plate, the middle part of the gusset plate is provided with the lappet of arch；The bottom plate upper end is provided with some diaphragm plates and the midfeather to match, and the diaphragm plate and midfeather form some accommodation spaces with the carriage body support.Beneficial effects of the present invention are：The present apparatus is simple for structure, in light weight, and antiseptic property is superior；Fire fighting truck with assembling structure in the overall height molecular material railway carriage or compartment tank integral type is also with simple for structure, and in light weight, antiseptic property is superior, disclosure satisfy that the requirement in during the fire-fighting vehicle life-span.",,A62C27/00,,20141103,2014,CN,2,True,True,False
53253893,CN-204352395-U,A kind of isolation type chemical-oxygen self-rescuer,,"The utility model relates to a kind of isolation type chemical-oxygen self-rescuer, comprise can, respiratory system, oxygen candle, medicinal cupping and air bag, described respiratory system is communicated with medicinal cupping at the top of medicinal cupping with oxygen candle, air bag is communicated with medicinal cupping in the bottom of medicinal cupping, and respiratory system, oxygen candle, medicinal cupping and air bag are placed in the spatial accommodation of can.The self-rescuer that the utility model proposes is 45min self-rescuer, has carried out systematic research, make this device can meet the requirement of 45min respiratory capacity and breathing time with the device of minimum volume from the size of explosive payload, single unit system and the size of medicinal cupping; In order to strengthen the sealing property of this device, improve for the connected mode between the sealing means of upper and lower covers, the manufacture craft of air bag and each ventilation member, make the sealing property of this device more superior, security performance is high.",,,SHAANXI STAR COAL MINE SAFETY EQUIPMENT CO LTD,20141212,2014,CN,1,True,True,False
54145451,US-9951536-B2,Frameless temporary or emergency shelter,,"A foldable, frameless emergency shelter is constructed from a radial array of bendable yet rigid panels such as of a foamed plastic. Panels have adjoining edges with matching convexly curved profiles. The edges are always held to each other with a flexible fastener such as an adhesive tape. During erection, a flat panel inherently deforms into a curved cylindrical tapered shape enclosing a space. A door and an optional floor are provided. The shelter has a rigid conical cap including holes for guy ropes, a door and an optional window.",,E04H3/126;E04H15/24;E04H15/008;B29L2009/005;E04B2001/3294;B29K2105/04;B29L2031/10;A01K1/0035;B29K2075/02;B29C45/14811;B29C45/1679;B29C45/14795;B29L2025/00;B29C33/60;A01K1/0088;E04H9/16;E04H1/1205;B29C45/14336;E04H9/14;B29C45/40;Y02A50/00;E04B1/34357;E04B1/3445;E04B1/345,BREE CHARLES CAULDER,20140321,2015,CN;EP;US;WO,6,True,True,False
54176481,CN-204676776-U,Damaged replaceable composite column structure,,"The utility model discloses a kind of damaged replaceable composite column structure, comprise: a core square steel pipe, one ground beam end plate and four replaceable steel boxes, core square steel pipe is located on ground beam end plate, its lower end closed, its upper end is by the affixed RC post of some first built-in structures and offer the opening of an accommodation RC post lower end, ground beam end plate is fixedly arranged on grade beam by the second built-in structure, four replaceable steel boxes respectively dismountable wall being arranged at core square steel pipe with around this core square steel pipe, rear this kind of structure can only in periphery there is buckling failure in replaceable steel box position in shake, and only occur slight destruction at core square steel pipe position or do not occur destroying, the controllability of damage location is realized under the prerequisite ensureing vertical bearing capacity, excellent earthquake resistance, and after shake, pillar is resetted, replaceable steel box is pulled down, installation replaces with intact steel box and repaiies fast afterwards with the shake achieving structure.",,,UNIV HUAQIAO;XM SPECIAL REAL ESTATE CONSTRUCT ENGINEERING GROUP COMPANY LTD,20150429,2015,CN,1,True,True,False
56665102,CN-205470673-U,Homocysteine assay kit,,"The utility model discloses a homocysteine assay kit, comprises a box bod, the box body passes through back dunk and the lid links to each other, box body front mounted has the gradient alarm, install interior box body in the box body, from outer extremely interior take precautions against earthquakes layer and the heat preservation installed in proper order between box body and the interior box body, the import has been seted up on the interior box body, the export has been seted up to interior box body bottom, the exit linkage has the hose, the hose runs through take precautions against earthquakes layer, heat preservation and box body, install thermometer and heater strip in the heat preservation, heater strip and power link to each other, seted up on the box body with thermometer matched with temperature viewing aperture. A homocysteine assay kit, can keep the temperature of reagent, and the safety and stability, transportation convenient to use, accommodation is wide.",,,SHAOXING SHENG KANG BIOLOGICAL TECH CO LTD,20160111,2016,CN,1,True,True,False
56665578,CN-205462326-U,I survey kit of pepsinogen,,"The utility model discloses a I survey kit of pepsinogen, comprises a box bod, the box body passes through back dunk and the lid links to each other, lid front mounted has the lock tablet, box body front mounted has the hasp with lock tablet matched with, the gradient alarm is installed to the box body, install interior box body in the box body, take precautions against earthquakes layer and the heat preservation to interior installing in proper order by outer between box body and the interior box body, the support frame is installed through the baffle to interior box body. A I survey kit of pepsinogen, can keep the temperature of reagent, and the safety and stability, accommodation is wide.",,,SHAOXING SHENG KANG BIOLOGICAL TECH CO LTD,20160111,2016,CN,1,True,True,False
57181295,CN-205440859-U,A six rotor craft frames for disaster relief supplies are put in,,"The utility model provides a six rotor craft frames for disaster relief supplies are put in, the frame includes fuselage and six cantilevers, the fuselage includes mounting panel, lower mounting panel and is used for connecting the spliced pole of going up mounting panel and lower mounting panel, goes up and forms accommodation space between mounting panel and the lower mounting panel, goes up the first connecting seat that the mounting panel edge was equipped with six circumference evenly distributed, and lower mounting panel edge is equipped with six circumference evenly distributed&#39;s second connecting seat, and the setting is just presented down with second connecting seat one -to -one to first connecting seat, first mount pad forms the installation station rather than the second mount pad that corresponds, and cantilever one end is installed on the installation station, the other end of cantilever is equipped with the motor, and the output shaft and the screw of motor are connected. The utility model discloses the carrying capacity is big, can realize the input of goods and materials, and is reliable and stable. (U /)",,,Guangdong Communication Polytechnic,20151218,2015,CN,1,True,True,False
57181391,CN-205440858-U,A six rotor crafts for disaster relief supplies are put in,,"The utility model provides a six rotor crafts for disaster relief supplies are put in, includes frame and control circuit, the frame includes fuselage and six cantilevers, and the fuselage includes mounting panel, lower mounting panel and is used for connecting the spliced pole of going up mounting panel and lower mounting panel, goes up and forms accommodation space between mounting panel and the lower mounting panel, goes up the first connecting seat that the mounting panel edge was equipped with six circumference evenly distributed, and lower mounting panel edge is equipped with six circumference evenly distributed&#39;s second connecting seat, and the setting is just presented down with second connecting seat one -to -one to first connecting seat, first mount pad forms the installation station rather than the second mount pad that corresponds, and cantilever one end is installed on the installation station, the other end of cantilever is equipped with the motor, and the output shaft and the screw of motor are connected. The utility model discloses the carrying capacity is big, can realize the input of goods and materials, and is reliable and stable. (U /)",,,Guangdong Communication Polytechnic,20151218,2015,CN,1,True,True,False
59469880,CN-106940825-A,A kind of evacuation planning method and evacuation planning system towards disaster emergency,,"The present invention relates to a kind of evacuation planning method and evacuation planning system towards disaster emergency, by setting up the virtual field of force, complicated extensive evacuation problem is described by field of force function, and the evacuation direction for the negative gradient direction decision personnel for passing through field of force function, solve the problem of being difficult to modeling for complicated disaster environment, make problem description simple, while improving the computational efficiency of algorithm；And the factor of the influence emergency evacuation planning such as personnel positions to be evacuated, refuge distribution and its capacity can be taken into account, guiding is timely evacuated to treating that evacuation personnel provide, and in the solution procedure of algorithm, it regard the real-time residual capacity parameter of emergency shelter as gravitational coefficients, so that the capacity of refuge reaches equilibrium state during whole evacuation, a large amount of evacuation times are saved, with the increase of number of evacuation scale, algorithm advantage is further obvious.",,G06Q50/265;G06Q10/047,UNIV NANJING POSTS & TELECOMMUNICATIONS,20170209,2017,CN,1,False,True,True
62804906,CN-108277880-A,Follow-on self-control power consumption unbonded prestressed concrete frame,,"The invention discloses an improved self-control energy-consumption unbonded prestressed concrete frame, which comprises a common reinforced concrete column and an unbonded prestressed concrete beam on which an improved self-control element is arranged, wherein the improved self-control element comprises a steering device, a deformation box, a positioning rod, a pressure bearing plate and filling foam. The stress part of the improved self-control element is made of glass fiber board material, and by utilizing the brittle failure property of the glass fiber board material, the self-control element keeps a normal stress state and does not change under normal use and a normal earthquake state, and under rare earthquakes, the stress transmitted to the self-control element by the device reaches a certain threshold value, the stress part of the self-control element is subjected to brittle failure immediately and is displaced to a certain degree in the stress direction, so that the prestressed tendons are loosened, the stress in the prestressed tendons is reduced, the bearing capacity of the frame is reduced, a beam hinge energy dissipation mechanism is finally formed, and the energy dissipation capacity of the unbonded prestressed concrete frame is improved.",,E04H9/025;E04C5/08;E04B1/20,NANJING UNIVERSITY OF TECHNOLOGY,20180124,2018,CN,1,False,True,False
63412495,CN-207846657-U,Follow-on self-control power consumption unbonded prestressed concrete frame,,"The utility model discloses a follow-on automatic control power consumption unbonded prestressed concrete frame, including ordinary reinforced concrete column and placed the unbonded prestressed concrete roof beam of follow-on automatic control component, follow-on automatic control component is including turning to device, deformation box, location stick, bearing plate and filling foam. The stress part of the improved self-control element is made of glass fiber board material, and by utilizing the brittle failure property of the glass fiber board material, the self-control element keeps a normal stress state and does not change under normal use and a normal earthquake state, and under rare earthquakes, the stress transmitted to the self-control element by the device reaches a certain threshold value, the stress part of the self-control element is subjected to brittle failure immediately and is displaced to a certain degree in the stress direction, so that the prestressed tendons are loosened, the stress in the prestressed tendons is reduced, the bearing capacity of the frame is reduced, a beam hinge energy dissipation mechanism is finally formed, and the energy dissipation capacity of the unbonded prestressed concrete frame is improved.",,,NANJING UNIVERSITY OF TECHNOLOGY,20180124,2018,CN,1,True,True,False
63470338,CN-108532582-B,"Discrete pile, underwater composite foundation and manufacturing method thereof",,"The object of the present application is to provide a discrete pile, an underwater composite foundation and a method of manufacturing the same, wherein the discrete pile is for being set underwater, comprising: the soil-block type soil-block pile comprises a gravel pile arranged on a soft soil foundation, a bag body wrapped on the outer surface of the gravel pile, at least one layer of geogrid which is arranged on the bag body in a compounding mode and used for restraining the gravel pile in the circumferential direction of the bag body, and the like. Compared with the prior art, the transverse constraint capacity of the discrete pile is enhanced through the mutual coordination of the geogrid and the bag body, so that the bag body can be prevented from being punctured by the filling materials such as broken stone in the broken stone pile, meanwhile, even if the bag body is punctured by the broken stone, the bag body can be constrained by the geogrid, the filling materials such as broken stone can be prevented from escaping, and the shape of the discrete pile can be kept, so that the discrete pile is prevented from being displaced and deformed, the bearing capacity of the discrete pile is improved, the shearing resistance and the earthquake resistance are improved, and the method is better applicable to soft soil foundations with extremely high water content in underwater areas.",,E02D3/08;E02D15/10;E02D2250/0061,,20180607,2018,CN,1,True,True,False
63826576,CN-207989069-U,A kind of tunnel emergency-sheltering escape compartment,,"The utility model is related to tunnel emergency escape technical fields, more particularly to a kind of tunnel emergency-sheltering escape compartment, including the tunnel ontology being arranged inside native rock layers, the side of the tunnel ontology is provided with the nacelle of cube structure, the escape entrance of rectangular pore structure is provided between the nacelle and tunnel ontology, the escape entrance is internally provided with the doorframe of square structure, sealing strip is provided on the inside of the doorframe, the shape of the sealing strip is semicircular arc strip structure；The left side of the escape entrance is rotatable to be hingedly equipped with the closing door to match with escape entrance；The lateral surface of the closing door offers the arc groove of semicircular structure；The two sides of the closing door right part are symmetrically arranged with the handle of semicircle ring structure；The bulkhead of the nacelle is internally provided with one layer of fire-proof plate, and fire-proof plate outer surface is provided with one layer of fireproof coating.The utility model escape is convenient, has preferable practical value and promotional value.",,,UNIV HUNAN TECHNOLOGY,20180309,2018,CN,1,True,True,False
63901781,CN-109811651-A,The big damping hyperboloid of one kind subtracts shock insulation spherical bearing,,"Subtract shock insulation spherical bearing with the hyperboloid damped greatly the purpose of the present invention is to propose to a kind of, by damping unit and corresponding telecontrol equipment being added on the basis of existing hyperboloid subtracts shock insulation spherical bearing to increase damping of the support in earthquake, earthquake energy, to realize support damping and effective combination of shock insulation, increase substantially support subtracts shock insulation function, achievees the purpose that be displaced after effectively controlling support shake.The present invention have hyperboloid subtract shock insulation spherical bearing good shock insulation function and earthquake after auto-reset function, the damping force of support is increased by damping unit simultaneously, reduce bridge earthquake motion peak acceleration, bridge structure safe is effectively ensured, simultaneously because damping unit has good energy consumption effect, it can significantly reduce bridge seismic energy.Hysteresis loop of the present invention is full, and energy dissipation capacity subtracts shock insulation spherical bearing and other antidetonation products much larger than hyperboloid, especially suitable for highlight lines, long place period zones bridge earthquake resistance structure.",,,LUOYANG SUNRUI SPECIAL EQUIP,20171120,2018,CN,1,False,True,False
64151889,CN-108824180-A,A kind of speed lockup&#39;s friction pendulum shock mount,,"The present invention relates to bridge mounting technique fields, a kind of speed lockup&#39;s friction pendulum shock mount is disclosed, including upper bracket plate, spherical plate, middle steel plate and lower support plate, spherical plate upper surface and lower end surface are dome shape, upper bracket plate lower end surface matches with spherical plate upper surface, and middle steel plate upper surface matches with spherical plate lower end surface, and upper bracket plate bottom is fixedly mounted with baffle by shearing bolt, baffle horizontal loops arrange that baffle inner end and middle steel plate outer end face contact are limited around middle steel plate；Middle steel plate lower part has mounting groove, lower support plate upper surface has boss, boss is installed in mounting groove, plane contact between at the top of trench bottom and boss is installed to cooperate, have between boss outer end face and installation groove groove wall and is circumferentially connected to cavity, for speed lock layer to be arranged, speed lock layer is contacted with cell wall and boss respectively, and speed lock layer is made of shear thickening materials.It is not in raise phenomenon when normal displacement, shock mount carries out being displaced damping entirely under earthquake state.",,E01D19/047;Y02A30/30,CHENGDU XINZHU ROAD & BRIDGE,20180903,2018,CN,1,False,True,False
64322517,CN-108868033-A,A kind of and matched scalable accommodation rail of sliding support stair,,"The present invention relates to a kind of and matched scalable accommodation rails of sliding support stair, belong to building element technical field.Including telescopic device interconnected, bench upright bar and handrail brace, the telescopic device includes platform upright bar, handrail outer sleeve and flexible damper, the telescopic device is connect by handrail outer sleeve with flexible damper with handrail brace, handrail brace both ends are inserted into handrail outer sleeve, and the bench upright bar is set in qually spaced on bench marks time by upright post base.Structure of the invention is succinct, easy for construction, speed of application is fast, good economical benefit, convenient transportation, is hardly damaged in transportational process, accommodation rail rupture failure when can effectively avoid earthquake reduces cost.",,E04F11/1802;E04F11/1865;E04F2011/187,UNIV SHENYANG JIANZHU,20180830,2018,CN,1,False,True,False
64475508,CN-108951407-A,Embedded speed lockup&#39;s friction pendulum shock mount,,"The present invention relates to bridge mounting technique fields, a kind of embedded speed lockup&#39;s friction pendulum shock mount is disclosed, including upper bracket plate, spherical plate, middle steel plate and lower support plate, spherical plate upper surface and lower end surface are dome shape, upper bracket plate lower end surface matches with spherical plate upper surface, and middle steel plate upper surface matches with spherical plate lower end surface, and upper bracket plate bottom is fixedly mounted with baffle by shearing bolt, baffle horizontal circle middle steel plate, baffle inner end and middle steel plate outer end face contact limit；Lower support plate top opens up mounting groove, for installing middle steel plate, plane contact cooperates between middle steel plate bottom and installation trench bottom, have between middle steel plate outer end face and installation groove groove wall and is circumferentially connected to cavity, for speed lock layer to be arranged, speed lock layer is contacted with cell wall and middle steel plate respectively, and speed lock layer is made of shear thickening materials.It is not in raise phenomenon when normal displacement, shock mount carries out being displaced damping entirely under earthquake state.",,E01D19/042;E01D19/04;Y02A30/30,CHENGDU XINZHU ROAD & BRIDGE,20180903,2018,CN,1,False,True,False
65043170,CN-111335673-B,Windproof and anti-seismic temporary housing for house construction engineering,,"The invention belongs to the technical field of house construction engineering, and particularly relates to a windproof and earthquake-resistant temporary housing for house construction engineering, which comprises a housing, a first bending mechanism and a second bending mechanism, wherein the first bending mechanism and the second bending mechanism are respectively arranged on two sides of the housing and used as windward walls of the housing; the first bending mechanism and the second bending mechanism bend under the action of wind power, so that the average distance between a wind power action point and a leeward side is reduced, the torque generated by the component force of the wind power in the vertical direction on the house is further reduced, and the damage of strong wind on the house is weakened; when meetting the earthquake in addition, the first mechanism of buckling or the second mechanism of buckling that takes place to buckle has strengthened the bearing capacity to the house top to a certain extent, has guaranteed that the house can not take place to collapse because of the earthquake, and then has guaranteed the life safety and the property safety of the people in the house, furthest reduces the loss that the earthquake brought.",,Y02B10/30;E04H9/028;Y02E10/72;E04H9/02;Y02E10/728;E04H9/023;F03D9/45;E04B1/98;F03D9/20;E04H1/02;E04H9/14;E04B1/3447,,20181108,2018,CN,6,True,True,False
65043905,CN-109881918-B,Temporary housing for house construction project,,"The invention belongs to the technical field of house construction engineering, and particularly relates to a temporary housing for house construction engineering, which comprises a house body, a first bending mechanism and a second bending mechanism, wherein the first bending mechanism and the second bending mechanism are respectively arranged on two sides of the house body and used as windward walls of the house; the first bending mechanism and the second bending mechanism bend under the action of wind power, so that the average distance between a wind power action point and a leeward side is reduced, the torque generated by the component force of the wind power in the vertical direction on the house is further reduced, and the damage of strong wind on the house is weakened; when meetting the earthquake in addition, the first mechanism of buckling or the second mechanism of buckling that takes place to buckle has strengthened the bearing capacity to the house top to a certain extent, has guaranteed that the house can not take place to collapse because of the earthquake, and then has guaranteed the life safety and the property safety of the people in the house, furthest reduces the loss that the earthquake brought.",,E04H9/02;E04H1/02;E04B1/92,,20181108,2018,CN,4,True,True,False
65389433,CN-109377085-A,Method for calculating space accommodation capacity and function partition based on refuge time,,"The invention discloses a method for calculating the accommodation capacity and the functional partition of a place based on refuge time, which comprises seven steps of dividing the refuge place into different areas so as to obtain m     z     =   r     b   × j     b     +r     st   × j     st     +n     d   × j     d     +r × j     w   × t+r × j     f   × t So that the formula for calculating the number of refuges can be obtained from the area of the refuge and the number of refuges, i.e. Thereby measuring and calculating the accommodation capacity of the space based on the refuge time, and the invention is suitable for refuge space with a certain areaThe method is used for checking the change of the accommodation capacity of the refuge space along with the time and the corresponding space division method in a quantitative mode.",,G06Q50/08;G06Q50/265;G06Q10/0639,ARMY ENG UNIV CHINA PLA,20181116,2018,CN,1,False,False,True
65400557,CN-109376647-A,Method and device for searching criminals based on fingerprints,,"The invention discloses a method and a device for searching criminals based on fingerprints, wherein the method comprises the following steps: the intelligent door lock arranged in the accommodation scene of the customer flow sends fingerprint information for unlocking, which is input by the user, to the public security management system; enabling the public security management system to match the fingerprint information with the fingerprints of criminals to obtain a matching result; receiving the matching result fed back by the public security management system; and if the matching result is that the matching is successful, sending the position information of the intelligent door lock to a public security management system. The method and the device provided by the invention can realize searching for criminals based on fingerprints, improve the efficiency of arresting the criminals by public security organs, and reduce the flow of the criminals in the society.",,G07C9/00563;G06Q50/265;G06V40/1365,GREE ELECTRIC APPLIANCES INC ZHUHAI,20181019,2018,CN,1,False,False,True
65693934,CN-109489665-B,Method and system for predicting position of people refuge track based on resource allocation,,"The invention relates to the technical field of public safety, in particular to a position prediction method and a system of a human refuge track based on resource allocation; firstly, constructing a two-dimensional plane model; determining the accommodation capacity of the environment body, the position of a disaster point, the position of a person and the position of an exit in the two-dimensional plane model, thereby determining the distance S between the position of the person and the position of the disaster point and the distance D between the position of the person and the position of the exit; then calculating the distance between the position of the person and the environment body which can be selected; then the position of the person at the next moment is calculated; circularly performing the previous step in real time until the stable final position of the person is obtained; the invention additionally adds the dynamic adjustment of resources, thereby ensuring that the resources are dynamically consumed and the used data is less while the information is changed, and the actual operation is convenient.",,G01C21/20,,20181107,2018,CN,1,True,True,False
65760476,KR-101954399-B1,System for processing usage based system of food garbage using food garbage load management,적재관리를 통한 음식물류 폐기물 종량제 처리 시스템,"The present invention relates to a food waste meter-rate system using loading management. The food waste meter-rate system includes: a seller terminal connected to a communication network and storing payment certificate code information about a payment certificate purchased by a discharger as well as discharger information; a collector terminal requesting the verification of the payment certificate code information; and a food waste meter-rate management server calculating mileages corresponding to a reduced discharge amount and accumulating the mileages in the discharger information. Thus, the present invention is capable of collecting an accurate discharge amount of food waste.","본 발명은 적재관리를 통한 음식물류 폐기물 종량제 처리 시스템에 관한 것이다.  
본 발명의 적재관리를 통한 음식물류 폐기물 종량제 처리 시스템은 통신망에 연결되고, 지방 자치 단체 또는 배부처로부터 납품받은 납부필증의 납부필증 코드 정보를 판독하여 입력하고, 배출자가 구입한 납부필증에 대한 납부필증 코드 정보를 배출자 정보와 함께 저장하는 판매처 단말기와; 상기 통신망에 연결되고, 납부필증을 구입한 배출자가 배출한 음식물류 폐기물의 용기에 부착된 납부필증으로부터 납부필증 코드 정보를 판독하고, 음식물류 폐기물을 수거하도록 판독된 납부필증 코드 정보를 검증 요청하는 수거처 단말기 및; 납부필증 제작업체에서 제작된 납부필증에 대한 납부필증 코드 정보를 저장하고, 상기 통신망을 통해 상기 판매처 단말기로부터 납부필증 판매에 따른 판매 정보와 배출자 정보를 전송받고, 상기 수거처 단말기로부터 납부필증 코드 정보의 검증 요청이 있으면, 저장된 납부필증 코드 정보와 상기 수거처 단말기로부터 판독된 납부필증 코드 정보를 비교하여 검증 처리하고, 검증 결과를 상기 수거처 단말기로 전송하며, 상기 수거처 단말기로부터 수거된 납부필증에 대한 수거 정보가 전송되면, 상기 배출자 정보와 상기 수거 정보를 이용하여 배출자별로 음식물류 폐기물의 배출량을 판별하고, 판별 결과에 따라 배출자의 배출 이력을 통해 배출량이 감소되었으면, 감량된 배출량에 대응하는 마일리지를 산출하여 배출자 정보에 마일리지를 적립시키는 음식물류 폐기물 종량제 관리 서버를 포함하고, 상기 음식물류 폐기물의 용기는 적재량 센서가 구비되며, 상기 음식물류 폐기물 종량제 관리 서버는 상기 적재량 센서를 통해 수집된 음식물류 폐기물의 용기의 적재량이 특정 기준을 만족하는 지 여부를 이용하여 수거가 필요한 음식물류 폐기물의 용기를 검출한 다음, 상기 수거처 단말기로부터 입찰받은 희망수거비와 배출자의 선택 정보를 기초로 수거업체를 매칭시키고, 최종적으로 매칭된 수거처 단말기에 상기 음식물류 폐기물의 용기의 위치, 수거경로 및 수거예상시간 중 적어도 하나를 포함하는 수거 오더를 제공한다.",G06Q30/0207;G06Q30/08;G06Q50/26,JM FUTURE CO LTD;ECUBE LABS INC,20180821,2018,KR,1,True,False,True
65945303,CN-208701499-U,Embedded speed lockup&#39;s friction pendulum shock mount,,"The utility model relates to bridge mounting technique fields, a kind of embedded speed lockup&#39;s friction pendulum shock mount is disclosed, including upper bracket plate, spherical plate, middle steel plate and lower support plate, spherical plate upper surface and lower end surface are dome shape, upper bracket plate lower end surface matches with spherical plate upper surface, and middle steel plate upper surface matches with spherical plate lower end surface, and upper bracket plate bottom is fixedly mounted with baffle by shearing bolt, baffle horizontal circle middle steel plate, baffle inner end and middle steel plate outer end face contact limit；Lower support plate top opens up mounting groove, for installing middle steel plate, plane contact cooperates between middle steel plate bottom and installation trench bottom, have between middle steel plate outer end face and installation groove groove wall and is circumferentially connected to cavity, for speed lock layer to be arranged, speed lock layer is contacted with cell wall and middle steel plate respectively, and speed lock layer is made of shear thickening materials.It is not in raise phenomenon when normal displacement, shock mount carries out being displaced damping entirely under earthquake state.",,,CHENGDU XINZHU ROAD & BRIDGE,20180903,2018,CN,1,True,True,False
65945821,CN-208701498-U,A kind of speed lockup&#39;s friction pendulum shock mount,,"The utility model relates to bridge mounting technique fields, a kind of speed lockup&#39;s friction pendulum shock mount is disclosed, including upper bracket plate, spherical plate, middle steel plate and lower support plate, spherical plate upper surface and lower end surface are dome shape, upper bracket plate lower end surface matches with spherical plate upper surface, and middle steel plate upper surface matches with spherical plate lower end surface, and upper bracket plate bottom is fixedly mounted with baffle by shearing bolt, baffle horizontal loops arrange that baffle inner end and middle steel plate outer end face contact are limited around middle steel plate；Middle steel plate lower part has mounting groove, lower support plate upper surface has boss, boss is installed in mounting groove, plane contact between at the top of trench bottom and boss is installed to cooperate, have between boss outer end face and installation groove groove wall and is circumferentially connected to cavity, for speed lock layer to be arranged, speed lock layer is contacted with cell wall and boss respectively, and speed lock layer is made of shear thickening materials.It is not in raise phenomenon when normal displacement, shock mount carries out being displaced damping entirely under earthquake state.",,,CHENGDU XINZHU ROAD & BRIDGE,20180903,2018,CN,1,True,True,False
65948878,KR-101959375-B1,Method for selecting medical relief center and assigning patients to the selected medical relief center,구호소를 선택하여 선택된 구호소에 환자들을 할당하는 방법,Disclosed is a method for allocating a patient to a selected medical relief station by selecting at least one of the medical relief station of an arbitrary position and selecting the medical relief station for allocating patients at an arbitrary position to the selected medical relief station. The method for allocating the patient to the selected medical relief station by selecting the medical relief station comprises: a step of clustering the patients into a plurality of patient groups; a step of matching the group of patients with the medical relief station such that the sum of the degree of severity of the patients belonging to the patient group is the maximum and the sum of the distances between each of the patients belonging to the patient group is the minimum and the sum of the distance between each of the patients belonging to the patient group is minimized; a step of selecting the medical relief station which can be established within the budget range among the matched medical relief stations; and a step of allocating the patient to one of the selected medical relief stations such that the severity of the patient is at a maximum and the distance between the patient and the selected medical relief station is minimized.,"임의의 위치의 구호소들 중 적어도 하나의 구호소를 선택하고 상기 선택된 구호소에 임의의 위치의 환자들을 할당하는 구호소를 선택하여 선택된 구호소에 환자들을 할당하는 방법이 개시된다. 상기 구호소를 선택하여 선택된 구호소에 환자들을 할당하는 방법은, 상기 환자들을 복수의 환자그룹으로 군집화하는 단계, 상기 환자그룹에 속하는 환자들의 중증도의 합이 최대이고 상기 환자그룹에 속하는 환자들 각각과 상기 구호소 사이의 거리의 합이 최소가 되도록 상기 환자그룹과 상기 구호소를 매칭하는 단계, 상기 매칭된 구호소들 중 상기 예산범위 내에서 설립할 수 있는 구호소를 선택하는 단계 및 상기 환자의 중증도가 최대이고 상기 환자와 상기 선택된 구호소의 거리가 최소가 되도록 상기 환자를 상기 선택된 구호소들 중 하나의 구호소에 할당하는 단계를 포함할 수 있다.",G16H10/00;G06Q50/26;Y02A10/40,NAT UNIV PUSAN IND UNIV COOP FOUND,20180928,2018,KR,1,True,True,True
66056479,CN-109629357-A,A kind of quick accommodation road of accessible public transport,,"The invention discloses a kind of accessible quick accommodation roads of public transport, including the first major trunk roads and the second major trunk roads, first major trunk roads are by the second bus rapid transit lane, second tunnel portal, protective fence, car lane, first bus rapid transit lane, first tunnel exit, first tunnel portal, second tunnel exit, first tunnel and the second tunnel composition, and bus rapid transit lane, it is placed on the road rightmost side and facilitates passenger getting on/off, this bus rapid transit lane is not in the case where influencing public transport normal use, it can be for fire fighting truck, ambulance and other emergency demands use, to improve rescue efficiency, compared with existing road, the traffic capacity and utilization rate for making road have reached maximum value, substantially reduce city expressway to boundary lines of roads width requirement, a large amount of urban land resources can be saved, improve urban environment, construction cost is low, construction Simply, use value is high, and bus rapid transit lane increases transport efficiency, can lower the frequency of use of private car.",,E01C1/04;E01C1/002,ZHANG XUEGANG,20190103,2019,CN,1,False,True,False
66159200,CN-208777599-U,A kind of and matched scalable accommodation rail of sliding support stair,,"The utility model relates to a kind of and matched scalable accommodation rails of sliding support stair, belong to building element technical field.Including telescopic device interconnected, bench upright bar and handrail brace, the telescopic device includes platform upright bar, handrail outer sleeve and flexible damper, the telescopic device is connect by handrail outer sleeve with flexible damper with handrail brace, handrail brace both ends are inserted into handrail outer sleeve, and the bench upright bar is set in qually spaced on bench marks time by upright post base.The utility model is simple for structure, easy for construction, speed of application is fast, good economical benefit, convenient transportation, is hardly damaged in transportational process, accommodation rail rupture failure when can effectively avoid earthquake reduces cost.",,,UNIV SHENYANG JIANZHU,20180830,2018,CN,1,True,True,False
66170004,US-2019122320-A1,Internet of Dogs&#39; Identifiers System and Method of Operation for Trained Assistance Animal Status and Verification,,"Identifying trained assistance animals expected at a gateway or accommodation by using wireless communications. It includes operating a trained assistance animal identity center, an active animal garment, and a wireless mobile communication device which variously download a plurality of protected ID files (portfolio) containing identity documentation of registered trained assistance animals expected at a location during a period of time; initiate a verification process by an active controlled garment that is worn by a microchipped trained assistance animal; return an encrypted Identity reference string; either request identity documentation from a service center database or match with a member of the portfolio; display the identity documentation (images, names, descriptions, trained behaviors, audio); or record the verification of a trained assistance animal at a time and place. Subscriber reservation systems access the service center to initiate a download of expected ID files. Trained assistance animal trainers provide identity documentation for graduates.",,A01K13/006;H04L63/126;A01K11/006;G06K19/07758;H04W4/80;G06Q50/26;H04L63/0428;H04L67/12;G06Q10/1093;H04L67/62;H04W12/108;H04W12/47,MUNDELL PAUL EUGENE;ANTONINI JACQUELYN RUTH,20171019,2017,US,1,False,False,True
66185023,CN-109675217-B,Fire first-aid hood capable of achieving atomization cooling through splicing of multiple detachable structures,,"The invention discloses a fire emergency helmet which is formed by splicing a plurality of detachable structures to carry out atomization cooling, and the structure of the fire emergency helmet comprises: the filter pipe is positioned on the lower side end face of the heat-proof sleeve and is fixedly connected with the heat-proof sleeve, the sewing belt is positioned on the front end surface of the heat-proof sleeve and is fixedly connected with the heat-proof sleeve, and the sewing belt is connected with the heat-proof sleeve through an internal transverse chain and an internal longitudinal chain, thereby the internal matching head cover frame and the movable output frame can be divided into a plurality of small parts, the headgear frame is divided into a front part and a rear part by the upper suction frame, the mounting sleeve at the lower end is an arc-shaped structure which is attached to the human body, thereby better protecting the installation of the disaster-stricken personnel, simultaneously, the sealing sleeve can be displaced through the movable frame below, and the cooperation through the pipeline is discharged inside gas fast, prevents inside gaseous ponding, and the inside water route that is equipped with simultaneously can make the inside temperature of headgear drop faster, prevents that the consciousness that high temperature caused is fuzzy.",,A62B18/02;A62B18/08;A62B7/10;A62B9/003,,20181129,2018,CN,1,True,True,False
66257057,CN-109701187-A,It is a kind of to warn fire fighting truck with amplifying for removable aerial ladder,,"Fire fighting truck is warned with amplifying for removable aerial ladder the invention discloses a kind of, including car body, aerial ladder ontology and aerial ladder platform, described car body itself has dynamical system and matched control system, the aerial ladder stage+module is on aerial ladder ontology, mobile aerial ladder mechanism is installed on the aerial ladder ontology and car body, on the car body and is located at mobile aerial ladder structure side comprehensive function mechanism is installed；The beneficial effects of the invention are as follows, there is removable amplifying for aerial ladder to warn fire fighting truck easy to use for this, it is rationally distributed, effectively aerial ladder is horizontally displaced by mobile aerial ladder mechanism thereon, the lateral position that can be rescued with fast offset to needs when rescuing it between same floor, it is thus more efficient, and working area when fireman operates is effectively increased by high-order aerial ladder slide construction thereon, complete protection is provided.",,,CHONGQING FIRE FIGHTING SAFETY TECH RESEARCH SERVICES CO LTD,20181221,2018,CN,1,False,True,False
66606972,CN-109811924-A,A kind of cylinder cam-type damper response amplifying device,,"The present invention relates to a kind of cylinder cam-type dampers to respond amplifying device, including rack, the ball-screw of movable type installation, the nut being threadedly coupled with ball-screw, reciprocal cylindrical cam mechanism, damper；Reciprocal cylindrical cam mechanism includes the cylindrical cam mutually fixed with nut, the follower lever matched with cylindrical cam；On the rack, the other end of damper is connected on follower lever for one end connection of damper, and ball-screw is relatively fixed in the axis direction of ball-screw through cylindrical cam, nut and rack from the central through hole of cylindrical cam.The relative storey displacement and speed responsive amplification that amplifying device can generate building structure are responded, so that damper is given full play to energy dissipation capacity in limited design runlength and is displaced and does not fail, belongs to earthquake engineering technical field.",,,UNIV GUANGZHOU,20190220,2019,CN,1,False,True,False
67367574,CN-110070335-A,A kind of community endowment service management system,,"The invention belongs to administrative skill field of supporting parents, specifically a kind of community endowment service management system, including data processing module, Teaching Module, active module, administration module and psychological comfort module；The data processing module, active module, administration module and psychological comfort module are based on computer terminal operation, and the data processing module includes information acquisition unit, occupational classification unit, personality taxon, Accommodation allocation unit, screening unit, screening criteria unit and statistic unit；The active module is used to carry out recreation according to the information for moving in old man；For exercising supervision to the state of personnel in activity, and in real time, the true personality of old man is moved in analysis to the administration module；The psychological comfort module is used to carry out psychological comfort to the unsociable and eccentric old man that moves in, and enhances emotion；The sense of worth of old man can be improved in the present invention, improves life interest, and help each other between different old men, advantageously reduces the probability that old man incurs danger.",,G06Q50/26;G06Q10/10,HE LEI,20190413,2019,CN,1,False,False,True
67681161,CN-209313617-U,Manual driving device of motor,,"The utility model discloses a manual drive arrangement of motor, including spacing seat and shaking hand, spacing seat is injectd and is had the open accommodation space in both ends, and wherein one end links firmly with the afterbody of motor organism, and the motor tail axle stretches into accommodation space, and the afterbody is the non-circular columnar structure at least at the tail axle, and the shaking hand includes the main part and follows the cover body that the main part extends, the end wall of the cover body is equipped with the non-circular columnar structure matched with card hole with the tail axle, and cover body activity cartridge is in accommodation space to can follow accommodation space and move between embolia the tail axle and the position that the tail axle separates. When the motor normally operates, the sleeve body is located at a position separated from the tail shaft, the hand crank does not rotate along with the tail shaft, on one hand, noise can be reduced, on the other hand, damage to the human body or property safety can be avoided, when the motor cannot operate due to power failure or other emergency situations, the sleeve body of the hand crank is manually driven to be sleeved in the tail shaft, the tail shaft of the motor can be driven to rotate through the hand crank, and therefore the motor is manually driven to operate.",,,GUANGDONG ANKUAI INTELLIGENT SCIENCE & TECH CO LTD,20190121,2019,CN,1,True,True,False
67785519,CN-110210650-A,A kind of emergency shelter is taken refuge the prediction technique and system of population demand,,"It takes refuge the prediction technique and system of population demand the invention discloses a kind of emergency shelter, this method comprises: determining that population suffered from disaster&#39;s scale B caused by the medium above extent of the destruction occurs for regional architecture structure to be predicted using Seismic Vulnerability Analysis algorithm i ；It treats and predicts that the anti-seismic performance of regional infrastructure system is assessed, determine that infrastructure system interrupts caused population suffered from disaster&#39;s scale W j ；Obtain the timing node t in the relevant project period of area to be predicted 0 ；According to the B i 、W j 、t 0 , substitute into the emergency-sheltering size of population prediction model constructed according to TCBID theory；Output emergency shelter is taken refuge the predicted quantity M of population demand.This method matches demand and supply more by the fixed demand of taking refuge of dynamic evaluation, and science, rational prediction city are taken refuge population demand, improves urban safety and takes precautions against natural calamities efficiency.",,G06Q10/04;G06Q50/265;G06Q10/0639;G06F30/23,UNIV TONGJI,20190506,2019,CN,1,False,True,True
67959489,CN-110273555-A,Combine Passive Energy Dissipation Structures design method and combination energy-dissipating and shock-absorbing skyscraper,,"The present invention combines the mechanical property feature of all kinds of damping devices, propose a kind of combination energy-dissipating and shock-absorbing design method and a kind of combination energy-dissipating and shock-absorbing skyscraper, combined application velocity profile damper and viscous damper in high building structure, pass through the position and mechanics parameters of active accommodation energy-consumption shock-absorption device, all kinds of damping devices are made to play a role stage by stage under different level geological processes: under frequently occurred earthquake effect, only velocity profile damper dissipation energy, the unyielding energy consumption of viscous damper only provides rigidity for structure；Under set up defences earthquake and rarely occurred earthquake effect, metal damper steps into surrender, makes up the shortcomings that viscous damper energy dissipation capacity reduces, and realizes the optimization of Structural Energy Dissipation efficiency.",,E04H9/021;E04H1/00,TONGJI ARCH DESIGN GROUP CO LTD,20190412,2019,CN,1,False,True,False
67971891,CN-209429304-U,A kind of double rank sliding friction dampers of brace type,,"The utility model discloses a kind of double rank sliding friction dampers of brace type, and the channel steel beam section of H profile steel beam section and web fluting including web fluting, oval notch of different sizes is respectively set in H profile steel beam section both ends, to correspond to first-order slip-flow section and second-order slip-flow section；H profile steel beam section, friction element, channel steel beam section steel are fixed by frictional high-strength bolts and butterfly spring, by adjusting disc spring quantity and the pretightning force of frictional high-strength bolts, to realize double rank sliding mechanisms；It can guarantee building structure in frequently occurred earthquake, single order, which rises to slide, is displaced the friction energy-dissipating that takes the lead in, and in rarely occurred earthquake, second order plays sliding section and not only can guarantee enough bearing capacities but also had biggish friction energy-dissipating ability；Improve destabilization problems outside frcition damper face；Each part replacement is easy to maintain；And the butterfly spring rigidity that the utility model uses is big, restorability is strong, can be substantially reduced bolt pretightening loss, in tension and compression deformation so as to guarantee that damper plays maximum damping capacity.",,,JIANGSU LANKE SHOCK ABSORPTION TECH CO LTD,20181217,2018,CN,1,True,True,False
68016719,CN-209443365-U,Super large is displaced dual damping and tensile support,,"The utility model belongs to earthquake-resistant structure security fields, provides a kind of super large displacement dual damping and tensile support, including support, steel damper, viscous damper and vertical tension component, and seat board is each provided with one piece of lower seat board end plate in its both sides along direction across bridge under support；Support upper base plate is respectively set in its bottom there are two upper base plate barb；The bottom of upper base plate barb is hooked in lower seat board end plate lower end and collectively forms vertical tension component；The quadrangle of support is respectively arranged with replaceable steel damper；Viscous damper is along bridge, to installing on the support, both ends are fixedly connected with the bottom of upper base plate respectively each by a viscous damper block.The utility model can both provide vertical bearing capacity, horizontal bearing capacity, turning power, displacement capacity under normal use, also has the function of dual shock absorption, the seismic response of bridge structure under geological process can be effectively reduced, and small volume, simple and compact for structure, good damping effect, each component are conveniently replaceable, repair.",,,HENGSHUI CHENGRUI RUBBER PRODUCT CO LTD,20181229,2018,CN,1,True,True,False
68516980,CN-209650889-U,A kind of lighting fitting case for field tent hospital,,"The utility model provides a kind of lighting fitting case for field tent hospital, including cabinet and case lid, case lid is hinged with cabinet, case lid can be overturn along hinged place, the cabinet is upper opening structure, it is internally provided with buffering lining made of vibration damping sponge, buffering lining is placed directly in cabinet or is pasted onto the bottom of cabinet, and buffering lining is provided with the accommodation groove to match with each lighting fitting shape.The protrusion that the groove and box opening that the utility model is circumferentially arranged by case lid edge are circumferentially arranged matches to form seal case structure, and relief hole is arranged in body side, can prevent rainwater from penetrating into and box house is kept to be consistent with atmospheric pressure；The locking plate being arranged on case lid and the snap-fitted use being arranged on cabinet form retaining mechanism.The lighting fitting case is designed using case group formula, and structure is simple, light weight, at low cost, is readily transported and is carried, is particularly suitable for the Mobile medicals places such as field tent hospital, field emergency rescue station.",,,INSTITUTE OF SYSTEM ENGINEERING ACADEMY OF MILITARY SCIENCES INSTITUTE OF MEDICAL SUPPORT TECH,20181219,2018,CN,1,True,True,False
68589675,CN-110502722-A,The measuring method of Alpine Grasslands Second productivity dynamic response under snow disaster load,,"The present invention provides the measuring method of Alpine Grasslands Second productivity dynamic response under snow disaster load, the component that will affect Alpine Grasslands Second productivity is decomposed into snow disaster load force, the maintenance energy of Grassland ecosystems function, avenge disaster prevention and control force, four functional modules of livestock products productivity, interaction between the component and state of four modules, it influences each other and restricts the size and level of the secondary production capacity of Alpine Grasslands, the Alpine Grasslands ecosystem is under the stress and load action of snow disaster evil, meadow Second productivity support system will occur to be displaced accordingly, snow disaster load force is bigger, phylogenetic displacement is also bigger, and meadow Second productivity is smaller.The present invention portrays the logical relation of snow disaster load-displacement response, and the size of meadow Second productivity is portrayed according to system displacement inverse, improves science, objectivity and the accuracy of quantitative expression meadow Second productivity.",,G06Q50/02;G06Q10/0639;G06F17/16;Y02A90/10,INST MOUNTAIN HAZARDS & ENVIRONMENT IMHE CAS CHENGDU,20190827,2019,CN,1,False,True,False
68727641,KR-20190128282-A,Method of decision making based on modeling portfolio of public building,공공건축물 그린 리모델링 포트폴리오 의사결정 방법,"The present invention relates to a method of making a decision on a green remodeling portfolio of a public building. The method comprises the steps of: classifying a public building by a complex unit not by a single building unit and setting standard models for a public building by classifying the public building for each usage/size in order to determine necessity and economic efficiency of green remodeling; classifying a size of a building according to the total area to set the standard models for a public building and classifying a use of each building such as a business use, an educational use, a residential use, a commercial use, a medical use, an industrial use, an accommodation service use, etc., which display different energy patterns based on a building energy consumption classification criteria published by the national statistical office; setting priorities of the standard models according to a green remodeling portfolio budget allocation process; and allocating the budget and businesses by setting sampling errors of the budget. According to the present invention, it is possible to promote a remodeling market.","본 발명은 공공건축물 그린 리모델링 포트폴리오 의사결정 방법에 관한 것으로서, 공공건축물을 단일 건축물 단위가 아닌 집합 단위로 분류하여 그린 리모델링 필요성 및 경제성을 판단하게 하기 위하여 용도별/규모별로 구분하여 공공건축물 표준모델을 설정하는 단계; 공공건축물 표준모델 설정을 위하여 연면적에 따라서 건축물 규모를 구분하고, 통계청에서 발표한 건축물에너지 소비량 분류기준을 근거로 상이한 에너지 사용패턴을 나타내는 업무용, 교육용, 주거용, 상업용, 의료용, 공업용, 숙박용 및 기타에 해당하는 각 건축물 용도를 구분하는 단계; 그린 리모델링 포트폴리오 예산배분 프로세스에 따라 표준모델의 우선순위를 설정하는 단계; 및 예산의 표본오차를 설정하여 예산 및 사업배분을 수행하는 단계를 포함하는 공공건축물 그린 리모델링 포트폴리오 의사결정 방법을 제공한다.",G06Q50/08;G06Q50/26;G06Q10/04;G06Q10/0631;Y02P80/10,IUCF HYU ERICA CAMPUS,20180508,2018,KR,1,False,False,True
69219298,CN-110725598-B,Friction composite buckling restrained energy-dissipation brace,,"The invention discloses a friction composite buckling restrained energy dissipation brace which comprises a friction device and a buckling restrained energy dissipation brace, wherein the buckling restrained energy dissipation brace comprises a middle baffle, a core material component and an outer restrained sleeve, the outer restrained sleeve is sleeved in the middle of the core material component, two ends of the outer restrained sleeve are fixedly connected with the middle baffle, the friction device is arranged at two ends of the core material component and comprises an end baffle, a pressing plate, friction materials and an outer sleeve, the outer sleeve is sleeved at two ends of the core material component, two ends of the outer sleeve are respectively and fixedly connected with the end baffle and the middle baffle, the pressing plate and the friction materials are arranged in the outer sleeve, and bolts penetrate through waist-shaped holes in the core material component to connect the pressing plate and the friction materials with the core material component. According to the invention, when the core material component is elastically deformed and displaced, the friction device consumes energy, so that the defect that buckling restrained energy-consuming supports only can yield and consume energy under medium and large shocks is overcome, the energy consumption capacity of the buckling restrained energy-consuming supports under small shocks is improved, the interlayer displacement angle of the small shocks is reduced, and the structural damage caused by the earthquakes is reduced.",,E04H9/021,,20190920,2019,CN,1,True,True,False
69387716,CN-110782172-B,Application method of artificial intelligence method in ecological geological environment bearing capacity evaluation,,"The invention relates to an application method of an artificial intelligence method in evaluation of bearing capacity of an ecological geological environment, which comprises the following steps: 1) Collecting information of a resource supply side; 2) Removing impurities from the information of the resource supply side; 3) Analyzing environment accommodation information; 4) Inputting social influence data; 5) Analyzing social influence data; 6) And (4) carrying and analyzing the environment. According to the invention, the data acquisition in the ecological geological environment bearing capacity evaluation is converted from the original complex manual operation into the cooperative operation of the unmanned aerial vehicle, the crawler-type unmanned vehicle and the satellite, and the unmanned aerial vehicle, the crawler-type unmanned vehicle and the satellite jointly form a positioning type information acquisition, analysis, comparison and input system, so that the geological environment bearing capacity data can be conveniently acquired, analyzed and screened, thereby avoiding the manual complex operation, avoiding the data loss caused by manual error, and realizing the intelligent analysis and processing, thereby greatly improving the analysis and processing efficiency of the geological environment bearing capacity.",,G05D1/0278;G06Q10/0639;G06Q50/26;G05D1/0022;G05D1/12;G05D1/101,,20191030,2019,CN,2,True,False,True
69439088,CN-110796294-A,Method for optimizing production planning and pollution discharge right transaction,,"The invention discloses a method for optimizing production planning and pollution discharge right trading, which comprises the following steps: s1, acquiring basic data; s2, establishing a profit maximization model; s3, establishing a pollution discharge right distribution and transaction constraint cluster; s4, establishing a capacity constraint set; s5, carrying out robust optimization on the constraint conditions containing uncertain parameters in the pollution discharge right distribution and transaction constraint cluster and the accommodation amount constraint cluster respectively, and obtaining the pollution discharge right distribution amount constraint condition and the accommodation amount constraint condition through dual change correspondence; and S6, taking the pollution discharge right distribution amount constraint condition and the accommodation amount constraint condition as the constraint conditions of the profit maximization model, and optimizing the production planning and the pollution discharge right transaction. The method establishes a profit maximization model and a constraint condition thereof through environmental data conforming to natural laws and existing market data, and maximizes economic benefits of a target area through optimizing production planning and pollution right trading under the constraint condition conforming to water quality standards.",,G06Q10/04;G06Q10/0639;G06Q50/26;Y02A20/152,UNIV SICHUAN,20191014,2019,CN,1,False,False,True
69599236,CN-110852587-A,Emergency shelter site selection and resource distribution method and system,,"The invention discloses an emergency shelter site selection and resource distribution method and system, comprising the following steps: the method is characterized in that a grade difference thought is introduced on the basis of emergency shelter site selection and resource distribution process, victims and emergency shelters are graded according to injury degree and service level, and resource demand points of different grades have different priorities for resources; on the premise that the total capacity of the refuge station meets the total demand of the victims, a graded refuge site selection model is established with the aim of minimizing the total evacuation distance of the victims at low cost; on the basis of a location selection model for graded refuge, an allocation model is established with the aim of minimizing the amount of unsatisfied resources and considering the shortage of resources; combining the two models into one model, and simultaneously considering emergency shelter site selection and resource allocation; and solving the model by adopting a nesting algorithm. The invention provides a scheme capable of selecting addresses and distributing resources in consideration of different service levels of shelters and different resource priorities from the perspective of different injury degrees of victims.",,G06Q10/06315;G06Q50/26,UNIV HUAZHONG SCIENCE TECH,20191031,2019,CN,2,True,True,True
70104972,CN-210289242-U,Heating and heat-preserving integrated accommodation shelter,,"The utility model discloses a heating and heat-preserving integrated accommodation shelter, belonging to the technical field of accommodation shelters, comprising a shelter frame, wherein the top and the bottom of the shelter frame are respectively provided with a top plate and a bottom plate, and the top plate mainly comprises two layers of aluminum plates a, a steel frame a and a polyurethane filling layer a; the application of the accommodation shelter in plateau alpine regions is realized, a heating and heat preservation integrated composite structure system is developed by matching with a photovoltaic-assisted multi-energy comprehensive utilization technology and a film heating technology, a matched and assembled heat preservation and sealed accommodation shelter enclosing structure and a sealed heat preservation technology thereof are researched and designed, process devices such as heating and oxygen supply and a stable mode and an optimized configuration scheme of bedding and bedding are realized, a connection mechanism with self-sealing closed pressure bearing, no cold bridge or small heat transfer area is realized, a support mechanism without cold bridge or small heat transfer area is developed, the heating and heat preservation effects are good, and guarantee and measures are provided for emergency rescue arrangement and guarantee projects.",,,SHANDONG LONGHE ENERGY SAVING TECH CO LTD,20190729,2019,CN,1,True,True,False
70466771,KR-20200044492-A,Voting token System of local government bond and operation method thereof,지자체 공채형 보팅 토큰 시스템 및 그 운용 방법,"The present invention relates to a municipal bond-type voting token system and a method for operating the same, including: an issuance server transmitting an issued token to an intermediary server and receiving a value corresponding to the value of the token; the intermediary server performing electronic wallet storage and listing on the token received from the issuance server, performing settlement by receiving a token purchase request, a token purchase price, and a fee from a customer terminal, and storing the token corresponding in number to the token purchase price in a customer token electronic wallet matching the identification ID of the customer terminal; and the customer terminal performing settlement corresponding to the purchase request with respect to the token listed on the intermediary server and receiving customer token electronic wallet identification information storing the token corresponding to the amount of settlement. According to the present invention, intermediation is performed such that a token purchased by an investor is collected after exchange into an electronic voucher usable at a local online/offline store (traditional market, local shopping mall, local sports/performance watch, local accommodation facility, or local restaurant). Accordingly, existing tokens used simply for trading in cryptocurrency markets can be given various and integrated values, ranging from local governments, local commercial areas, culture, investors, and consumers, and regional economic revitalization can be achieved.","본 발명은 지자체 공채형 보팅 토큰 시스템 및 그 운용 방법에 관한 것으로서, 발행한 토큰을 중개서버로 전송하여 토큰의 가치와 대응하는 금액을 수신하는 발행서버; 발행서버로부터 수신한 토큰을 전자지갑에 저장하여 상장시키고, 고객 단말기로부터 토큰 구매요청, 토큰 구매대금 및 수수료를 수신하여 결제를 수행하며, 토큰 구매대금과 대응하는 개수의 토큰을 고객 단말기의 식별ID와 매칭한 고객토큰 전자지갑에 저장하는 중개서버; 중개서버에 상장된 토큰에 대한 구매요청과 대응하는 결제를 수행하고, 결제된 금액과 대응하는 토큰이 보관된 고객토큰 전자지갑 식별정보를 수신하는 고객 단말기를 포함한다. 
상기와 같은 본 발명에 따르면, 투자자가 구매한 토큰을 지역내의 온/오프라인 매장(재래시장, 지역형 쇼핑몰, 지역연고 스포츠/공연 관람, 지역 숙박시설 또는 지역 음식점)을 통해 사용가능한 전자상품권으로 환전하여 회수하도록 중개함으로써, 가상화폐 시장에서 단순 거래 용도로만 사용되던 종래의 토큰을 지자체, 지역상권, 문화, 투자자 및 소비자에 이르기 까지 다양하고 융합된 가치를 부여하고, 지역경제를 활성화하는 효과가 있다.",G06Q20/381;G06Q40/04;G06Q20/367;G06Q50/26;G06Q2230/00;G06Q20/3678;G06Q20/065,KIM JAE MAN,20181019,2018,KR,1,False,False,True
70518919,CN-111143410-A,"Accommodation public security management method, device and system",,"The invention relates to the field of computers, and discloses a method, a device and a system for lodging security management, which are used for solving the problem of low query efficiency of a management system, and the method comprises the following steps: the client receives and analyzes a query request instruction sent by a user, and acquires and sends corresponding information to be queried to the server; the server reads and returns content data matched with the information to be inquired to the client side in a preset cache region based on the received information to be inquired; and finally, rendering the preset query page by the client based on the returned content data and the preset rendering rule, and presenting the rendered query page. By adopting the mode of indexing the cache database, the content data matched with the information to be queried is read, the reading time of the server is greatly shortened, the rendering time of the client is shortened, the generation time of the rendered query page is shortened, and the query efficiency of the system is further improved.",,G06Q50/265;G06F16/24552;G06F16/248;G06F16/2282;G06F16/2272,AISINO CORP,20191219,2019,CN,1,False,False,True
70749659,CN-210622401-U,Emergency shelter CT structure,,"The utility model provides an emergency shelter CT structure, which relates to the technical field of medical equipment and comprises a shelter box body, wherein an isolated scanning room and an isolated operation room are arranged in the shelter box body; a CT scanning device consisting of a CT scanning frame and a diagnosis bed matched with the CT scanning frame is arranged in the scanning room; one side of the scanning room is provided with an isolation door, and one side of the operating room is provided with a door; the four walls, the top and the ground in the scanning room are all isolated protective layers; a distribution box and a control device for controlling the CT scanning device are arranged in the operating room. The utility model provides a shelter CT is independent of outside the hospital, can remove it to any place through the vehicle, has stronger flexibility, compares with fixed point hospital simultaneously, reducible cross infection&#39;s risk. Spacing the suite and scan reduces the chances of a doctor coming into face-to-face contact with the patient and reducing the risk of infection for the doctor. Meanwhile, an isolation protective layer is arranged between the scanning chambers, so that radiation leakage can be prevented.",,,MINFOUND MEDICAL SYSTEMS CO LTD,20200302,2020,CN,1,True,True,False
71184535,CN-111341138-A,Method for optimizing bus running efficiency,,"The invention provides a method for optimizing bus running efficiency. The method comprises the following steps: acquiring station passenger flow arrival distribution; acquiring the number of waiting passenger flows; acquiring the residual accommodation capacity of the bus passengers; predict the number of getting-on vehicles at the next station if The waiting passenger flow can all get on the bus, namely the number of the passengers getting on the bus under the condition At this time, the number of people Q staying in the platform i‑zhi 0; if it is At this time, it is stated that the waiting passenger flow cannot all board, that is, the number of boarding passengers is The number of people staying in the platform at the moment is Predicting the number of getting-off persons at the next station; determining the maximum value of the passenger flow for getting on and off the train; and predicting the standing time. By predicting the length of the stop of the bus and optimizing the bus running schedule, the invention can reduce the stop times in the running process of the bus, improve the arrival punctuality rate of the bus in the special bus and improve the running efficiency of the bus.",,Y02T10/40;G06F17/15;G06Q10/04;G06Q50/26;G08G1/123,UNIV NORTH CHINA TECHNOLOGY,20200324,2020,CN,2,True,False,True
71794528,CN-111489413-B,Transfer passenger flow visual analysis method applied to rail transit transfer station,,"The invention discloses a transfer passenger flow visual analysis method applied to a rail transit transfer station, which comprises the following steps: drawing a transfer plan according to basic information of a certain transfer station, and the area of a station hall and the accommodation capacity of the station hall; the transfer relationship between two transfer stations is represented by an arrow, and the colors of the stations and the arrow are changed according to the transfer passenger flow data acquired from the background; drawing a transfer diagram by adopting a quadrant representation method, wherein two transfer lines are taken as two coordinate axes, and the included angle of the two coordinate axes is ninety degrees; the invention has the characteristics of displaying the transfer passenger flow data of the rail transit to the user more clearly and intuitively, and facilitating the user to quickly and intuitively know the transfer passenger flow between lines and the basic information of the transfer station.",,G06T11/20;G06Q50/26;G06T11/40;Y02T90/00,,20200325,2020,CN,2,True,False,True
71867533,CN-111501909-B,Install in hidden fire hydrant of town road or building floor,,"The invention relates to a hidden fire hydrant installed on a municipal road or a building floor, which belongs to the technical field of fire hydrant equipment and comprises the following components: a fire hydrant; a placing cavity; the lifting assembly comprises a lifting platform, the lifting platform is arranged at the bottom of the placing cavity, an opening which is matched with the connecting piece and is used for the connecting piece to pass through and be communicated with the inner cavity of the fire hydrant is formed in the top of the lifting platform, the lifting platform and the fire hydrant are detachably installed through the fixing assembly, the lifting platform is vertically displaced through the lifting piece, and the lifting piece is arranged in the placing cavity and is used for driving the fire hydrant to extend out of the ground from the placing cavity; a fixing component and a sealing component. The invention aims to provide a concealed fire hydrant installed on a municipal road or a building floor, which has the capability of adjusting the water outlet position when fire fighting equipment is insufficient, can conceal the fire hydrant and effectively saves ground resources.",,E03B9/08;A62C35/20;E03B9/10;E03B9/12,,20200420,2020,CN,2,True,True,False
72652416,CN-111734478-A,Tunnel emergency shelter and using method thereof,,"The invention provides a tunnel emergency shelter and a using method thereof. The refuge cabin is buried underground, and the main channel is arranged at the top of the refuge cabin. The valve is arranged at the top of the main channel. The stable seat is sleeved on the surface of the refuge cabin. The shield tunnel emergency shelter and the using method thereof are characterized in that a refuge cabin, a valve, a stabilizing seat, a driving mechanism, a main channel and an arc channel are matched with each other. So that the invention can drill another channel nearby the invention by the drill bit after the initial channel opening is blocked by falling rocks, and meanwhile, people can rapidly leave the refuge chamber 1 through the arc-shaped channel. The tunnel rescue system is greatly convenient for personnel to use, the rescue speed is also improved, and the personal safety of workers in the tunnel is ensured.",,E21F11/00;E21F17/00,YIWU IND & COMMERCIAL COLLEGE,20200702,2020,CN,1,False,True,False
73192127,CN-111888694-A,Fire-fighting equipment classification storage mechanism for fire-fighting robot,,"The invention relates to the technical field of fire fighting equipment storage, in particular to a classified storage mechanism of fire fighting equipment for a fire fighting robot, which comprises a storage box main body, a supporting mechanism, an opening and closing mechanism, a first storage mechanism, a second storage mechanism and a third storage mechanism; when the fire extinguishing device is used, the fire extinguishing device can be directly and rapidly rotated conveniently in the preparation stage through the corresponding rack and gear structure, and the fire extinguishing device can be conveniently used; the second storage mechanism is arranged in the middle of the inner cavity of the storage box body, and the waterproof belt is well limited through the matching of the opening and closing mechanism and the corresponding spring clamping block structure, so that the condition that the water belt is tangled and knotted is avoided, and the use process is convenient; settle third receiving mechanism in the bottom of containing box main part inner chamber, through corresponding rack and pinion drive assembly, conveniently carry out nimble regulation to the accommodation space for storage space is more even facing not unidimensional fire engine can distribute, has avoided storage space&#39;s waste.",,A62C8/00,HANGZHOU YITU NETWORK TECH CO LTD,20200709,2020,CN,1,False,True,False
73649163,JP-2020197814-A,"Information processing program, information processing method and information processing device",,"To output information on vacant houses that can be provided as evacuation shelters upon occurrence of disaster.SOLUTION: A disaster information reception unit receives information on disaster-stricken districts, refers to a resident DB, generates a target district list screen that displays households living in the disaster-stricken districts, and identifies the households (disaster-stricken households) that require evacuation based on input from the local government staff. Then, a matching unit identifies information on vacant houses that can be provided as evacuation shelters (excess/deficiency information) from information on the identified disaster-stricken households and information on the vacant houses of public housing other than the disaster-stricken districts, and outputs it to local government terminals via an output unit.SELECTED DRAWING: Figure 9",,Y02A10/40,FUJITSU LTD,20190531,2019,JP,1,False,True,True
73722689,CN-212141227-U,Square cabin of forest fire-fighting equipment,,"The utility model provides a forest fire control equipment shelter of putting out a fire, including shell body and inner deck, the inner deck setting is inside the shell body, with the shell body is connected, the inner deck is provided with bearing groove and bearing mechanism, there is bearing space in the bearing groove, bearing groove is provided with first track, bearing mechanism is provided with the wheel that rolls, the wheel that rolls cooperatees with first track, bearing mechanism can follow first orbital movement in the bearing groove, bearing mechanism is provided with accommodation space. The fire extinguishing equipment is placed in the bearing mechanism, the disaster relief personnel need to open the bearing mechanism to take out the fire extinguishing equipment, the rolling wheels are matched with the first rail, friction is reduced by the rolling of the rolling wheels, work required by the emergency personnel to open the bearing mechanism is reduced, time required for taking out the fire extinguishing equipment is shortened, and the disaster relief efficiency is improved.",,,TIANBEN INTERNATIONAL TECH DEVELOPMENT BEIJING CO LTD,20200421,2020,CN,1,True,True,False
74774105,CN-112412294-A,Upward-moving high-flame-retardant steel fireproof window,,"The invention discloses an upward-moving high-flame-retardant steel fireproof window, and relates to the technical field of fireproof windows. The window comprises a window frame, wherein the top in the window frame is rotatably connected with an upper window; the bottom end of the upper window is hinged with a lower window; the bottom end of the lower window is hinged with a limiting end plate; two ends of the limiting end plate are respectively matched with the window frame in a sliding way; clamping frames which are mutually clamped with the window frame are sleeved in the two ends of the limiting end plate; a spring is sleeved between one end of the two clamping frames and the two ends of the limiting end frame. The window frame, the upper window, the lower window, the limiting end plate, the clamping frame and the spring are matched for use, the upward-moving opening-closing type structure is adopted, the clamping frame sleeved inside two ends of the limiting end plate is clamped with the window frame mutually under the action of the spring, the upward-moving position of the lower window is limited, the window can be opened completely, the ventilation performance is good, the accommodation experience of residents is improved, the situation that a person in danger rapidly escapes in a fire disaster is guaranteed, and the practicability is strong.",,E06B5/165;E05C17/02;E06B7/02;E06B3/483,JIANGSU SHENGYANG FIRE DOOR IND CO LTD,20201119,2020,CN,1,False,True,False
75456498,CN-112686791-A,Intelligent system and method for guiding people air defense evacuation shelter in real time by utilizing two-dimensional code,,"The invention relates to a method for guiding personnel to prevent air evacuation and shelter in real time by utilizing two-dimensional codes, an intelligent system, electronic equipment and a computer readable storage medium, wherein the method comprises the steps of carrying out air attack threat area division on a city and carrying out threat environment grade evaluation; the mobile terminal acquires current position information; the server matches the threat environment level of the area where the position is located according to the received position information, generates corresponding marking information according to the threat environment level and sends corresponding instruction information to the mobile terminal; the mobile terminal receives and displays the instruction information; and planning a path by the mobile terminal. According to the method, different marking information is respectively displayed on areas with different threat levels according to the attack threat degree of the air attacks possibly suffered by each area in the city during war and the positioning data of the mobile terminal, and peripheral evacuation areas or sheltering places are pushed pertinently according to the threat levels, so that people in the air attack defense fight are accurately guided to evacuate and shelter.",,,JIANGSU JIEFANG TECH CO LTD,20210108,2021,CN,1,False,True,True
75935581,CN-213249184-U,Novel emergent shelter intelligence CT,,"The utility model discloses a novel intelligent CT of an emergency shelter, which comprises a base, wherein a box body is arranged at the upper end of the base, a disinfection device is arranged inside the box body, and a movable door is arranged at one side of the disinfection device; a shell is arranged on one side of the box body, the shell is movably matched and connected with the box body, a sealing door is arranged at the joint of the shell and the box body, the sealing door is movably matched and connected with the box body, and a sterilizer is arranged on the shell close to the upper end of the sealing door; a storage box is arranged in the shell and is communicated with the sterilizer; the lower end of the storage box is provided with a controller which is electrically connected with the sealed box; the lower end of the base is provided with an electric power storage device, the electric power storage device is fixedly connected with the box body, and the electric power storage device is electrically connected with the sealing door, the controller and the disinfection device; the utility model discloses simple structure, convenient to use can short-term test, has improved the work efficiency who detects.",,,GUIZHOU ZHEMING MEDICAL TECH CO LTD,20200430,2020,CN,1,True,True,False
77079902,JP-2021117780-A,Resource accommodation support device and resource accommodation support method,,"To provide a resource accommodation support device and resource accommodation support method in which optimal resource allocation is achieved in consideration of the difference in the provision form for each resource.SOLUTION: A resource accommodation support device 10 has a matching processing unit 32. A matching processing unit 32 acquires a resource-providing offer list 117 showing a resource-providing form of the resources capable of being provided by a resource provider, and a resource-providing wish list 118 showing the resource-providing form wished by a resource receiver. The matching processing unit determines the combination between the resource provider for delivering resources and the resource receiver on the basis of these information. The resource-providing offer list 117 and the re-resource-providing wish list 118 include information showing the type of the resources, respectively. The matching processing unit 32 determines the combination on the basis of the type of the resources.SELECTED DRAWING: Figure 4",,G06Q50/10;G06Q50/26;G06Q30/06,HITACHI LTD,20200127,2020,JP;WO,2,False,True,True
77249186,CN-213987320-U,One-stop administrative approval and efficiency supervision equipment,,"The utility model relates to the technical field of administrative supervision approval equipment, and discloses a one-stop administrative approval and efficiency supervision equipment, which comprises an administrative approval supervision device, wherein a display screen is fixedly arranged on the front side of the administrative approval supervision device, a card reading device is fixedly arranged on the top of the administrative approval supervision device, a maintenance box plate is movably arranged on the right side of the administrative approval supervision device, a fixed clamping plate is fixedly arranged on the left side of the maintenance box plate, the one-stop administrative approval and efficiency supervision equipment drives a transmission shaft and a mechanical gear to rotate by rotating a rotary button matched with a power transmission belt, the mechanical gear rotates to drive a mechanical rack to translate and a movable rod to translate and a telescopic spring and a support rod to drive the movable rod to move, the movable clamping short shafts on the two sides are contracted and displaced towards the middle under the tension, so that the movable clamping short shafts and the fixed clamping plate can be released from clamping, the quick maintenance and inspection of the internal elements of the administrative examination and approval monitoring device by the user are realized.",,,NANJING KINGKONG INFORMATION TECH CO LTD,20201231,2020,CN,1,True,False,True
77492154,WO-2021171107-A1,Emergency shelter with modular retractable structure,,"Following post-disaster needs that should be addressed promptly, timely provision of shelter is a priority because it is effective in post-disaster tolerance. This need is met through an emergency shelter with a retractable structure. A shelter that is lightweight and would be set up with the least number of people, and also has a high setup speed can be applied in all areas with no installation training. Moreover, the advantage of an expandable structure that can be retracted and keep the environment safe is also considered. Also, modular structures make it possible for the units to be incorporated and provide larger spaces suitable for different numbers of people. This point can develop the field related to post-disaster reconstruction and be helpful in resolving pertinent issues.",,E04H15/28;E04H15/26;E04H15/46;E04B2001/0092,ABBASIAN GHAZALEH,20200229,2021,WO,1,False,True,False
78012872,CN-113505928-A,Risk avoiding transfer method,,"The invention discloses a risk avoiding transfer method which comprises a flood flooding condition obtaining step, a transfer condition confirming step and a transfer route planning step. The refuge area is judged to be a surplus village or an overflow village by determining the accommodation threshold amount, the capacity to be transferred and the occupied capacity of the refuge area, so that the situation that only transfer in the village or transfer among the villages and towns is needed is determined, and a route is planned preliminarily. The inner flooded area then determines the target transfer point by identifying the closest refuge area, and then plans a specific route based on the evasive area between the two. The invention considers various conditions encountered during refuge and plans a route according to different conditions, thereby ensuring that personnel in an internal inundated area can be safely transferred as soon as possible.",,Y02A10/30;G06Q50/265;G06Q10/047;Y02A10/40,ZHEJIANG DAYU INFORMATION TECH CO LTD,20210714,2021,CN,1,False,False,True
78894425,CN-113806832-B,Community earthquake emergency evacuation space optimization design method based on behavior simulation,,"The invention provides a community earthquake emergency evacuation space optimization design method based on behavior simulation, which comprises the following steps: s1: constructing a virtual environment analysis model reflecting a real high-density community; s2: establishing a post-earthquake high-density community emergency evacuation space analysis model; s3: constructing an emergency evacuation simulation model of personnel in a high-density community after earthquake; s4: optimizing and integrating the layout of the space of the community emergency shelter; s5: establishing a high-density community emergency refuge time satisfaction coverage model; s6: and simulating the post-earthquake emergency evacuation dynamic process of community personnel in the high-density community space unorganized and organized scenes respectively, and comparing and verifying the scientificity of division of the organized evacuation service responsibility areas. The community earthquake emergency evacuation space optimization design method based on behavior simulation can be used for researching the post-earthquake emergency evacuation of urban high-density communities, optimizing the high-density community emergency evacuation space and improving the post-earthquake emergency evacuation and guaranteeing capacity of the high-density communities.",,G06F30/12;G06F30/20;G06Q50/265;Y02A10/40,,20210831,2021,CN,1,True,True,True
79185021,CN-113789864-B,Assembled multi-limb L-shaped special-shaped column capable of recovering functions and assembling method thereof,,"The application provides an assembled multi-limb L-shaped special-shaped column with a restorable function and an assembling method thereof, wherein an L-shaped supporting surface comprises three groups of supporting frames and three groups of force-holding steel structures correspondingly arranged on the supporting frames, the force-holding steel structures are wrapped with force-holding rubber plates, core columns can be matched with the force-holding steel structures to transfer loads to brackets, and in the process, the force-holding rubber plates are positioned in local areas on the upper parts of the brackets and can generate elastic compression deformation, so that the top plate and the force-holding plates are relatively displaced; the L-shaped special-shaped column arranged in the structure is suitable for corners of a building, has strong structural stability, ensures that the L-shaped special-shaped column has enough torsion resistance, can meet the function of replacing the damper, prolongs the service life of the structure, and can self-reset under the action of small earthquake or medium earthquake.",,E04G21/02;E04G21/14;E04H9/0237;E04H9/0215;E04H9/021;E04B1/98;E04C5/03;E04B1/58;E04B1/30,,20211014,2021,CN,1,True,True,False
79712825,CN-215441624-U,Anti-collision guardrail,,"The utility model provides an anti-collision guardrail. Anticollision barrier includes: the device comprises a base, a buffer mechanism and two anti-collision mechanisms; the buffer mechanism is arranged on the base and comprises an installation cavity, the installation cavity is formed in the base, a moving block and two first springs are arranged in the installation cavity, a T-shaped block is fixedly arranged at the bottom end of the moving block and extends into the base and is in sliding connection with the base, and the top end of the moving block extends out of the base and is in sliding connection with the base. The anti-collision guardrail provided by the utility model has the advantages that the buffer mechanism is arranged, so that the support plate can be quickly displaced when the guardrail is impacted by a vehicle, the impact of the vehicle is avoided to a certain extent, meanwhile, the first spring is arranged, the absorption of partial energy when the vehicle is impacted is realized, the buffer capacity of the guardrail is improved to a certain extent, and great casualties and losses of lives and properties of people are avoided.",,,HEBEI HUAJIU METAL PRODUCTS CO LTD,20210623,2021,CN,1,True,True,False
80150780,CN-215786727-U,Safe ladle transfer device,,"The utility model discloses safe ladle transfer equipment, which comprises a bottom plate, wherein a fixing plate is fixedly connected to the top of the bottom plate close to the left side, a first bearing is fixedly connected at the position of the fixed plate close to the center, a threaded rod penetrates through the inner cavity of the first bearing, the left end of the threaded rod is fixedly connected with a hand wheel, the top of the bottom plate close to the right side is fixedly connected with a fixed block, the top of the fixed block is provided with a round block, the left side of the round block is fixedly connected with a second bearing, the mutual matching of all the parts ensures that the steel ladle has the function of simultaneously clamping the inside and the outside of the steel ladle, so that the equipment has the advantages that the steel ladle can not be displaced when the steel ladle is transported by the transportation device after the equipment clamps the steel ladle, thereby ensuring the safety of personnel and equipment in the transportation process and avoiding casualties and property loss caused by accidents in the transportation process.",,,YIMINGSHENG GUANGZHOU AUTOMOBILE STEEL PARTS CO LTD,20210824,2021,CN,1,True,True,False
80467630,CN-215979100-U,Fire-fighting engineering is with fire partition roll curtain,,"The utility model discloses a fire-proof partition rolling curtain for fire engineering, which comprises an equipment main body, wherein a motor is arranged on one side of the equipment main body, a fixed block is arranged in the equipment main body, a bearing is arranged in the fixed block, a rotating shaft is arranged on the inner side of the bearing, a hinge is arranged on the outer ring surface of the rotating shaft, a fire-proof curtain is arranged on the inner side of the hinge, a valve is arranged on the outer surface of the fire-proof curtain, a smoke-blocking device is arranged below the fire-proof curtain, a water bag is arranged in the fire-proof curtain, a connecting hose is arranged at the upper end of the water bag, a supporting plate is arranged on the inner side of the smoke-blocking device, a telescopic spring is arranged on the lower surface of the supporting plate, a limiting groove is arranged in the smoke-blocking device, the supporting plate and the telescopic spring are descended by arranging the supporting plate, the telescopic spring, a connecting block and a partition pad, and when the telescopic plate descends to the bottom end of the partition pad, the partition rolling curtain is matched with the connecting block by the limiting spring, the separation pad is displaced to the outer surface of the fire-proof curtain, thereby preventing the toxic gas from overflowing from the bottom end of the fire-proof curtain to cause injury to personnel.",,,ZHEJIANG SINGTAI CONSTRUCTION ENG CO LTD,20210907,2021,CN,1,True,True,False
80547191,CN-216056142-U,Large-accommodation-capacity cable bridge capable of adjusting wiring assembly,,"The utility model discloses a cable bridge with adjustable wiring components and large holding capacity, which relates to the technical field of cable bridges and comprises a bearing box and a waterproof cover, wherein a plurality of cable supporting plate components are arranged in the bearing box and are distributed in an upper layer and a lower layer, so that more cables can be laid in the bearing box compared with the traditional cable bridge, the holding capacity of the cable bridge is improved, the cable supporting plate components are distributed in layers, the cables can be distributed in a dispersed manner, heat can be quickly dissipated, the cables can be prevented from being wound in a staggered manner, the cable maintenance difficulty in the later period can be avoided, each cable can be fixed between two arc-shaped clamping plates by a positioning component when the cables are laid, the cables are independent of other cable bundles, the condition that the cables are laid in an excessively concentrated manner, the heat cannot be dissipated timely, and a fire disaster is caused is avoided, in addition, the distance between the two arc-shaped clamping plates can be adjusted according to the diameters of the cables, thereby being suitable for the cable laying of various specifications.",,,HANGZHOU XIAOSHAN CONSTANT INCIDENCE LINE EQUIPMENT LTD COMPANY,20210927,2021,CN,1,True,True,False
80945868,CN-216239959-U,Split type movable CT emergency shelter,,"The utility model relates to a split type movable CT emergency shelter which comprises a fixing device and a locking device arranged in the fixing device, wherein the fixing device comprises two bases, sliding grooves are formed in positions, close to two sides, of the tops of the bases, and clamping grooves are formed in positions, close to two ends, of the tops of the bases. According to the design of the emergency shelter, the base, the fixing plate, the connecting frame, the limiting rod, the inserting rod, the fixing rod, the side plate and the top plate are matched with each other, so that the emergency shelter is stable in overall structure and cannot shake or collapse, meanwhile, radiation of a CT machine cannot leak, then the position of the fixing plate is fixed through the matching of the locking mechanism and the locking block, the fixing plate is firm and cannot shake, the emergency shelter can be normally used, and meanwhile, compared with a traditional emergency shelter, the emergency shelter is convenient to disassemble, assemble and transport.",,,SHANDONG DONGLII MEDICAL SPECIAL INTELLIGENT EQUIPMENT LTD COMPANY,20211117,2021,CN,1,True,True,False
82280787,CN-114742404-A,Forest environment value-based selective cutting method and system,,"The invention discloses a forest environment value-based felling selecting method and a forest environment value-based felling selecting system, wherein the method comprises the following steps of: acquiring basic data of a forest to be selectively cut; determining the natural growth rate and the maximum environmental capacity of the forest to be selectively cut according to the basic data of the forest to be selectively cut; determining the selective cutting strength based on the total amount of trees before cutting and the total amount of trees after cutting of the forest to be selectively cut; determining a selective cutting period according to the selective cutting intensity and the natural growth rate; determining the maximum selective cutting intensity on the premise of not reducing the maximum environmental accommodation capacity according to the set indexes of the forest ecological environment condition; determining the carbon seal storage of forest products according to the selective cutting period; determining the total carbon seal storage amount according to the carbon seal storage amount of the forest product and the carbon seal storage amount of the forest; determining the relation between the total carbon sequestration amount and the selective cutting strength; obtaining a comprehensive score based on scores of carbon sequestration corresponding to different purposes; and obtaining the selective cutting area of the forest to be selectively cut according to the maximum selective cutting intensity and the total forest area corresponding to the highest comprehensive score.",,G06Q50/26;G06Q10/06393;G06Q50/02;Y02P90/84,UNIV QILU TECHNOLOGY,20220411,2022,CN,1,False,False,True
82469193,CN-217042283-U,Processing device for energy-storage luminous paint for emergency shelters,,"The utility model relates to the technical field of luminescent paint processing, in particular to a processing device for energy-storing luminescent paint of emergency shelters, which comprises a lifting cylinder, wherein a piston rod of the lifting cylinder is connected with a lifting beam, two ends of the lifting beam are respectively provided with a main shaft and a motor, the main shaft is connected with a dispersion disc, a cylinder body of the lifting cylinder is connected with a supporting arm, a notch is formed on the supporting arm, the main shaft is arranged in the notch, the supporting arms at two sides of the notch are respectively connected with a slide block through guide rails, the slide block is connected with a connecting arm, one end of the connecting arm far away from the slide block is connected with a semi-annular scraping block, the inner cambered surfaces of the two semi-annular scraping blocks are oppositely arranged, the inner wall of the semi-annular scraping block can be matched with the outer wall of the main shaft, the supporting arm is provided with a driving mechanism for driving the two slide blocks to move in opposite directions or back to back, the utility model has the advantages of reasonable design, can clear up the main shaft fast, and the life height of clearance part.",,,TIANYUHENGDUN SECURITY TECH CO LTD,20220406,2022,CN,1,True,True,False
82638078,CN-114849095-A,Working method of breathing air pressure reduction system suitable for emergency shelter of shelter,,"The invention discloses a working method of a respiratory air pressure reducing system for emergency shelter, which is suitable for a shelter, and comprises the following steps: s1, the air pressure of the compressed air in the high-pressure air bottle group is P0, and the air pressure of the compressed air is reduced to P1 after the compressed air passes through the primary pressure reducing mechanism; step S2, after the air output from the primary pressure reducing mechanism passes through the secondary pressure reducing mechanism, the air pressure is reduced to P2; and step S3, releasing the air output from the two-stage pressure reduction mechanism into the environment through the output mechanism for the breathing of the person. The invention can lead the finally output gas flow to be stabilized at 480 cubic meters per hour through the matching of the first-stage pressure reducing mechanism, the second-stage pressure reducing mechanism and the output mechanism, can be used by a plurality of persons in the shelter for a long time, ensures the life safety of the persons before the rescue is reached, and strives for time for the rescue.",,A62B9/02;A62B9/00;A62B7/02,DRAGON ENERGY TECH SUZHOU CO LTD,20220512,2022,CN,1,False,True,False
82701076,KR-20220105482-A,Method for constructing evacuation routes by each transportation modes in disaster,재난 시 교통수단 별 대피 경로 산출 방법,"Disclosed is a method for calculating evacuation routes by transportation means in a disaster, which can select an optimal shelter by reflecting road congestion in accordance with the locations of shelters in a disaster. According to one aspect of the present invention, the method for calculating evacuation routes by transportation means in a disaster is realized on a processor and comprises: a step of selecting a shelter candidate among predesignated shelters; a passage assigning step of a personal transportation means for running to the shelter candidate for the personal transportation means; a step of calculating passage time for each link of a road network in accordance with the passage assignment of the personal transportation means; a step of selecting a candidate evacuation route of public transportation means in accordance with the passage time for each link; and a step of calculating total evacuation time of the public transportation means and the personal transportation means, and determining whether to reselect the shelter candidate in accordance with the total evacuation time.","재난 시 교통수단 별 대피 경로 산출 방법이 개시된다. 본 발명의 일 측면에 따르면, 프로세서상에서 구현되는 재난 시 교통수단 별 대피 경로 산출 방법으로서, 기 지정된 대피소 중 대피소 후보지를 선정하는 단계와; 개인 교통수단에 대해 상기 대피소 후보지까지 운행을 위한 상기 개인 교통수단의 통행 배정 단계와; 상기 개인 교통수단의 통행 배정에 따라 도로 네트워크의 링크 별 통행시간을 산출하는 단계와; 상기 링크 별 통행시간에 따라 대중 교통수단의 후보 대피 경로를 선정하는 단계와; 상기 개인 교통수단과 상기 대중 교통수단의 총 대피시간을 산출하고, 상기 총 대피시간에 따라 상기 대피소 후보지를 재선정 여부를 결정하는 단계를 포함하는, 재난 시 교통수단 별 대피 경로 산출 방법이 제공된다.",G06Q50/26;G01C21/3407;G06Q50/30;G06Q10/047;G06Q50/10;G06Q50/40,UNIV KOREA RES & BUS FOUND,20210120,2021,KR,2,True,True,True
82796340,CN-217208749-U,Geological disaster early warning device,,"The application provides a geological disaster early warning device, including chassis and fixed connection in the dead lever of chassis roof, still include: the bottom reinforcing part is connected to the bottom wall of the underframe, and the input end of the bottom reinforcing part penetrates through the underframe and extends towards the inside of the fixing rod; the height adjusting component comprises a screw rod which is rotationally connected to the inner wall of the fixed rod and a lifting rod which is connected to the inner wall of the fixed rod in a sliding manner through a limiting groove, and the lifting rod is in threaded connection with the screw rod; the crank part is connected to the outer wall of the fixed rod and matched with the bottom reinforcing part and the height adjusting part; and the early warning component is fixedly connected to the top end of the lifting rod. Can highly adjust the early warning in this application, increased the practicality of device, the installation and the later maintenance of the equipment of being convenient for, accommodation process is steady simultaneously, and cooperation spring and damping carry out the shock attenuation to the siren, avoid causing the damage to equipment in accommodation process, and the practicality is stronger.",,Y02A50/00,SHANDONG REFRACTORIES GROUP CO LTD,20220209,2022,CN,1,True,True,False
82862057,CN-114936747-A,Method for calculating comprehensive index of bearing capacity of regional resource environment,,"The invention discloses a method for calculating a regional resource environment bearing capacity comprehensive index, which comprises the following steps of: acquiring regional resource environment bearing capacity measurement and calculation data consisting of socioeconomic development data and natural resource environment data; and constructing a windmill-quadrilateral model for the resource bearing capacity index RCI, the environmental accommodation capacity index ECI, the ecological adaptability index EAI and the socioeconomic development capacity index SDI of the region to be detected to obtain a resource environment bearing capacity comprehensive index REBCI of the region to be detected, and determining the resource environment bearing capacity state of the region to be detected by comparing the resource environment bearing capacity comprehensive index REBCI with the standard balance index. According to the method, the REBCI is measured and calculated through modeling fusion of the RCI, the ECI, the EAI and the SDI, and then the state of the limitation of the bearing capacity of the resource environment is obtained. The invention has important scientific and practical guiding significance for establishing and perfecting the early warning monitoring mechanism of the bearing capacity of the regional resource environment and formulating and implementing the territorial space planning.",,G06Q10/06393;G06Q10/06313;G06Q50/26;G06F16/2462;G06F16/283;G06F16/29;Y04S10/50,UNIV NORTHWESTERN POLYTECHNICAL,20220413,2022,CN,1,False,False,True
83227456,WO-2022123357-A1,Rapidly constructible emergency shelter with internal suspended bases,,"Millions of people yearly become homeless due to natural disasters. Incidents such as earthquakes and floods can cause a lot of damages and homelessness to a large number of people. So, the timely provision of shelter is a priority. This need is met through a lightweight emergency shelter with a high setup speed that can be applied in all areas with no installation training. Furthermore, a modular shelter with the least material waste in its assembling procedure can influence retaining the environment. This matter can have a significant impact on conserving vital resources. This issue can develop the field of post-disaster reconstruction and help resolve related difficulties.",,E04B1/3404;E04H15/48;E04H15/28;E04H9/16;E04B1/19,ABBASIAN GHAZALEH,20201207,2021,WO,1,False,True,False
83324634,CN-115115485-B,Water environment capacity verification method based on control unit water quality target classification management,,"The invention provides a water environment capacity verification method based on control unit water quality target classification management. The method comprises the following steps: s1: a monitoring section is arranged, and the water environment quality is monitored; s2: dividing the management and control categories to obtain management and control unit categories, and evaluating the emission of pollution sources in each management and control unit; s3: adopting SWAT model and river channel hydrodynamic water quality model coupling to establish a river basin output and river channel water quality relation model of runoff and non-point source load, and calculating the water environment capacity of each control unit; s4: and (3) according to the requirements of the water quality targets of the watershed, a pollutant reduction scheme is formulated and refined to each management and control unit. The method of the invention optimizes the total pollutant emission reduction strategy and the like by researching the environmental accommodation upper limit of the social and economic development of the land control unit and using the water environment capacity as the constraint, thereby solving the problems of economic development mode, industrial structure, space layout, energy structure adjustment and transformation, and providing technical assistance for building important ecological barriers on the upper stream of Yangtze river.",,G06Q50/26;G06Q10/06395;G06F16/29;G06F30/20;G06F2119/14;G06F2113/08,,20220330,2022,CN,1,True,False,True
83848233,WO-2022230185-A1,"Shelter allocation device, shelter allocation method, and program",,"This shelter allocation device comprises: a first acquisition unit which acquires the respective positions of disaster victims when a disaster occurs; a second acquisition unit which acquires, for the disaster victims, estimation values of the respective timings for canceling evacuation; and an allocation unit which acquires a result of allocating the disaster victims to certain shelters, respectively, for each division interval obtained by dividing a period, by solving an integer planning problem that is intended to minimize the sum of a cost required for the disaster victims to move from the respective positions to the respective shelters among a plurality of shelters, a cost required for the victims to move between the respective shelters in the period until the cancellation of evacuation, and an operation cost for the plurality of shelters. Thus, the shelter allocation device enables the allocation of the shelters in consideration of a period in which the disaster victims use the shelters.",,G06Q50/26,NIPPON TELEGRAPH & TELEPHONE,20210430,2021,WO,1,False,True,True
83856445,CN-115310769-A,Scenic spot area security management method and device,,"The invention provides a scenic spot area security management method and a device, wherein the method comprises the following steps: determining the number of users in the target area based on the positioning of the users in the scenic spot area; determining a pedestrian volume threshold value of the target area based on the environmental characteristics of the target area; and under the condition that the number of the users is larger than the people flow threshold value, carrying out safety management on the target area. According to the scenic spot area safety management method and device, the personnel distribution conditions of different positions in the scenic spot area are counted, the personnel accommodation capacity corresponding to different positions in the scenic spot area is specifically analyzed by combining the environmental characteristics in the scenic spot area, and therefore users of different positions in the scenic spot area are managed, the number of personnel in different areas is reasonably controlled, crowding and treading are avoided, and safety of the users is guaranteed.",,G06V20/53;G06Q50/26;H04W4/023;H04W4/021;G06Q10/0637,INSPUR COMMUNICATION & INFORMATION SYSTEM CO LTD,20220711,2022,CN,1,False,False,True
84567934,KR-20220169057-A,Tooth embedding method of information identification body for emergency situation and disappearance prevention of denture wearer and application linkage service method of tooth embedded type information identification body,틀니 착용자의 위급상황 및 실종방지를 위한 정보식별체의 치아 매립방법 및 치아 매립형 정보식별체의 어플리케이션 연동 서비스 방법,"The present invention relates to a tooth embedding method of an information identification body for preventing an emergency situation of a denture wearer and disappearance of dentures, and an application linkage service method of a tooth embedded type information identification body, the tooth embedding method comprising: a first step (S1) of forming an accommodation groove (10) by machining a groove on the surface of a tooth (5) of completed dentures (2) or partial denture with a hand piece or partially cutting the same with a milling machine; a second step (S2) of inserting and embedding an information identification chip (20) into the accommodation groove (10) so as not to outwardly protrude from the accommodation groove (10); a third step (S3) of forming a composite resin part (30) by filling the accommodation groove (10) in which the information identification chip (20) is embedded with a composite resin; a fourth step (S4) of curing and fixing the composite resin part (30) on the tooth (5) by means of a photopolymerization action by irradiating ultraviolet rays to a protrusion part (31) and an area around the same with a photopolymerizer (41); a fifth step (S5) of grinding the cured protrusion part (31) with a grinder so as to match the surface of the tooth (5) in a horizontal line while polishing the same; and a sixth step (S6) of forming a coating layer (60) by applying a coating agent on the ground composite resin part (30).","본 발명은 틀니 착용자의 위급상황 및 실종방지를 위한 정보식별체의 치아 매립방법 및 치아 매립형 정보식별체의 어플리케이션 연동 서비스 방법에 관한 것으로 틀니 및 부분틀니에 NFC, 비콘(Beacon) 등의 RFID와 위치추적이 가능한 GPS를 매립하는 기술을 바탕으로 제작된 스마트한 틀니로서 착용하는 고령자 및 치매환자는 물론 잠재적 치매환자, 병원이력, 치과 정보이력이 있는 일반인 등의 위급상황 발생 시 어플리케이션을 통하여 틀니착용자의 병력정보를 즉각 확인할 수 있을 뿐 아니라, 빠른 병력조회로 골든타임을 확보할 수 있고, 또한 실종사고 발생 시 위치 및 신상정보를 즉각 확인할 수 있으며 정보 식별체를 틀니의 치아 내부에 안정적으로 매립할 수 있도록 함과 아울러, 식별 어플리케이션을 통하여 정보식별체에 등록된 보호자와 틀니착용자에게 틀니 세척정보 시작과 종료를 문자로 전송 알림 서비스를 제공하고 위급상황에 놓인 실종노인, 장애인 등의 정보(인적사항)를 GPS를 통한 실종된 지역 어플리케이션 가입자에게 실종된 사람의 인적사항(이름, 특징, 얼굴사진 등)을 단체 문자를 전송할 수 있으며, 긴급 문자를 받은 그 지역의 다운로드된 어플리케이션의 사용자가 실종자를 찾으면 어플리케이션내의 제보하기를 통하여 그 지역의 위치를 전송할 수 있도록 하기 위해, 완성된 틀니(2) 또는 부분틀니의 치아(5) 표면에 핸드피스로 홈가공하거나 밀링기로 부분절삭가공하여 수용홈(10)을 형성하는 제1단계(S1); 상기 수용홈(10)에 건강정보 및 신상정보가 인식되는 식별수단이 포함된 정보식별칩(20)을 수용홈(10) 외측으로 비돌출되도록 삽입 내장하는 제2단계(S2); 상기 정보식별칩(20)은 고령자 또는 치매환자 등의 이름, 혈액형, 전화번호, 주민등록번호, 병원이력을 포함하는 개인신상정보가 저장된 NFC칩이거나, 그 대상의 위치를 파악하는 아이비콘(iBeacin)으로 된 스틱(20a) 형태 또는 시트(20b) 형태로 형성되고, 상기 정보식별칩(20)이 매립된 수용홈(10) 내에 복합레진을 충진하여 복합레진부(30)를 형성하는 제3단계(S3); 상기 복합레진부(30)는 수용홈(10)의 외측으로 돌출부(31)가 형성되도록 하고, 상기 수용홈(10)의 외측으로 형성된 돌출부(31)를 포함한 주변에 광중합기(41)로 자외선을 조사하여 광중합 작용으로 치아(5) 상에서 복합레진부(30)를 경화시켜 고정하는 제4단계(S4); 상기 경화된 돌출부(31)를 연마기로 연마하여 치아(5)의 표면과 수평선상 일치되도록 하면서 광택처리하는 제5단계(S5); 상기 연마된 복합레진부(30) 상에 코팅제를 도포하여 코팅층(60)을 형성하는 제6단계(S6);를 포함하여 이루어지는 것을 특징으로 한다.",A61C13/08;A61C19/00;G01S19/17;A61C3/02;A61C13/0003;G01S1/0423;A61C2204/005;A61C2201/002;A61C8/0095;A61C13/02;A61C3/06;G06K19/0723,DENTIROAD CO LTD;HAN HUN SUB;NOH KWAN TAE;PARK YEONG DAE,20210617,2021,KR,1,False,True,False
84781998,CN-115587416-A,"Modular design, prefabrication and construction method of emergency shelter hospital infrastructure",,"The invention relates to a modular design and prefabrication and construction method of emergency shelter hospital infrastructure; the system comprises an air-conditioning heating and ventilating system, a water supply and drainage system, a medical oxygen system, a power distribution system and an intelligent information system; the method comprises the steps of carrying out modular modeling and unique code assigning on basic functional units of a cabin body of the emergency mobile hospital and standard basic components in a matched support system through BIM digitization and visual design technologies to form a unit module library, calling and assembling modules according to project design requirements when a project is implemented, generating professional construction drawings with positioning base points and module codes after project model building is completed and collision check and optimization design of professional pipelines, and simultaneously transmitting BIM module information data to a PDM product manufacturing database of a manufacturer through BIM and PDM information interfaces to carry out basic unit module prefabrication production, so that the aims of rapid design, standardized manufacturing and efficient deployment of the emergency mobile shelter hospital are fulfilled.",,G06F30/13;G06F30/18;G06F30/20;G06Q50/04;G06Q50/08;G06F2111/20;G06F2113/14;G06F2113/16,YUNNAN BUILDING INDUSTRIALIZATION RES AND DEVELOPMENT CENTER CO LTD,20221104,2022,CN,1,False,True,False
85512712,KR-20230032555-A,A system for performing service steering using real-time triggering in the event of a major disaster and a terminal therefor,실시간 트리거링을 활용한 서비스 스티어링을 수행하기 위한 시스템 및 이를 위한 단말,"According to an embodiment of the present invention, a system for performing service steering comprises: a base station configured to report the number of simultaneous access terminals when a terminal attempts a first type of voice service connection; and a steering device configured to determine whether the number of simultaneous access terminals exceeds a threshold value of a maximum accommodation capacity criterion set according to a steering scenario and configured to transmit a fallback triggering request message to the base station to trigger a fallback procedure for providing a second type of voice service connection when the threshold value is exceeded as a determination result.","본 발명의 실시예에 따른 서비스 스티어링을 수행하기 위한 시스템은 단말이 제1 종의 음성 서비스 연결을 시도하면, 동시 접속 단말의 수를 리포트하는 기지국과, 상기 동시 접속 단말의 수가 스티어링 시나리오에 따라 설정된 최대 수용 용량 기준의 임계치를 초과하는지 여부를 판별하고, 상기 판별 결과, 상기 임계치를 초과하면, 제2 종의 음성 서비스 연결을 제공하는 폴백 프로시저를 트리거하도록 하는 폴백트리거링요청 메시지를 상기 기지국으로 전달하는 스티어링장치를 포함한다.",H04W28/0942;H04W24/10;H04W28/0846;H04W28/0983,SK TELECOM CO LTD,20210831,2021,KR,1,False,True,False
86086805,CN-218932758-U,Assembled passageway in sanitary passing area,,"The utility model discloses an assembled passage in a sanitary passing area, which belongs to the technical field of emergency construction of shelter hospitals for new coronary pneumonia and comprises an assembled passage and a matched finished product passing ramp, wherein the assembled passage consists of a column foundation, a column, a main keel, a secondary keel, a platform plate, a ramp plate, steps and a railing. The emergency storage is made for meeting the emergency requirements of emergency shelter hospital construction, the assembly concept is fully utilized, local materials are obtained on the traditional construction site, a channel with steps, slopes and railings is manufactured, the emergency storage device is used daily, emergency deployment is carried out to shelter hospital sites during epidemic situations, the emergency storage device is directly utilized, the emergency storage device is efficient and convenient, when the size of a transport vehicle is large, the railings are pulled downwards, the moving slopes extend out of the assembly channel, the transport of the transport vehicle cannot be influenced by the railings, the transport vehicle can be conveniently opposite to a transport door under the action of the moving slopes, and the practicability of the emergency storage device is improved.",,Y02A30/60,CHINA CONSTRUCTION 3RD ENG BUREAU GROUP CO LTD,20220824,2022,CN,1,True,True,False
86142467,KR-102523631-B1,Gas Leak And Fire Detection System,가스누출 및 화재발생 감지시스템,"The present invention relates to a gas leak and fire detection system, wherein both gas leak and a fire are detected and transmitted to a terminal. The gas leak and fire detection system comprises: a danger detection device including a housing part having a plurality of bored holes formed on an outer side surface and having an accommodation space formed therein, an acoustic sensor module installed inside the housing part to measure the outer frequency of outer sound introduced through the bored holes, a camera module installed inside the housing part to photograph the outside of the housing part, a memory module having at least one set frequency stored therein and installed inside the housing part, an acoustic camera part installed inside the housing part and including a control signal output module for matching the set frequency stored in the memory module with the outer frequency of the outer sound measured by the acoustic sensor module and outputting a danger signal if a matching value is equal to or greater than a reference matching value, and a flame detection part including a flame sensor module installed inside the housing part to detect the wavelength of a flame generated outside the housing part and to output the waveform of current corresponding to the detected wavelength, a flame waveform storage module having at least one flame reference waveform stored therein and installed inside the housing part, and a fire determining module installed inside the housing part, matching the waveform of current output from the flame sensor module with the flame reference waveform stored in the flame waveform storage module, and outputting a fire signal when a matching value is equal to or greater than a reference matching value; and a monitoring device for outputting images photographed by the camera module. Therefore, gas leak from a pipe can be detected accurately by detecting the sound of the gas leak.","본 발명은 가스 누출과 화재 발생을 모두 감지하여 단말기에 전송하는 가스누출 및 화재발생 감지시스템이다. 이러한 가스누출 및 화재발생 감지시스템은 외측면에 복수 개의 타공홀이 형성되고 내부에 수용공간이 형성된 하우징부, 하우징부의 내부에 설치되어 타공홀을 통해 유입된 외부 소리의 외부주파수를 측정하는 음향센서모듈과, 하우징부의 내부에 설치되어 하우징부의 외부를 촬영하는 카메라모듈과, 적어도 하나의 설정주파수가 저장되어 하우징부의 내부에 설치된 메모리모듈과, 하우징부의 내부에 설치되어 메모리모듈에 저장되어 있는 설정주파수와 음향센서모듈에서 측정된 외부 소리의 외부주파수를 매칭하여 매칭값이 기준매칭값 이상이면 위험신호를 출력하는 제어신호출력모듈이 구비된 음향카메라부 그리고 하우징부의 내부에 설치되어 하우징부의 외부에서 발생된 불꽃의 파장을 감지하여 감지한 파장에 대응하는 전류파형을 출력하는 불꽃센서모듈과, 적어도 하나의 불꽃기준파형이 저장되어 하우징부의 내부에 설치된 불꽃파형저장모듈과, 하우징부의 내부에 설치되어 불꽃센서모듈에서 출력되는 전류파형과 불꽃파형저장모듈에 저장되어 있는 불꽃기준파형을 매칭시켜 매칭값이 기준매칭값 이상 일 때, 화재신호를 출력하는 화재판별모듈이 구비된 불꽃감지부를 포함하는 위험감지장치; 및 카메라모듈에서 촬영된 영상을 출력하는 모니터링장치를 포함한다.",G08B17/12;G08B21/12;G08B17/10;G08B25/10;G06T2207/30204;G01H3/04;G08B21/182,CHANG SUNG ACE CO LTD,20220919,2022,KR,1,True,True,False
86773749,WO-2023112157-A1,"Shelter allocation device, shelter allocation method, and program",,"This shelter allocation device comprises: a first acquisition unit configured to acquire an estimate of the time at which each victim will go back home when a disaster occurs; a second acquisition unit configured to acquire the location of each victim for each time interval from the time of the disaster; and an allocation unit configured to, for each time interval and on the basis of the location of each victim as obtained for the time interval and the locations of a plurality of shelters, solve an integer programming problem that aims to minimize the sum of the cost for each victim to move to an opened shelter without exceeding the capacity of the shelter and an operating cost based on the time spent by each victim in each shelter during the time interval, and thereby obtain the result of allocating each victim to a shelter for the time interval. Thus the shelter allocation device makes it possible to allocate shelters taking into account the period during which victims use the shelters.",,Y02A10/40;G08B27/00,NIPPON TELEGRAPH & TELEPHONE,20211214,2021,WO,1,False,True,False
86833414,CN-116289775-A,Damping expansion joint structure of high-intensity area inland river overhead vertical frame wharf,,"The invention provides a damping expansion joint structure of an overhead vertical frame wharf in a river in a high-intensity area, which comprises elastic filling materials filled in expansion joints between adjacent cantilever beams, wherein the elastic filling materials can effectively provide an expanded displacement deformation space for the adjacent cantilever beams; a rigid joint-crossing plate is arranged below the elastic filler; the anti-damage device comprises a seam crossing plate, a cantilever beam, a sliding rail, a turntable, pulleys, a movable part of the turntable, and a movable pulley, wherein an anti-damage interval is arranged between the seam crossing plate and the cantilever beam, the bottom of the cantilever beam is provided with the sliding rail, the turntable is fixedly arranged on the seam crossing plate, and the pulley which is matched with the seam crossing plate in a moving way is arranged on the turning movable part of the turntable, so that an anti-damage state which can be universally displaced is formed under the action of an earthquake. According to the invention, by using the high-strength elastic filler as the filler of the expansion joint, not only can damping be formed to provide good shock absorption performance for the wharf structure, but also the influence of earthquake action on the wharf structure can be greatly reduced.",,E02B3/16;E02B3/068,POWERCHINA HUADONG ENGINEERING CORP LTD;ZHEJIANG HUADONG ENGINEERING CONSTRUCTION MANAGEMENT CO LTD,20230220,2023,CN,1,False,True,False
87267686,CN-218818128-U,Compensation type sealing structure for fire-fighting spray header,,"The utility model discloses a compensation formula seal structure for fire sprinkler head, including seal gasket, sealing member and reference column, seal gasket is metal gasket, and seal gasket includes sealing and supporting part, and the sealing member is provided with the accommodation space that supplies the sealing to place, and the sealing sets up in the accommodation space. The sealing gasket is not easy to shift because the accommodating space of the sealing element surrounds the sealing part of the sealing gasket; the metal elastic sealing gasket is in a bowl-shaped or dish-shaped structure and is matched with the sealing element, so that the compensation capability is stronger, the elasticity can be kept under the conditions of long-time sealing and unstable water pressure, and the situations of water seepage and water leakage are avoided after long-time work; the utility model provides the high yield with the shower nozzle assembly to make and ensure that shower nozzle performance is stable, durable, safe and reliable, start nimble adhesion-free phenomenon and reduction in manufacturing cost.",,Y02A40/22,,20220930,2022,CN,1,True,True,False
87538742,CN-116572678-A,Amphibious emergency rescue vehicle for sudden dangerous situations,,"The invention relates to the technical field of river emergency rescue, in particular to an amphibious emergency rescue vehicle which comprises a vehicle body, a traveling gear train, a power device and a rescue system. The travelling wheel system is used for supporting a vehicle body and is composed of at least 4 travelling tires. The power device is loaded by the vehicle body and is matched with the travelling wheel system. The rescue system is also borne by the vehicle body and comprises a deployable rescue frame. The amphibious emergency rescue vehicle has the functions of land rescue and water surface rescue. When an emergency happens, the power device is started, each walking tire continuously rotates circumferentially under the action of input power until the vehicle body is displaced to the shore of the scene to be rescued, or after the amphibious emergency rescue vehicle enters water, the amphibious emergency rescue vehicle also sails to the water area to be rescued under the action of the driving force of the power device, and then the rescue frame can be unfolded to execute stretching action, so that rescue workers can approach the person or object to be rescued.",,B60F3/0038;B60F3/0061;B63C9/00,UNIV JIANGSU SCIENCE & TECH,20230425,2023,CN,1,False,True,False
87947910,CN-116752808-A,Windproof and shockproof temporary housing for municipal house building engineering,,"The invention discloses a windproof and shockproof temporary housing for municipal house construction engineering, which relates to the technical field of temporary buildings and comprises a house main body, wherein the outer side of the house main body is of a cambered surface structure, and the diameter of the house main body is gradually increased from top to bottom; the house main body comprises mounting panel, fossil fragments frame, polylith house board, roof, fossil fragments frame fixed mounting is in the top of mounting panel, the polylith the circumference fixed mounting of house board is in the inside of fossil fragments frame, roof fixed mounting is in the polylith the top of house board. The house main body of the cambered surface structure has good wind resistance, so that air flow can flow through the surface of the house quickly, wind resistance can be effectively reduced, the pressure born by the steel structure is reduced, and the house is more stable in typhoon weather; the stabilizing component can stably connect the mounting plate with the ground, so that the shockproof capacity of the house main body is increased, the shock absorbing component can reduce the shock suffered by the house main body, and the shockproof capacity of the house main body is improved.",,E04H1/02;E04D13/00;E04B1/98;E04H9/02;E04H9/021;E04H9/14;E02D5/80,CHINA RAILWAY SIGNAL & COMMUNICATION SHANGHAI ENG BUREAU GROUP CO LTD,20230720,2023,CN,1,False,True,False
88543088,KR-102596482-B1,System for providing seasonal worker total management service,외국인 계절근로자 통합관리 서비스 제공 시스템,"The present invention provides a system for providing an integrated management service for a seasonal foreign worker. A server for providing an integrated management service includes: a worker terminal receiving a job hunting matching result after setting a jot matching condition including a career and a desired condition; a user terminal uploading business place information and a confirmation of an employer who is an object of seasonal worker arrangement, and assigned with a worker according to a predetermined assignment method when a document satisfying a criterion of an accommodation according to a basic plane of a seasonal worker program is issued; a receipt unit determining issuing of the document according to whether the criterion of the accommodation is satisfied, and receiving a job offer matching condition from the user terminal and an administrative agency terminal managing the user and the worker of the user terminal and the worker terminal; a business place management unit receiving the upload of the business place information and the confirmation of the employer who is the object of seasonal worker arrangement from the user terminal and storing the same; a registration unit registering a business place of the user terminal as an accommodation condition satisfaction business place in case of issuing the document satisfying the criterion of the accommodation by the administrative agency terminal; a matching unit performing matching by receiving the registration of the job hunting matching condition and the job offer matching condition from the worker terminal and the user terminal; and an assignment unit registering the worker in the business place when the worker of the worker terminal is assigned to the business place of the user terminal by the administrative agency terminal. The system for providing an integrated management service for a seasonal foreigner worker manages a business place change or leaving the business place of the worker and shares the document with an involved agency server when an administrative agency sets an involved agency.","외국인 계절근로자 통합관리 서비스 제공 시스템이 제공되며, 경력 및 희망조건을 포함하는 구직매칭요건을 설정한 후 구직매칭결과를 수신하는 근로자 단말, 사업장 정보 및 계절근로자 배치대상 고용주 확인서를 업로드하고, 계절근로자 프로그램 기본계획에 따른 숙소의 기준을 만족하는 서류를 발급받은 경우, 기 설정된 배정방식에 따라 근로자를 배정받는 사용자 단말, 숙소의 기준을 만족하는지의 여부에 따라 서류의 발급여부를 결정하며, 근로자 단말 및 사용자 단말의 근로자 및 사용자를 관리하는 행정기관 단말 및 사용자 단말로부터 구인매칭요건을 설정받는 접수부, 사용자 단말로부터 사업장 정보 및 계절근로자 배치대상 고용주 확인서를 업로드받아 저장하는 사업장관리부, 행정기관 단말에서 숙소의 기준을 만족하는 서류를 발급하는 경우 사용자 단말의 사업장을 숙소조건충족 사업장으로 등록하는 등록부, 근로자 단말 및 사용자 단말로부터 구직매칭요건 및 구인매칭요건을 등록받아 매칭을 실시하는 매칭부, 행정기관 단말에서 근로자 단말의 근로자를 사용자 단말의 사업장에 배치하는 경우 근로자를 사업장에 등록하는 배정부를 포함하는 통합관리 서비스 제공 서버를 포함한다.",G06Q10/1053;G01S19/01;G06F16/5846;G06F40/10;G06F40/20;G06Q10/063114;G06Q50/26,ENJOYWORKS,20230210,2023,KR,1,True,False,True
88766866,CN-220057609-U,Limiting anti-seismic device for middle-span and small-span continuous beam bridge,,"The utility model relates to the technical field of buildings, and particularly discloses a medium-span and small-span continuous beam bridge limiting anti-seismic device which is arranged between a main beam and a non-braking pier and comprises a support cushion stone, a first stop block, a rubber block and a second stop block; the support cushion stone is fixedly arranged at the top of the non-braking bridge pier, and a movable support is arranged between the support cushion stone and the main beam; the first stop block is fixed at the top of the non-braking bridge pier and is arranged at the side end of the support cushion stone, and a inhaul cable is connected between the rubber block and the support cushion stone; the bottom of locating the girder is fixed to the second dog, is connected with the spring between second dog and the rubber piece, and the spring makes the rubber piece have along the trend that the bridge moved to the second dog all the time, forms accommodation gap between second dog and the first dog. The utility model solves the defect that the continuous beam can not participate in the forward bridge anti-seismic together under the earthquake working condition, improves the anti-seismic capacity of the bridge, and can avoid the defect that the continuous rigid frame receives larger forward bridge bending moment under the normal working condition.",,,GUANGZHOU URBAN PLANNING & DESIGN SURVEY RES INST,20230524,2023,CN,1,True,True,False
89755463,CN-117522655-A,Data processing method and device for garbage point area,,"The application provides a data processing method and device for a garbage point area, and relates to the technical field of electric digital data processing, wherein the method comprises the following steps: monitoring first weight change data of a first garbage point and monitoring second weight change data of a second garbage point; if the first weight change data and the second weight change data are in an abnormal change state, acquiring first image data and acquiring second image data; determining target object data according to the first image data and the second image data, determining first garbage falling data according to the first image data, and determining second garbage falling data according to the second image data; determining a target destruction coefficient of the target object according to the first weight change data, the second weight change data, the first garbage drop data, the second garbage drop data and the target object data; and determining the accommodation priority and the target accommodation policy of the target object according to the target destruction coefficient, wherein the calculation overhead is low and the living experience of people can be improved.",,G06Q50/26;G06V20/52,JIANGXI ZONJLI HIGH TECH CO LTD,20240108,2024,CN,2,True,False,True
89764040,CN-117521908-B,"Urban space region suitability evaluation method, system and terminal",,"The invention discloses a city space region suitability evaluation method, a system and a terminal, wherein the method comprises the following steps: obtaining urban comprehensive index data, uniformly dividing urban space into a plurality of urban grids, and calculating urban population accommodation capacity of each urban grid according to the urban comprehensive index; obtaining street view image data of each city grid, and respectively obtaining population accommodation amount predicted values of each city grid according to population accommodation amounts of all cities and all street view image data; acquiring mobile phone signaling data, and calculating population estimation of each urban grid according to the mobile phone signaling data; and respectively calculating suitability indexes of each urban grid according to the predicted value of each people mouth accommodation amount and the corresponding estimated value of each people mouth, and finishing urban space region suitability evaluation of each urban grid according to each suitability index. The invention realizes fine suitability evaluation and provides innovative theoretical basis and technical support for constructing more accurate urban structures and realizing efficient traveling of residents.",,Y02A30/60;G06Q50/26;G06Q10/043,,20231120,2023,CN,2,True,False,True
90007627,CN-220550435-U,Stable bridge anti-seismic support,,"The utility model belongs to the technical field of bridge earthquake resistance and bridge earthquake reduction and isolation application, and particularly discloses a stable bridge earthquake-resistant support. The utility model has the beneficial effects that: 1. the T-shaped guide rail is fixedly arranged on the connecting plate and is matched with the T-shaped chute at the bottom of the cover plate, the T-shaped guide rail can slide in the T-shaped chute 12, and when the beam body is transversely displaced, the T-shaped guide rail can be extruded to the T-shaped limiting block in the sliding process, so that the transverse displacement of the beam body can be buffered, and the energy of the earthquake transverse wave can be absorbed; 2. the upper part of the base is provided with a cylindrical groove matched with the wall surface of the vibration absorbing cushion block, and the bottom surface of the cylindrical groove is fixedly provided with a high-strength spring, so that the buffer effect on the longitudinal displacement of the beam body can be effectively realized, and the longitudinal wave energy is absorbed.",,,CCCC INVEST NANJING CO LTD,20230713,2023,CN,1,True,True,False
90105753,JP-2024031334-A,"Evacuation plan creation method, evacuation plan creation device and program",,"To provide a method of creating an evacuation plan of selecting an evacuation destination to which a user can surely evacuate by considering the accommodation capacity of the evacuation destination and difficulty of evacuation.SOLUTION: An evacuation plan creation method comprises the steps of: setting a first zone that is the most dangerous, a second zone that is the temporary evacuation destination and a third zone that is the final evacuation destination; setting evacuees who stay in the first zone to the third zone; setting a support resource used for movement support between the zones; and calculating the evacuees and the support resource moving from the first zone to the second zone, the evacuees and the support resource moving from the first zone to the third zone and the evacuees and the support resource moving from the second zone to the third zone such that an evacuation cost between the respective zones satisfies a constraint condition and satisfies a prescribed evacuation strategy condition.SELECTED DRAWING: Figure 1",,,MITSUBISHI HEAVY IND LTD,20220826,2022,JP,1,False,True,True
90756119,CN-117939261-A,Fire-fighting supervision and inspection device with multipoint positioning information acquisition function and use method,,"The invention discloses a fire-fighting supervision and inspection device with multipoint positioning information acquisition function and a use method thereof. According to the invention, the problems that the existing fire supervision and inspection device cannot flexibly adjust the shooting capturing range, cannot acquire and shoot multi-point information, has poor applicability to the external complex environment, does not have the function of anti-theft locking, is easy to be pushed and displaced by other personnel at will, cannot adjust the checking angle and affects the observation comfort of the staff are solved by matching the anti-skid jacket, the guide seat, the movable block, the electric push rod, the connecting rod, the multi-section electric telescopic rod, the guide frame, the mounting frame, the touch screen controller, the RFID reader, the anti-skid hemispherical jack, the cross rod, the connecting sleeve, the anti-skid inserted rod, the camera, the driven gear, the driving gear, the servo motor, the supporting block, the guide post, the movable rod, the connecting frame and the fixed block.",,H04N7/181,Sun Baiji,20221014,2022,CN,1,False,True,False
90756706,CN-117933835-A,"Crowd evacuation and placement method, equipment, device and medium used in the sunset of storm",,"The application relates to the technical field of disaster emergency treatment, in particular to a crowd evacuation and placement method, equipment, a device and a medium before heavy rain, which are based on a digital elevation model to divide a submerged unit of a target area; combining the historical rainfall and the inundation data corresponding to the inundation unit to establish a rainfall inundation model of the inundation unit; acquiring a placement point in a target area; classifying the available placement points based on the data of the available placement points, the medical interest point data of the target area and the road network data; the method and the system can be used for distributing people at the evacuation points to the optimal placement points by combining the accommodation capacity of the placement points and the medical and health resource conditions, so that the emergency evacuation scheme at the beginning of a storm disaster is more reasonable and orderly.",,G06Q50/265;G06Q10/067,GUANGZHOU URBAN PLANNING & DESIGN SURVEY RES INSTITUTE CO LTD,20240108,2024,CN,1,False,True,True
90850318,CN-117959648-A,Hot melting type opening method of fire-fighting nozzle and fire-fighting nozzle,,"The invention discloses a hot-melt type opening method of a fire-fighting nozzle and the fire-fighting nozzle, comprising the following steps: in the initial state, the axial connecting piece and the hot melting piece are mutually matched and limit the first core assembly and the second core assembly in the axial direction, so that the plugging assembly is closed by being abutted by the first core assembly; the hot melt piece flows out after being heated and melted, so that the axial limiting distance between the first movement assembly and the second movement assembly is increased; the second movement assembly moves away from the first movement assembly along the axial direction, and the first limiting piece moves outwards in the first through groove so as to release the limiting effect of the first limiting piece on the first limiting part of the first movement assembly; the first core assembly is axially displaced to release interference to the plugging assembly, so that the fire sprinkler is opened for spraying.",,A62C37/11;A62C31/28;A62C31/005,NINGBO ZHURONG FIRE TECH CO LTD,20230404,2023,CN,1,False,True,False
91245519,CN-118128148-A,Municipal drainage well with ponding degree of depth monitoring function,,"The invention belongs to the technical field of ponding depth monitoring equipment, and relates to a municipal drainage well with a ponding depth monitoring function, wherein a main structure comprises a laser ranging device, a gyroscope device, a data wireless transmission device and a controller, and the four parts are matched together, so that the dynamic monitoring of the water level below a well lid can be realized, the intelligent dynamic monitoring of a municipal drainage pipe network is met, the real-time monitoring of possible waterlogging hidden danger points is realized, and after the well lid is displaced, the remote alarm is realized through the data wireless transmission device, so that the real-time monitoring of the well lid state is realized; the intelligent monitoring system has the advantages that the structure is simple, the principle is scientific and reliable, the water accumulation depth and the well lid state in the well can be monitored in real time, the hidden danger of waterlogging can be identified rapidly, an alarm can be sent out timely, the running efficiency and the safety of the urban drainage system can be improved, the occurrence of waterlogging disasters can be reduced, the intelligent monitoring of the municipal drainage well can be realized, and the efficiency and the safety of the drainage system can be improved.",,E03F2201/20;G01C1/00;G01B11/22;G01S17/08;G01F23/284;H04Q9/00;G08B21/18;E03F5/06;E03F5/041;E03F5/0401,QINGDAO GEOLOGICAL ENGINEERING INVESTIG INSTITUTE QINGDAO GEOLOGICAL EXPLORATION DEVELOPMENT BUREAU,20240306,2024,CN,1,False,True,False
91256398,CN-221079567-U,Emergency refuge place has sign of LED display screen,,"The utility model discloses an identification label with an LED display screen in an emergency shelter, which comprises a bottom plate, wherein the upper end of the bottom plate is fixedly connected with a fixed seat, the upper end of the fixed seat is symmetrically provided with telescopic rods, the sides of the fixed seat are provided with driving motors, one end of each driving motor is provided with a rotating shaft, one end of each rotating shaft is fixedly connected with a second bevel gear, a threaded rod is arranged in the fixed seat, a first bevel gear is arranged outside the threaded rod, a bearing is arranged at the bottom of the fixed seat, the lower end of the threaded rod is mutually matched with the bearing, the outer threads of the threaded rod are connected with thread blocks, push rods are arranged on two sides of the thread blocks, and the upper ends of the two push rods extend to the outside through the upper ends of the fixed seat and are provided with support rods. Through the structure, the push rod can push the vertical plate to move under the cooperation of the threaded rod and the threaded block, so that the height of the signboard is adjusted.",,,SHENZHEN YUANANBANG CONSULTING SERVICE CO LTD,20231106,2023,CN,1,True,True,False
91297358,CN-118153787-A,Rain and tide disaster emergency risk avoiding path and material allocation optimization method,,"The invention relates to the technical field of emergency risk avoidance, in particular to a rain and tide disaster emergency risk avoidance path and material allocation optimization method. The method comprises the following steps: collecting area basic data to construct a rain and tide simulation model, and carrying out submerged result simulation by using the rain and tide simulation model; constructing a mathematical model of the human-vehicle emergency refuge transfer path according to the inundation simulation result and by taking the shortest overall transfer time of population of the disaster area as a target and integrating the safety of the transfer path, the placement capacity of the emergency refuge site and the maximum time consumption constraint; and according to the risk avoiding transfer result, constructing an emergency risk avoiding material allocation model by taking the highest supply degree of personnel materials in the emergency shelter as a total target and integrating the safety of allocation routes and the constraint of maximum allocation time consumption. According to the invention, by combining a rain and tide simulation model, an emergency risk avoiding transfer path mathematical model and an emergency risk avoiding material allocation model and through an intelligent optimization algorithm, the accuracy of risk avoiding transfer and material allocation under a forecast disaster situation is improved.",,G06Q50/26;G01C21/3407;G06Q10/047;G06Q10/06315;G06Q10/04,PEARL RIVER HYDRAULIC RES INST PEARL RIVER WATER RESOURCES COMMISSION,20240511,2024,CN,2,True,True,True
91602649,CN-118261763-B,Digital twin city people flow simulation display method and system,,"The invention provides a method and a system for simulating and displaying the traffic of a digital twin city, which are applied to the field of data scene simulation; according to the invention, through collecting the pre-recorded people flow data, characteristic parameters of the moving path, density distribution and congestion duration are identified, so that the understanding of population flowing modes and trends is facilitated, the characteristic parameters can reveal population flowing rules and changing trends, important references are provided for planning and management of digital twin cities, meanwhile, a pre-trained prediction model is applied to conduct hot spot prediction on people flow simulation scenes, so that the identification of high-density areas and congestion hot spots of population flowing is facilitated, guidance is provided for management staff, targeted management and adjustment measures are adopted, the preset flexible layout content in the digital twin cities is invoked, the demand adjustment is conducted by applying the flexible layout content and changing design functions, the optimization of space utilization of the preset areas and organization of population flowing is facilitated, and the accommodation capacity and adaptability of the cities are improved.",,G06N3/044;G06F30/27;G06Q50/26,,20240514,2024,CN,2,True,False,True
91639437,CN-118267035-B,Emergent limbs rescue hemostasis equipment of sanitation service,,"The invention discloses a medical emergency limb rescue hemostatic device, which relates to the technical field of emergency rescue and comprises a first device body and a second device body, wherein the first device body and the second device body are clamped by a connecting component, the inner wall of the first device body is connected with a plate in a sliding manner, a pressing plate is arranged in the first device body, the top surface of the pressing plate is fixedly connected with a pressing rod, the inner wall of the pressing rod is connected with a limiting rod in a sliding manner, the upper end of the limiting rod is fixedly connected with the inner wall of the first device body, two arc plates are arranged in the pressing plate, two groups of hemostatic components and a matching component are further arranged, the pressing plate can be displaced relatively quickly in the vertical direction through the arrangement of the two groups of hemostatic components, and the two arc plates can follow the displacement in the displacement process of the pressing plate and deflect simultaneously through the mutual matching of the structures.",,A61B2017/12004;A61B17/12,,20240408,2024,CN,2,True,True,False
91884170,CN-118365220-A,Bearing capacity evaluation method and device for emergency shelter and electronic equipment,,"The invention provides a bearing capacity evaluation method and device for an emergency shelter and electronic equipment, and belongs to the technical field of bearing capacity evaluation, wherein the method comprises the following steps: constructing a bearing capacity evaluation index system of the emergency shelter, and acquiring quantized scores corresponding to the bearing capacity evaluation indexes respectively; based on the bearing capacity evaluation index, a first weighting method is used for obtaining first weights respectively corresponding to the bearing capacity evaluation index; based on the bearing capacity evaluation index, a second weighting method is used for obtaining second weights respectively corresponding to the bearing capacity evaluation index; based on the first weight and the second weight, a combination weighting method is used for obtaining combination weights respectively corresponding to the bearing capacity evaluation indexes; and calculating and obtaining the bearing capacity score of the emergency refuge site based on the quantized scores respectively corresponding to the bearing capacity evaluation indexes and the combination weights respectively corresponding to the bearing capacity evaluation indexes. The accuracy of bearing capacity evaluation can be improved.",,G06Q50/26;G06Q10/06393,AEROSPACE INFORMATION RESEARCH INSTITUTE CHINESE ACADEMY OF SCIENCES,20240619,2024,CN,2,True,True,True
91998716,CN-118390676-A,Building shock insulation layer is with tensile device of pulling out,,"The invention discloses a pull-out resistance device for a building shock insulation layer; the anti-pulling device comprises an upper buttress, a lower buttress and an anti-pulling structure, wherein the anti-pulling structure is arranged between the upper buttress and the lower buttress; the pulling-resistant structure comprises a pulling-resistant block arranged between the upper buttress and the lower buttress, and the pulling-resistant block can be displaced between the upper buttress and the lower buttress along the left-right direction or the front-back direction; the tensile pulling structure further comprises two groups of guide components which are arranged in a staggered manner, and the two groups of guide components are respectively used for guiding the left-right direction displacement process and the front-back direction displacement process of the tensile block; and a plurality of pull-resisting rods are pre-buried on the upper buttress and the lower buttress. The pulling-out resistant device provided by the invention can adapt to horizontal deformation and vertical compression deformation of the shock insulation layer, can limit the vertical pulling deformation of the shock insulation layer, solves the problem of small tensile bearing capacity of the shock insulation layer of the shock insulation building, and effectively prevents the building shock insulation layer from being pulled to be damaged under the action of high intensity earthquake.",,E04H9/021;E04B1/98;E04B1/36,YUNNAN ZHUNING DAMPING TECH CO LTD,20240426,2024,CN,1,False,True,False
92191994,CN-118481404-A,Mobile disaster prevention refuge place suitable for mountain village,,"The invention discloses a movable disaster prevention refuge site suitable for mountain villages, which comprises a movable platform and an umbrella-shaped expansion assembly connected to the movable platform, wherein the umbrella-shaped expansion assembly comprises a traffic tower column, a grabbing disc anchor knife assembly, umbrella ribs and a hosting platform, the traffic tower column is a multi-stage hydraulic telescopic mechanism, the bottom end of the traffic tower column is connected with the movable platform through a turnover mechanism, the top end of the traffic tower column is connected with one end of the umbrella ribs through a hinge assembly to form an umbrella-shaped structure, the other end of the umbrella ribs is connected with the ground through the grabbing disc anchor knife assembly to be straight, the hosting platform is connected between the traffic tower column and the umbrella ribs and is used for bearing refuge personnel, and the hosting platform is built in multiple layers along the axial direction of the traffic tower column; according to the invention, the telescopic multi-layer type accommodation platform is formed in the vertical space through the movable platform and the umbrella-shaped expansion assembly, so that the purposes of enhancing the space stability of the refuge site and expanding the space capacity of the refuge site accommodation space are realized, and the refuge site accommodation space is used for personnel to carry out refuge accommodation.",,E04H15/32;E04H15/54;E04H15/60;E04H15/62;E04H15/34;E04H15/06;Y02A50/00,UNIV SOUTHWEST NATIONALITIES,20240531,2024,CN,1,False,True,False
92236141,CN-118490007-A,Multifunctional transportation back box,,"The invention discloses a multifunctional transportation back box, wherein the bottoms of side plates are connected with the periphery of a bottom plate through foldable buckles to form a box body, two detachable braces which are connected up and down are arranged on the side plate at the front side of the box body, and universal wheels are arranged at the bottoms of the front side of the bottom plate and the tops of the side plates at the rear side of the box body; a handle is arranged at the top of the side plate at the front side of the box body; a soft cushion layer is arranged outside the side plate at the front side of the box body and is formed by folding tent cloth; the inside wear-resisting string that is equipped with of braces, wear-resisting string fills braces inner space and sets up the shackle at the afterbody. The invention forms the box body through the combination of the bottom plate and the side plate, and can be used for transporting fire-fighting tools; the side plates are unfolded and matched with the universal wheels to form a transport vehicle, so that the articles can be conveniently transported; the side plates are disassembled and then are buckled with the foldable buckles to form a tent frame, and tent cloth is covered to form a tent, so that long-time outdoor operation accommodation is facilitated; the wear-resistant string in the harness can be taken out for binding objects.",,A45C13/00;A45F3/04;A45F4/04,SONG CHUNFANG,20240531,2024,CN,1,False,True,False
92257425,CN-221541891-U,Accommodation ladder is stepped on to lifeboat,,"The utility model discloses a lifeboat boarding accommodation ladder, which comprises a vertical ladder assembly and an inclined ladder assembly, wherein the vertical ladder assembly comprises two vertical ladder side frames, a plurality of sliding grooves distributed in a linear array are formed in one side wall, close to each other, of each vertical ladder side frame, a plurality of self-lifting assemblies distributed in a linear array are connected in a sliding manner in the sliding grooves of the two vertical ladder side frames, and each self-lifting assembly comprises a connecting sliding plate, two pressing plates, two connecting contacts, two lifting springs, a plurality of decelerating contacts, a plurality of decelerating springs and two fixing plates. The utility model solves the problem that the traditional ladder needs to climb step by step when in use, and the lifting spring is matched with the engagement slide plate which can actively descend by the weight of the evacuee to climb downwards, so that the problem of low rescue efficiency caused by low climbing speed of the evacuee in a bumpy environment is avoided, and the speed reduction spring can reduce the speed when the evacuee is close to the descending bottom, thereby ensuring the safety of the evacuee.",,,SHANGHAI YANTU SHIP MARINE TECH CO LTD,20240122,2024,CN,1,True,True,False
93006719,CN-221831562-U,Fire control pipeline mounting bracket for fire engineering,,"The application relates to the field of fire-fighting pipeline installation, and discloses a fire-fighting pipeline installation rack for fire-fighting engineering, which comprises a fixed bracket, wherein a pipeline main body is installed at the inner edge of the fixed bracket, fixed plates are fixedly installed at the bottoms of the front end and the rear end of the fixed bracket, first installation seats are fixedly connected to the middle parts of the two sides of the fixed plates, a movable supporting rod is rotatably installed at the middle part of one end of the inner wall of the first installation seat, a movable sleeve is sleeved on one side of the outer surface of the movable supporting rod, a spring is installed in the movable sleeve, and a second installation seat is movably installed at the top part of one side of the outer surface of the movable sleeve; according to the application, the movable support rod is matched with the movable sleeve to support the fixed support in an inclined manner, so that the effect of conveniently preventing the whole pipeline main body from being horizontally displaced is achieved, the whole stable supporting effect of the fixed support on the pipeline main body is improved, the problem that the fixed support is driven to loosen by horizontal displacement after the pipeline main body is used for a certain time is solved, and the whole installation effect of the pipeline main body is improved.",,,ANHUI CHENGRUI FIRE ENG CO LTD,20240223,2024,CN,1,True,True,False
93240367,CN-221932379-U,Emergency shelter car with conveniently get on or off car function,,"The utility model provides an emergency shelter car with a convenient getting-on and getting-off function, which comprises a shelter body, wherein the shelter body is arranged on a car frame, a storage groove is formed in the bottom of the shelter body, a frame is arranged in the storage groove, a rotating seat is in locking connection with the extending end of a second electric push rod through a fixing bolt, then the second electric push rod drives the frame to turn upwards, after a pedal plate is kept parallel to the frame, a wounded person can be sent to a shelter door in a lifting mode through a platform surface, and then is sent into the shelter by being matched with medical staff.",,,WUHAN YINQIAONANHAI PHOTOELECTRIC CO LTD,20240314,2024,CN,1,True,True,False
93458855,KR-102727953-B1,Relief Supplies Distribution System in Relief Station,구호소 물자 배분 시스템,"One aspect of the present invention relates to a material distribution system of a relief center and, more specifically, to a material distribution system of a relief center, capable of properly distributing materials to each of a plurality of relief centers from a material storage center when a disaster situation occurs, and in some cases, properly distributing materials between the plurality of relief centers so that the materials are efficiently distributed. According to an embodiment of the present invention, provided is a material distribution system capable of properly distributing disaster materials from a material storage center to a relief center. In addition, according to another embodiment of the present invention, when a plurality of relief centers are installed, the system can effectively distribute the disaster materials between the relief centers. In particular, provided is a material distribution system which implements effective redistribution of victims and relief materials when a difference in risk level occurs between the relief centers depending on a disaster environment and a relief center with a high risk level is closed.","본 발명의 일 측면은 구호소의 물자 배분 시스템에 관한 것으로, 더욱 상세하게는 재난 상황이 발생시 물자보관소에서 복수의 구호소 각각에 적절하게 물자 배분이 수행되고, 경우에 따라서 복수의 구호소 상호 간에 적절하게 물자 배분이 수행되어 물자의 효율적인 분배가 이루어지도록 하는 구호소의 물자 배분 시스템에 관한 것이다. 
본 발명의 일 실시예에 따르면 물자보관소에서 구호소로 재해물자 배분이 적절하게 이루어지도록 하는 물자 배분 시스템을 제공할 수 있다. 
또한, 본 발명의 다른 실시예에 따르면 복수의 구호소가 설치된 경우, 구호소 상호 간에 재해물자의 배분이 효과적으로 이루어지도록 하는 물자 배분 시스템을 제공할 수 있다. 특히, 재난환경에 따라서 분포된 구호소 간에 위험등급에 차이가 생기고, 위험등급이 높은 구호소가 폐쇄되는 경우, 이재민 및 구호물자의 효과적인 재분배를 구현하는 물자 배분 시스템을 제공할 수 있다.",H04W4/02;G08B21/10;G06Q50/22;G06Q10/08;G06Q50/26,SQ&T INC,20231019,2023,KR,1,True,True,True
93531321,KR-20240169544-A,"Substrate processing apparatus, maintenance method, and recording medium","기판 처리 장치, 보수 방법 및 기억 매체","The objective is to improve the safety of a worker during maintenance work on a substrate processing apparatus. The substrate processing apparatus processes substrates and comprises: a housing with an accommodation space for devices used in processing substrates; an opening and closing device which switches between open and closed states of the accommodation space; a detection unit installed around the housing to detect worker-protection gear; and a control unit which controls the operation of the opening and closing device. The control unit determines whether the protection gear detected by the detection unit matches pre-registered corresponding protection gear for the housing, and executes control to switch the accommodation space from a closed state to an open state when the protection gear corresponds to the registered protection gear.","[과제] 기판 처리 장치의 보수 작업 시에서의 작업자의 안전성을 향상시킨다.  
[해결 수단] 기판을 처리하는 기판 처리 장치로서, 상기 기판의 처리를 위해서 사용되는 기기를 수용하는 수용 공간을 가진 하우징과, 상기 수용 공간의 열림 상태와 닫힘 상태를 전환하는 개폐기와, 상기 하우징의 주변에 설치되어, 작업자의 착용 보호구를 검지하는 검지부와, 상기 개폐기의 동작을 제어하는 제어부를 구비하고, 상기 제어부는, 상기 검지부에 의해 검지된 상기 착용 보호구가 미리 등록된 상기 하우징에 대응하는 대응 보호구인지 판정을 행하여, 상기 착용 보호구가 상기 대응 보호구인 경우에는, 상기 수용 공간의 닫힘 상태를 열림 상태로 전환하는 제어를 실행한다.",H10P72/0402;H10P72/0431;H10P72/0604;H10P76/2041;G03F7/30;G06Q50/265;G06Q10/20;H01L21/68785;H01L21/68764;H01L21/6773;H01L21/67721;H01L21/67242;H01L21/67098;H01L21/67028;H01L21/67772;H10P72/7624;H10P72/7618;H10P72/3218;H10P72/3212;H10P72/06;H10P72/0406;H10P72/3406,TOKYO ELECTRON LTD,20230524,2024,KR,1,False,False,True
94385890,KR-20250012897-A,Apparatus for simulating patient flow using machine learning-based predictive model for critical illness and method thereof,중증확률 예측 모델을 이용한 환자흐름 시뮬레이션 장치 및 그 방법,"The present invention relates to a patient flow simulation apparatus using a severe probability prediction model and a method thereof. According to the present invention, a patient flow simulation device using a severe probability prediction model comprises: a clinical information collection unit for collecting clinical information on a plurality of patients; a dataset generation unit for classifying the collected clinical information into a plurality of groups according to the main symptoms of the patient and acquiring a dataset from the plurality of classified groups; a model construction unit for estimating importance according to a predictor using the dataset and constructing a severe probability prediction model for predicting a severe probability using the estimated importance of the predictor; a prediction unit for acquiring clinical information of a patient in which an emergency situation occurs, and inputting the acquired clinical information into a pre-constructed severe probability prediction model to predict the severe probability of the corresponding patient; and a simulation unit for acquiring information on emergency patient distribution and emergency patient accommodation capacity of a medical institution in real time, and determining a transfer path of the corresponding patient according to the predicted severe probability.","본 발명은 중증확률 예측 모델을 이용한 환자흐름 시뮬레이션 장치 및 그 방법에 관한 것이다.  
본 발명에 따르면, 중증확률 예측 모델을 이용한 환자흐름 시뮬레이션 장치는 복수의 환자에 대한 임상 정보를 수집하는 임상 정보 수집부, 수집된 임상 정보를 환자의 주증상에 따라 복수개의 그룹으로 분류하고, 분류된 복수개의 그룹으로부터 데이터 셋을 획득하는 데이터셋 생성부, 데이터 셋을 이용하여 예측 변수에 따른 중요도를 추정하고, 추정된 예측 변수의 중요도를 이용하여 중증 확률을 예측하도록 하는 중증 확률 예측 모델을 구축하는 모델 구축부, 응급 상황이 발생된 환자의 임상 정보를 획득하고, 획득한 임상 정보를 기 구축된 중증 확률 예측 모델에 입력하여 해당되는 환자의 중증 확률을 예측하는 예측부, 그리고 응급환자 분포, 의료기관의 응급환자 수용 능력에 대한 정보를 실시간으로 획득하고, 예측된 중증 확률에 따라 해당되는 환자의 이송 경로를 결정하는 시뮬레이션부를 포함한다.",G06N20/00;G16H50/30;G16H10/60;G16H10/20;G16H50/20;G16H40/20;G16H50/50,UNIV KOREA RES & BUS FOUND,20230718,2023,KR,1,False,True,False
94527356,CN-119443872-A,"Assessment method, device and medium for service capacity of emergency shelter",,"The invention discloses an assessment method, device and medium for service capacity of an emergency shelter, which comprise the steps of calculating a service area set accessible to walking of various emergency shelters based on basic data of the various emergency shelters, carrying out space superposition on the service area set and a construction land range to obtain a land area of the emergency shelter for covering an area to be assessed, and calculating population proportion of the various emergency shelters in the area to be assessed according to population density and the land area of the area to be assessed to obtain assessment results of the various emergency shelters in the area to be assessed. The invention provides an assessment method, device and medium for service capacity of an emergency shelter, which are used for reasonably calculating walking accessibility, accurately carrying out space superposition analysis and fully considering population density differences to calculate and obtain assessment results of various emergency shelters, so that the problem that the service capacity of the emergency shelter is difficult to accurately assess can be solved.",,G06Q50/265;G06Q10/0637,GUANGZHOU TRANSP PLANNING RESEARCH INSTITUTE CO LTD,20250110,2025,CN,2,True,True,True
94530041,CN-119444510-A,Global travel industry monitoring system and method,,"The system comprises a data monitoring unit, a resource allocation unit and a background monitoring unit, wherein the resource allocation unit comprises a resource evaluation module, a people flow identification module, an emergency response module, a resource scheduling module and an analog simulation module, the resource scheduling module is connected with the analog simulation module in a one-way manner, key resources such as vehicles, accommodation facilities and catering services in scenic spots are comprehensively and carefully evaluated through the resource evaluation module, the utilization efficiency of various resources and the matching degree of tourist demands are deeply analyzed, the system can monitor and predict the change of the people flow in the scenic spots in real time, so that various resources are intelligently scheduled, and the intelligent resource scheduling mode not only improves the utilization efficiency of the resources, reduces the operation cost, but also greatly improves the tourist experience and satisfaction.",,G06Q10/063;G06Q10/047;G06Q50/14,LIANYUNGANG SUNXINGZHE TOURISM TECH CO LTD,20241025,2024,CN,1,False,True,False
94615723,CN-222513455-U,Aluminum-clad steel fire-resistant window capable of avoiding fire spreading,,"The utility model provides an aluminum-clad steel fire-resistant window capable of avoiding fire spreading, which relates to the technical field of fire-resistant windows and comprises a window frame and window sashes, wherein an aluminum layer is wrapped on the front surface of the window frame, a fireproof plate is arranged on the front surface of the window frame, sliding grooves are formed in two sides of the front surface of the window frame, sliding pieces are arranged on two sides of the back surface of the fireproof plate and are matched with the sliding grooves, a movable cavity is formed in the window frame, clamping plates are embedded in the movable cavity, clamping grooves are formed in the back surface of the fireproof plate, the clamping plates are mutually clamped with the clamping grooves, a smoke alarm is arranged in a front mounting opening of the window frame, the front surface of the window frame can be displaced when a fire disaster occurs, and therefore the window frame can be sealed by the fireproof plate when the fire disaster occurs, and the fire spreading can be effectively avoided.",,,HAINAN PAICHENG ALUMINUM INDUSTRY TECH CO LTD,20240520,2024,CN,1,True,True,False
94973564,KR-20250031777-A,Total information processing system customized for foreign seasonal workers and method therefor,외국인계절근로자 맞춤형 종합 정보처리 시스템 및 그 방법,"An objective of the present invention is to provide a comprehensive information processing system customized to a foreign seasonal worker that processes information necessary for each business participant (for example, a local government, a hiring business owner, and a foreigner) to notify, receive, and analyze and process various data. The comprehensive information processing system customized to the foreign seasonal worker comprises: a hiring business owner terminal that registers a business registration certificate, a facility status, accommodation costs, the number of applicants for foreign seasonal workers, and working conditions; a foreign seasonal worker terminal; a local government system; and an information processing system that analyzes the status of the registered hiring business owner to provide information regarding whether the hiring business owner is eligible, services so as to automatically register the foreign seasonal worker information on the hiring business owner my page, and issues an electronic work contract to the hiring business owner terminal and the foreign seasonal worker terminal. According to the present invention, information necessary for the foreign seasonal worker business is collected in a single foreign seasonal worker-customized comprehensive information processing system to minimize limitations of geographical locations of the local government, the hiring business owner, and the foreign seasonal worker, information processing cost or time, and the administrative cost and the like.","외국인계절근로자 운영을 위해 필요한 각종 정보를 수집 및 취합하여 각 사업자참여자(지자체, 채용 사업주, 외국인) 필요한 정보를 처리하여 알림, 접수, 각종 데이터 분석 및 가공하는 외국인계절근로자 맞춤형 종합 정보처리 시스템 및 그 방법이 개시된다. 외국인계절근로자 맞춤형 종합 정보처리 시스템은, 사업자등록증, 시설현황, 숙박비, 외국인계절근로자 신청인원 및 근로조건을 등록하는 채용 사업주 단말; 외국인계절근로자 단말; 지자체 시스템; 및 (i) 상기 채용 사업주 단말을 통해 요청되는 외국인계절근로자 초청 채용 사업주의 자격요건을 확인하여, 등록된 채용 사업주 현황을 분석하여 해당 채용 사업주의 적격여부에 대한 정보를 제공하고, (ii) 상기 지자체 시스템의 외국인계절근로자 참여 승인 여부를 상기 채용 사업주 단말에 통지 알림 처리하고, 상기 지자체 시스템이 채용 사업주에 매칭된 외국인계절근로자 정보를 채용 사업주 마이페이지에 자동 등록하게 하도록 서비스하고, (iii) 채용 사업주와 외국인계절근로자간의 체결된 전자근로계약서를 상기 채용 사업주 단말과 상기 외국인계절근로자 단말에 교부하는 정보처리 시스템을 포함한다.",G06Q40/125;G06Q40/08;G06Q10/1091;G06Q50/26;G06Q50/10;G06Q10/1053,BRIDGE,20230829,2023,KR,1,False,False,True
95095647,CN-119720103-A,Method for analyzing management and control data of non-custody and management and control platform,,"The application relates to the field of data processing, and particularly provides a method for analyzing and controlling non-friedel management and control data and a management and control platform, wherein the method comprises the steps of respectively extracting characteristics of all non-friedel monitoring data subsets to obtain corresponding overall vector representation and detail vector representation, and simplifying according to vector space similarity to obtain an overall vector representation combination and detail vector representation combination with set accommodation capacity; the method comprises the steps of merging a total search vector representation and a detail search vector representation which are obtained through pre-learning, extracting through an internal weight focusing strategy to obtain a corresponding internal weight focusing vector representation, extracting a first cross-domain weight focusing vector representation and a second cross-domain weight focusing vector representation through a cross-domain weight focusing strategy, and determining a non-friendship performance recognition result according to each first cross-domain weight focusing vector representation and each second cross-domain weight focusing vector representation. The application can improve the accuracy and efficiency of identifying the non-custody performance identification result.",,,SICHUAN ZHONGHE YUESHENG TECH CO LTD,20250228,2025,CN,2,True,False,True
95247962,CN-119784097-A,Emergency facility site selection and service optimization model under facility failure and traffic jam conditions,,"The invention discloses an emergency facility site selection and service optimization model under the condition of facility failure and traffic jam, which relates to the technical field of comprehensive facility site selection, wherein a pre-disaster planning decision model F  1  is used for site selection decision of an emergency shelter and multi-stage service allocation decision with priority, a dynamic optimization model F  2  under the condition of failure of the post-disaster emergency shelter is used for reallocating services between temporary rescue points and the shelter and route adjustment of self-evacuation crowd under the condition of user balance UE, and a double-layer mixed integer nonlinear planning model MINLP based on a priority service allocation relation is formed by the pre-disaster planning decision model F  1  and a dynamic optimization model F  2  under the condition of failure of the post-disaster emergency shelter, and an equivalent single-layer mixed integer nonlinear planning model is deduced according to KKT conditions, wherein the single-layer mixed integer nonlinear planning model comprises a necessary condition and a sufficient condition that the flow value of a UE road section in the dynamic optimization model F  2  under the condition of failure of the post-disaster emergency shelter.",,,UNIV JINAN,20250310,2025,CN,1,False,True,True
95279243,CN-119803477-A,Emergency shelter crowd guiding device and method based on fusion positioning,,"The invention discloses a device and a method for guiding crowd in an emergency shelter based on fusion positioning, and relates to the technical field of visible light, wherein the device comprises an optical information control assembly and a positioning guide assembly, the optical information control assembly comprises a light control unit, and the positioning guide assembly comprises an optical information receiving module, an optical information position analyzing module and a guide information display and control module; the system comprises a light control unit for controlling high-frequency flicker of lamplight, a light information receiving module for receiving the light signals, a light information position analyzing module for analyzing the light signals to obtain positioning data, fingerprint matching the positioning data by a fingerprint positioning method to obtain position data, and a guide information display control module for displaying the position data on a pre-constructed map model. The present invention allows for accurate positioning on the order of centimeters in an underground environment without satellite signals by combining VLP technology with MEMS sensors.",,,NO 15 INSTITUTE OF CHINA ELECTRONICS TECH GROUP CORPORATION,20241230,2024,CN,1,False,True,False
95375134,JP-2025063534-A,Evacuation System,,"To obtain an evacuation system that can increase practicality of an evacuation shelter operations manual.SOLUTION: There is provided an evacuation system in which an evacuation shelter operations manual when a disaster occurs is digitized and which is equipped with a mobile terminal capable of using application software that is utilized during an actual evacuation and evacuation drill when a disaster occurs. The mobile terminal starts up or logs into the application software when implementing an actual evacuation or evacuation drill, thereby executes a function of sequentially displaying actions that each person should take at the evacuation shelter in accordance with their assigned roles, and a function of enabling to add items to be corrected as a memo by operation inputs from the mobile terminal at a time of noticing any items to be corrected of displayed contents on each screen that is sequentially displayed.SELECTED DRAWING: Figure 3",,,NOHMI BOSAI LTD,20231004,2023,JP,1,False,True,False
95802172,CN-120061615-A,Movable telescopic disaster relief medical micro-building,,"The invention discloses a movable telescopic disaster relief medical micro-building, which comprises a base, wherein the inside of the base is arranged in a telescopic and expandable extension mechanism, the top of the base is provided with a sliding mechanism for supporting and sliding the extension mechanism, the bottom of the base is provided with a movable and adjustable displacement mechanism, the extension mechanism comprises a driving component, a transmission component, an expansion component and a connecting component, the invention realizes the expansion and the increase of the actual use area in the micro-building according to the telescopic mode through the matching arrangement of the extension mechanism and the sliding mechanism, not only can be adjusted according to the requirement, but also can accommodate more disaster affected people and supplies, improves the accommodation property in disaster relief, and utilizes the extension mechanism to extend and adjust the original accommodation space to the outside so as to facilitate the increase of the accommodation space, but also facilitates the extension mechanism to assist the sliding in the outward extension adjustment so as to ensure the stability in extension.",,E04B1/34384;E04B1/34305;E04H3/08;E04H1/1205,AFFILIATED STOMATOLOGICAL HOSPITAL OF NANCHANG UNIV JIANGXI PROVINCIAL STOMATOLOGICAL HOSPITAL,20250323,2025,CN,1,False,True,False
96253349,CN-223075038-U,Frame construction post muscle displacement correcting unit,,"The utility model relates to a correction device, which belongs to the technical field of column ribs of a frame structure, in particular to a displacement correction device for the column ribs of the frame structure, comprising a base, wherein the top of the base is fixedly connected with a plurality of steel bars; according to the utility model, constructors respectively carry out threaded connection on the threaded rods in four directions of the connecting frame, the threaded rods can move inwards through the cooperation with the internal threads, the limiting frame is driven to be positioned on one side of the steel bar, meanwhile, the steel bar can be bonded and limited through the arc-shaped blocks, the limiting frame and the arc-shaped blocks can be arranged on the four sides of the steel bar through repeated operation, the correction of the steel bar is facilitated, the shaking of the steel bar when the steel bar is subjected to vibration is prevented, the stability of the steel bar is further improved, and the problems that the building structure can be subjected to huge lateral force under the extreme conditions of earthquake and the like, the column is displaced, the steel bar in the column can be bent or misplaced, and the bearing capacity of the structure is affected are solved.",,,ZHUHAI CONSTRUCTION ENG HOLDING GROUP CO LTD,20240808,2024,CN,1,True,True,False
96818956,CN-120552640-A,Unmanned aerial vehicle charges and emergency power source system based on electric automobile charging station,,"The invention provides an unmanned aerial vehicle charging and emergency power supply system based on an electric vehicle charging station, which comprises an unmanned aerial vehicle direct current charging nuclear capacity unit, an emergency vehicle alternating current charging unit, an emergency guarantee alternating current output/input unit, an emergency guarantee alternating current output unit and an equipment alternating current input unit, wherein the unmanned aerial vehicle direct current charging nuclear capacity unit is connected with a charging/discharging gun and used for charging an unmanned aerial vehicle or inputting electric energy of the unmanned aerial vehicle to the system, and performing active battery capacity verification on an unmanned aerial vehicle battery, the emergency vehicle alternating current charging unit is connected with the charging gun and connected with a quick wiring terminal and used for outputting alternating current or inputting electric energy of an external device to the system, the emergency guarantee alternating current output/input unit is connected with the quick wiring terminal and used for outputting alternating current with various powers, and the equipment alternating current input unit is connected with a charging station alternating current low-voltage system and used for supplying power to the unmanned aerial vehicle direct current charging nuclear capacity unit, the emergency vehicle alternating current charging unit, the emergency guarantee alternating current output/input unit and the emergency guarantee alternating current output unit. The invention can rapidly form an unmanned aerial vehicle charging infrastructure network and an emergency shelter with a reliable emergency power supply by utilizing the existing charging station network.",,B60L2210/30;B60L2200/10;B64U80/25;B60L53/68;B60L53/16,GUANGZHOU JINBO NEW ENERGY SERVICES CO LTD,20250708,2025,CN,1,False,True,False
96949511,US-2025285175-A1,Systems and methods for providing housing accomodations,,"The present disclosure aims to provide housing accommodations based on an applicant&#39;s response to prompts regarding the applicant&#39;s comfort with rooming with a transgender person. Embodiments of the present disclosure may include a prompt in an online, internet-based housing application that asks whether an applicant is comfortable rooming with a transgender and/or nonbinary person. This method ensures that housing assignments will comply with applicant preferences, and allow for the safe and comfortable housing assignments. It will also reduce the number of gender-related rehousing requests.",,G06Q50/16;G06Q50/265;G06Q30/0645,GOLDBERG AC,20240306,2025,US,1,False,False,True
96955480,CN-120634204-B,Emergency shelter layout optimization method and system based on multi-target particle swarm algorithm,,"The invention relates to the technical field of urban disaster emergency management, in particular to an emergency shelter layout optimization method and system based on a multi-target particle swarm algorithm, comprising the following steps of obtaining geographic information data, constructing an emergency shelter site optimization model aiming at minimizing evacuation distance, minimizing construction and evacuation cost and maximizing distance from a disaster hidden danger point and an emergency shelter capacity optimization model aiming at maximizing emergency shelter capacity; and carrying out joint optimization on the emergency shelter site selection optimization model and the emergency shelter capacity optimization model by utilizing a multi-target particle swarm algorithm to obtain a pareto solution set, and acquiring an emergency shelter layout scheme based on the pareto solution set. According to the invention, the optimal layout schemes of the emergency shelter with different preferences can be formed according to the combination of the geospatial features and the urban resident evacuation demands, so that the overall emergency efficiency and the resource allocation scientificity of the emergency shelter are improved.",,G06Q50/265;G06N3/006;G06Q10/04;G06Q10/0637;G06Q10/06313,,20250814,2025,CN,2,True,True,True
97122536,CN-120701186-A,Intelligent capacity distribution system for earthquake evacuation refuge places,,"The invention relates to the technical field of disaster prevention, disaster reduction and emergency management, in particular to an intelligent capacity distribution system for an earthquake evacuation shelter, which comprises a shelter, wherein a door frame is fixedly connected to an opening of the shelter, a supporting frame is fixedly connected to the upper surface of the door frame, a rotating rod is rotatably connected to the inner wall of the door frame, a plurality of groups of first limiting rods which are arranged in parallel are fixedly connected to the surface of the rotating rod, and a timer shell is fixedly connected to the upper surface of the door frame. When personnel enter the pushing rotary rod to rotate, the rotary rod drives the limiting gear and the first bevel gear to rotate, and then drives the second bevel gear and the first round rod to rotate, so that the counting disc rotates to count, the number of people in the refuge cabin can be accurately counted through the design, and a precise data basis is provided for intelligent capacity distribution.",,E06B11/08;G06M1/083;E04H9/028,UNIV WUHAN TECH;CHINA CONSTR 5TH ENG DIVISION,20250515,2025,CN,1,False,True,False
97190350,CN-120735949-A,Forest fire extinguishing bomb throwing device and using method,,"The invention discloses a forest fire extinguishing bomb throwing device and a using method, relating to the technical field of forest fire extinguishing bombs, the device comprises a bomb carrying frame, a plurality of cartridges for placing fire extinguishing bomb bodies are fixedly arranged on the bomb carrying frame, hanging rings are arranged at the tops of the fire extinguishing bomb bodies, the bottom of the ammunition cartridge is provided with a supporting mechanism for supporting and protecting the fire extinguishing bullet body, the top of the ammunition carrier is provided with a loading mechanism for limiting the fire extinguishing bullet body by matching with the hanging ring, and the loading mechanism is connected with the supporting mechanism through a transmission mechanism. According to the invention, the bullet loading mechanism limits the fire extinguishing bullet from the top through the cooperation of the toothed ring and the hanging ring, and is fixed in an up-down cooperative manner with the supporting mechanism, so that the fire extinguishing bullet is prevented from being displaced when the flying posture of the unmanned aerial vehicle changes, and the transmission mechanism can synchronously drive the inserted link to ascend and separate from the jack when the toothed ring rotates to separate the hanging ring from the opening, thereby ensuring that the fire extinguishing bullet is smoothly thrown out in an unbound state and avoiding bullet blocking.",,A62C3/025;B64D1/06,HUNAN ZHAOJIAN TECH CO LTD,20250821,2025,CN,1,False,True,False
97354133,CN-223458673-U,Adaptive large-displacement multidirectional displacement comb plate expansion device,,"The utility model relates to the technical field of bridge protection devices, in particular to a self-adaptive large-displacement all-directional deflection comb plate expansion device which solves the problems that the transverse displacement capability is small, the large transverse displacement requirement generated by an earthquake effect is difficult to meet, meanwhile, the expansion device lacks torsion deflection functions, the expansion device of the self-adaptive large-displacement all-directional deflection comb plate expansion device simultaneously has transverse displacement, longitudinal rotation angle and horizontal rotation angle, and comprises a first comb plate and a second comb plate, one side of the first comb plate is arranged on a first beam body, one side of the second comb plate is arranged on a second beam body, comb teeth on one side, which are close to each other, of the first comb plate are staggered and inserted, a all-directional deflection support is arranged between one side of the first comb plate and the first beam body, and the bottom end of the other side of the first comb plate is provided with a multi-directional deflection device used for supporting the first comb plate, and the all-directional deflection support and the multi-directional deflection device are matched so that two sides of the first comb plate are displaced and twisted along a bridge.",,,CHENGDU HONGTU ROAD AND BRIDGE MACHINE CO LTD,20241115,2024,CN,1,True,True,False
97610994,CN-120954174-A,Urban flood disaster early warning and emergency refuge system,,"An urban flood disaster early warning and emergency refuge system belongs to the technical field of urban flood disaster early warning and emergency refuge. In order to solve the problem that a scheme capable of carrying out early warning and emergency refuge guidance according to the area where flood disasters are expected to occur is lacking at present. The system comprises a flood disaster prediction and early warning unit, an emergency shelter and a path planning unit, wherein the flood disaster prediction and early warning unit is used for taking the area exceeding the threshold value of the water accumulation depth as the area where the flood disaster is likely to occur and early warning according to the weather satellite cloud image and corresponding precipitation prediction data of a target city, the ground elevation data of the city, the city construction drainage pipe network and drainage capacity data and the city road network data, the emergency shelter is screened out from the area where the flood disaster is not likely to occur based on the position of the emergency shelter, the reachability prediction is carried out, and the emergency shelter is comprehensively determined according to the cost of the reachability prediction and the elevation of the emergency shelter, and the path planning is carried out, so that the emergency shelter is evacuated.",,G06Q50/26;G06Q10/047;G01D21/02;G08B31/00;G08B21/182;G08B21/10,UNIV JILIN NORMAL,20250812,2025,CN,1,False,True,True
98158069,CN-121222000-A,Initial battle accuse train carries AGV intelligent fire control dolly with receive and release function fast,,"The invention relates to the technical field of fire-fighting equipment, and discloses a initial battle train-mounted AGV intelligent fire-fighting trolley with a rapid retraction function, which comprises a fire-fighting trolley body, a parking platform and a trolley body, wherein a first connecting plate is arranged at the tail part of the fire-fighting trolley body, the first connecting plate at the tail part of the fire-fighting trolley body and a lifting mechanism are matched with a second hinged connecting plate through the parking platform and the lifting mechanism, the second connecting plate is provided with a buffer plate, the first connecting plate is provided with a storage space, can carry out steady lift and compact accomodate to parking the platform, avoid going up and down to rock, accomodate occupation space, cooperation extensible member drive and slide rail assembly direction, through parking frame inner bottom plate support, the preliminary design that blocks of pin, realize the steady parking of dolly automobile body on the platform, solve the unstable and skew problem of parking of lift, connect plate two simultaneously and can change into accommodation space, do not influence other equipment of fire engine and use, guarantee driving and operation security.",,,CIXI FIRE RESCUE BRIGADE CIXI FIRE RESCUE BUREAU,20251029,2025,CN,1,False,True,False
98493159,CN-121404170-A,Inertial control switch device and control method,,"The application provides an inertia control switch device and a control method, wherein the inertia control switch device comprises an inertia module used for capturing kinetic energy inertia when a vehicle is displaced, a switch module used for controlling on-off of a circuit and an inertia control module used for controlling swing sensitivity of the inertia module, the inertia module is arranged in an engine room or a passenger cabin of the vehicle, the switch module is arranged on the inertia module and connected with a door lock, the inertia control module is arranged around the inertia module, the inertia module and the switch module are matched with instant on-off of the control circuit to control unlocking of a vehicle door, kinetic energy inertia when the vehicle is displaced can be utilized when the vehicle collides or a bicycle accident happens, the on-off of the unlocking circuit of the vehicle door is controlled through the inertia module and the switch module in an instant manner, the vehicle door is unlocked quickly, the influence of the collision position, the strength or the angle of the vehicle or other collision automatic unlocking mechanisms of the vehicle is avoided, thus the escape capability of personnel in the vehicle is enhanced, the rescue difficulty of personnel outside the vehicle is reduced, and casualties caused by the fact that the vehicle door cannot be opened.",,,YANG DONGHAI,20251211,2025,CN,1,False,True,False
98651448,JP-2026018578-A,system,,"An object of a system according to an embodiment is to provide information on an evacuation site at the time of occurrence of a disaster and support rescue activities.SOLUTION: A system includes a navigation unit, a visualization unit, a registration unit, an upload unit, and a matching unit. The navigation unit navigates to the nearest evacuation site according to the type of disaster. The visualization unit visualizes an opening status and an accommodation status of the shelter. The registration unit registers information of a rescue requester and shares the information on a map. The upload unit uploads an image or a moving image of a disaster area to visualize a dangerous area or a non-passable area. The matching unit matches a volunteer requester with a volunteer.SELECTED DRAWING: Figure 1",,,SOFTBANK GROUP CORP,20240725,2024,JP,1,False,True,True
99753696,CN-224244219-U,Shelter integrated interior decoration structure adopting composite material,,"The utility model discloses a shelter integrated interior decoration structure made of composite materials, and belongs to the technical field of modularized buildings. The structure comprises a top interior assembly and a bulkhead interior trim panel, wherein the top assembly adopts a quick-assembly rice-shaped aluminum profile keel to realize 3-6 m span self-adaptation, a middle suspended ceiling plate is used for improving load capacity through combination of a double-curvature bent aluminum plate and a truss reinforced profile, an integrated air duct assembly adopts gradient sound absorbing cotton and a nano plastic-spraying grille and comprises an air duct, an air duct trim panel and an air duct grille, and the lighting unit comprises a strip lamp arranged along the length direction of a cabin body and an atmosphere lamp belt arranged at the position of a side wall of a hypotenuse suspended ceiling. The bulkhead adopts an aluminum hexagonal honeycomb composite board, and three-dimensional assembly is realized through a splicing and gravity self-locking structure. The utility model realizes full modular assembly, can be cut down according to the size of the shelter, has lower manufacturing cost, improves site construction efficiency, and is suitable for rapid deployment scenes such as emergency shelter, mobile medical facilities and the like.",,Y02T30/00,Anhui bowei changan electronics co ltd,20250415,2025,CN,1,True,True,False
