publication_number,application_number,country_code,kind_code,family_id,filing_date,priority_date,publication_date,grant_date,title_en,title_ko,abstract_en,abstract_ko,claims_en,cpc_codes,ipc_codes,assignees,assignee_countries,hit_context,hit_cpc
CN-120410150-A,CN-202510906842-A,CN,A,96519441,20250702,20250702,20250801,0,Transmission and distribution network collaborative optimization method and system considering electric power and traffic multilayer network coupling model,,"The invention relates to the technical field of cooperative optimization of transmission and distribution networks, in particular to a cooperative optimization method and a cooperative optimization system of transmission and distribution networks, which take an electric power and traffic multilayer network coupling model into consideration. Because the single-moment operation feasible region of the power distribution network is influenced by the current state parameters of the system, the method adopts a deep learning method to realize the prediction of the single-moment operation feasible region of the power distribution network, and simultaneously, the lower boundary of the operation feasible region of the power distribution network is approximately processed in order to improve the accuracy of the prediction.",,,H02J2103/30;G06Q10/04;G06Q50/06;G06Q10/06315;G06Q10/06312;H02J3/00,H02J3/00;G06Q50/06;G06Q10/04;G06Q10/0631,UNIV SOUTHEAST,,False,True
CN-120197967-A,CN-202510218247-A,CN,A,96066822,20250226,20250226,20250624,0,Informer model improvement-based intelligent automobile charging load probability prediction method,,"The invention provides an intelligent automobile charging load probability prediction method based on Informer model improvement, which comprises the steps of 1, collecting and arranging charging data of a relevant area, 2, improving an original model, designing a space-time multi-scale attention network (SMAN) module and a bidirectional interaction attention (DDI) module, 3, obtaining an accurate charging demand prediction model through training, calculating a prediction error, comparing with the prediction effect of other existing models, and 4, carrying out an ablation experiment, and comparing the improvement effects of different modules on model performance. And 5, realizing probability prediction of the charging load of the electric automobile, improving prediction precision and assisting power grid management. The invention creatively provides the SMAN and the DDI module based on Informer model, the SMAN module aims at solving the space-time dependency modeling problem in the charge load prediction, the prediction precision is obviously improved, the DDI module captures the space-time dependency relationship more effectively, and the accuracy of the dynamic charge demand prediction is further improved.",,,H02J2103/30;H02J3/003;G06N3/08;G06N3/0464;G06N3/045;G06Q50/06;G06Q10/06375,H02J3/00;G06Q50/06;G06N3/08;G06N3/0464;G06N3/045;G06Q10/0637,UNIV CHANGSHA SCIENCE & TECH,,False,True
WO-2017119656-A1,KR-2016015337-W,WO,A1,59273828,20161227,20160104,20170713,0,Mobile field survey system and method,모바일 현장조사 시스템 및 방법,"The present invention relates to a location-based mobile field survey method and a location-based mobile field survey system implementing the method, which comprises the steps of: viewing field information, stored in a field survey management system server, through a field survey application loaded on a terminal; inputting, into the field survey application, the field information such as the address of a field, the names of buildings or facilities around the field, and the name of the field, and receiving, from the field survey management system server, a field survey method type, selected from the group consisting of point inspection, node checking and route following, as the field survey method type of the field corresponding to the inputted field information; and transmitting, to the field survey management system server, a field survey result carried out according to a field type. According to the present invention, when a field survey on various urban elements such as urban infrastructures, buildings, transportation, cultural assets, and public facilities in a complex city is carried out, the information that should be continuously collected for a long time can be systematically and integratively managed, and an efficient monitoring system can be implemented.","본 발명은 단말기에 탑재된 현장조사 앱을 통해 현장조사 관리시스템 서버에 저장된 현장정보를 열람하는 단계, 상기 현장조사 앱에 현장의 주소, 현장 주변 건물이나 시설물 이름, 현장의 지명 등과 같은 현장 정보를 입력하고, 상기 입력된 현장 정보에 대응되는 현장의 현장조사방법 유형으로서, point inspection, node checking 및 route following으로 이루어진 군에서 선택된 현장조사방법 유형을 상기 현장조사 관리시스템 서버로부터 제공받는 단계 및 상기 현장 유형에 따라 수행된 현장조사 결과를 상기 현장조사 관리시스템 서버에 전송하는 단계를 포함하는 위치기반 모바일 현장조사 방법 및 이러한 방법을 구현하는 위치기반 모바일 현장조사 시스템에 관한 것이다. 본 발명에 따르면, 복잡한 도시에서 도시 기반시설, 건축물, 교통, 문화재, 공공시설 등 다양한 도시 요소들에 대한 현장조사 수행에 있어서, 지속적이고 장기적으로 수집해야 할 정보를 체계적이고 통합적으로 관리할 수 있고, 효율적인 모니터링 시스템을 구현할 수 있다.",,G06Q50/10;H04W4/38;H04W4/024;H04W4/02;H04W4/029;G06Q30/0201;G06Q10/0637;H04W4/023;G06Q50/26,G06Q50/10;G06Q10/06;G06Q50/26;H04W4/38;H04W4/029;H04W4/02;H04W4/024,UNIV SEOUL IND COOP FOUND,KR,True,False
WO-2010096783-A1,US-2010024955-W,WO,A1,42634244,20100222,20090220,20100826,0,Dynamic contingency avoidance and mitigation system,,"Systems and methods for allocating resources within an infrastructure, such as an electrical grid, in response to changes to inputs and output demands on the infrastructure, such as energy sources and sinks. A disclosed system includes one or more processors, each having respective communication interfaces to receive data from the infrastructure, the data comprising infrastructure network data, one or more software applications, operatively coupled to and at least partially controlling the one or more processors, to process and characterize the infrastructure network data; and a display, coupled to aid one or more processors, for visually presenting a depiction of at least a portion of the infrastructure including any changes in condition thereof, and one or more controllers in communication with the one or more processors, to manage processing of the resource, wherein the resource is obtained and/or distributed based on the characterization of said real time infrastructure data.",,,H02J2103/30;G06Q50/06;G06Q10/06375;G05B13/0265;G06Q10/04;G05B15/02;G06Q10/06315;G05B23/0283;G06F30/20;G06F2113/04;G06F30/27;G06F2111/08;G06F2111/06,G05B11/01,UNIV COLUMBIA;ANDERSON ROGER N;BOULANGER ALBERT;JOHNSON JOHN A,US,False,True
CN-119358776-B,CN-202411920480-A,CN,B,94306255,20241225,20241225,20250311,20250311,Multi-station photovoltaic power generation power prediction method and system based on graph attention network,,"The application discloses a multi-station photovoltaic power generation power prediction method and a system based on a graph attention network, wherein the method comprises the following steps of obtaining a space dependency model containing a station space relationship according to the station dependency relationship based on the graph attention network; the method comprises the steps of constructing a time-dependent model containing site time relation based on an autoregressive long-term memory network and a probability framework, constructing a first missing data filling layer according to a spatial feature compensation strategy, constructing a second missing data filling layer according to a temporal feature compensation strategy, constructing a third missing data filling layer according to the space-time correlation of a neighbor site set, constructing a space-time data processing layer, and constructing a photovoltaic power generation power prediction model according to the spatial-dependent model, the time-dependent model and the time-space data processing layer by utilizing historical operation data of a photovoltaic site. The method has the beneficial effects of reducing the requirement on training data, improving the photovoltaic power generation power prediction pertinence, and improving the photovoltaic power generation power prediction accuracy and the model applicability.",,,H02J2103/30;H02J2101/24;Y04S10/50;H02J3/381;H02J3/004;G06F18/24147;G06N5/01;G06N3/08;G06N3/0442;G06N3/045;G06N3/042;G06F30/27;G06Q50/06;G06Q10/067;G06Q10/04,H02J3/38;H02J3/00;G06Q50/06;G06Q10/067;G06N5/01;G06N3/08;G06N3/045;G06N3/0442;G06N3/042;G06F30/27;G06F18/2413;G06Q10/04,,,False,True
EP-2830302-A1,EP-13250085-A,EP,A1,49029040,20130723,20130723,20150128,0,Reverse powering system for telecommunications node,,"To initiate the transmission of electrical power over a telecommunications connection 14 from a power-collecting telecommunications interface unit 16 such as a customer premises equipment, connectable to a power supply 18, to a power-receiving unit (22, Fig 4) such as a kerbside electrical/optical interface, when a connection 14 is first established, or the collecting unit is first powered up, or in order to re-establish connection after a power outage, control signals are transmitted between low-power modems 55 in the interface units using a low-power communications protocol. This allows the controlled initiation of a larger power output and a higher speed exchange of data once the full telecommunications connection has been established. A low-powered beacon signal is transmitted over the telecommunications connection 14 by the power-collecting telecommunications interface unit on connection to a power supply 18, for detection by the power-receiving telecommunications interface unit. 
     In the event of a loss of power at the input 18, the low power modem 55 initiates power management control signals to cause the power-receiving telecommunications interface to shut down certain functions in order to preserve backup power for essential &#34;lifeline&#34; services.",,,Y02D30/70;H04M19/08;H04L12/10,H04M19/08,BRITISH TELECOMM,GB,True,False
CN-119359512-A,CN-202411891259-A,CN,A,94315319,20241220,20241220,20250124,0,"Urban lifeline waterlogging risk assessment rapid simulation method, system and storage medium",,"The invention relates to a rapid simulation method, a rapid simulation system and a storage medium for urban lifeline waterlogging risk assessment, wherein the method comprises the steps of obtaining key data; the method comprises the steps of constructing a multi-layer overlapped grid model comprising a ground surface layer, a subsurface pipe network layer and a life line facility layer based on key data, pre-calculating accumulated water depth distribution data under different rainfall intensities by using a numerical simulation method based on the multi-layer overlapped grid model, interpolating by using the pre-calculation method to obtain accumulated water depth values under the live rainfall intensities, overlapping the accumulated water depth values with the life line facility, calculating the flooding risk degree of the life line facility, and visually displaying the accumulated water depth distribution data and the flooding risk degree. According to the invention, the pre-calculation and the real-time interpolation of the ponding depth distribution under different rainfall conditions are realized, the accurate ponding depth distribution can be quickly obtained without complex real-time calculation under the live rainfall conditions, the simulation time is greatly shortened, and the high-efficiency technical support is provided for urban waterlogging emergency response.",,,G06F30/20;G06T17/20;G06T17/05;G06Q10/0637;G06Q10/0635;G06Q50/26,G06T17/20;G06T17/05;G06Q10/0637;G06Q10/0635;G06F30/20;G06Q50/26,NANJING HYDRAULIC RES INST;JIANGSU QINHUAI RIVER WATER CONSEVANCY ENG DIVISION;JIANGSU SURVEYING AND DESIGN INST OF WATER RESOURCES CO LTD,,True,True
CN-121457886-A,CN-202511455555-A,CN,A,98574735,20251013,20251013,20260203,0,Power scheduling method and system based on multi-mode multi-agent RAG,,"The invention relates to a power dispatching method and a system based on a multi-mode multi-agent RAG, which are characterized in that a dispatching plan is generated through the cooperative work of a plurality of heterogeneous agents with different labor division, query input containing power dispatching tasks is received, and a planner agent decomposes the power dispatching tasks into a plurality of interdependent sub-tasks and generates a corresponding execution plan; according to the execution plan, the searcher agent sequentially executes two-stage fine-granularity multi-mode search from the multi-mode power knowledge base for each subtask, the first stage carries out coarse-granularity whole-page search, the second stage carries out fine-granularity regional fine reading and modal expansion, the evidence related to the current subtask is obtained and added into an evidence pool, and according to all the evidence in the evidence pool, the responder agent answers the initially input inquiry to generate a dispatching plan. The invention effectively solves the problems of timeliness and multi-scene adaptability in ultra-large scale power dispatching and provides an innovative path for guaranteeing dynamic safety and stability of the power grid.",,,G06N5/01;G06N5/022;G06N3/006;G06Q50/06;G06Q10/06313;G06Q10/06316,G06Q50/06;G06N5/022;G06N5/01;G06N3/006;G06Q10/0631,UNIV SHANGHAI ELECTRIC POWER,,False,True
CN-121752876-A,CN-202480041840-A,CN,A,91376025,20240321,20240321,20260327,0,"Method for monitoring infrastructure, site facility and human health and safety by using earthquake sensor",,"The present disclosure describes systems, methods, and workflows for real-time monitoring of modern urban infrastructure, computer-implemented methods, computer software products, and machine learning models based on seismic data. The infrastructure includes bridges, highway tunnels, airports, buildings and wind power towers. Monitoring is not limited to recorded seismic data. The present disclosure also emphasizes the importance of utilizing seismic sensors to monitor various critical infrastructures, including security sites and manufacturing facilities, to promote security and security capabilities, to detect infrastructure health, and to prevent unauthorized intrusion. In addition, the seismic sensors may also be used for indoor human activity monitoring. Bridge monitoring involves continuous assessment to ensure structural integrity and extend service life, highway tunnel monitoring focuses on optimizing traffic conditions and monitoring structural images, airport monitoring helps to improve runway safety, ensures optimal performance of aviation infrastructure, reduces potential risks to the greatest extent, and improves overall safety and efficiency of aviation travel. By deploying seismic sensors to monitor building infrastructure, detection and localization of potential risks to the building structure can be achieved. Monitoring of wind power towers is critical to optimizing green energy production and ensuring structural health of fans. The monitoring of security and manufacturing sites aims to ensure the safety and security of facilities and prevent unauthorized intrusion. By monitoring and analyzing the seismic data of indoor human activity, different types of activity can be identified and events such as walking, falling, etc. detected. By adopting the seismic sensors and processing the seismic data in real time, the monitoring systems jointly improve the safety, security, toughness and reliability of key infrastructure in different fields.",,,G01H1/04;G01V1/001,G01V1/28;G01V1/01;G01V1/00;G01H1/04,SHENZHEN BAFANG DIDONG TECH CO LTD,,True,False
CN-119674967-B,CN-202510200743-A,CN,B,94987971,20250224,20250224,20250627,20250627,"Multi-region-oriented wind power, load and electricity price combined prediction method and system",,"The invention relates to a multi-region-oriented wind power, load and electricity price combined prediction method and system. The method comprises the steps of firstly collecting wind power, load and electricity price data of a plurality of areas, obtaining relevant weather and geographical position information, processing the obtained data to form a characteristic input channel, then constructing multi-scale graph convolution by carrying out frequency decomposition on a Laplacian matrix of a graph, capturing multi-scale information in the characteristic channel, defining a new loss function and parameter updating rule to optimize model training, then sharing an intermediate characteristic layer, integrating intermediate characteristics of all target variables to form a shared characteristic matrix, inputting the shared characteristic matrix into the model for training, and finally outputting the wind power, the load and the electricity price target variables simultaneously. The method can extract the unique characteristics of each region, capture the interdependence between different regions and target variables, remarkably improve the prediction precision, and is suitable for the scenes of wind power output, load demand, electricity price prediction and the like of multiple regions.",,,,H02J3/38;G06Q50/06;G06Q30/0283;G06N3/042;G06F18/25;G06F18/2415;G06F18/241;G06F18/214;G06F18/21;H02J3/00,,,False,True
CN-120258101-A,CN-202510323672-A,CN,A,96186437,20250318,20250318,20250704,0,Multi-layer coupling considered integrated modeling method for information physical system of power distribution network,,"The invention belongs to the technical field of information physical fusion of power systems and discloses an integrated modeling method of an information physical system of a power distribution network, which considers multi-layer coupling, and comprises the following steps of dividing system layers according to the entity architecture of the information physical system of the power distribution network, wherein the system layers comprise a physical layer, an information physical coupling layer and an information layer; the method comprises the steps of converting a physical architecture of a power distribution network information physical system into a graph theory model by using a complex network theory framework, characterizing system topology and functional interaction characteristics by establishing a multi-layer network structure, constructing a physical layer model, an information physical coupling layer model and an information layer model in a layered mode, describing coupling relations and association characteristics among all layers of models by using an association matrix, and accurately describing essential characteristics of a multi-layer heterogeneous system by considering coupling relations among multiple layers, so that dynamic regulation capacity and operation efficiency of the system are improved.",,,,H02J3/00;G06Q50/06;G06N5/02,UNIV SOUTHEAST,,False,True
CN-110457745-B,CN-201910568710-A,CN,B,68481716,20190627,20190627,20220830,20220830,Method for establishing water-energy contact network model with close coupling relation,,"The invention discloses a method for establishing a water-energy connection network model with a close coupling relation, which comprises the steps of firstly respectively establishing a power transmission network model, a gas transmission network model, a heat supply network model and a water distribution network model; building a water-energy contact network model which is interdependent and acts on the basis of the four built models; the water-energy connection network model is expressed as a mixed integer nonlinear programming model, and is optimized and solved through an IPOPT solver. The method builds a water-energy contact network which is interdependent and acted, thereby improving the reliability and flexibility of the operation of the whole system.",,,Y04S10/50;G06Q50/06;G06Q10/04,G06F119/14;G06F113/08;G06F111/04;G06F113/14;G06Q10/04;G06Q50/06;G06F30/20,,,False,True
CN-201067707-Y,CN-200720054401-U,CN,Y,39489080,20070720,20070720,20080604,20080604,Fire place smoke-removing device,,"The utility model discloses a fire scene smoke remover which can effectively eliminate the dense smoke and comprises a smoke removing chamber enclosed by a shell (1), an electric room positioned at the lower part of the shell (1) and a light activated switch (11) arranged at the upper part of the shell (1); wherein, the front wall of the chamber is provided with an air inlet while the side wall of the chamber is provided with an air outlet (6); two-track multi-layer networks (3, 4 ) are arranged in the chamber and between the air outlet (6) and the air inlet which is provided with a suction fan (2); the electric room is internally provided with a storage battery (5), a direct current voltmeter (7), an inverter (9), a high voltage direct current packet (10) and a buzzing alarm (12); direct current positive and negative electrodes of the high voltage direct current packet (10) are respectively connected with the two-track multi-layer networks (3, 4). When in use, the fire scene smoke remover can effectively eliminate the heavy smoke and lead people to see the escape direction clearly and to escape from the fire scene quickly.",,,,B03C3/04;B03C3/40;B03C3/86;B03C3/66,WU JINGANG HUANG YANMIN,CN,True,False
CN-105197204-A,CN-201510582798-A,CN,A,54945273,20150915,20150915,20151230,0,Portable multifunctional life-saving rope,,"The invention discloses a portable multifunctional lifeline, which comprises: the life-saving rope comprises a storage bin and a life-saving rope body stored in the storage bin, wherein the life-saving rope body comprises a main steel rope, a floating body steel rope, an auxiliary steel rope, a floating ball, a retarder, a plurality of grabbing-assisting thin ropes and a sinking body steel rope. One end of the main steel rope is fixed on the inner wall of the storage bin, and the other end of the main steel rope is provided with the floating ball; 2 pieces of buffer devices are arranged on the main steel rope at intervals, and each buffer device is provided with two arms capable of gradually expanding; two ends of the floating body steel rope are respectively connected with the outer end of one arm of each retarder; two ends of the sinking steel rope are respectively connected with the outer end of the other arm of each retarder; the multiple grabbing-assisting thin ropes are interwoven in a net shape, and two ends of each grabbing-assisting thin rope are respectively connected with two arms of the two retarders or respectively connected with the floating body steel rope and the sinking body steel rope; a handle is arranged on the containing bin. The device is convenient to carry and simple to operate, is in a net shape after being unfolded, is convenient for a person falling into water to grasp, and is also convenient for a rescuer to rescue.",,,B63C2009/265;B63C9/26,B63C9/26,UNIV NORTH CHINA SCIENCE & TECHNOLOGY,,True,False
US-2020206548-A1,US-201816236433-A,US,A1,71121586,20181229,20181229,20200702,0,Electrical Safety Emergency Response Systems and Related Methods,,"An electrical safety system and method is provided which includes a flexible electrical safety vest, a lifeline coupled with the vest in various configurations, and leg straps. The electrical safety vest includes a number of loops which are used to couple the lifeline in a variety of relationships that enable different types of maneuvering of a worker with relation to a hazard. Various embodiments of the invention can be used to rapidly and safety remove a worker from proximity to an immediate threat to their life, health, or safety. Direct and indirect extraction from a danger are enabled. A variety of methods are also provided for operating various embodiments of the invention.",,,A41D13/008;A41D13/0007;A62B35/0037;A62B35/0018;A62B35/0043;A41D2600/20;A41D1/04,A41D1/04;A41D13/00;A41D13/008;A62B35/00,US NAVY,US,True,False
CN-119903113-B,CN-202510388928-A,CN,B,95465191,20250331,20250331,20250610,20250610,Multi-target library real-time data synchronization method for electric power metering,,"The invention provides a power metering-oriented multi-target library real-time data synchronization method which comprises the steps of constructing a metering data dependency model based on a power load curve theory, optimizing a multi-target scheduling strategy by utilizing an improved non-dominant sorting genetic algorithm, processing power data by applying an intelligent slicing and mixed compression strategy, executing synchronization based on a multi-level buffering strategy and a batch writing algorithm, and implementing multi-dimensional consistency verification and generating a layered restoration scheme. The scheme realizes the real-time synchronization of the power metering data with high efficiency, high reliability and low resource consumption, and provides a high-quality data base for the power grid dispatching decision.",,,G06Q50/06;G06F16/285;G06F16/24552;G06F16/2365;G06F16/2358;G06F16/27,G06Q50/06;G06F16/28;G06F16/2455;G06F16/23;G06F16/27,,,False,True
CN-208009786-U,CN-201820079978-U,CN,U,63883119,20180116,20180116,20181026,20181026,A kind of horizontal rails device at shock insulation seam,,"A kind of horizontal rails device at shock insulation seam disclosed by the utility model, including left rotary shaft column steel pipe and right spindle column steel pipe, left built-in fitting and right built-in fitting, left flange plate and right ring flange, the dynamic steel pipe and dynamic steel pipe of right-hand rotation that turns left, several left horizontal steel tubes and several right horizontal steel tubes identical with left horizontal steel tube quantity.When an earthquake occurs, turn left to move steel pipe and dynamic steel pipe of turning right can be freely rotated, left horizontal steel tube and right horizontal steel tube is set smoothly to be moved in same straight line Free water always, to realize in seismic process, any direction movement can planar occur with both sides beam slab for the lifeline at shock insulation seam, and lifeline is in protection state always.",,,,E01D19/10;E04F11/18,UNIV GUANGZHOU,,True,False
CN-121390885-A,CN-202511520017-A,CN,A,98477434,20251023,20251023,20260123,0,Urban lifeline pipeline risk identification method based on GIS,,"The invention discloses a GIS-based urban lifeline pipeline risk identification method which comprises the steps of S1, collecting underground water initial data, metal mineral initial data, pipeline data, engineering longitude and latitude coordinates and population distribution map data, preprocessing, S2, extracting underground environment characteristics through a convolution layer, updating a preprocessed pipeline map model to obtain an updated pipeline map model, constructing an improved double-gate map neural network, extracting fusion characteristics of all pipelines, S3, extracting construction influence characteristics of the pipelines and population risk characteristics of the pipelines, combining the fusion characteristics of all the pipelines, extracting comprehensive risk characteristics, converting the comprehensive risk characteristics into risk grades, and S4, calculating the pipeline risk map model and identifying and displaying in a GIS platform. The method can solve the problems that the traditional method has low inspection efficiency, is difficult to combine multi-source heterogeneous data, and further cannot realize accurate risk identification of urban lifeline pipelines.",,,,G06Q50/26;G06N3/0464;G06N3/045;G06N3/0442;G06N3/042;G06F18/25;G06F18/22;G06F18/213;G06F18/15;G06F16/29;G06Q10/0635,CHANGSHA HAITU TECH CO LTD,,False,True
JP-2010108308-A,JP-2008280433-A,JP,A,42297686,20081030,20081030,20100513,0,Risk management support system for gas infrastructure,,"&lt;P&gt;PROBLEM TO BE SOLVED: To provide a risk management support system for gas infrastructure to determine social risk generated by the gas construction based on gas construction information performed on a lifeline forming a gas infrastructure.  &lt;P&gt;SOLUTION: The risk management support system (100) for gas infrastructure includes a storage section (150) for storing a gas construction risk master table (152) for matching gas construction with the risk at a point where the gas construction is performed and gas construction risk link information (154) for matching the gas construction with the risk at at least one remote place separated from the point caused by the gas construction, an information acquiring section (112) for acquiring the gas construction information, and a risk calculating section (114) for calculating social risk generated by an objective construction included in the gas construction information referring to the table and link information based on the acquired gas construction information.  &lt;P&gt;COPYRIGHT: (C)2010,JPO&amp;INPIT",,,,G06Q50/06;G06Q50/00,SYSTEM KENKYUSHO KK COMP,,False,True
JP-2014002783-A,JP-2013181093-A,JP,A,50035816,20130902,20130902,20140109,0,"Information processing method, information processing apparatus, and program",,"PROBLEM TO BE SOLVED: To perform prior and sequential analysis of works for recovering lifelines when disaster, such as an earthquake and a typhoon occurs.SOLUTION: A local information storage part 120 stores local data 10. An electric power distribution facility information storage part 130 stores electric power distribution facility data 20. A commander simulation part 141, a patrolman simulation part 142, and a recovery person simulation part 143 refer to the local information storage part 120 and the electric power distribution facility information storage part 130, and simulate works done by a commander, a patrolman, and a recovery person, respectively. The recovery person simulation part 143 simulates moving of the recovery person to a disaster place and command waiting from the commander.",,,Y04S10/50,G06Q50/06;G06Q50/26,CENTRAL RES INST ELECT,,True,True
CN-106529700-B,CN-201610910795-A,CN,B,58332578,20161020,20161020,20200331,20200331,Wind power plant prediction model construction method and system based on space-time correlation,,"The embodiment of the invention discloses a method and a system for constructing a wind power plant prediction model based on time-space correlation, wherein a time-space dependency method for wind field multi-fan space lattice wind speed prediction is explored by using wind power plant position information and actually measured wind speed data; establishing a wind field multi-fan wind speed probabilistic prediction model combining space-time typical characteristic parameters and current fan operation state monitoring by combining a dependency model of typical wind field fan group wind speed tracking measurement and wind field multi-fan space lattice wind speed prediction; on the basis, a wind speed probabilistic prediction method of multiple wind turbines of a wind power plant on different time scales is researched. An effective analysis tool is provided for forecasting the wind speed field of the multi-fan in the complex terrain and climate variable environment, and the running efficiency of the fan is promoted to be improved.",,,G06Q10/04;G06Q50/06,G06F17/40,,,False,True
KR-20250117770-A,KR-20250100100-A,KR,A,85111570,20250723,20210709,20250805,0,Underground utilities managing system,지하 전기선로 관리 시스템,"The present invention relates to an underground electric line management system. That is, the present invention relates to a system device for managing a buried object such as an electric line buried underground, and a buried object such as an electric line, a communication line, and the like is an infrastructure of a city and is a very important element for maintaining the city. Such buried objects are generally buried and installed underground in order to be safely protected and to meet complex requirements such as the environment and urban aesthetics. In addition, an electronic recognition indicator recognized through an rfid tag is used to check the buried location required for renovation construction, maintenance, etc.","본 발명은 지하 전기선로 관리 시스템에 대한 것이다. 즉, 지하에 매립되는 전기선로 등 매설물을 관리하기 위한 시스템 장치에 관한 것으로서, 매설물 예컨대 전기선로, 통신선로 등은 도시의 기반시설이며 도시를 유지하는 매우 중요한 요소이다. 이러한 매설물은 안전하게 보호되기 위해서, 그리고 환경이나 도시 미관 등의 복합적인 요건을 충족하기 위해서 일반적으로 지하에 매립되어 설치된다. 그리고 개보수 공사, 유지보수 등에 필요한 매립 위치를 확인하기 위하여 RFID태그를 통하여 인식되는 전자인식표시기를 활용한다.",,G06K19/0772;G06Q50/06;G01S19/01;G06K7/10386;G06K7/10297;G06K19/0723,G06Q50/06;G06K19/077;G06K7/10;G01S19/01;G06K19/07,PARK DU HYEON,KR,False,True
CN-110033394-A,CN-201910323308-A,CN,A,67239376,20190422,20190422,20190719,0,Remote fee control system and method for checking power failure instruction of remote fee control ammeter in compliance,,"A remote fee control system and a method for checking power failure instructions of a remote fee control ammeter in compliance are disclosed, wherein a marketing system is used for calculating and deducting the interdependence relationship between upstream and downstream business processes when power is saved, and a fee control instruction checking module is arranged in a metering automation system to check the compliance of the remote fee control instructions sent by the marketing system. The marketing system calculates the issue deduction electricity consumption according to the meter reading day freezing data, forms a remote cost control electricity stop user list, and sends a remote cost control electricity meter power stop instruction after business approval is completed; and the metering automation system checks the electricity charge according to the freezing data of the meter reading date, and judges and sends a power failure instruction of the remote charge control electricity meter or gives an alarm according to whether the electricity charge is actually owed. Therefore, the power failure instruction of the remote fee control electric meter issued by the marketing system is subjected to compliance inspection in the metering automation system, and the power failure accident of a user caused by violation and misoperation can be effectively avoided.",,,G06Q50/06;G06Q20/14;G07F15/003;G06F16/2455,G06Q50/06;G06Q20/14;G06F16/2455;G07F15/00,ELECTRIC POWER RES INST CO LTD CSG,,False,True
CN-113139740-A,CN-202110498209-A,CN,A,76818019,20210512,20210512,20210720,0,Comprehensive information management service system suitable for small-scale operator,,"The method is suitable for a comprehensive information management service system of a small-scale operator. The patent is used as a pioneer of a global small-scale operator comprehensive information management service system, forms a great leading position in the industry on the aspects of technology, completion degree, specialty degree and comprehensive performance, and has obvious characteristics. It mainly includes seven major centers of fund flow management system, stock receiving and dispatching system, commodity code scanning and trading system, customer management system, supplier management system, tourism information management system and financial management system. All subsystems in the system are interdependent and linked to form a powerful and efficient management system. With the complication of social business environment and the high-speed development of internet, mobile phone hardware equipment and software technology, it is important to bring the function and concept of the comprehensive information management system to the small-scale operator. It can help them improve financial performance, risk control awareness and ability to cope with emergency events.",,,G06Q10/0635;G06Q20/3276;G06F21/6218;G06F21/64;G06Q10/06311;G06Q20/065,G06F21/64;G06Q20/32;G06F21/62;G06Q10/06;G06Q20/06,ZHU JIE,,False,True
CN-109191326-A,CN-201810967301-A,CN,A,64919710,20180823,20180823,20190111,0,The interdependent deposit system network attack methods of risk assessment of power distribution network CPS based on attacker visual angle,,"The present invention proposes a kind of interdependent deposit system network attack methods of risk assessment of the power distribution network CPS based on attacker visual angle, from attacker&#39;s angle, analysis is for risk level caused by the attack of power grid cps system mounts premised on different attack invasion purposes, analyze the risk situation in power grid potential attack path, new visual angle can be provided for the safety analysis of power grid cps and means of defence research, formulate defensive measure for power grid operation personnel and accurate foundation is provided.",,,G06F21/55;G06F30/20;G06Q50/06;G06Q10/0635,G06F21/55;G06Q50/06;G06Q10/06;G06F17/50,UNIV NORTHEASTERN,,False,True
KR-20170082158-A,KR-20160000344-A,KR,A,59273828,20160104,20160104,20170714,0,System and method of mobile field inspection,모바일 현장조사 시스템 및 방법,,"본 발명은 단말기에 탑재된 현장조사 앱을 통해 현장조사 관리시스템 서버에 저장된 현장정보를 열람하는 단계, 상기 현장조사 앱에 현장의 주소, 현장 주변 건물이나 시설물 이름, 현장의 지명 등과 같은 현장 정보를 입력하고, 상기 입력된 현장 정보에 대응되는 현장의 현장조사방법 유형으로서, point inspection, node checking 및 route following으로 이루어진 군에서 선택된 현장조사방법 유형을 상기 현장조사 관리시스템 서버로부터 제공받는 단계 및 상기 현장 유형에 따라 수행된 현장조사 결과를 상기 현장조사 관리시스템 서버에 전송하는 단계를 포함하는 위치기반 모바일 현장조사 방법 및 이러한 방법을 구현하는 위치기반 모바일 현장조사 시스템에 관한 것이다. 
본 발명에 따르면, 복잡한 도시에서 도시 기반시설, 건축물, 교통, 문화재, 공공시설 등 다양한 도시 요소들에 대한 현장조사 수행에 있어서, 지속적이고 장기적으로 수집해야 할 정보를 체계적이고 통합적으로 관리할 수 있고, 효율적인 모니터링 시스템을 구현할 수 있다.",,G06Q10/0637;G06Q50/26;H04W4/023;G06Q50/10;H04W4/38;H04W4/024;H04W4/02;H04W4/029;G06Q30/0201,G06Q10/06;G06Q50/26;G06Q50/10;H04W4/02;H04W4/029;H04W4/024;H04W4/38,UNIV SEOUL IND COOP FOUND,KR,True,False
CN-121094527-A,CN-202511113383-A,CN,A,97890770,20250811,20250811,20251209,0,Intelligent management and control method and system for risk of switching misoperation of transformer substation,,"The invention discloses a transformer substation switching misoperation risk intelligent management and control method and system, which relate to the technical field of safety production of electric power systems and comprise the steps of collecting multidimensional real-time risk factor data, constructing a dynamic probability dependency model based on the risk factor data, quantifying the association influence among different dimensionalities and updating model parameters, converting characteristic information of a current operation scene into a standardized vector, carrying out similarity matching with a scene template, screening an adaptive basic strategy, dynamically adjusting the basic strategy according to a real-time risk assessment result to generate a scene risk management and control strategy, implementing the scene risk management and control strategy, collecting multidimensional feedback data in the executing process, generating a new generation of optimization strategy based on the feedback data, and updating a strategy library. According to the invention, the risk management and control strategy is generated and regulated according to the actual situation, the strategy is continuously optimized, the safety and reliability of switching operation of the transformer substation are improved, accidents caused by misoperation are reduced, and the stable operation of the power grid is ensured.",,,Y04S10/50;G06F18/22;G06Q50/06;G06Q10/0635,G06Q50/06;G06F18/22;G06Q10/0635,GUIZHOU POWER GRID CO LTD,,False,True
KR-20080025529-A,KR-20060090128-A,KR,A,39413321,20060918,20060918,20080321,0,Dangerous perception guidance system of the member&#39;s store using the value-added network,밴사의 통신망을 이용한 가맹점의 위험감지 안내시스템,"A danger sensing and guidance system for member stores using the VAN(Value-Added Network) is provided to offer a danger sensing and guidance service using a communication network connected to a control panel which operates, and controls various sensors installed in member stores and a danger sensing and guidance server connected to the control panel through the communication network. A danger sensing and guidance system for member stores using the VAN includes a danger sensor(10), a controller(20), a credit card inquiry terminal(30) and a VAN server(40). The danger sensor is installed in a member store, senses a danger in the member store and generates a danger sensing signal corresponding to the danger. The controller receives the danger sensing signal and processes the danger sensing signal into a danger generation signal. The credit card inquiry terminal stores identification information of the member store, receives the danger generation signal from the controller and combines the danger generation signal and the identification information. The VAN server receives the danger generation signal combined with the identification information from the credit card inquiry terminal and notifies a terminal(50) of a fire station or a police station of the danger of the member store.","본 발명은 가맹점주에게 위험감지 안내서비스를 제공 시 별도의 기반시설의 구축 없이도 제공이 가능한 밴사의 통신망을 이용한 가맹점의 위험감지 안내시스템에 관한 것으로, 가맹점에 설치되는 것으로 가맹점 내에 위험이 감지된 경우 이를 위험감지신호로 생성하는 위험감지센서부(10)와, 상기 침입감지센서(11)로부터 생성된 위험감지신호를 전송받아 위험발생신호로 가공하는 컨트롤러(20)와, 해당 가맹점을 식별하는 식별정보인 가맹점 식별정보가 기저장된 것으로 상기 컨트롤러(20)로부터 위험발생신호를 전송받아 그 전송된 위험발생신호에 상기 가맹점 식별정보를 취합하는 신용카드조회단말기(30)와, 상기 신용카드조회단말기(30)로부터 가맹점 식별정보가 취합된 위험발생신호를 전송받아 해당 위험을 제압하는 위험제압업체가 운영하는 업체단말기(50)로 해당 가맹점의 위험이 통보되도록 제어하는 VAN사 서버(40)로 이루어진 것을 특징으로 한다.  
       
     신용카드조회단말기, 화재감지, 가스누출, 위험감지 안내, VAN사",,G08B21/18;G06Q50/10;G06F16/60;G06F16/29,G06Q50/00,NICE I & T CO LTD,KR,True,False
CN-113409163-B,CN-202110799272-A,CN,B,77686427,20210715,20210715,20221004,20221004,Functional recovery decision-making method of interdependent hydropower system based on flexible city,,"The invention discloses a functional recovery decision-making method of an interdependent hydropower system based on a flexible city, which comprises the following steps: s1, initializing data: s2, randomly generating a plurality of sequences of the serial numbers of the damage components, wherein the sequences are used as chromosomes, namely an initial population, setting identity codes of chromosome slices and an information pool of the integral hydroelectric function level in a corresponding damage state, and setting the iteration times of a genetic algorithm; s3, judging whether the identity code of the chromosome slice to be evaluated exists in the information pool or not: if the water-electricity integral function level exists, the water-electricity integral function level in the information pool is directly called; otherwise, calculating to obtain the integral function level of the hydropower; and S4, operating the chromosome to obtain the next generation of chromosomes, and selecting the optimal chromosome based on the adaptive function value if the iteration times are reached. The method can meet the requirement of time urgency of recovery after disasters when optimizing the function recovery decision method of the interdependent hydropower system, thereby being really applied to actual disaster scenes.",,,G06F30/27;G06Q50/06;G06N3/126;Y04S10/50;Y02E40/70;G06F2111/06,G06N3/12;G06F111/06;G06Q50/06;G06F30/27,,,True,True
KR-20240165297-A,KR-20240157127-A,KR,A,85111570,20241107,20210709,20241122,0,Underground utilities managing system,Rfid태그 이용 매설물 관리 장치,"The present invention relates to an underground facility management device using an RFID tag. More specifically, the underground facility management device using an RFID tag comprises: an electronic identification tag including a fixture fixed to a buried object to be managed, a string attached to the fixture, and an RFID tag unit fixed to the string; an electronic identification reader configured to communicate with the RFID tag in the RFID tag unit via the LF band and read information from the electronic identification tag; a GIS configured to exchange necessary information regarding the buried object with the electronic identification reader; and a GPS configured to provide location information of the buried object to the electronic identification reader. With this configuration, when a plurality of buried objects of different types are buried underground, an electronic identification tag incorporating a unique RFID tag can be installed for each buried object so as to enable each buried object to be identified without confusion.","본 발명은 RFID태그 이용 매설물 관리 장치에 관한 것으로서 더욱 구체적으로는, 지하에 매설되어서 관리대상이 되는 매설물에 고정되는 고정체와, 상기 고정체에 부착되는 스트링과, 상기 스트링체 고정되는 RFID태그유니트로 이루어진 전자인식표시기와,  
상기 RFID태그유니트 내의 RFID태그와 LF대역으로 무선 통신하는 RFID리더로서의 기능을 가지고 상기 전자인식표시기의 정보를 판독하는 전자인식판독기와,  
상기 전자인식판독기와, 매설물에 관한 필요 정보를 교환하는 GIS와,  
상기 전자인식판독기에 상기 매설물의 위치정보를 제공하는 GPS를 포함하여 구성된다.  
이러한 구성을 통하면, 지중에 종류가 다른 다수의 매설물이 매설된 경우에는, 각 매설물 별로 고유의 RFID태그를 내장하는 전자인식표시기를 설치하여서 타 매설물과 혼돈하지 않고 구분을 할 수 있다.  
여기서, 매설물 예컨대 전기선로, 통신선로, 도시가스관, 상하수도관 등은 도시의 기반시설이며 도시를 유지하는 핵심요소이고 이러한 매설물은 안전하게 보호되기 위해서, 그리고 환경이나 도시 미관 등의 복합적인 요건을 충족하기 위해서 일반적으로 지하에 매립되어 설치된다.",,G06K19/0772;G06Q50/06;G01S19/01;G06K7/10386;G06K7/10297;G06K19/0723,G06Q50/06;G06K7/10;G01S19/01;G06K19/07,PARK DU HYEON,KR,False,True
WO-2009067256-A3,US-2008013024-W,WO,A3,40668058,20081121,20071125,20091230,0,Power outage and restoration notification in an advanced metering infrastructure network,,"A method and system are provided to transmit a meter power status. The method includes recognizing a power status change at a meter. The method includes, if the meter is scheduled to transmit first, transmitting a notification message to at least one neighboring meter towards a mesh gate, wherein the notification message includes a power status indicator and a meter identifier. The method includes, if the meter is not scheduled to transmit first, waiting a predetermined time period to receive a notification message from at least one neighboring meter. The method includes, responsive to receiving a notification message, adding a meter identifier to the received notification message before retransmitting the modified notification message to at least one neighboring meter. The method includes retransmitting the notification message.",,,H04W84/18;H04W40/22;H04L45/28;G01D4/004;H04L45/22;G01D2204/45;Y02D30/70;Y02B90/20;Y04S20/30,G06F15/16,TRILLIANT NETWORKS INC;VEILLETTE MICHEL,US;CA,True,False
JP-2013021781-A,JP-2011151818-A,JP,A,47692684,20110708,20110708,20130131,0,Power supply system,,"PROBLEM TO BE SOLVED: To provide a power supply system which can promptly determine damages at an occurrence of disaster to perform countermeasure to cope with the damages.SOLUTION: A server 12 predicts a damage situation such as collapse or damage of a building, and electric outrage on the basis of: prior information (e.g. power generation amount, power consumption in a high-rise apartment district 18, power consumption in a low-rise apartment district 20, height of the building, age of the building, structure, installation ground or district, number of vehicles 24 in the high-rise apartment building 18, number of vehicles 24 in the low-rise apartment building 20, etc.,); and disaster information (seismic intensity of earthquake, flood damage information, etc.,). Locations requiring a lifeline, and amounts thereof are predicted, and then countermeasure against disaster (prioritization of electric power generated by a large-scale photovoltaic power plant 14 and power supplied from grid-connected power 16, shifting of vehicles for power source) is determined to supply the required locations with the required amounts.",,,,H02J13/00;G08B31/00;G01V1/00,TOYOTA MOTOR CORP,,True,False
CN-109713669-B,CN-201910080417-A,CN,B,66263074,20190128,20190128,20220121,20220121,"Planning method, device and equipment for disaster-resistant bottom-protecting power grid",,"The application discloses a planning method, a device and equipment of an anti-disaster and bottom-protecting power grid, which form a lifeline channel of a cable-outdoor station-cable-indoor station by constructing a minimum-scale power grid basic network frame, can provide reliable power supply for a local power grid, simultaneously, an anti-disaster and bottom-protecting power supply serving as a main power supply has black start and isolated network operation capacity, is directly connected into a key transformer substation, aims to improve the self-balancing operation capacity of the local power grid, selects the key transformer substation to dispersedly configure energy storage power stations for the power grid basic network frame, integrates the power grid basic network frame, the anti-disaster and bottom-protecting power supply, the energy storage power stations and power supply loads, forms an anti-disaster and bottom-protecting power grid scheme of an anti-disaster area to be planned, can comprehensively consider the power grid, the power supply, the loads and the energy storage, plan and construct a high-reliability anti-disaster power grid, so that the power grid of an important area of a coastal city can locally and self-balancing operation during a severe natural disaster core period, the emergency disaster-resistant guarantee capability of the power grid in the core area is strong.",,,,H02J3/00,,,True,False
CN-109145428-A,CN-201810923121-A,CN,A,64792931,20180814,20180814,20190104,0,A kind of information physical emerging system vulnerability assessment method under cascading failure mode,,"The invention discloses a kind of information physical emerging system vulnerability assessment methods under cascading failure mode, include the following steps: S1, according to Complex Networks Theory, establish information layer model and physical layer model；S2, according to information layer model and physical layer model, the dependence of Information Level and physical layer is modeled using interdependent theory, obtains coupling model；S3, according to coupling model, electric power CPS cascading failure is modeled using seepage theory, whole surviving nodes of output coupling model；S4, vulnerability assessment index is established, and according to the surviving node of vulnerability assessment index and coupling model, the fragility of electric power CPS is assessed；The present invention solves the problems, such as that step of the existing technology is complicated, validity is low, practicability is low and lacks versatility, avoids the serious consequence of power loss, causes huge economic loss and social influence.",,,G06F30/20;G06Q50/06;G06Q10/06393;Y04S40/20,G06Q50/06;G06Q10/06;G06F17/50,INFORMATION & TELECOMMUNICATION COMPANY STATE GRID SICHUAN ELECTRIC POWER COMPANY,,False,True
CN-113704994-A,CN-202110983871-A,CN,A,78654822,20210825,20210825,20211126,0,Method and system for building urban traffic lifeline in extreme rainstorm weather,,"The invention relates to a method and a system for constructing an urban traffic lifeline in extreme rainstorm weather, wherein the method comprises the following steps: carrying out rainstorm waterlogging simulation; removing inland inundation failure road sections, carrying out traffic simulation on the retained effective road network, and obtaining severely congested road sections; analyzing urban road accident black points according to the traffic accident data to obtain high-risk road sections; identifying an initial traffic lifeline set by combining the results of rainstorm waterlogging simulation, traffic simulation and urban road accident black spot analysis; and judging whether the traffic lifeline set meets the expected requirement, if so, outputting the urban traffic lifeline set in the extreme rainstorm weather, otherwise, perfecting drainage and waterlogging prevention facilities by taking the recovery of the use function of the part of the failed road sections as a target, and re-identifying the corrected traffic lifeline set until the corrected traffic lifeline set meets the requirement. The method and the system are beneficial to identifying and improving the urban traffic lifeline and improving the anti-catastrophe capability of the urban traffic in extreme rainstorm weather.",,,G06F30/20;G06F30/18;Y02A10/40,G06F30/18;G06F30/20,FUZHOU PLANNING & DESIGN RES INSTITUTE GROUP CO LTD,,True,False
EP-2120442-A1,EP-08251710-A,EP,A1,39627760,20080515,20080515,20091118,0,Power backup system,,"An electrically powered node 3 of a telecommunications system has a battery power backup 37 associated with its power control unit 33. Under normal conditions it are maintained fully charged by means of trickle currents from the mains power feeds 14 to each of a number of mains- connected customer equipments 4, by way of the &#34;final drop&#34; 10 to the distribution point. These trickle currents are controlled by the respective power control units 33, 43, to prevent overcharging. Using an electrical copper connection 19 provided in parallel with the fibre connection 9, a battery backup 27 can also be maintained in nodes 2 further towards the exchange. 
     These feeds are made reversible, so that if a power outage removes the power supply 14 from the customer premises 4, a &#34;lifeline&#34; plain telephone service between the exchange 1 and the telephone handset 5 is maintained over the connections 9, 10, 13, using the local battery backup 27, 37 in the remote nodes 2, 3. By limiting the service to simple telephony, the battery power 27, 37, 47 can be sufficient to maintain the service for a reasonable duration. 
     The power management systems 23, 33, 43 can be used to transfer charge from one battery 27, 37 to another over the network according to the usage, or remaining life, of each battery 27, 37, 47.",,,H04M19/08,H04M19/08,BRITISH TELECOMM,GB,True,False
EP-2215556-A4,EP-08851927-A,EP,A4,40668058,20081121,20071125,20110119,0,System and method for power outage and restoration notification in an advanced metering infrastructure network,,,,,H04L45/22;G01D4/004;H04W84/18;H04L45/28;H04W40/22;G01D2204/45;Y04S20/30;Y02D30/70;Y02B90/20,H04W40/24;G08C19/00;H04L12/56,TRILLIANT NETWORKS INC,US,True,False
CN-105493486-B,CN-201480041885-A,CN,B,49029040,20140605,20130723,20170510,20170510,Reverse powering system for telecommunications node,,"To initiate the transmission of electrical power over a telecommunications connection (14) from a power-collecting telecommunications interface unit (16) such as a customer premises equipment, connectable to a power supply (18), to a power-receiving unit (22, Fig 4) such as a curbside electrical/optical interface, when a connection (14) is first established, or the collecting unit is first powered up, or in order to re-establish connection after a power outage, control signals are transmitted between low-power modems (55) in the interface units using a low-power communications protocol. This allows the controlled initiation of a larger power output and a higher speed exchange of data once the full telecommunications connection has been established. A low-powered beacon signal is transmitted over the telecommunications connection (14) by the power-collecting telecommunications interface unit on connection to a power supply (18), for detection by the power-receiving telecommunications interface unit. In the event of a loss of power at the input (18), the low power modem (55) initiates power management control signals to cause the power-receiving telecommunications interface to shut down certain functions in order to preserve backup power for essential &#34;lifeline&#34; services.",,,Y02D30/70;H04M19/08;H04L12/10,H04M19/08,,,True,False
JP-2015211876-A,JP-2015139388-A,JP,A,44763062,20150713,20100406,20151126,0,Fire extinguishment device for small scale building,,"PROBLEM TO BE SOLVED: To provide a sprinkler device having initial extinguishment performance, ensuring drinking water by efficiently using service water, and having installment space diversity by solving problems such as: shortage of pressure and water amount of service water in spite of being an assumption, occurring in most cases at a sprinkler facility utilizing service water for small scale building; shortage of an installation space of the facility in an existing building; and a lifeline cutoff in a large scale disaster.SOLUTION: Water amount is ensured by connection of sprinkler pipings by switching a control valve of service water piping brought into at least two houses. Or, a water reservoir of service water is arranged, water amount for an initial extinguishment is secured with a water storage type water supply device by compressing inactive gas or compressed air, and means for feeding service water in combination and sharing of the water reservoir by houses and a piping type water reservoir are arranged so as to correspond to installation space diversity. The device functions even for one house and can keep drinking water storage function and the water amount for the initial extinguishment.",,,A62C35/15,A62C35/62,IBA TAIKI,,True,False
CN-119359512-B,CN-202411891259-A,CN,B,94315319,20241220,20241220,20250314,20250314,"Urban lifeline waterlogging risk assessment rapid simulation method, system and storage medium",,"The invention relates to a rapid simulation method, a rapid simulation system and a storage medium for urban lifeline waterlogging risk assessment, wherein the method comprises the steps of obtaining key data; the method comprises the steps of constructing a multi-layer overlapped grid model comprising a ground surface layer, a subsurface pipe network layer and a life line facility layer based on key data, pre-calculating accumulated water depth distribution data under different rainfall intensities by using a numerical simulation method based on the multi-layer overlapped grid model, interpolating by using the pre-calculation method to obtain accumulated water depth values under the live rainfall intensities, overlapping the accumulated water depth values with the life line facility, calculating the flooding risk degree of the life line facility, and visually displaying the accumulated water depth distribution data and the flooding risk degree. According to the invention, the pre-calculation and the real-time interpolation of the ponding depth distribution under different rainfall conditions are realized, the accurate ponding depth distribution can be quickly obtained without complex real-time calculation under the live rainfall conditions, the simulation time is greatly shortened, and the high-efficiency technical support is provided for urban waterlogging emergency response.",,,G06F30/20;G06T17/20;G06T17/05;G06Q10/0637;G06Q10/0635;G06Q50/26,G06T17/20;G06T17/05;G06Q10/0637;G06Q10/0635;G06F30/20;G06Q50/26,,,True,True
CN-204568021-U,CN-201520228203-U,CN,U,53860695,20150415,20150415,20150819,20150819,A kind of lifesaving appliance,,"The utility model relates to a kind of lifesaving appliance, comprise the mounting box of a hollow, mounting box front side plate is connected with one by hinge, grip handle is provided with in the outside of door, one end in the inner side of door away from hinge is provided with a card convex, mounting box front side plate is provided with a draw-in groove matched with card convex away from the position that one end of hinge is relative with card convex, door is movably arranged on mounting box by hinge, door is interlockingly connected by card convex and draw-in groove and mounting box activity, a piling bar is vertically provided with in mounting box, a link is provided with above piling bar, link is connected with the lifeline of the hollow of a belt lock catch, by arranging draw ring on lifeline, drowning people is facilitated to catch life saving appliance, by rescue disembarkation, in addition, rescuer need not descend water to succour drowning people, avoids the danger that rescue worker causes because of rescue drowning people, moreover, be located at the mounting box of life saving appliance outside, extend the service life of life saving appliance, reduce public measures maintenance cost.",,,,B63C9/08;B63C9/26,YIN YANCHAO,,True,False
CN-111724026-A,CN-202010377682-A,CN,A,72564270,20200507,20200507,20200929,0,Optimization method for coupling operation of multi-energy network and water distribution network,,"The invention discloses an optimization method for coupling operation of a multi-energy network and a water distribution network, which comprises the steps of firstly, establishing a water-energy contact operation model which is interdependent and acted according to the coupling relation among the water distribution network, a power transmission network, a gas transmission network and a heat distribution network in a multi-energy system; the built model is a dual-target operation model of energy and resources; a double-objective decision framework is adopted to realize fair balance between two targets of energy and resources, and the water-energy connection operation model is expressed as a mixed integer nonlinear model; and processing a double-target competition relationship in the water-energy association operation model by using a double-target optimized Nash bargaining method, so as to realize the optimization of the coupling operation of the multi-energy network and the water distribution network. The method can realize the balance between the energy production cost and the water resource consumption, and provides a solution for the coordination and optimization under the comprehensive operation of energy and resources.",,,Y02A20/20;G06Q30/0206;G06Q10/06312;G06Q50/06;Y04S10/50,G06Q30/02;G06Q10/06;G06Q50/06,UNIV NORTH CHINA ELECTRIC POWER,,False,True
CN-114841555-A,CN-202210461128-A,CN,A,82566855,20220428,20220428,20220802,0,"Urban lifeline water, electricity, gas and heat early warning management and analysis system",,"The invention relates to the technical field of city management, and discloses a city lifeline water, electricity, gas and warm early warning management analysis system which comprises a control center, wherein the control center consists of a data processing system and an execution system, the data processing system comprises a data collection module, the execution system comprises an instruction issuing module, the data collection module consists of an online data collection module and an offline data collection module, the control center also comprises a server, the output end and the input end of the server are connected with the output end and the input end of the data processing system, and the output end and the input end of the data collection module are connected with a data uploading module. According to the invention, the data collection module consists of the online data collection module and the offline data collection module, and bidirectional data collection is carried out by the online data collection module and the offline data collection module, so that the stability and accuracy of data collection are ensured, and the follow-up work can be more accurate and complete.",,,G06F16/252;G06Q10/063114;G06Q10/103;G06Q10/0633;G06Q50/06;Y02P90/02,G06F16/25;G06Q10/06;G06Q50/06;G06Q10/10,HENAN DONGLU HIGH TECH IND CO LTD,,False,True
KR-20250089271-A,KR-20230178996-A,KR,A,96225973,20231211,20231211,20250618,0,Fault Detection and Diagnosis System of Sensors Network for Critical Infrastructure System,주요기반설비의 센서 망에 대한 고장 탐지 및 원인 진단 시스템,"Provided is a failure detection and diagnosis system of a city gas pipe network comprising: a receiving part (110) for receiving measured value data from a SCADA system (100) installed for data collection of a city gas pipe network by one method from among csv, MYSQL, and MS-SQL; a preprocessing module (120) for removing noise of the received data with a bandband filter and an index weighted moving average filter; a failure detection module (130) for detecting a failure of a measurement sensor when the failure determination index is greater than that of a failure determination upper limit value by using an SPE failure determination index derived from a PCA model, which is a multivariate statistical analysis technique, for data from which noise is removed from the measured value received from the preprocessing module (120); a failure block diagnosis module (140) for identifying a block comprising a failure sensor through an erroneous instruction correction-based algorithm derived from the PCA model when the measurement sensor failure is detected by the failure detection module (130); a failure sensor diagnosis module (150) for identifying a failure sensor through the erroneous instruction correction-based algorithm derived from the PCA model from among sensors included in the block identified by the failure block diagnosis module (140); and a transmission part (160) for transmitting a sensor failure diagnosis result determined by the failure sensor diagnosis module (150) to a terminal (200). In an embodiment of the present invention, an accident, wherein the city gas supply to the end consumer is stopped, can be reduced by the occurrence of the city gas pressure drop due to a delay in failure identification, thereby reducing customer dissatisfaction.","본 발명은 CIS의 하나인 도시가스 배관망의 고장 탐지 및 진단 시스템에 관한 것으로,  수신부(110), 수신한 데이터의 잡음을 제거하는 전처리 모듈(120), 상기 전처리 모듈(120)로부터 제공받은 측정값에서 잡음이 제거된 데이터에 대해 다변량통계분석 기법인 PCA 모델로부터 도출된 소정의 수식을 이용하여 측정센서의 고장을 탐지하는 고장탐지 모듈(130), 상기 고장탐지 모듈(130)에서 측정센서 고장이 탐지되면, 다중블록 PCA(MBPCA)  모델로부터 도출된 소정의 수식을 통해 고장센서가 포함된 블록을 식별하는 고장블록 진단 모듈(140), 상기 고장블록 진단 모듈(140)에서 식별한 블록에 포함된 센서들을 대상으로 PCA 모델로부터 도출된 소정의 수식을 통해 고장센서를 식별하는 고장센서 진단 모듈(150), 상기의 고장센서 진단 모듈(150)에서 결정한 센서 고장 진단 결과를 단말기(200)로 보내는 송신부(160)를 포함한다. 본 발명의 실시예에서, 객관적인 성능 지수를 개발하여 PCA와 비교하여 성능이 개선될 경우에만 MBPCA를 사용하도록 하여 도시가스 배관망의 고장 탐지 및 진단 시스템의 성능을 높일 수 있다.",,G06Q50/06;G06Q50/10;G05B23/0262;G05B23/024,G06Q50/06;G05B23/02,TECHDAS CO LTD,KR,False,True
JP-2014047495-A,JP-2012189908-A,JP,A,50607463,20120830,20120830,20140317,0,Evacuation building,,"PROBLEM TO BE SOLVED: To provide an evacuation building capable of being used as an emergency evacuation destination when a tsunami or a flood occurs and maintaining a function of a building body by reliably preventing the same from being destroyed or inundated.SOLUTION: An evacuation building A to be used as an evacuation destination when a tsunami or a flood occurs comprises: an external peripheral pressure resistant wall 1 which extends in an entire circumferential direction, has a height higher than a maximum water level preliminarily set against the tsunami or the flood and is provided with pressure resistance performance to resist water pressure and an impact due to a floating object; and a building body 2 which is constructed inside the external peripheral pressure resistant wall 1 and is provided with a lifeline function. The external peripheral pressure resistant wall 1 has parapet sections 6 which are outwardly projected from an outer face thereof and extended along the entire circumferential direction.",,,,E04H9/14,SHIMIZU CONSTRUCTION CO LTD,,True,False
KR-20160076755-A,KR-20140187201-A,KR,A,56500386,20141223,20141223,20160701,0,Establishment and operation method of emergency communication system in a massive disaster situation,재난 상황에서의 긴급통신 시스템의 구축 및 운용 방법,"The present invention relates to a method to establish and operate an emergency communication system in a situation that part or entire communication system malfunctions due to a natural disaster or a massive accident by propagating the disaster situation, rapidly establishing an emergency communication network and operate a system in an emergency communication mode, performing operation to recognize locations of victims and simultaneously providing a group communication function to command and control rescue agents when a communication life-line needs to be established and maintained to rescue the victims with minimum power consumption. Also, a method according to an embodiment of the present invention makes remote control of victims terminal possible in case of emergency by extending the conception of a public warning system (PWS). As such, base stations and terminals operating in an emergency mode can be operated in a minimum power-consumption mode. Also, a method according to an embodiment of the present invention performs a function to recognize locations of the victims by additionally performing functions related to accurate positioning and a function to increase a survival rate of the victims and victims′ terminals.","본 발명은 자연 재해/재난 또는 대형 사고에 의하여 통신 인프라가 일부 또는 전체가 와해된 상황에서, 신속하게 긴급통신망을 구축하여 재난상황을 전파하고, 긴급통신모드로서 시스템을 동작한다. 피해자들의 위치를 파악하기 위한 동작을 수행하고, 시스템이 최소한의 전력을 소모하며 피해자의 구조를 위한 통신생명선 (communication life-line)을 구축 및 유지하기 위한  필요 시, 재난안전 요원들의 지휘통제를 위한 그룹통신 기능의 동시 제공  시스템의 구축 및 그 운용 방법을 제시한다. 기본적으로 PWS (Public Warning System)의 개념을 확장하여, 긴급 재난상황에서의 피해자 단말을 원격 제어할 수 있도록 한다. 이를 통하여, 긴급모드로 운용되는 기지국 및 단말이 최소 전력 모드로서 운용될 수 있도록 한다. 또한, 단말의 위치에 대한 정밀 측위와 관련된 기능들을 추가적으로 수행하여, 피해자의 위치를 파악하고, 추가적으로 피해자 및 피해자 단말의 생존성을 높이는 기능을 수행한다.",,G08B21/10;G08B25/001;G08B25/00;G08B25/10,G08B25/00;G08B25/10,KOREA ELECTRONICS TELECOMM,KR,True,False
CN-214860737-U,CN-202022715236-U,CN,U,78950922,20201120,20201120,20211126,20211126,Marine fire-fighting life-saving box with life cable,,"The utility model discloses a marine fire-fighting lifesaving case with lifeline, including fire-fighting lifesaving case body and stopper, the equal fixedly connected with gasbag in upper and lower surface of fire-fighting lifesaving case body, the equal fixedly connected with device box in the left and right sides of fire-fighting lifesaving case body, the transversal fretwork state of personally submitting of device box, one side that the fire-fighting lifesaving case body was kept away from to the device box all sets up porosely and has emboliaed the slide, the transversal rectangle of personally submitting of slide, the slide is located the inside one end fixedly connected with spring of device box, the quantity of spring is two and is the upper and lower symmetrical state, the inside fixed connection of spring and device box. Through the arrangement of the air bag, the device box, the sliding plate, the spring, the wheels, the bending plate, the limiting block and the life cable, the beneficial effect that people falling into water can float in water is achieved, the beneficial effect that the people falling into water are drowned in water is avoided, and the advantage that the people falling into water timely return to the ship side is achieved.",,,,A62C3/10;B63C9/26,PIAO XUANCHUN,,True,False
JP-2015232249-A,JP-2014129641-A,JP,A,54933854,20140609,20140609,20151224,0,Fresh drinking water tank during drinking water lifeline cutoff and damage due to earthquake or disaster,,"PROBLEM TO BE SOLVED: To provide a water tank securing fresh water capable of coping with disaster.SOLUTION: A box body 3 in which a long thin water conducting pipe 4 is tightly folded and packed is installed midway between a water meter and a faucet. As all daily household supply water runs through the water conducting pipe 4, water exchange or antiseptic agents are not necessary and fresh water runs to be stocked in the box body 3 until an instance of disaster. When the box body 3 tilts or collapses from a normal installation position due to the disaster, inlet/outlet pipe is shielded instantaneously and the fresh water in the box body 3 is secured without leaking until the water is used.",,,Y02A20/00,E03B11/02,TANAKA DENKI CO LTD,,True,False
CN-110176767-A,CN-201910595251-A,CN,A,67699764,20190703,20190703,20190827,0,A kind of coastal area is guaranteed the minimum rack construction method,,"It guarantees the minimum rack construction method this application discloses a kind of coastal area, comprising: obtain the key subscriber information for being located at the target cities of coastal area；Obtain the supplying channels information of each key user in the key subscriber information；According to the supplying channels information, the high reliability channel part of each supplying channels is inquired, and determines the start node of each high reliability channel part；According to the power demands of the corresponding key user of the high reliability channel part, energy-accumulating power station is set at the start node of the high reliability channel part, the energy storage configuration of the energy-accumulating power station is matched with the power demands；Solve how to make coastal area guarantee the minimum rack high reliability power supply &#34; lifeline &#34; channel, construct typhoon disaster under self-balancing run partial electric grid the technical issues of.",,,H02J3/00;H02J3/28,H02J3/28;H02J3/00,GUANGDONG POWER GRID CO;GRID POWER PLANNING & RES CT GUANGDONG GRID POWER CO LTD;GUANGDONG POWER GRID DEVELOPMENT RES INSTITUTE CO LTD,,True,False
CN-120745960-A,CN-202511239931-A,CN,A,97186053,20250902,20250902,20251003,0,"Active power distribution network forward push back generation tide optimization calculation method, medium and device",,"The invention discloses a forward push back generation tide optimization calculation method, medium and equipment for an active power distribution network, which relate to the technical field of power distribution network analysis, operation and control, and are characterized in that an active power distribution network is constructed based on a physical connection structure of the active power distribution network, and layered to obtain a multi-layer network; predicting iteration times based on parameters of a multi-layer network and corresponding association coefficients to obtain the lowest iteration times, calculating a PV node sensitivity impedance matrix based on all node attributes in the network, judging whether the current iteration times reach the lowest iteration times after forward-pushing back substitution is carried out on the active power distribution network, stopping iteration based on node voltage convergence or iteration times upper limit judgment if the current iteration times reach the lowest iteration times, obtaining a calculation result, and continuing iteration if the current iteration times do not reach the lowest iteration times. By means of the minimum iteration number prediction, the efficient PV node sensitivity impedance matrix construction method and the dynamic optimized relaxation factor, on the premise of guaranteeing calculation accuracy, efficiency and robustness of forward push back power flow calculation of the active power distribution network are remarkably improved.",,,G06Q50/06;G06Q10/04;H02J3/381;H02J3/06,H02J3/38;H02J3/06;G06Q50/06;G06Q10/04,SHANGHAI NUCLEAR ENG RES & DESIGN INST CO LTD,,False,True
JP-2019075042-A,JP-2017202608-A,JP,A,66545201,20171019,20171019,20190516,0,Town structure,,"To provide a town structure that can realize efficient, effective and flexible infrastructure network construction and urban development resistant to disasters or the like, and can also facilitate urban redevelopment plans or the like, thereby improving convenience of future urban use.SOLUTION: A main street area 4 which longitudinally crosses and/or traverses town areas 1, 2, 3 is provided, and an energy plant facility and a lifeline infrastructure facility for supplying at least power and gas on the ground and/or underground of a main street area 4 are also provided. Then, an infrastructure network is created between the main street area 4 and an urban area 13 other than the main street area 4.SELECTED DRAWING: Figure 1",,,,G06Q50/08,SHIMIZU CONSTRUCTION CO LTD,,True,False
CN-119674967-A,CN-202510200743-A,CN,A,94987971,20250224,20250224,20250321,0,"Multi-region-oriented wind power, load and electricity price combined prediction method and system",,"The invention relates to a multi-region-oriented wind power, load and electricity price combined prediction method and system. The method comprises the steps of firstly collecting wind power, load and electricity price data of a plurality of areas, obtaining relevant weather and geographical position information, processing the obtained data to form a characteristic input channel, then constructing multi-scale graph convolution by carrying out frequency decomposition on a Laplacian matrix of a graph, capturing multi-scale information in the characteristic channel, defining a new loss function and parameter updating rule to optimize model training, then sharing an intermediate characteristic layer, integrating intermediate characteristics of all target variables to form a shared characteristic matrix, inputting the shared characteristic matrix into the model for training, and finally outputting the wind power, the load and the electricity price target variables simultaneously. The method can extract the unique characteristics of each region, capture the interdependence between different regions and target variables, remarkably improve the prediction precision, and is suitable for the scenes of wind power output, load demand, electricity price prediction and the like of multiple regions.",,,,H02J3/38;G06Q50/06;G06Q30/0283;G06N3/042;G06F18/25;G06F18/2415;G06F18/241;G06F18/214;G06F18/21;H02J3/00,UNIV GUANGDONG TECHNOLOGY,,False,True
CN-121188959-A,CN-202511745733-A,CN,A,98216196,20251126,20251126,20251223,0,Disaster influence full-chain joint simulation method for event-power grid-life line-user,,"The invention relates to a disaster influence full-chain joint simulation method for an event-power grid-life line-user, and aims to solve the problems that a composite extreme event cannot be covered, coupling modeling is inaccurate and a unified full-chain simulation frame is lacking in the prior art. The method generates extreme event scenes such as natural disasters, network attacks and the like, builds a multi-granularity lifeline model, and develops joint simulation in two stages (bi-directional coupling system iterative simulation and unidirectional influence system section simulation) to synchronously model 8 important users by combining time-event dual-drive interaction. The full-chain failure process can be accurately simulated, the power grid fault evolution, the life line function loss and the user service availability are output, and support is provided for urban life line toughness assessment and emergency decision.",,,,G06Q50/26;G06Q50/06;G06F119/14;G06F113/14;G06F113/08;G06F30/28;G06F30/18,STATE GRID SHANGHAI MUNICIPAL ELECTRIC POWER CO,,True,True
JP-2014047496-A,JP-2012189909-A,JP,A,50607464,20120830,20120830,20140317,0,Evacuation building,,"PROBLEM TO BE SOLVED: To provide an evacuation building capable of being used as an emergency evacuation destination when a tsunami or a flood occurs and maintaining a function of a building body by reliably preventing the same from being destroyed or inundated.SOLUTION: An evacuation building A to be used as an evacuation destination when a tsunami or a flood occurs comprises: an external peripheral pressure resistant wall 1 which extends in an entire circumferential direction, has a height higher than a maximum water level preliminarily set against the tsunami or the flood and is provided with pressure resistance performance to resist water pressure and an impact due to and a floating object; and a building body 2 which is constructed inside the external peripheral pressure resistant wall 1 and is provided with a lifeline function. A supporting slab 4 which supports the building body 2 is integrally constructed inside the external peripheral pressure resistant wall 1. A base isolation layer 11 is installed between the building body 2 and the supporting slab 4 to enable the building body 2 to be a base-isolated building.",,,,E04H9/14,SHIMIZU CONSTRUCTION CO LTD,,True,False
JP-2008261197-A,JP-2007126117-A,JP,A,39983873,20070409,20070409,20081030,0,System allowing person to live in person&#39;s own house even if lifeline is intercepted in disaster or the like,,"&lt;P&gt;PROBLEM TO BE SOLVED: To solve the inconvenience that a person has to live as an evacuee or the like when the lifeline is intercepted or a cut is imposed on water intake to cause shortage of water in a big earthquake.  &lt;P&gt;SOLUTION: Rainwater is stored underground, and is made to flow through a water cleaner to obtain cleaned water as a water source for potable water, bathing water and the like. A cycle battery of 12 V is charged by several solar cells, and used as a power source. A person can live in the person&#39;s own house by using various electric appliances of 12 V even if the lifeline is intercepted. Thus, the above problem is solved. When a mobile power generator or the like is used, the application is further widened.  &lt;P&gt;COPYRIGHT: (C)2009,JPO&amp;INPIT",,,Y02A20/00;Y02A20/108,E04H1/02;E03B3/03;E03B11/14,MURATA SHUNICHI,,True,False
CN-112663671-A,CN-202011502027-A,CN,A,75406195,20201218,20201218,20210416,0,Underground comprehensive pipe gallery design method considering civil air defense requirements,,"The invention provides a design method of an underground comprehensive pipe gallery considering the needs of civil air defense, which can meet the defense requirements considering the needs of civil air defense by carrying out protection design on a main structure of a pipe gallery, a personnel entrance, an exit, a vent, a feed opening, an in-gallery pipeline, electric of the pipe gallery and water supply and drainage of the pipe gallery and adapting protection measures, and can realize standard design, green intelligent construction, war conversion, short construction period and low cost. The invention can scientifically, economically and effectively improve the war time disaster prevention and damage resistance and the peaceful time natural disaster resistance of the comprehensive pipe gallery, is suitable for newly built and built comprehensive pipe galleries to meet the requirements of both civil air defense and implement peacetime function conversion, and ensures the toughness and safety of the urban lifeline system.",,,,E02D29/045;E04H9/00,SHANGHAI TONGJI UNITED CONSTRUCTION DEV CO LTD;JINHUA CITY JINYI METROPOLITAN NEW DISTRICT MAN COMMITTEE;ZHEJIANG UNDERGROUND ARCHITECTURAL DESIGN AND RES INSTITUTE CO LTD,,True,False
CN-120387608-A,CN-202510297238-A,CN,A,96486368,20250313,20250313,20250729,0,Urban energy system interaction influence and lifting method based on electric-thermal interdependence,,"The invention provides an electric-thermal interdependence-based urban energy system interaction influence and lifting method, and belongs to the field of energy utilization. The method comprises the steps of establishing a coupling model of three subsystems of electric power, natural gas and heat supply, providing a multidimensional toughness assessment index to assess comprehensive performance under extreme events, introducing an emergency resource scheduling strategy, planning position deployment of a power generation vehicle in the extreme events by using a power generation vehicle scheduling model, optimizing a repair path of a maintenance person under the condition of power network damage by using a maintenance person scheduling model, dynamically reconstructing a topological structure of a power distribution network under the condition of power system damage, maintaining the temperature of the building under the condition of insufficient heat supply by using thermal inertia of the building, and cooperatively optimizing resource allocation of three energy systems. The cooperative operation and emergency recovery of the multi-energy system are realized, the overall performance, the resistance and the restoring force of the system under extreme conditions are improved, and the safety and the stability of energy supply are ensured.",,,,G06Q50/26;G06Q50/08;G06Q50/06;G06Q10/0631,STATE GRID XIONGAN SIJI DIGITAL TECH CO LTD,,False,True
KR-20180005020-A,KR-20160084885-A,KR,A,61001477,20160705,20160705,20180115,0,Pipe Supporting Device for Earthquake-proof Having 3D Displacement,3차원 변위량을 갖는 내진용 일체형 배관지지장치,"The present invention relates to a seismic integrated pipe supporting device with three-dimensional (3D) displacement, comprising: a fixated bracket having a plurality of shaft coupling units protruding to one surface, and capable of being directly fixated on a ceiling or wall surface, or coupled to the same through a separate length adjustment means; a rotation central shaft to insert both ends into a shaft hole formed in the shaft coupling unit; a rod having a long hole-shaped through-hole formed on one end to receive the inserted rotation central axis to allow the 3D displacement in up/down, left/right, and front/rear directions, and allowing the other end to be coupled to a connection supporting member connecting or supporting the pipe; a coupling plate coupled to the fixated bracket by being spaced apart from the fixated bracket at a predetermined interval; and a shock absorption means connected to the coupling plate to receive the rod inside, and actively absorbing the 3D displacement to prevent breakage of the pipe upon an internal or external impact. According to the present invention, to minimize a secondary damage caused from breakage of a water transfer pipe, such as a rising pipe, a horizontal pipe, etc., of water firefighting equipment installed in main infrastructures upon an earthquake or other internal and external impacts, the device actively absorbs displacement and 3D-twisting to prevent breakage of the pipe when the pipe is moved as a consequence of these impacts.","본 발명은 3차원 변위량을 갖는 내진용 일체형 배관지지장치에 관한 것으로, 일면으로 돌출되는 한 쌍의 축결합부를 갖으며, 천정 또는 벽면에 직접 고정되거나 별도의 길이조절부재를 통해 결합이 가능한 고정 브라켓과, 상기 축결합부에 형성된 축홀(hole)에 양단이 삽입되는 회전중심축과, 상기 회전중심축이 삽입되어 상하, 좌우 및 전후방향의 3차원 변위량을 갖도록 하는 장공형상의 관통홀이 일단에 형성되고, 타단은 배관을 연결 또는 지지하는 연결지지부재가 결합되는 로드와, 상기 고정 브라켓으로부터 일정간격을 두고 상기 고정 브라켓과 결합되는 결합 플레이트와, 상기 결합 플레이트에 연결되어 상기 로드를 내부에 수용하며 내외적인 충격 시 배관의 3차원 변위량을 능동적으로 흡수하여 배관의 파손을 방지하기 위한 완충수단을 포함하며, 지진 및 각종 내외적 충격발생 시 주요기반시설에 설치된 입상관 및 횡주관 등 수계소화설비 송수관의 파손으로 발생하는 2차 피해를 최소화하기 위하여 각종 충격 시 배관이 흔들릴 때 그 변위량과 3D-Twisting을 능동적으로 흡수하여 배관의 파손을 방지할 수 있다.",,F16L3/18;F16L3/1008;F16F15/06;F16L3/08;F16L3/20;F16L3/16,F16L3/18;F16L3/16;F16L3/08;F16L3/10;F16L3/20;F16F15/06,JUNG WOON TAEK,KR,True,False
CN-105197204-B,CN-201510582798-A,CN,B,54945273,20150915,20150915,20170707,20170707,Portable multifunctional life-saving rope,,"The invention discloses a portable multifunctional lifeline, which comprises: the life-saving rope comprises a storage bin and a life-saving rope body stored in the storage bin, wherein the life-saving rope body comprises a main steel rope, a floating body steel rope, an auxiliary steel rope, a floating ball, a retarder, a plurality of grabbing-assisting thin ropes and a sinking body steel rope. One end of the main steel rope is fixed on the inner wall of the storage bin, and the other end of the main steel rope is provided with the floating ball; 2 pieces of buffer devices are arranged on the main steel rope at intervals, and each buffer device is provided with two arms capable of gradually expanding; two ends of the floating body steel rope are respectively connected with the outer end of one arm of each retarder; two ends of the sinking steel rope are respectively connected with the outer end of the other arm of each retarder; the multiple grabbing-assisting thin ropes are interwoven in a net shape, and two ends of each grabbing-assisting thin rope are respectively connected with two arms of the two retarders or respectively connected with the floating body steel rope and the sinking body steel rope; a handle is arranged on the containing bin. The device is convenient to carry and simple to operate, is in a net shape after being unfolded, is convenient for a person falling into water to grasp, and is also convenient for a rescuer to rescue.",,,B63C2009/265;B63C9/26,B63C9/26,,,True,False
JP-2013060726-A,JP-2011198892-A,JP,A,48185611,20110912,20110912,20130404,0,Disaster prevention handling facility system for building/condominium and drain water storage tank therefor,,"PROBLEM TO BE SOLVED: To secure the lifeline by enabling extra-use of a domestic drainage function of a building or a condominium for a fixed period of time even if a public sewerage system is made unavailable by an earthquake or a flood disaster.SOLUTION: A disaster prevention handling facility system comprises a storage tank 32 for storing water to be supplied to a building/condominium 10 in the case of emergency, cogeneration systems 40, 40&#39; which are operable in the case of emergency for supplying electricity and heat to the building/condominium 10, and a drain water storage tank 60 for storing at least a part of drain water from the building/condominium 10 in the case of emergency.",,,,B01D53/38;E03C1/12;E03C1/00;C02F1/04;E03B11/14;B01D53/81;E03B11/00;E03F5/10;E03F1/00,JFE ENG CORP,,True,False
CN-121809880-A,CN-202511681528-A,CN,A,99276389,20251117,20251117,20260407,0,Emergency rescue scheduling optimization method based on multilayer network heterogeneous transport means,,"The invention discloses an emergency rescue dispatching optimization method based on a multilayer network heterogeneous transport means, and relates to the technical field of emergency rescue dispatching. The method comprises the steps of constructing a multi-layer network model, defining parameter representation of a transportation tool dispatching optimization scene, establishing a mixed integer linear programming model based on emergency rescue dispatching optimization of multi-layer network heterogeneous transportation tools, taking transportation tool selection, transportation tool dispatching distribution and transportation route planning schemes as decision variables, and taking total rescue time as an optimization target, and constraining the optimization model. And fifthly, solving a model. The invention has good engineering practicability, controllable calculation process, easy realization, convenient grasping, popularization and application of engineering technicians, can be used as an important decision tool for the allocation and optimization management of emergency rescue tools, and provides powerful support for improving rescue efficiency and optimizing rescue transportation tool allocation.",,,G06Q50/265;G06Q10/06315;G06Q10/06311,G06Q50/26;G06Q10/0631,UNIV BEIHANG,,True,False
KR-20150118740-A,KR-20140044656-A,KR,A,54427210,20140415,20140415,20151023,0,The total prevention and PSR system to decrease heavy rain disaster,폭우 재해 저감을 위한 통합방재 및 psr 시스템,"The present invention relates to a total prevention PSR system, capable of preparing plans for the reduction of flooding damage such as moving main base facilities or limiting the land use of a disaster vulnerable area (S) and a disaster occurrence point (P) in cities by running in parallel with the existing prevention system to prevent disasters such as flooding, caused by heavy rain; and preparing a space drainage system to distribute facilities, delaying and reducing the flow of rainwater, to various places in a city response region (R). Therefore, the flow of rainwater, concentrated on a flooding area, is delayed and reduced by using a city plan facility for the reduction of damage to the disaster vulnerable area (S) and the disaster occurrence point (P).","본 발명은 집중호우나 장마철에 많은 강우량으로 인해 발생 될 수 있는 침수  등의 재해 발생 방지를 위해서 기존에 운영되고 있는 방재시스템과 병행하여 도시의 재해발생지점(P)과 재해취약지역(S)의 토지이용을 등급별로 분류하여 제한하거나 주요 기반시설을 이주하는 등의 침수피해 저감을 위한 방안을 마련하며, 도시대응지역(R)에는 우수의 흐름을 지연 및 저류시키는 시설을 중복되게 여러 장소에 분산하는 공간배수체계를 마련하는 것으로, 재해발생지점(P), 재해취약지역(S)의 피해 저감을 위하여 도시계획시설을 활용하여 침수구역으로 집중되는 우수의 흐름을 지연, 저류시키는 토탈방재 PSR 시스템에 관한 것이다.",,G06Q50/265,G06Q50/26,KOREA RES INST FOR HUMAN SETTLEMENTS,KR,True,False
KR-102908551-B1,KR-20240157127-A,KR,B1,85111570,20241107,20210709,20260107,20260107,Underground utilities managing system,Rfid태그 이용 매설물 관리 장치,,"본 발명은 RFID태그 이용 매설물 관리 장치에 관한 것으로서 더욱 구체적으로는, 지하에 매설되어서 관리대상이 되는 매설물에 고정되는 고정체와, 상기 고정체에 부착되는 스트링과, 상기 스트링체 고정되는 RFID태그유니트로 이루어진 전자인식표시기와,  
상기 RFID태그유니트 내의 RFID태그와 LF대역으로 무선 통신하는 RFID리더로서의 기능을 가지고 상기 전자인식표시기의 정보를 판독하는 전자인식판독기와,  
상기 전자인식판독기와, 매설물에 관한 필요 정보를 교환하는 GIS와,  
상기 전자인식판독기에 상기 매설물의 위치정보를 제공하는 GPS를 포함하여 구성된다.  
이러한 구성을 통하면, 지중에 종류가 다른 다수의 매설물이 매설된 경우에는, 각 매설물 별로 고유의 RFID태그를 내장하는 전자인식표시기를 설치하여서 타 매설물과 혼돈하지 않고 구분을 할 수 있다.  
여기서, 매설물 예컨대 전기선로, 통신선로, 도시가스관, 상하수도관 등은 도시의 기반시설이며 도시를 유지하는 핵심요소이고 이러한 매설물은 안전하게 보호되기 위해서, 그리고 환경이나 도시 미관 등의 복합적인 요건을 충족하기 위해서 일반적으로 지하에 매립되어 설치된다.",,G06Q50/06;G06K7/10386;G06K7/10297;G01S19/01;G06K19/0723;G06K19/0772,G06Q50/06;G06K7/10;G01S19/01;G06K19/07,,,False,True
CN-217974042-U,CN-202221900765-U,CN,U,84279409,20220721,20220721,20221206,20221206,Fire-resistant sealing protective cover for sling anchor cup and sling anchor cup protective system thereof,,"The utility model discloses a fire-resistant sealing protective cover for a sling anchor cup and a sling anchor cup protective system thereof; comprises a sealing cover body; the sealing cover body is a cylindrical body with openings at two ends; the inner surface of the sealing cover body is provided with a sealing fireproof layer; the sling anchor cup protection system comprises the fire-resistant sealing protection cover, and the sealing cover body is wrapped and fixed on the outer side of the sling anchor cup in a sealing manner and forms an isolation gap with the sling anchor cup; the sealing cover further comprises a dehumidification system used for introducing dry gas into the isolation gap, and an air inlet valve and an air outlet valve used for introducing the dry gas are arranged on the sealing cover body. The utility model discloses the system solves cable bridge &#34;lifeline&#34; safety in utilization problem, prevents that the thermal-insulated appearance of &#34;vat short slab effect&#34; of suspension bridge cable system fire resistance from reaching the hoist cable steel wire and corroding, guarantees the safety and stability nature of cable system bridge, prolongs the safe operation life-span of bridge, ensures the safe high-efficient operation of bridge in the operation phase, promotes the disaster-proof and anti-corrosion capability of cable system bridge by a wide margin.",,,,E01D19/16;E01D19/08,HUANGPU BRIDGE OF PEARL RIVER IN GUANGZHOU;JIANGSU CUMT DAZHENG SURFACE ENGINEERING TECH CO LTD;GUANGDONG WANQU TRAFFIC CONSTRUCTION INVEST CO LTD;JIANGSU DAZHENG ZHIAN TECH CO LTD,,True,False
CN-110279964-A,CN-201910485395-A,CN,A,68003276,20190530,20190530,20190927,0,High roof fire-fighting fire extinguishing rescues people&#39;s vehicle,,"High roof fire-fighting fire extinguishing rescues people&#39;s vehicle, with the lifting pylon (18) on roof fire fighting truck (4), it allows rotating arm (5) to put down the folded net Weight plate (7) hung on wirerope (6), rescue personnel is risen to roof；There are loudspeaker (35) in lifting pylon (18)；On roof fire fighting truck (4), it is located at photovoltaic panel (14) and alarm (15)；Four walls outside the car body (21) of roof fire fighting truck (4), if four touch switch struts (17) and touch switch (16), vehicle bottom have wheel (28) up and down；On hollow water tank (23), if intaking lid (37) and discharge valve of cistern for water-closet mouth (38), it can carry out roof fire fighting truck (4) and rescue people&#39;s fire extinguishing assistance in roof implementation, can also allow escape to high roof the personnel that take refuge, people&#39;s equipment is rescued by the descending lifeline fixed ring (36) on roof fire fighting truck (4) in time, ground is arrived in fast and safely decline escape, vehicle equipment cost is low, it is simple and efficient to handle, maintenance convenience, collection fire-fighting fire extinguishing rescues people Yu Yiti, and the places such as the high housing-group of community&#39;s house, the office building that writes is suitble to use.",,,A62B1/00;A62C27/00,A62B1/00;A62C27/00,CAO WEI,,True,False
CN-119903113-A,CN-202510388928-A,CN,A,95465191,20250331,20250331,20250429,0,Multi-target library real-time data synchronization method for electric power metering,,"The invention provides a power metering-oriented multi-target library real-time data synchronization method which comprises the steps of constructing a metering data dependency model based on a power load curve theory, optimizing a multi-target scheduling strategy by utilizing an improved non-dominant sorting genetic algorithm, processing power data by applying an intelligent slicing and mixed compression strategy, executing synchronization based on a multi-level buffering strategy and a batch writing algorithm, and implementing multi-dimensional consistency verification and generating a layered restoration scheme. The scheme realizes the real-time synchronization of the power metering data with high efficiency, high reliability and low resource consumption, and provides a high-quality data base for the power grid dispatching decision.",,,G06Q50/06;G06F16/285;G06F16/24552;G06F16/2365;G06F16/2358;G06F16/27,G06Q50/06;G06F16/28;G06F16/2455;G06F16/23;G06F16/27,NANJING YISHUNHONG INFORMATION TECH CO LTD,,False,True
KR-20190046244-A,KR-20170139594-A,KR,A,66656519,20171025,20171025,20190507,0,Module type data logger based on for social infrastructure,사회기반시설물을 위한 iot 기반 모듈형 데이터로거,"The present invention relates to an IoT-based modular data logger for social infrastructures, capable of being installed in social infrastructures of a plurality of categories using different kinds of sensors for remote monitoring, being connected selectively to different kinds of IoT communication networks, being conveniently installed and used despite using different kinds of sensors and different kinds of IoT communication networks, and monitoring malfunction in accordance with self-diagnosis, thereby stably performing remote monitoring for preventing disasters to social infrastructures and enabling high-efficiency management and convenient installation at low costs in small-scale social infrastructures which do not conventionally draw much attention regarding safety management. The present invention includes: a plurality of sensor connection parts (120, 220) connecting different kinds of sensors; IoT communication network connection parts (130, 230) selectively connected to different kinds of IoT communication networks (20); memories (160, 260) storing data standards by sensor and protocol information for communication with a cloud server (30); and control parts (110, 210) controlling the generation and transmission of a packet by applying a data standard and a protocol in accordance with a sensor (10) connected with a selected IoT communication network (20).","본 발명은 원격 모니터링하는 데 이종의 센서를 이용하는 복수 분류의 사회기반시설물에도 설치 사용할 수 있고, 이종의 IOT 통신망에도 선택적으로 접속할 수 있으며, 이러한 이종의 센서 및 이종의 IOT 통신망을 선택 이용하면서도 간편하게 설치 사용할 수 있게 하면서, 자가진단에 따라 고장 여부를 모니터링할 수 있게 함으로써, 사회기반시설물의 재난 재해 예방을 위한 원격 모니터링을 안정적으로 수행할 수 있게 하고, 기존 안전관리에 소홀하였던 소규모 사회기반시설물에도 저비용으로 간편하게 설치하며 고효율적으로 운용할 수 있는 사회기반시설물을 위한 IOT 기반 모듈형 데이터로거에 관한 것으로서, 이종의 복수 센서를 연결할 복수의 센서 접속부(120, 220), 이종의 IOT 통신망(20) 중에 선택 접속하기 위한 IOT 통신망 접속부(130, 230), 클라우드서버(30)와의 통신을 위한 프로토콜 정보와 센서별 데이터 규격을 저장하여 둔 메모리(160, 260), 및 선택한 IOT 통신망(20)과 연결한 센서(10)에 따라 프로토콜과 데이터 규격을 적용하여 패킷을 생성하고 전송하게 제어하는 제어부(110, 210)를 포함한다.",,H04L67/12;H04L12/66;H04L69/18,H04L29/06;H04L12/66;H04L29/08,NOW AND FUTURE TECH CO LTD,KR,True,False
CN-110378570-B,CN-201910549426-A,CN,B,68249216,20190624,20190624,20211221,20211221,Method for processing chain effect of electricity-gas interdependent system,,"The invention discloses a method for processing the interlocking effect of an electric-gas interdependent system. The method comprises the steps of establishing a rescheduling model of the power system, a rescheduling model of the natural gas system and a model of a coupling element according to the electric-gas interdependent system, further establishing a linkage effect analysis model of the electric-gas interdependent system, further obtaining a scheduling quantity of produced natural gas quantity and a cutting quantity of a natural gas load, adjusting the output of a generator set or cutting off part of the power load by adopting a power system scheduling mechanism, and adjusting the output of a gas source or cutting off part of the natural gas load by adopting a natural gas system scheduling mechanism. The invention couples the interlocking effect into the reliability of the electric-gas interdependent system by modeling the interlocking effect in the electric-gas interdependent system, and provides a basis for ensuring the reliable operation of the electric-gas interdependent system.",,,H02J2103/30;G06Q10/063;G06Q10/067;G06Q10/0631;H02J3/46;G06Q50/06,G06Q10/06;H02J3/46;G06Q50/06,,,False,True
KR-20220001610-A,KR-20200079807-A,KR,A,79347776,20200630,20200630,20220106,0,Natural Circulation Type Tree Flowerpot Filtering System to Reduce Non-point Pollution Sources from the Opaque in Urban Areas by Utilizing Urban Infrastructure,도시지역 불투수면에서 발생하는 비점오염원을 도시기반시설을 활용하여 저감하는 자연순환형 나무화분여과시스템,"The present invention relates to a natural circulation type tree planter filtration system which reduces non-point pollution sources generated from impervious surfaces in urban areas by utilizing an urban infrastructure. The natural circulation type tree planter filtration system of the present invention comprises: a wooden box; a media filter; an appendage space; a planting space; a vegetation gravel; and a drain. When the natural circulation type tree planer filtration system is installed, there are effects such as flood prevention due to removal of non-point pollution sources of a rainwater and reduction of a peak runoff.","본 발명은 도시지역 불투수면에서 발생하는 비점오염원을 도시기반시설을 활용하여 저감하는 자연순환형 나무화분여과시스템으로서, 기존에 식재되어 있는 조경수, 가로수 등을 이용할 수 있을 뿐 아니라 새로이 조성되는 도시지역 설계에도 적용이 가능하고, 시설을 설치 후에는 도시지역 및 도로에서 발생되는 비점 오염원을 저감시키는 작용과 처리된 우수를 하수도로 이송을 시키는 것이 아닌, 지면저류 및 토양 저류를 통하여 첨두유량과 유출용적을 저감시켜 지하수 고갈 문제 해결 및 홍수 재해 방지에 도움이 되는 기술로 된 자연순환형 나무화분 여과시스템에 관한 것이다. 발명의 구성은 나무상자, 여재필터, 충수공간, 식재공간, 식생토 자갈 및배수구로 이루어져 있다. 상부 식재공간에는 교목(가로수) 및 관목을 식재하여 도심조경을 자연스럽게 할 수 있으며, 하부에는 충수공간에 담수되어 있는 오염된 우수를 여과필터를 통해 일부는 식생토를 통해 식재된 수목에 공급이 되며, 일부는 지하로 순환되는 구조를 가진 자연순환형 나무화분 여과시스템이다. 이 시스템을 우수가 많이 발생하는 지역 등에서는 우수체류장치를 연결하여 더 많은 우수를 지하수로 환수시킬 수 있으며. 나무상자에 우수체류장치를 우수연결관으로 연결하여 활용할 수 있다. 우수체류장치 상부에는 식재공간을 두어 교목 등 초하 류를 식재하여 화단의 형태로 사용할 수 있으며 식생분리판으로 분리된 지하부에는 충수공간을 두어 오염된 우수를 저장시켜 상부에 식재된 교목 등 초하류 등에 공급되고, 일부는 우수연결관을 통해 우수박스로 보내어져 가로수 및 지하수로 돌아가게 된다. 본 발명의 자연순환형 나무화분 여과시스템 설치 시 우수의 비점오염원 제거 및 첨두유출량 감소로 홍수 예방 등의 효과가 있다.",,Y02A10/30;Y02A30/60;B01D24/10;B01D35/02;B01D2221/12;E03F5/14,B01D24/10;B01D35/02;E03F5/14,NATURAL HARMONY CO LTD,KR,True,False
WO-2009154974-A2,US-2009045268-W,WO,A2,41434630,20090527,20080527,20091223,0,Floating intelligent perimeter sensor system,,"A system, method, and floating intelligent perimeter sensor, provide protection for waterways and critical infrastructures. The system and method utilize one or more floating intelligent perimeter sensors to detect, and in some cases identify, hazardous materials associated with vessels in the waterways. The hazardous materials detected, and optionally identified, can include radiological materials, fissile materials, explosives, chemicals and biological materials (CBRNE). A set of radiation data associated with a radiation source in a vessel is received from the one or more floating intelligent perimeter sensors. At least one histogram is generated based on the set of radiation data. The at least one histogram is compared to multiple spectral images associated with known materials. The at least one histogram is determined to substantially match at least one of the multiple spectral images. A determination is made whether a material associated with the radiation source is a hazardous material.",,,G01T3/08;G01V5/271;G01V5/26,G08B25/10;G08B19/00,INNOVATIVE AMERICAN TECHNOLOGY;FRANK DAVID L,US,True,False
CN-115622043-A,CN-202211337598-A,CN,A,84876596,20221028,20221028,20230117,0,Identification method and system for critical propagation path of cascading failure of power system,,"The invention provides a method and a system for identifying a critical propagation path of cascading failures of a power system, belonging to the technical field of power system failure identification, wherein the method comprises the following steps: acquiring current information and voltage information of each node in the power system based on WAMS system data, and further determining the actual power of each node; constructing an overload outage probability model of the power transmission line according to the actual power of each node; constructing an evaluation model of the N-k fault event according to the overload outage probability model; linearizing the nonlinear constraint of the evaluation model based on the power balance constraint and the propagation path constraint to generate a multi-stage linear programming evaluation model; and determining a key propagation path of the cascading failure according to the linear programming evaluation model. In this way, the interdependencies of the outage lines in the event of an N-k fault can be directly revealed, and the critical propagation paths of cascading overload faults can be effectively identified.",,,H02J2103/30;H02J3/0012;G06F17/18;G06Q50/06,G06Q50/06;G06F17/18;H02J3/00,STATE GRID HEBEI ELECTRIC POWER SUPPLY CO LTD ELECTRIC POWER RES INST;STATE GRID CORP CHINA;STATE GRID HEBEI ENERGY TECH SERVICE CO LTD,,False,True
CN-119515006-A,CN-202411739649-A,CN,A,94646854,20241129,20241129,20250225,0,Water-grain-energy-ecological correlation system collaborative configuration method considering unconventional water utilization,,"The invention discloses a water-grain-energy-ecological association system collaborative configuration method considering unconventional water utilization, which comprises the steps of firstly constructing a water-grain-energy-ecological association system collaborative configuration model, quantitatively analyzing interaction relations among water resource distribution, agricultural production, energy utilization and ecological protection, quantifying complex interdependencies among a plurality of random variables by adopting a vine copula method, solving the model by adopting an integrated vine copula and multi-stage random optimization method, and analyzing influence of brackish water utilization rate, joint default probability and water level on WFEE association systems. The invention considers the cooperative allocation of unconventional and conventional water resources, reduces the shortage pressure of regional water resources and reflects the complex mutual influence relationship among a plurality of subsystems.",,,Y02A20/152;G06Q50/26;G06Q50/06;G06Q10/06313,G06Q50/26;G06Q50/06;G06Q10/0631,UNIV BEIJING NORMAL,,False,True
CN-118735262-A,CN-202410870313-A,CN,A,92848602,20240701,20240701,20241001,0,Power distribution network risk assessment method considering network coupling,,"The invention relates to a power distribution network risk assessment method considering network coupling, and belongs to the technical field of power distribution networks. The method comprises the following steps: step S1: based on the BAG model, calculating the probability of success of RTU attack; step S2: analyzing an uploading signal of the RTU through the FA system, judging whether the FA system executes a fault processing process, if so, performing fault positioning, isolation and recovery, operating a power recovery model considering network coupling, and outputting interrupt cost; step S3: and (2) after the calculation of the interrupt cost is finished in the step (S2), judging whether a simulation stopping condition is met, and if so, calculating the system risk according to the system risk assessment index. According to the invention, by establishing the power supply recovery model considering the interdependence between the network and the physical system, the model is expressed as Mixed Integer Linear Programming (MILP) in mathematics, and can be solved by the existing solver, compared with the prior art, the power supply recovery model is simpler and more convenient to calculate and has higher calculation precision.",,,G06Q10/04;G06Q50/06;G06Q10/0635;Y04S40/20,G06Q50/06;G06Q10/04;G06Q10/0635,DONGFANG ELECTRONICS CO LTD;ELECTRIC POWER DISPATCHING CONTROL CT GUANGDONG POWER GRID CO LTD,,False,True
KR-20100091456-A,KR-20090010648-A,KR,A,42756640,20090210,20090210,20100819,0,The method for routing control of packet transmission in vehicular communications,이동 차량간 패킷 전달 경로 제어 방법,"PURPOSE: A method for controlling a packet transmission route between moving cars is provided to change a defer time according to an inter-relay node distance using an ODAM(Optimized Dissemination of Alarm Messages) method to shorten an inter-end delay time, thereby effectively broadcasting an emergency warning message during communication between cars. CONSTITUTION: The distance between a transmission node and a relay node car is obtained. Density showing the number of cars located in a service area is obtained. A retransmission delay time of a relay node is adaptively changed by the density and a distance between cars. A car(210) witnesses an accident by the transmission node. The car broadcasts an emergency warning message to surroundings. Cars(220,230) receive the emergency warning message. A car operates as the relay node.","본 발명은 차량간 통신인 VANET에 관한 것으로 VANET은 기반시설의 도움 없이 차량 간의 무선통신을 기반으로 자율적인 네트워크 구성을 통해 교통흐름제어, 운전자의 안전 및 편의 등을 크게 개선할 수 있는 기술을 말한다. VANET은 MANET과 달리 노드의 고속 이동성과 네트워크 토폴로지의 빈번한 변화, 노드의 밀집도 급변 등의 차량 환경 고유의 특징을 가진다. 이러한 VANET의 특징들은 MANET의 네트워크 토폴로지 기반 프로토콜의 성능을 저하시키는 주요 원인이 된다. 본 발명은 적응형 거리기반 방송 알고리즘을 사용한 긴급경고메시지 방송 프로토콜에 관한 것이다. 적응형 거리기반 방송 알고리즘은 긴급경고메시지 전송 노드의 전송영역의 가장 자리에 노드가 위치하지 않더라도 릴레이 사이의 거리에 따라 방송 패킷의 대기시간을 변화시키기 때문에 네트워크 토폴로지의 상황에 맞게 대기시간을 변화시킬 수 있다. 본 발명에서의 AODAM 알고리즘은 VANET 환경에서 낮은 노드 밀도와 잦은 토폴로지 변화에서도 낮은 네트워크 부하와 짧은 긴급메시지 전달 시간을 가지는 것을 특징으로 한다. 
       
     차량간 통신 (VANET), 패킷 경로 제어 방법, 적응형 거리기반 방송 알고리즘, 긴급경고메시지",,H04W40/38;H04W84/18;H04W4/06;H04W40/20,H04L12/28;H04W4/12;H04W40/20,IND ACADEMIC COOP,KR,True,False
CN-118862410-B,CN-202410781713-A,CN,B,93161900,20240618,20240618,20250425,20250425,Urban road network toughness measurement method under multi-layer traffic network dependence,,"The invention discloses an urban road network toughness measurement method under multi-layer traffic network dependence, which comprises the following steps of collecting space vector data of urban roads, subways and public transport networks, mapping different space layer data into a multi-layer network model formed by nodes and edges, gradually removing the road network edges and other traffic network lines connected with the road network edges, drawing a relation curve between road network structure indexes and removal proportions under the support of the connection of the rest different traffic layer networks, and comparing phase change threshold values and disaster tolerance changes of the space structures of the road networks under the support of the different traffic layer networks. The invention builds the interconnection model and the toughness measurement model of the road network and other multi-layer traffic networks, can reveal complex mechanisms of the mutual support and the destructive propagation of the road network and the traffic network, can identify key threshold values and important areas of the road space structure change under the multi-layer traffic support, and provides a technical tool for accurately measuring the toughness of the urban road network.",,,G06Q50/40;G06Q10/063;G06F30/18;G06F30/20,G06Q50/40;G06Q10/063;G06F30/18;G06F30/20,,,True,False
CN-121413152-A,CN-202511486391-A,CN,A,98490744,20251017,20251017,20260127,0,"Urban water supply system toughness critical threshold identification method, system and equipment",,"The invention discloses a method, a system and equipment for identifying toughness critical threshold values of an urban water supply system, which comprise the steps of respectively modeling a physical domain and an information domain of the water supply system based on a graph theory method, establishing a double-domain coupling mechanism according to a control theory principle, constructing an information-physical interaction coupling model, introducing an information network fault scene based on the coupling model to analyze the influence of the information network fault on the running state of the urban water supply network, and further establishing a service performance attenuation rate as a toughness critical threshold value evaluation index based on a performance-time curve characteristic, and identifying and outputting the toughness critical threshold values of the system through quantitative calculation. The method has strong systematicness and clear flow, provides a direct basis for the accurate reinforcement and toughness improvement of the system, effectively improves the accuracy and practicability of system modeling by the constructed coupling model, can completely capture the dynamic behavior of the system from function attenuation to recovery, can support the toughness research of a multilayer key infrastructure network, and has important theoretical significance and engineering application value.",,,,G06Q50/06;G06F119/14;G06F119/02;G06F113/14;G06F113/08;G06F111/10;G06F30/28;G06F30/20;G06F30/18,INST URBAN ENVIRONMENT CAS,,False,True
JP-2024000848-A,JP-2022099794-A,JP,A,89451680,20220621,20220621,20240109,0,Management system for piping facilities,,"To be advantageous in terms of cost, operation, and labor, make failure or deterioration less likely occur, and quickly restore the lifeline even in a disaster.SOLUTION: A management system of piping facilities includes: code display means Mc for displaying a read code 2 corresponding to a manhole Hm on a back surface Hcr side of a lid Hc of a manhole; code reading transmitting means Mr for reading the read code 2 by a mobile terminal 3 having a reading function Fr to transmit code data related to the read code 2 to a server computer 4 via a predetermined communication network N; and detailed information display means Md for allowing detailed content information Di corresponding to the code data registered in a database 5 attached to the server computer 4 to be displayed on a display 6 attached to the mobile terminal 3 when the code data is received.SELECTED DRAWING: Figure 1",,,,G06Q10/20;E02D29/14;E03F5/02,NITTAKU KK,,True,False
EP-3025489-A1,EP-14732924-A,EP,A1,49029040,20140605,20130723,20160601,0,Reverse powering system for telecommunications node,,"To initiate the transmission of electrical power over a telecommunications connection (14) from a power-collecting telecommunications interface unit (16) such as a customer premises equipment, connectable to a power supply (18), to a power-receiving unit (22, Fig 4) such as a kerbside electrical/cptical interface, when a connection (14) is first established, or the collecting unit is first powered up, or in order to re-establish connection after a power outage, control signals are transmitted between low-power modems (55) in the interface units using a low-power communications protocol. This allows the controlled initiation of a larger power output and a higher speed exchange of data once the full telecommunications connection has been established. A low-powered beacon signal is transmitted over the telecommunications connection (14) by the power-collecting telecommunications interface unit on connection to a power supply (18), for detection by the power-receiving telecommunications interface unit. In the event of a loss of power at the input (18), the low power modem (55) initiates power management control signals to cause the power-receiving telecommunications interface to shut down certain functions in order to preserve backup power for essential &#34;lifeline&#34; services.",,,Y02D30/70;H04M19/08;H04L12/10,H04M19/08,BRITISH TELECOMM,GB,True,False
CN-116307673-A,CN-202211101392-A,CN,A,86789314,20220909,20220909,20230623,0,Underground pipe network interaction risk early warning system for urban lifeline,,"The embodiment of the invention discloses an underground pipe network interaction risk early warning system for an urban lifeline, which relates to the field of urban lifeline operation monitoring and can improve the efficiency and the timely degree of personnel supervision of underground pipe network interaction safety. The invention comprises the following steps: the auxiliary analysis terminal is accessed to a front end sensor of the area to be detected through a mobile communication network; the auxiliary analysis terminal determines grade information according to the acquired front-end sensor information and sends the grade information to the data processing center; the data processing center establishes a risk interaction prediction model, determines the underground pipe network interaction risk level according to the level information reported by the auxiliary analysis terminal, and reports the underground pipe network interaction risk level to the dispatching monitoring center; and the dispatching monitoring center determines a risk treatment scheme aiming at the area to be detected according to the reported underground pipe network interaction risk level, and sends the risk treatment scheme to the auxiliary analysis terminal.",,,G06Q10/0635;G06Q10/04;G06Q50/26,G06Q50/26;G06Q10/04;G06F18/2431;G06F18/23;G06Q10/0635,JSTI GROUP CO LTD,,False,True
KR-102692044-B1,KR-20230118696-A,KR,B1,92378249,20230907,20230907,20240805,20240805,Method for forecasting temperature in underground utility tunnel based on residual CNN-LSTM,Residual CNN-LSTM 모델로 지하 공동구의 온도변화를 실시간으로 예측하는 방법,"The present invention relates to a method for predicting a temperature change of an underground common duct in real time with a residual cnn-lstm model. Since the underground common duct is an important national facility that jointly accommodates the city&#39;s lifeline such as electricity, communication, water supply, and heating, it is difficult to extinguish the fire as well as paralysis of the city&#39;s infrastructure in the event of a disaster such as a fire, so the damage increases out of control. Therefore, ordinary prevention and detection activities are important, and to this end, various monitoring equipment, such as a temperature sensor, a fire detection sensor, and various sensors for monitoring and detecting a disaster are installed. The present invention provides the method for predicting in real time how a temperature will change by using deep learning analysis for temperature information collected from temperature sensors in order to detect and predict in advance a sign of occurrence of a large-scale disaster that can occur in an underground common duct such as a fire.","본 발명은, Residual CNN-LSTM 모델로 지하 공동구의 온도변화를 실시간으로 예측하는 방법에 관한 것이다. 지하 공동구는 전력, 통신, 수도, 난방 등과 같은 도시의 라이프 라인을 공동으로 수용하는 국가 중요 시설물이기 때문에 화재 등 재난의 발생 시 도시 인프라의 마비는 물론 화재 진압이 어려워 피해가 걷잡을 수 없이 커진다. 따라서 평상시 예방 및 탐지 활동이 중요하며, 이를 위하여 재난 발생의 감시 및 탐지를 위한 이를 위한 각종 감시장비들과 온도센서, 화재감지 센서 등 다양한 센서들이 설치되어 있다. 본 발명에서는 화재 등과 같이 지하 공동구에서 발생할 수 있는 대형 재난의 발생 징후를 사전에 탐지하고 예측하기 위하여 온도 센서들에서 수집되는 온도정보들에 대하여 딥러닝 분석을 이용하여 온도가 어떻게 변화할지를 실시간으로 예측하는 방법을 제공한다.",,G16Y40/50;G16Y40/10;G16Y20/10;G06N3/08;G06N3/0464;G06N3/0442;G06N3/045,G16Y40/50;G16Y40/10;G16Y20/10;G06N3/08;G06N3/0464;G06N3/0442;G06N3/045,VAIV COMPANY INC,KR,True,False
CN-105493486-A,CN-201480041885-A,CN,A,49029040,20140605,20130723,20160413,0,Reverse powering system for telecommunications node,,"To initiate the transmission of electrical power over a telecommunications connection (14) from a power-collecting telecommunications interface unit (16) such as a customer premises equipment, connectable to a power supply (18), to a power-receiving unit (22, Fig 4) such as a curbside electrical/optical interface, when a connection (14) is first established, or the collecting unit is first powered up, or in order to re-establish connection after a power outage, control signals are transmitted between low-power modems (55) in the interface units using a low-power communications protocol. This allows the controlled initiation of a larger power output and a higher speed exchange of data once the full telecommunications connection has been established. A low-powered beacon signal is transmitted over the telecommunications connection (14) by the power-collecting telecommunications interface unit on connection to a power supply (18), for detection by the power-receiving telecommunications interface unit. In the event of a loss of power at the input (18), the low power modem (55) initiates power management control signals to cause the power-receiving telecommunications interface to shut down certain functions in order to preserve backup power for essential &#34;lifeline&#34; services.",,,Y02D30/70;H04M19/08;H04L12/10,H04M19/08,BRITISH TELECOMM,,True,False
CN-107211715-A,CN-201710576539-A,CN,A,59952348,20170714,20170714,20170929,0,A kind of ecological farm field system and construction method,,"The invention discloses a kind of ecological farm field system and construction method, the ecological farm field system includes field system, irrigation system and drainage system, and the field system is connected with irrigation system and drainage system respectively；The present invention can effectively reduce irrigation and cultivation water requirement, improve irrigation and water conservancy efficiency by recycling that draining water pretreatment is irrigated；Gou Tang and filling, blowoff basin collected rainwater are cultivated, delays heavy rain to conflux, mitigates flood damage, while animals and plants interdependence, reduces the use of agricultural chemicals and chemical fertilizer, being capable of pollution abatement.",,,A01K61/00;Y02A40/81;Y02A40/22;A01G25/00;A01G25/16,A01G25/00;A01G25/16;A01K61/00,NANJING HYDRAULIC RES INST,,True,False
US-9628283-B2,US-201414907183-A,US,B2,49029040,20140605,20130723,20170418,20170418,Reverse powering system for telecommunications node,,"To initiate the transmission of electrical power over a telecommunications connection from a power-collecting telecommunications interface unit such as a customer premises equipment, connectable to a power supply, to a power-receiving unit such as a curbside electrical/optical interface, when a connection is first established, or the collecting unit is first powered up, or in order to re-establish connection after a power outage, control signals are transmitted between low-power modems in the interface units using a low-power communications protocol. This allows the controlled initiation of a larger power output and a higher speed exchange of data once the full telecommunications connection has been established. A low-powered beacon signal is transmitted over the telecommunications connection by the power-collecting telecommunications interface unit on connection to a power supply, for detection by the power-receiving telecommunications interface unit. In the event of a loss of power at the input, the low power modem initiates power management control signals to cause the power-receiving telecommunications interface to shut down certain functions in order to preserve backup power for essential “lifeline” services.",,,H04L12/10;Y02D30/70;H04M19/08,H02J3/06;H04L12/10,BRITISH TELECOMM,GB,True,False
CN-121480789-A,CN-202511391548-A,CN,A,98617416,20250926,20250926,20260206,0,Photovoltaic power prediction method and system based on attention mechanism and LSTM,,"The application provides a photovoltaic power prediction method and a system based on an attention mechanism and LSTM, and belongs to the technical field of photovoltaic power generation. The method comprises the steps of obtaining a meteorological environment data sequence when a photovoltaic panel operates in a current time period, inputting the meteorological environment data sequence into a photovoltaic power prediction model, wherein the photovoltaic power prediction model comprises a multi-head attention module, an LSTM module and a regression module which are sequentially connected, extracting features of the meteorological environment data sequence through the multi-head attention module to obtain a first feature vector, carrying out time sequence dependency modeling analysis on the first feature vector through the LSTM module to obtain a second feature vector, and mapping the second feature vector through the regression module to obtain a predicted power generation sequence of the photovoltaic panel in a future time period, wherein the photovoltaic power prediction model is obtained after super-parameter optimization and training are carried out on a pre-built initial model. The photovoltaic power prediction method and the photovoltaic power prediction device can improve accuracy and efficiency of photovoltaic power prediction.",,,G06F18/27;G06N3/0985;G06N3/045;G06Q50/06;G06Q10/067;G06Q10/04,G06Q50/06;G06Q10/067;G06N3/0985;G06N3/045;G06F18/27;G06Q10/04,Foshan Xianhu Laboratory;WUHAN BUILDING MATERIAL INDUSTRY DESIGN & RES INSTITUTE CO LTD,,False,True
JP-2010019060-A,JP-2008203608-A,JP,A,41704226,20080708,20080708,20100128,0,Storage and infiltration structure and drainage method,,"&lt;P&gt;PROBLEM TO BE SOLVED: To keep safety from a flood disaster in view of an important subject of prior countermeasures against rainwater to cope with the severance of a lifeline because flood that occurs frequently cannot infiltrate underground from the ground surface to cause an enormous amount of rainfall flowing out of a river, and a flooded state leads to the disaster.  &lt;P&gt;SOLUTION: The ground surface of pavement, concrete or asphalt of a road has no rainwater infiltrating property. The ground surface water thereby flows out abnormally to the river without infiltrating underground to cause the flood disaster. As the countermeasure, a seepage pit is installed for promoting infiltration into the underground from the bottom of a waterway. The outflow of rainwater is thereby suppressed effectively to serve as the countermeasure against the flood disaster, thus acquiring safety and assurance.  &lt;P&gt;COPYRIGHT: (C)2010,JPO&amp;INPIT",,,,E03F1/00;E03F5/10,SAWADA SHOJI,,True,False
US-2009138777-A1,US-27525408-A,US,A1,40668058,20081121,20071125,20090528,0,System and method for power outage and restoration notification in an advanced metering infrastructure network,,"A method and system are provided to transmit a meter power status. The method includes recognizing a power status change at a meter. The method includes, if the meter is scheduled to transmit first, transmitting a notification message to at least one neighboring meter towards a mesh gate, wherein the notification message includes a power status indicator and a meter identifier. The method includes, if the meter is not scheduled to transmit first, waiting a predetermined time period to receive a notification message from at least one neighboring meter. The method includes, responsive to receiving a notification message, adding a meter identifier to the received notification message before retransmitting the modified notification message to at least one neighboring meter. The method includes retransmitting the notification message.",,,H04W40/22;H04L45/28;H04W84/18;G01D4/004;H04L45/22;G01D2204/45;Y02B90/20;Y04S20/30;Y02D30/70,H04L1/08;G06F11/14;G06F15/16,VEILLETTE MICHEL,,True,False
CN-112614016-A,CN-202011545815-A,CN,A,75245425,20201224,20201224,20210406,0,Electric power supply lifeline construction method based on secondary dry layer contact and mobile energy storage,,"The invention relates to a method for constructing an electric power supply lifeline based on secondary dry layer contact and mobile energy storage, which comprises the following steps of: step S1, obtaining power consumer information and net rack basic information; step S2, constructing an important power consumer evaluation index, and acquiring an important power consumer set according to the obtained power consumer information; step S3, constructing an electric power supply scheme based on secondary dry layer contact according to the obtained important electric power user set and net rack basic information; step S4, establishing a mobile energy storage scheme according to the power load condition of an important power consumer; and step S5, comparing the electric power supply scheme based on the secondary dry layer contact and the mobile energy storage with the mobile energy storage scheme to obtain a better power supply scheme, and constructing an electric power lifeline based on the better power supply scheme. The invention solves the problem of the balance between the reliability and the economy of the power grid users, optimizes the power supply environment and further improves the power supply reliability of the power grid under the condition of better economy.",,,Y02E40/70;G06Q50/06;G06Q10/04;G06Q10/06393,G06Q10/04;G06Q50/06;G06Q10/06,FUJIAN YONGFU POWER ENG CO LTD,,False,True
CN-117611414-A,CN-202311606128-A,CN,A,89957617,20231128,20231128,20240227,0,Urban lifeline sensing and safe operation system,,"The invention discloses an urban lifeline sensing and safety operation system, and relates to the technical field of urban safety management. The system comprises: the pipe network internet of things detection unit is used for acquiring the operation data of each city pipe network in the target city map; the city pipe network includes: the system comprises a heating power pipe network, a drainage pipe network, a comprehensive pipe gallery, a gas pipe network, a water supply pipe network and a road bridge tunnel monitoring network; the distributed internet of things service unit is used for storing and extracting target internet of things data of the operation data and transmitting the target internet of things data by utilizing the video network; the city life line safety situation platform is used for: determining a security situation base according to the operation data; generating accident early warning according to the abnormal value of the target internet of things data, carrying out configuration optimization of each city pipe network according to the accident early warning, and carrying out three-dimensional modeling according to the pipe network structure and corresponding operation data in the target city map to obtain a digital twin scene. The invention can improve the collaborative coordination capacity of the urban pipe network system and optimize the resource allocation.",,,G06Q50/265;G06Q50/06;G06F16/215;G06F30/20;G16Y40/10;G16Y40/50,G06Q50/26;G06F16/215;G06F30/20;G06Q50/06;G16Y40/10;G16Y40/50,SHANGHAI ELECTRIC SMART CITY INFORMATION TECH CO LTD,,False,True
US-2009299694-A1,US-47270709-A,US,A1,41434630,20090527,20011026,20091203,0,Floating intelligent perimeter sensor system,,"A system, method, and floating intelligent perimeter sensor, provide protection for waterways and critical infrastructures. The system and method utilize one or more floating intelligent perimeter sensors to detect, and in some cases identify, hazardous materials associated with vessels in the waterways. The hazardous materials detected, and optionally identified, can include radiological materials, fissile materials, explosives, chemicals and biological materials (CBRNE). A set of radiation data associated with a radiation source in a vessel is received from the one or more floating intelligent perimeter sensors. At least one histogram is generated based on the set of radiation data. The at least one histogram is compared to multiple spectral images associated with known materials. The at least one histogram is determined to substantially match at least one of the multiple spectral images. A determination is made whether a material associated with the radiation source is a hazardous material.",,,G01T3/08;G01V5/271;G01V5/26,G01T1/24;G06F17/18;G01T3/08,INNOVATIVE AMERICAN TECHNOLOGY,US,True,False
CN-110176767-B,CN-201910595251-A,CN,B,67699764,20190703,20190703,20230124,20230124,Construction method of bottom-preserving net rack in coastal region,,"The application discloses a coastal region bottom-preserving net rack construction method, which comprises the following steps: obtaining key user information of a target city in a coastal region; acquiring power supply channel information of each key user in the key user information; inquiring the high-reliability channel part of each power supply channel according to the power supply channel information, and determining the initial node of each high-reliability channel part; according to the power supply requirements of key users corresponding to the high-reliability channel part, an energy storage power station is arranged at a starting node of the high-reliability channel part, and the energy storage configuration of the energy storage power station is matched with the power supply requirements; the technical problem of how to build a &#39;lifeline&#39; channel for highly reliable power supply of the bottom-protecting net frame in the coastal region and construct a self-balancing local power grid under typhoon disasters is solved.",,,H02J3/00;H02J3/28,H02J3/00;H02J3/28,,,True,False
CN-118261447-A,CN-202410471935-A,CN,A,91602449,20240418,20240418,20240628,0,"Holographic sensing, monitoring and early warning method for urban lifeline",,"The invention discloses a holographic sensing, monitoring and early warning method for an urban lifeline, which relates to the technical field of urban management and comprises the following steps: s1: monitoring cities, and arranging gas, liquid pressure, flow sensors, liquid level sensors, temperature, humidity and TVOC related data monitoring or front-end sensing sensors to construct a sensor network; s2: collecting monitoring data in real time through the constructed sensor network, and transmitting the monitoring data to the cloud through a wireless transmission communication network; s3: after the cloud receives the data, analyzing and evaluating the monitoring data through the anomaly identification model, and outputting a prediction result; the holographic sensing, monitoring and early warning method for the urban lifeline realizes comprehensive sensing and dynamic monitoring of the urban lifeline and timely sensing and early prediction and early warning functions of urban safety risk.",,,G06F30/15;G06F30/12;G06T17/00;G06Q50/26;G06Q10/0635;G06Q10/06375,G06T17/00;G06Q50/26;G06Q10/0635;G06F30/15;G06F30/12;G06Q10/0637,CHINA ROAD & BRIDGE TECH CO LTD,,False,True
CN-111597394-B,CN-202010330031-A,CN,B,72183559,20200424,20200424,20230808,20230808,"Multi-dimensional, multi-layer and multi-granularity multi-network fusion modeling method",,"The multi-dimensional, multi-layer and multi-granularity multi-network fusion modeling method provided by the embodiment of the application comprises the steps of constructing a multi-dimensional network model according to network data, wherein the multi-dimensional network model comprises a power grid multi-dimensional network, a telecommunication network multi-dimensional network, a broadcast television network multi-dimensional network and an Internet multi-dimensional network; in the multidimensional network model, constructing a multidimensional network model according to different network nodes serving as granularity units; connecting the related network nodes among different networks according to the coupling and association relation among the networks to construct a multi-layer network model; obtaining a multi-dimensional, multi-layer and multi-granularity complex network model for describing a complex system after multi-network fusion; the method and the system not only comprehensively reflect the association relations of different individuals, families and communities under multi-network fusion, but also can effectively analyze and predict the possible behavior activities of the users and the user groups, effectively reveal the complex, potential and inherent association relations among the four networks, and provide basic support for the four-network fusion application service.",,,G06Q50/40;G06F16/9024;G06Q10/04;G06Q50/06;G06F18/25,H04L41/14;G06Q10/04;G06Q50/00;G06Q50/06;G06Q50/30;H04L41/12,,,False,True
CN-120907083-B,CN-202511371862-A,CN,B,97546288,20250924,20250924,20251212,20251212,Urban lifeline gas pipeline flood emergency prevention and control system and method based on large model,,"The invention provides a large-model-based urban lifeline gas pipeline flood emergency prevention and control system and method, which are applied to the technical field of gas pipeline flood emergency. The system comprises an emergency supervision management platform, wherein the emergency supervision management platform is configured to construct a gas pipe network map based on pipeline pressures and gas flow rates of a plurality of pipeline nodes, determine a plurality of suspected leakage points and leakage confidence degrees, execute an evaluation step for each suspected leakage point, determine sampling radius according to the leakage confidence degrees, determine corrosion risks and deformation risks of the suspected leakage points based on water body data and image data, determine comprehensive risk values of target pipeline nodes based on the plurality of corrosion risks and the plurality of deformation risks through a prediction model, and automatically send control signals to a drainage robot to drive the drainage robot to drain water in response to the comprehensive risk values meeting drainage conditions. The invention can automatically perform risk assessment and emergency treatment and timely eliminate the potential safety hazard of damage to the gas pipeline caused by flood disasters.",,,Y02A10/40;F17D5/02;F17D5/005;G06F18/2433;G06N5/04;G06Q10/0635;G06Q10/103;G06Q50/06;F17D3/01;F17D1/02,G06Q50/06;G06Q10/10;G06Q10/0635;G06N5/04;G06F18/2433;F17D5/02;F17D5/00;F17D3/01;F17D1/02,,,True,True
US-9395707-B2,US-201113214057-A,US,B2,42634244,20110819,20090220,20160719,20160719,Dynamic contingency avoidance and mitigation system,,"The disclosed subject matter provides systems and methods for allocating resources within an infrastructure, such as an electrical grid, in response to changes to inputs and output demands on the infrastructure, such as energy sources and sinks. A disclosed system includes one or more processors, each having respective communication interfaces to receive data from the infrastructure, the data including infrastructure network data, one or more software applications, operatively coupled to and at least partially controlling the one or more processors, to process and characterize the infrastructure network data; and a display, coupled to the one or more processors, for visually presenting a depiction of at least a portion of the infrastructure including any changes in condition thereof, and one or more controllers in communication with the one or more processors, to manage processing of the resource, wherein the resource is obtained and/or distributed based on the characterization of the real time infrastructure data.",,,H02J2103/30;G06Q10/06315;G06Q50/06;G05B15/02;G06Q10/04;G06F30/20;G06Q10/06375;G05B13/0265;G05B23/0283;G06F2113/04;G06F30/27;G06F2111/08;G06F2111/06;Y04S10/54;H02J2003/007,G06Q10/04;G06F1/28;G05B15/02;H02J3/00;G06F17/00;G06Q10/06;G05B23/02;G05B13/02,ANDERSON ROGER N;BOULANGER ALBERT;JOHNSON JOHN A;CALM ENERGY INC;UNIV COLUMBIA,US,False,True
JP-2010274182-A,JP-2009128410-A,JP,A,43421639,20090528,20090528,20101209,0,Water supply system,,"&lt;P&gt;PROBLEM TO BE SOLVED: To provide a water supply system which enables supply of drinking water and water for hygienic management at emergency disaster even when lifelines are completely broken.  &lt;P&gt;SOLUTION: The water supply system includes a raw water storage tank 3 which stores raw water by pumping up the raw water from various water sources by a storage pump, and a treatment tank 5 which removes a part of bacteria and viruses from the raw water stored in the raw water storage tank by driving a purification unit 4 to store the treated water. The treated water stored in the treatment tank is sterilized by electrolytic water generated by driving an electrolytic water unit 6 and then supplied as drinking water or water for hygienic management.  &lt;P&gt;COPYRIGHT: (C)2011,JPO&amp;INPIT",,,,C02F1/44;C02F1/46,TAKESHIMA KK,,True,False
CN-121188959-B,CN-202511745733-A,CN,B,98216196,20251126,20251126,20260602,20260602,Disaster influence full-chain joint simulation method for event-power grid-life line-user,,"The invention relates to a disaster influence full-chain joint simulation method for an event-power grid-life line-user, and aims to solve the problems that a composite extreme event cannot be covered, coupling modeling is inaccurate and a unified full-chain simulation frame is lacking in the prior art. The method generates extreme event scenes such as natural disasters, network attacks and the like, builds a multi-granularity lifeline model, and develops joint simulation in two stages (bi-directional coupling system iterative simulation and unidirectional influence system section simulation) to synchronously model 8 important users by combining time-event dual-drive interaction. The full-chain failure process can be accurately simulated, the power grid fault evolution, the life line function loss and the user service availability are output, and support is provided for urban life line toughness assessment and emergency decision.",,,,G06Q50/26;G06Q50/06;G06F119/14;G06F113/14;G06F113/08;G06F30/28;G06F30/18,,,True,True
KR-20130048884-A,KR-20110113778-A,KR,A,48659781,20111103,20111103,20130513,0,Natural circulation tree filter box system,자연순환형 나무화분여과시스템,"PURPOSE: A natural circulation tree filtering box system is provided to remove non-point pollution source of rain to prevent flood by reducing peak outflow. CONSTITUTION: A natural circulation tree filter box system has a concrete structure or a wood box having intensity fitted for the same, a filter and a space fumigant (20), a vegetation space, vegetation soil (33), a gravel layer (34) and a rain discharge pipe (14). A screen net for removing foreign substances when rain is flowed in is installed, and the space fumigant holds rain flowed in through an inlet. Shrub, arbor and the like can be vegetated in the vegetation space. The gravel layer increases water permeation speed. A filtering net is installed in the filter.","본 발명은 도로지역 등 도시지역 불투수면에서 발생하는 비점오염원을 도시기반시설을 활용하여 저감하는 빗물 생태저류시설을 조성할 수 있는 시설로서 기존에 식재되어 있는 조경수, 가로수 등을 이용할 수 있을 뿐 아니라 새로이 조성되는 도시지역 설계에도 적용이 가능하고 시설을 설치 후에는 도시지역 및 도로에서 발생되는 비점오염원을 저감시키는 작용과 처리된 우수를 하수도로 이송을 시키는 것이 아닌 지면저류 및 토양 저류를 통하여 첨두유량과 유출용적을 저감시켜 지하수 고갈 문제 해결 및 홍수 재해 방지에 도움이 되는 기술로서 자연순환형 나무화분여과시스템에 관한 것이다. 발명의 구성은 나무상자와 여재필터 충수공간 식재공간 식생토 자갈 및 배수구로 이루어져 있다. 상부 식재공간에는 교목(가로수) 및 관목을 식재하여 도심조경을 자연스럽게 할 수 있으며 하부에는 충수공간에 담수되어있는 오염된 우수를 여과필터를 통해 일부는 식생토를 통해 식재된 수목에 공급이 되며 일부는 지하로 순환되는 구조를 가진 자연순환형 나무화분여과시스템이다. 이 시스템을 우수가 많이 발생되는 지역 등에서는 우수체류장치를 연결하여 더 많은 우수를 지하수로 환수 시킬 수 있으며 나무상자에 우수체류장치를 우수연결관으로 연결하여 활용할 수 있다. 우수체류장치 상부에는 식재공간을 두어 교목 등 초하류를 식재하여 화단의 형태로 사용 할 수 있으며 식생분리판으로 분리된 지하부에는 충수공간을 두어 오염된 우수를 저장시켜 상부에 식재된 교목 등 초하류 등에 공급되고 일부는 우수연결관을 통해 우수박스로 보내지어 가로수 및 지하수로 돌아가게 된다.  자연순환형 나무화분여과시스템 설치 시  우수의 비점오염원 제거 및 첨두유출량 감소로 홍수 예방 등의 효과가 있다.",,C02F1/001;C02F2201/002;C02F2103/007;C02F2103/001;Y02W10/37,E03F1/00;E01F5/00;C02F1/00,KOREA ENVIRONMENT INDUSTRY CO LTD,KR,True,False
CN-108894131-A,CN-201810936628-A,CN,A,64354594,20180816,20180816,20181127,0,A kind of quickly emergency hangar tunnel equipment and implementation method,,"A kind of quickly emergency hangar tunnel equipment and implementation method, are related in the lifeline engineerings such as highway, railway, the processing of collapse rock-fall calamity emergency.Equipment is characterized in that：Including by steel grating (1), pearl cotton (2), solid foot device (3), telescoping rod (4), support construction (5) and hinge (6)；Steel grating (1) is connected with telescoping rod (4) by hinge (6)；Pearl cotton (2) covering is pasted on steel grating (1), is arranged on the inside of steel grating (1) Gu foot device (3) is fixed on, and its role is to fixed hangar tunnels, and riverside slumping mass lateral pressure is avoided to be pushed open；Determine clamping telescoping rod after the length of telescoping rod (4)；The left and right upper angle of hangar tunnel respectively symmetrically property be equipped with support construction (5).The device structure is simple, easy to use, foldable transportation to callapsed landslide scene, and hangar tunnel equipment can be put up in a short time, road is dredged, is resumed traffic normal, the secondary slump for also avoiding subsequent fragmentary falling rocks or geological disaster causes damages to Pedestrians and vehicles current on road.",,,E01F7/04;E01F7/045,E01F7/04,CHINA GEOLOGICAL ENVIRONMENT MONITORING INST,,True,False
CN-110237450-A,CN-201910449499-A,CN,A,67885107,20190528,20190528,20190917,0,A kind of fire-fighting escape device,,"The invention discloses a kind of fire-fighting escape devices, its structure includes descending lifeline, safety hook, slow descending rope rope, rolling wheel, safety belt, the outer surface of descending lifeline is equipped with slideway, slow descending rope rope is wound with the outer circumference surface of descending lifeline and extension is connected to rolling wheel, the present invention is respectively equipped with planetary gear set in the inside of descending lifeline and matches with secondary row star-wheel, planetary gear set generates the uniform descent that descending lifeline is realized in friction by friction block and shaft, and when friction block is smoothed, force block is exposed to be engaged in outer surface with shaft, based on this, pass through force block, the elastic force tension spring and the coefficient movable block level of push rod for pushing up the cooperation of power bar promote inside buckling plate, fastening guide wheel to which buckling plate tail portion is fastened is released, therefore, planetary gear set is replaced to complete joggleword the pop-up of secondary row star-wheel, descending lifeline is continued The decline that remains a constant speed, avoid user in the safety issue for not reaching the failure of descending lifeline in face of ground and generating.",,,A62B1/06;A62B1/18,A62B1/18;A62B1/06,HUANG RONGJI,,True,False
JP-2016221349-A,JP-2016171756-A,JP,A,44763062,20160902,20100406,20161228,0,Fire fighting apparatus for small building,,"PROBLEM TO BE SOLVED: To provide a sprinkler apparatus in which early stage fire extinguishing ability and tap-water is efficiently used and which has diversity in ensuring drink water and installation space so as to solve problems that: in a water sprinkler facility for small building, premised insurance of pressure and water quantity of tap-water are deficient in almost cases and in an existing building, an installation space for the facility is also deficient; and there is interruption in lifeline due to large-scale disasters.SOLUTION: To provide an apparatus in which a control valve on a water pipe pulled into two or more buildings is turned over and water quantity is ensured by connecting a sprinkler pipe. Otherwise, a water tank for tap-water is provided. Water quantity for early stage fire extinguishing is ensured by a water storing type water supply apparatus using pressurization with inert gas or compressed air so as to provide sharing of means for transferring tap-water in a shared manner and a water tank between the buildings and diversity in installation space for the pipe type water tank. In addition, the apparatus may function in the case of one building, which may maintain the water storing function for drink water and the water quantity for early stage fire extinguishing.SELECTED DRAWING: Figure 1",,,A62C35/15,A62C35/68;A62C37/11;A62C35/64,IBA TAIKI,,True,False
US-10229376-B2,US-201615208373-A,US,B2,42634244,20160712,20090220,20190312,20190312,Dynamic contingency avoidance and mitigation system,,"The disclosed subject matter provides systems and methods for allocating resources within an infrastructure, such as an electrical grid, in response to changes to inputs and output demands on the infrastructure, such as energy sources and sinks. A disclosed system includes one or more processors, each having respective communication interfaces to receive data from the infrastructure, the data comprising infrastructure network data, one or more software applications, operatively coupled to and at least partially controlling the one or more processors, to process and characterize the infrastructure network data; and a display, coupled to the one or more processors, for visually presenting a depiction of at least a portion of the infrastructure including any changes in condition thereof, and one or more controllers in communication with the one or more processors, to manage processing of the resource, wherein the resource is obtained and/or distributed based on the characterization of the real time infrastructure data.",,,H02J2103/30;G05B15/02;G06Q10/06315;G06Q50/06;G06F30/20;G06Q10/04;G05B13/0265;G06Q10/06375;G05B23/0283;G06F2113/04;G06F30/27;G06F2111/08;G06F2111/06;G06F17/5009;H02J2003/007;Y04S10/54,G06Q10/06;G05B23/02;G05B13/02;G06Q10/04;G06F17/50;H02J3/00;G06Q50/06;G05B15/02,CALM ENERGY INC;UNIV COLUMBIA,US,False,True
CN-122656405-A,CN-202510220969-A,CN,A,100997362,20250226,20250226,20260828,0,Natural gas system toughness assessment method and device and computer equipment,,"The embodiment of the specification provides a method, a device and computer equipment for evaluating toughness of a natural gas system, which comprise the steps of constructing an input-output relation model of each department according to total output of each department, an interdependence matrix among each department and a final demand vector of each department, obtaining non-operability data and economic loss of each department after each department is disturbed in a static scene based on the input-output relation model and the non-operability, constructing an evolution process model of system state changing along with time, simulating influence degrees, evolution results and recovery processes of different disturbance scenes according to the evolution process model of the system state changing along with time, determining non-operability data and accumulated economic loss of each department in a dynamic scene, and obtaining a natural gas system toughness evaluation result according to the non-operability data and the economic loss of each department in the static scene and the dynamic scene. The method can consider interaction of departments, and improves accuracy of toughness assessment of the natural gas system.",,,,G06Q10/0639;G06Q10/0637;G06Q50/06,,,False,True
WO-2009067256-A2,US-2008013024-W,WO,A2,40668058,20081121,20071125,20090528,0,System and method for power outage and restoration notification in an advanced metering infrastructure network,,"A method and system are provided to transmit a meter power status. The method includes recognizing a power status change at a meter. The method includes, if the meter is scheduled to transmit first, transmitting a notification message to at least one neighboring meter towards a mesh gate, wherein the notification message includes a power status indicator and a meter identifier. The method includes, if the meter is not scheduled to transmit first, waiting a predetermined time period to receive a notification message from at least one neighboring meter. The method includes, responsive to receiving a notification message, adding a meter identifier to the received notification message before retransmitting the modified notification message to at least one neighboring meter. The method includes retransmitting the notification message.",,,H04L45/28;H04W40/22;H04W84/18;G01D4/004;H04L45/22;G01D2204/45;Y02D30/70;Y02B90/20;Y04S20/30,H04W40/02,TRILLIANT NETWORKS INC;VEILLETTE MICHEL,US;CA,True,False
CN-115239132-A,CN-202210863130-A,CN,A,83675640,20220721,20220721,20221025,0,Method for identifying and evaluating major safety risk of urban gas system,,"The invention discloses a method for identifying and evaluating major safety risks of an urban gas system. Step 1: identifying risk points, wherein the risk points comprise fire accident risk points and explosion risk points; step 2: dividing risk units by production units, wherein the risk units comprise gate stations, high-pressure pipe networks, high-medium-pressure regulating stations, storage and distribution stations, medium-pressure pipe networks and medium-low-pressure regulating stations; and step 3: judging the consequences and the possibility of the harm according to the possible harm of each risk unit, and multiplying the consequences and the possibility to obtain the risk of the determined harm; and carrying out risk analysis and evaluation on the storage tank unit with high risk in the natural gas liquefied storage base by applying a high-risk article, a high-risk process, high-risk equipment, a high-risk place and a high-risk operation risk evaluation model. The invention is beneficial to mastering the safety condition of the urban lifeline in detail, making clear the key points of management and control and restraining serious accidents.",,,G06Q50/265;G06Q50/06;G06Q10/0635;G06Q10/06393,G06Q10/06;G06Q50/06;G06Q50/26,SINOSTEEL CORPORATION WUHAN SAFETY AND ENVIRONMENTAL PROTECTION RES INSTITUTE COMPANY LIMITED;SINOSTEEL WUHAN INSTITUTE OF GREEN CENTURY SAFETY MAN CONSULTING CO LTD,,False,True
CN-120552640-A,CN-202510936613-A,CN,A,96818956,20250708,20250708,20250829,0,Unmanned aerial vehicle charges and emergency power source system based on electric automobile charging station,,"The invention provides an unmanned aerial vehicle charging and emergency power supply system based on an electric vehicle charging station, which comprises an unmanned aerial vehicle direct current charging nuclear capacity unit, an emergency vehicle alternating current charging unit, an emergency guarantee alternating current output/input unit, an emergency guarantee alternating current output unit and an equipment alternating current input unit, wherein the unmanned aerial vehicle direct current charging nuclear capacity unit is connected with a charging/discharging gun and used for charging an unmanned aerial vehicle or inputting electric energy of the unmanned aerial vehicle to the system, and performing active battery capacity verification on an unmanned aerial vehicle battery, the emergency vehicle alternating current charging unit is connected with the charging gun and connected with a quick wiring terminal and used for outputting alternating current or inputting electric energy of an external device to the system, the emergency guarantee alternating current output/input unit is connected with the quick wiring terminal and used for outputting alternating current with various powers, and the equipment alternating current input unit is connected with a charging station alternating current low-voltage system and used for supplying power to the unmanned aerial vehicle direct current charging nuclear capacity unit, the emergency vehicle alternating current charging unit, the emergency guarantee alternating current output/input unit and the emergency guarantee alternating current output unit. The invention can rapidly form an unmanned aerial vehicle charging infrastructure network and an emergency shelter with a reliable emergency power supply by utilizing the existing charging station network.",,,B60L2210/30;B60L2200/10;B64U80/25;B60L53/68;B60L53/16,B64U80/25;B60L53/68;B60L53/16,GUANGZHOU JINBO NEW ENERGY SERVICES CO LTD,,True,False
CN-122072875-A,CN-202511630364-A,CN,A,99809878,20251107,20251107,20260522,0,Multi-layer network cascade failure-based multi-mode intermodal network toughness assessment method,,"The invention discloses a multi-layer network cascading failure-based multi-mode intermodal network toughness assessment method, and belongs to the technical field of multi-mode intermodal network operation and toughness assessment. The method comprises the steps of constructing a public molten iron weighted undirected multilayer network model by adopting an ML-space method according to the multilayer structure of a multi-modal network and the characteristic of freight transportation circulation, calculating the multi-layer centrality and freight transportation level of nodes to determine node importance degree by fusing network topology and freight transportation attribute double view angles on the basis, constructing a load-capacity cascade failure model comprising initial load, node capacity and differential load distribution strategies by combining sub-network heterogeneity, constructing a full-stage toughness assessment system comprising resistance capacity, absorption capacity and recovery capacity on the basis of a toughness triangle theory, and comparing network toughness under different cascade failure and recovery strategies through MATLAB software numerical simulation to reveal the influence rule of node capacity coefficient on toughness. The invention starts from the actual operation scene of the multi-mode intermodal network, considers the multi-layer characteristics and the cascade failure propagation rule, provides the accurate evaluation method of the toughness of the multi-mode intermodal network under the cascade failure scene, and provides scientific references for planning construction, risk prevention and control and toughness improvement of the multi-mode intermodal network.",,,G06Q10/06312;G06Q10/0635;G06Q10/067;G06Q10/083,G06Q10/083;G06Q10/067;G06Q10/0635;G06Q10/0631,NANJING UNIVERSITY OF TECHNOLOGY,,False,True
EP-3507258-A1,EP-17847604-A,EP,A1,61301710,20170901,20160901,20190710,0,Use of composite particles for protecting a lifeline structure against seismic wave damage,,"Composite particles of a hard core coated by a layer of hydratable, swellable clay such as bentonite are useful for constructing, modifying and/or supporting lifeline structure such as dams, berms and levees, and/or pipelines or conduits for oil, gas, sewage, water, or cables or wires for transmission of electrical power or data information. The method involves placing the composite particles in a location within, below, or about the lifeline structure, and hydrating them to cause them to swell and fill and seal the voids around the structure to form a resilient support having a high damping ratio and low hydraulic conductivity that is maintained after exposure to strain forces. The composite particles are advantageous in damping seismic waves and reducing the potential damage from an earthquake, explosion, tremor, fatigue loading, or similar seismic event.",,,E02D17/18;C04B14/12;E02B3/10;E02D27/34;Y02A20/00,E02D5/18;E02B3/12;C04B14/12;E02D19/16;E02B7/06;C09D4/02,AQUABLOK LTD,US,True,False
CN-209187946-U,CN-201821173810-U,CN,U,67403341,20180724,20180724,20190802,20190802,A kind of Novel firefighting life-escape slow-falling device,,"The utility model discloses a kind of Novel firefighting life-escape slow-falling devices, including descending lifeline, locking member and rope reel, integral type descending lifeline hook connecting hole is provided at the top of the descending lifeline, governor is provided with below the descending lifeline, speed-regulating switch is provided at the governor center, and rope reel is provided with below governor left end, the rope reel includes two annular rope side panels, the inner ring and bearing outer ring of two rope side panels are socketed, the outer ring of two bearing inner races and rope rope beam barrel is socketed, there are flat key slots on the inner wall of the rope rope beam barrel, the locking member includes the strip locking ontology of metal material, the both ends of the locking ontology are hinged with the first clamping part and the second clamping part.The utility model descending lifeline may be implemented fixed point and stop dropping, and motor driven rope rope beam barrel carries out the electric stowing of slow descending rope rope, time saving and energy saving, and design reasonable, safe and efficient.",,,,A62B1/06;A62B1/18,SHENYANG INSTITUTE OF SCIENCE AND TECH,,True,False
CN-105656198-A,CN-201511016677-A,CN,A,56478044,20151229,20151229,20160608,0,Electric power communication network redundant path strategy acquiring method,,"The invention provides an electric power communication network redundant path strategy acquiring method. The method includes the following steps that: an electric power network fault propagation model is established according to the capacity load information of an electric power network node; a communication network model composed of a control center node and router nodes is established, an interdependent coupling network model of an electric power communication network is established according to connection relations between nodes in the electric power network fault propagation model and communication network nodes; and the minimum subnet of the interdependent coupling network model is obtained, wherein the minimum subnet describes the redundant path strategy of the electric power communication network. When the electric power communication network malfunctions, fault information occurrence can be suppressed according to the redundant route strategy, and therefore, cascaded power outage caused by fault propagation can be avoided or alleviated, and the reliability of an electric power communication network system can be improved.",,,H02J13/0086;G06Q10/047,G06Q10/04;H02J13/00,CHINA ELECTRIC POWER RES INST;STATE GRID CORP CHINA;STATE GRID SICHUAN ELECTRIC POWER CO,,True,False
CN-122114594-A,CN-202512010864-A,CN,A,99907390,20251229,20251229,20260529,0,Power grid toughness assessment method and system based on urban lifeline cross-system interconnection,,"The invention relates to a method and a system for evaluating toughness of a power grid based on cross-system interconnection of urban lifelines, wherein the method comprises the steps of constructing a communication network model of the power grid to be evaluated in a target area; the method comprises the steps of carrying out fault propagation on a power grid to be evaluated under a preset disaster situation through a preset cascading fault mechanism to obtain a fault propagation result, carrying out recovery simulation on the power grid to be evaluated under the preset disaster situation through a preset recovery mechanism to obtain a recovery simulation result, analyzing the fault propagation result and the recovery simulation result based on a predefined structural toughness index to obtain the structural toughness of the power grid to be evaluated, analyzing the fault propagation result and the recovery simulation result based on a predefined functional toughness index to obtain the functional toughness of the power grid to be evaluated, fusing the structural toughness and the functional toughness to obtain comprehensive toughness, and completing the toughness evaluation of the power grid to be evaluated. Compared with the prior art, the method and the device remarkably improve the comprehensiveness and accuracy of the power grid toughness evaluation.",,,Y04S10/50;G06Q10/0635;G06Q50/06;H02J3/001;G06F17/10;H02J2103/30,H02J103/30;H02J3/001;G06Q50/06;G06F17/10;G06Q10/0635,STATE GRID SHANGHAI MUNICIPAL ELECTRIC POWER CO,,True,True
US-2016267669-A1,US-201615064797-A,US,A1,56887802,20160309,20150312,20160915,0,"3D Active Warning and Recognition Environment (3D AWARE): A low Size, Weight, and Power (SWaP) LIDAR with Integrated Image Exploitation Processing for Diverse Applications",,"An invention is disclosed for a multi-mode LIDAR sensor system that embodies a high pulse rate fiber laser operating in the SWIR wavelength at 1.5 microns, a long linear array of small SWIR sensitive detectors with very high speed readout electronics, and fully integrated methods and processing elements that perform target detection, classification, and tracking using techniques that emulate how the human visual path processes and interprets imaging data. High resolution three dimensional images are created of wide areas. Image exploitation processing methods detect objects and object activities in real time thus enabling diverse applications such as vehicle navigation, critical infrastructure protection, and public safety monitoring.",,,G02B26/105;G01S7/4861;G01S17/89;H04N5/33;G06K9/00671;G06T7/0057;G02B5/32;G01S7/4865;G06K2209/401;G06K9/00201;G06V20/64;G06V20/20;G06V2201/121,H04N5/33;G02B5/32;G06K9/00;G02B26/10;G06T7/00;G01S7/4861;G01S17/89,JUSTICE JAMES W;AZZAZY MEDHAT;Sapir ltzhak,US,True,False
CN-114912577-B,CN-202210425233-A,CN,B,82764917,20220421,20220421,20250411,20250411,Wind farm short-term wind speed prediction method combining VMD and attention mechanism,,"The invention discloses a wind power plant short-term wind speed prediction method combining a VMD and an attention mechanism, which comprises the steps of firstly obtaining wind speed space-time data of a target site, establishing a series SWSM according to an original data set, carrying out VMD wind speed decomposition on SWSM, combining a CNN model with the attention mechanism, aiming at each son SWSM, using a SENet model at the bottom layer to extract airspace characteristics of wind speed, carrying out wind speed time domain characteristic extraction by using a GRU model at the top layer to obtain respective prediction results, accumulating each prediction result to obtain final prediction wind speed, fully utilizing the space-time correlation of wind speed, combining the VMD and the attention mechanism, improving the unstable characteristic of the original wind speed, utilizing the attention mechanism to optimize the CNN-GRU model, enabling the model to capture the characteristics of long-distance interdependence in the sequence more easily, effectively improving the wind speed prediction precision, and guaranteeing the reliable operation of a power system.",,,Y04S10/50;G06N3/048;G06Q50/06;G06Q10/04;G06N3/082;G06N3/049;G06N3/045,G06Q50/06;G06Q10/04;G06N3/082;G06N3/0464;G06N3/0442;G06N3/045,,,False,True
CN-105741028-A,CN-201610057508-A,CN,A,56246729,20160127,20160127,20160706,0,Quantitative analysis method for influence on grid real-time load control caused by communication failures,,"The present invention provides a quantitative analysis method for an influence on grid real-time load control caused by communication failures, and considers a power system and a communication system to be a coupled and interdependent complex system for analysis. The quantitative analysis method based on the influence on grid real-time load control caused by communication failures can make importance assessment on monitoring and control equipment in a grid through the load shedding quantity, and can implement risk assessment on the power communication complex system through statistical analysis on an equipment availability probability. Based on this, by taking potential risks of various communication failures occurrence and consequences thereof into consideration, centralized grid control measures are adjusted in real time to minimize the expanded risk of the grid accident, thereby providing an implementation basis to establish and design a grid online assistant decision-making system for communication risks.",,,G06Q10/0635;G06Q50/06;G06Q10/0639,G06Q10/06;G06Q50/06,UNIV SOUTHEAST,,False,True
EP-4371807-A1,EP-22214128-A,EP,A1,84537452,20221216,20221117,20240522,0,Optimized control of power depots using multi-tenant charging system-of-systems,,"Optimization of independently operated power infrastructure sites, such as electric vehicle (EV) depots, can result in sub-optimal operation across a plurality of power infrastructure sites. Disclosed embodiments aggregate a plurality of power infrastructure sites, which support flexible loads, into a virtual site model, representing a multi-tenant charging system-of-systems, that can be optimized as a single unit, across one or more criteria, to maximize utilization of infrastructure assets and provide robustness against uncertainties during operation of the power infrastructure sites, while minimizing energy costs. When applied to EV depots, embodiments can mitigate or reduce delays in the operation of EV fleets.",,,H02J2105/37;H02J2105/55;H02J7/971;H02J7/50;H02J3/008;B60L53/64;B60L53/67;B60L53/65;H02J3/14;H02J3/322;G06Q50/06;G06Q50/40;G06Q10/04;G06Q10/063;B60L55/00;B60L2240/70;B60L2240/80;B60L2240/62,B60L53/64;B60L53/67;H02J3/00;H02J7/00;B60L53/65;H02J3/14;H02J3/32;G06Q30/0601;G06Q50/06,HITACHI ENERGY LTD,CH,False,True
CN-112330050-B,CN-202011307593-A,CN,B,74321315,20201120,20201120,20250114,20250114,Power system load prediction method based on double-layer XGBoost considering multiple characteristics,,"A power system load prediction method based on double-layer XGBoost considering multiple characteristics adopts CART tree as a base learner, inputs preprocessed historical load and characteristic data, trains layer by constructing a plurality of weak learners to obtain a model and screens a characteristic set which obviously influences the load. In the second layer model training process, K-fold cross validation is introduced to divide a training set and a testing set of data, so that the influence on the model hyper-parameters is avoided, and finally, the characteristics of the testing set are input into the model to obtain a final prediction result. The method has the advantages of avoiding standardization of data characteristics, processing field missing data, avoiding concern about whether the characteristics are interdependent or not, having good model learning effect, providing a novel prediction method for accurate load prediction of the power system, ensuring safe and stable operation of the power system, ensuring reliability of power supply and improving social and economic benefits.",,,Y04S10/50;G06Q50/06;G06Q10/04,G06Q50/06;G06Q10/04;G06Q10/0637,,,False,True
WO-2015011431-A1,GB-2014000214-W,WO,A1,49029040,20140605,20130723,20150129,0,Reverse powering system for telecommunications node,,"To initiate the transmission of electrical power over a telecommunications connection (14) from a power-collecting telecommunications interface unit (16) such as a customer premises equipment, connectable to a power supply (18), to a power-receiving unit (22, Fig 4) such as a kerbside electrical/cptical interface, when a connection (14) is first established, or the collecting unit is first powered up, or in order to re-establish connection after a power outage, control signals are transmitted between low-power modems (55) in the interface units using a low-power communications protocol. This allows the controlled initiation of a larger power output and a higher speed exchange of data once the full telecommunications connection has been established. A low-powered beacon signal is transmitted over the telecommunications connection (14) by the power-collecting telecommunications interface unit on connection to a power supply (18), for detection by the power-receiving telecommunications interface unit. In the event of a loss of power at the input (18), the low power modem (55) initiates power management control signals to cause the power-receiving telecommunications interface to shut down certain functions in order to preserve backup power for essential &#34;lifeline&#34; services.",,,Y02D30/70;H04M19/08;H04L12/10,H04M19/08,BRITISH TELECOMM,GB,True,False
CN-111597394-A,CN-202010330031-A,CN,A,72183559,20200424,20200424,20200828,0,"Multi-dimensional, multi-layer and multi-granularity multi-network fusion modeling method",,"The multi-dimensional, multi-layer and multi-granularity multi-network fusion modeling method provided by the embodiment of the application comprises the steps of constructing a multi-dimensional network model according to network data, wherein the multi-dimensional network model comprises a power grid multi-dimensional network, a telecommunication network multi-dimensional network, a radio and television network multi-dimensional network and an internet multi-dimensional network; in the multi-dimensional network model, a multi-granularity network model is constructed according to different network nodes as granularity units; connecting the related network nodes among different networks according to the coupling and association relation among the networks to construct a multilayer network model; obtaining a multi-dimensional, multi-layer and multi-granularity complex network model for describing a complex system after multi-network fusion; the method and the system not only comprehensively reflect the incidence relation of different individuals, families and communities under multi-network fusion, but also can effectively analyze and predict the behavior activities of the users and the user groups thereof, effectively reveal the complex, potential and internal incidence relation among the four networks, and provide basic support for the four-network fusion application service.",,,G06F18/25;G06F16/9024;G06Q10/04;G06Q50/06;G06Q50/40,G06Q50/06;G06Q10/04;G06F16/901;G06K9/62;G06Q50/30,YUNNAN POWER GRID CO LTD ELECTRIC POWER RES INST,,False,True
CN-119338193-A,CN-202411477696-A,CN,A,94272607,20241022,20241022,20250121,0,Emergency electric power supply train dispatching system and method for recovering urban power supply,,"The invention discloses an emergency power supply trolley dispatching system and method for recovering urban power supply in the technical field of power systems, comprising the following steps of obtaining global state information in the current state; the method comprises the steps of obtaining a scheduling path and a power supply strategy of an individual power supply vehicle through a power supply vehicle scheduling neural network model which is built in advance and comprises a DQN network and a shared attention module based on global state information in a current state, evaluating a reward value of the power supply vehicle after scheduling and supplying power to the power supply vehicle based on the scheduling path and the power supply strategy, obtaining a scheduling path and the power supply strategy with highest combined total value after training and updating the power supply vehicle scheduling neural network model based on the reward value, and scheduling and supplying power to all the power supply vehicles based on the scheduling path and the power supply strategy with the highest combined total value. According to the invention, the dispatching paths and strategies of a plurality of power supply vehicles are optimized through the DQN network and the power supply vehicle dispatching neural network model of the shared attention module, so that the recovery speed and efficiency of urban lifelines after disasters are effectively improved.",,,G06F2123/02;G06N3/0442;G06F18/20;G06N3/045;G06N3/092;G06Q50/26;G06Q50/06;G06Q10/06315;G06Q10/06313,G06Q50/26;G06Q50/06;G06N3/092;G06N3/045;G06N3/0442;G06F123/02;G06F18/20;G06Q10/0631,STATE GRID BEIJING ELECTRIC POWER CO;STATE GRID CORP CHINA,,True,True
CN-112614016-B,CN-202011545815-A,CN,B,75245425,20201224,20201224,20220705,20220705,Electric power supply lifeline construction method based on secondary dry layer contact and mobile energy storage,,"The invention relates to a method for constructing an electric power supply lifeline based on secondary dry layer contact and mobile energy storage, which comprises the following steps of: step S1, obtaining power consumer information and net rack basic information; step S2, constructing an important power consumer evaluation index, and acquiring an important power consumer set according to the obtained power consumer information; step S3, constructing an electric power supply scheme based on sub-dry layer contact according to the obtained important electric power user set and the net rack basic information; step S4, establishing a mobile energy storage scheme according to the power load condition of an important power consumer; and step S5, comparing the electric power supply scheme based on the secondary dry layer contact and the mobile energy storage with the mobile energy storage scheme to obtain a better power supply scheme, and constructing an electric power lifeline based on the better power supply scheme. The invention solves the problem of the balance between the reliability and the economy of the power grid users, optimizes the power supply environment and further improves the power supply reliability of the power grid under the condition of better economy.",,,G06Q10/04;G06Q10/06393;Y02E40/70;G06Q50/06,G06Q10/06;G06Q10/04;G06Q50/06,,,False,True
CN-118261630-A,CN-202410546116-A,CN,A,91607810,20240430,20240430,20240628,0,Analysis method for financial behaviors between electric power material market,,"The invention relates to the technical field of electric power material financial behavior analysis, in particular to an analysis method of financial behavior among current markets of electric power materials, which is characterized in that a complex network of a spot market and a complex network of a future market are respectively established according to time sequences among various modes, acceptance factors of price fluctuation by current market participants are introduced, a coarse granulation method is established to classify node states in the complex network of the current market, steady state coefficients of price difference between the current market and the current market are introduced, a double-layer coupling complex network is established based on price evolution relation among the two complex networks, and price coupling strength indexes are established to analyze financial behavior characteristics of the market participants. By constructing a multilayer network, a new method for analyzing financial behaviors between spot markets and futures markets through historical prices of electric power materials and raw materials thereof is provided, so that the price fluctuation rule of the electric power materials can be mastered more accurately, and theoretical support and technical guidance are provided for minimizing the purchase cost of the electric power materials.",,,G06F18/241;G06Q50/06;G06Q30/0206,G06Q50/06;G06F18/241;G06Q30/0201,JIANGSU ANFANG ELECTRIC POWER TECH CO LTD,,False,True
CN-207761204-U,CN-201820068811-U,CN,U,63184076,20180116,20180116,20180824,20180824,A kind of horizontal rails device at shock insulation seam,,"A kind of horizontal rails device at shock insulation seam disclosed by the utility model, including left rotary shaft column steel pipe and right spindle column steel pipe, left built-in fitting and right built-in fitting, left flange plate and right ring flange, the dynamic steel pipe and dynamic steel pipe of right-hand rotation that turns left, several horizontal steel tubes and several left horizontal cases identical with horizontal steel tube quantity and right horizontal case.When an earthquake occurs, turn left to move steel pipe and dynamic steel pipe of turning right can be freely rotated, socket of the horizontal steel tube based on left horizontal case and right horizontal case can Free water smoothly move, to realize in seismic process, any direction movement can planar occur with both sides beam slab for the lifeline at shock insulation seam, and lifeline is in protection state always.",,,,E04F11/18,UNIV GUANGZHOU,,True,False
CN-106097146-A,CN-201610443200-A,CN,A,57237349,20160620,20160620,20161109,0,A kind of meter and the Wind turbines short term reliability Forecasting Methodology of running status,,"The present invention relates to a kind of meter and the Wind turbines short term reliability Forecasting Methodology of running status, comprise the following steps: obtain Wind turbines state parameter by status monitoring with data collecting system, status monitoring parameter is divided into two classes；For device temperature parameter, set up state parameter forecast model based on reverse transmittance nerve network, calculate protection act probability based on prediction residual distribution character, for remaining parameter, calculate protection act probability according to meter and threshold crossing time；By wind energy turbine set operation maintenance data and SCADA data, stoppage in transit number of times and the moment wind speed of stopping transport of Wind turbines are added up, set up the Wind turbines statistics outage model that wind speed is interdependent；Get over limit information in conjunction with stoppage in transit statistical information and state parameter, calculate Wind turbines short-term stoppage in transit probability.This method can evaluate Wind turbines stoppage in transit risk in a short time exactly, increases substantially the accuracy of Wind turbines short-term outage model, and the short term reliability for whole wind energy turbine set is assessed and safety and economic operation provides Technical Reference.",,,H02J3/00;G06Q50/06;Y02B10/30;H02J2103/30;Y04S10/50,G06Q50/06;H02J3/00,UNIV CHONGQING,,False,True
CN-207761205-U,CN-201820069607-U,CN,U,63184157,20180116,20180116,20180824,20180824,A kind of horizontal rails device at shock insulation seam,,"A kind of horizontal rails device at shock insulation seam disclosed by the utility model, including left column steel pipe and right column steel pipe, left built-in fitting and right built-in fitting, upper left location tray and lower-left location tray, upper right location tray and bottom right location tray, upper left rotating casing and lower-left rotating casing, upper right rotating casing and bottom right rotating casing, upper horizontal steel tube and lower horizontal steel tube, intermediate steel pipe, left vertical steel pipe and right vertical steel pipe.When an earthquake occurs, upper left rotating casing and lower-left rotating casing can be rotated relative to left column steel pipe, upper right rotating casing and bottom right rotating casing can be rotated relative to right column steel pipe, upper horizontal steel tube, lower horizontal steel tube can Free water smoothly move, to realize in seismic process, any direction movement can planar occur with both sides beam slab for the lifeline at shock insulation seam, and lifeline is in protection state always.",,,,E04H9/02;E04F11/18;E04B1/98,UNIV GUANGZHOU,,True,False
CN-111724026-B,CN-202010377682-A,CN,B,72564270,20200507,20200507,20230616,20230616,Optimization method for coupling operation of multi-energy network and water distribution network,,"The invention discloses an optimization method for coupling operation of a multi-energy network and a water distribution network, which comprises the steps of firstly constructing a water-energy connection operation model which is interdependent and acting according to the coupling relation between the water distribution network and a power transmission network, a gas transmission network and a heat distribution network in the multi-energy system; the built model is a double-target operation model of energy and resources; a dual-objective decision framework is adopted to realize fair balance between two objectives of energy and resource, and the water-energy linkage operation model is expressed as a mixed integer nonlinear model; and processing the double-objective competition relationship in the water-energy source relation operation model by utilizing a double-objective optimized Nash bargaining method to realize the optimization of the coupling operation of the multi-energy source network and the water distribution network. The method can realize the balance between the energy production cost and the water resource consumption, and provides a solution for the coordination and optimization of the energy and the resource under the comprehensive operation.",,,G06Q50/06;G06Q30/0206;Y02A20/20;G06Q10/06312;Y04S10/50,G06Q50/06;G06Q30/0202;G06Q10/0631,,,False,True
CN-112966949-B,CN-202110277102-A,CN,B,76279110,20210315,20210315,20220610,20220610,Tunnel construction risk assessment method and device and storage medium,,"The application relates to a risk assessment method and device for tunnel construction and a storage medium. The risk assessment method comprises the following steps: constructing a Bayesian network according to predetermined evaluation indexes, wherein the evaluation indexes comprise risk events of tunnel construction and influence indexes causing the risk events; acquiring construction site data of a current tunnel; determining the structural parameters of the Bayesian network according to the construction site data, the Copula function of the interdependence relation of the evaluation indexes and the marginal distribution parameters of each evaluation index; and constructing the risk event prediction model according to the structural parameters and the Bayesian network. According to the method and the device, the accuracy of the risk prediction model is guaranteed, the demand quantity and the model calculation quantity of data can be greatly reduced, and the method and the device can be used for evaluating multiple risks such as water inrush and mud gushing in the tunnel construction process.",,,G06N7/01;G06Q10/06393;G06Q10/0635;G06Q50/08,G06N7/00;G06Q50/08;G06Q10/06,,,False,True
US-8110808-B2,US-47270709-A,US,B2,41434630,20090527,20011026,20120207,20120207,Floating intelligent perimeter sensor system,,"A system, method, and floating intelligent perimeter sensor, provide protection for waterways and critical infrastructures. The system and method utilize one or more floating intelligent perimeter sensors to detect, and in some cases identify, hazardous materials associated with vessels in the waterways. The hazardous materials detected, and optionally identified, can include radiological materials, fissile materials, explosives, chemicals and biological materials (CBRNE). A set of radiation data associated with a radiation source in a vessel is received from the one or more floating intelligent perimeter sensors. At least one histogram is generated based on the set of radiation data. The at least one histogram is compared to multiple spectral images associated with known materials. The at least one histogram is determined to substantially match at least one of the multiple spectral images. A determination is made whether a material associated with the radiation source is a hazardous material.",,,G01T3/08;G01V5/271;G01V5/26,G01T3/08,FRANK DAVID L;INNOVATIVE AMERICAN TECHNOLOGY,US,True,False
CN-118364596-A,CN-202410409059-A,CN,A,91877394,20240407,20240407,20240719,0,Method and device for analyzing coupling risk of energy and traffic system in extreme weather,,"The invention provides a method and a device for analyzing coupling risk of energy and a traffic system in extreme weather. Wherein the method comprises the following steps: respectively establishing a power system simulation operation model, a heating system simulation operation model, a traffic system simulation operation model and an extreme weather simulation model; after the electric power system simulation operation model, the heating system simulation operation model and the traffic system simulation operation model are coupled, an energy-traffic simulation operation model is established by considering the damage influence of the extreme weather simulation model; and based on the energy-traffic simulation operation model, carrying out risk analysis on the coupled energy-traffic system by utilizing Monte Carlo simulation. The invention can capture the mutual coupling and interdependence relation of different infrastructure systems when facing disaster damage, fully reveal the risks faced by the energy-traffic coupling system under the action of extreme weather disasters, and better assist the prevention and response of extreme weather events.",,,,G06Q50/40;G06Q10/0635;G06F119/08;G06F113/14;G06F30/20;G06F30/18,STATE GRID JILIN ELECTRIC POWER SUPPLY CO;UNIV TSINGHUA,,True,True
CN-119849942-A,CN-202510058128-A,CN,A,95357753,20250114,20250114,20250418,0,"Lifeline incapacitation grading method, device, system and storage medium",,"The invention discloses a method, a device, a system and a storage medium for classifying life line incapacitation levels, which comprise the steps of S1, obtaining group mental state influence factors of sudden events, S2, obtaining sudden power disaster event influence factors, S3, correlating the group mental state influence factors with the sudden power disaster event influence factors, and carrying out sudden power disaster event severity assessment through a comprehensive fuzzy evaluation method. By adopting the technical scheme of the invention, the severity level of different sudden power disaster events can be given according to the actual conditions of the events.",,,G06N7/02;G16H50/70;G16H50/20;G06Q50/06;G06Q10/0635,G16H50/70;G16H50/20;G06Q50/06;G06N7/02;G06Q10/0635,UNIV NORTH CHINA ELECTRIC POWER,,True,True
WO-2024105136-A1,EP-2023081978-W,WO,A1,88837468,20231115,20221117,20240523,0,Optimized control of power depots using multi-tenant charging system-of-systems,,"Optimization of independently operated power infrastructure sites, such as electric vehicle (EV) depots, can result in sub-optimal operation across a plurality of power infrastructure sites. Disclosed embodiments aggregate a plurality of power infrastructure sites, which support flexible loads, into a virtual site model, representing a multi-tenant charging system-of-systems, that can be optimized as a single unit, across one or more criteria, to maximize utilization of infrastructure assets and provide robustness against uncertainties during operation of the power infrastructure sites, while minimizing energy costs. When applied to EV depots, embodiments can mitigate or reduce delays in the operation of EV fleets.",,,H02J2105/37;H02J2105/55;H02J7/971;H02J7/50;G06Q50/06;B60L53/62;B60L53/50;B60L55/00;B60L53/68;B60L53/67;B60L53/64;H02J3/008;B60L53/65;H02J3/14;H02J3/322;B60L53/63;B60L53/665;B60L2250/14;B60L2250/18;G06Q10/04;G06Q10/063;G06Q50/40,H02J3/00;B60L53/64;B60L53/65;B60L53/67;G06Q30/0601;G06Q50/06;H02J3/14;H02J3/32;H02J7/00,HITACHI ENERGY LTD,CH,False,True
US-2026113111-A1,US-202519360912-A,US,A1,99480225,20251016,20241017,20260423,0,Power-Aware: DFOS Deployment A Hybrid Heuristic and Integer Linear Programming Strategy,,"A novel, two-stage Distributed Fiber Optic Sensor (DFOS) placement strategy and method that ensures resilient monitoring of critical infrastructure during electrical power supply failures. This strategy and method combines a heuristic algorithm, PURE (Power Source-aware Route Exploration), with Integer Linear Programming (ILP) optimization. The PURE algorithm explores potential DFOS routes while explicitly considering the dependency of DFOS devices on the electrical power distribution network, ensuring routes electrically powered by the same electrical power feeder are disjoint. Subsequently, the ILP selects the optimal set of DFOS placements to minimize the total number of deployed sensors while meeting critical infrastructure monitoring requirements, such as redundant monitoring for high-importance links. The method enhances the observability of critical links, achieving 100% monitoring coverage for important links during simulated power outages affecting an electric feeder.",,,G06F1/30;H04B10/0791,G06F1/30;H04B10/079,NEC LAB AMERICA INC,US,True,False
CN-101906751-A,CN-201010232038-A,CN,A,43262327,20100720,20100720,20101208,0,Ready-package emergency bridge and construction method for changing same into permanent bridge,,"The invention discloses a ready-package emergency bridge and a construction method for changing the same into a permanent bridge. The ready-package emergency bridge comprises at least two longitudinal beams and bridge road steel plates, wherein the at least two longitudinal beams are parallelly laid; the bridge road steel plates are laid on the longitudinal beams and can limit horizontal and longitudinal freedom degrees; each longitudinal beam comprises longitudinal beam segments which are sequentially fixedly connected along a longitudinal direction; the horizontal longitudinal beams are fixedly connected through horizontal linkage; and the bridge road steel plates are laid on the longitudinal beams in segments along the longitudinal direction. The standard longitudinal beam segments can be combined into the longitudinal beams and the longitudinal beams and the standard bridge road steel plates are combined into a temporary bridge when accidents happen so that the bridge can be fast constructed after the accidents and the traffic of roads are restored within a shorter time to ensure that supplement and supply lifeline can be established in time or normal transportation can be restored after a disaster; in addition, after the emergency temporary bridge is open to traffic, the emergency temporary bridge can be changed into the permanent bridge without maintaining or reconstructing the accident bridge under the condition that the transportation is not obviously influenced, therefore period from the accident to the normal traffic of the road is obviously shortened, and manpower and material resource cost is saved.",,,,E01D15/12;E01D21/00;E01D22/00,ZHIWEN ZHENG;HAIJUN WU;ZHIXIANG ZHOU,,True,False
CN-204252314-U,CN-201420668253-U,CN,U,52956639,20141107,20141107,20150408,20150408,Set ball vertical earthquake isolating cylinder,,"The utility model discloses a kind of set ball vertical earthquake isolating cylinder, it comprises the open doffing in one end is closed in one end, at least one self-contained spheres is formed ball aggregate, dividing plate and one end and closes the open upper guide composition in one end, described ball aggregate is contained in the cylindrical shell of doffing, and described dividing plate directly lies in the top of set spheroid; Described upper guide is inserted in doffing.This shock insulation cylinder both can use as vertical earthquake isolating separately, can combine again with existing horizontal seismic isolation device, formed the compound support of three-dimensional isolation.Not only isolation property is good for this shock insulation cylinder, and simple structure, good endurance, cheap, have certain resistance to capsizing, be specially adapted to the building to vertical earthquake isolating sensitivity such as nuclear power station, lifeline engineering, towering high level, large span, long cantilever, and be applicable to the engineering structures that needs to isolate vertical ambient vibration.",,,,E04B1/98;E01D19/04,UNIV GUANGZHOU,,True,False
JP-2008052609-A,JP-2006229951-A,JP,A,39236586,20060826,20060826,20080306,0,Charge automatic payment system and method for paying charge automatically,,"&lt;P&gt;PROBLEM TO BE SOLVED: To pay charges without imposing loads on a charge collection institution and a user.  &lt;P&gt;SOLUTION: A charge automatic payment system 1 has a display screen 3A capable of displaying unpaid information on a user 2 in accordance with identification information on the user 2 of a lifeline, such as electricity, gas, and water, and is provided with: an automatic payment machine 3 which enables the user 2 to deposit charges corresponding to the unpaid information and can be installed at an arbitrary place; and a server 4 which is connected to the automatic payment machine 3 via a communication network 5 and can transmit a variety of information including the unpaid information on the user 2 to the automatic payment machine 3.  &lt;P&gt;COPYRIGHT: (C)2008,JPO&amp;INPIT",,,,G06Q50/00;G06Q50/06;G06Q20/00;G06Q20/14,CHUGOKU ELECTRIC POWER,,False,True
CN-204050709-U,CN-201420504140-U,CN,U,52192308,20140903,20140903,20141231,20141231,Floor multifunction emergency rescue fixator,,"The utility model floor multifunction emergency rescue fixator, be made up of fixing main part and fixing fitting, fixing main part is by front divider, rear adjustment divider and adjustment crossbeam composition, regulate on crossbeam and have adjustment locating hole, crossbeam front end is regulated to be fixedly connected with front divider, crossbeam front top is regulated to be fixedly connected with front support rod, front support rod is welded with C shape water-band fixed head, back-up block is all equipped with in the two ends of front support rod, two back-up blocks are respectively equipped with support and regulate pin, front support rod is provided with quick dress rope self-locking device, rear adjustment divider has pin, pin upper end is respectively provided with a plate, two connecting plates have pin-and-hole and are furnished with Bolt with latching action, the shaft of pin installs clamping screw and presser feet is housed, connecting plate welding back stay, regulates back partition frame to be connected with adjustment crossbeam by Bolt with latching action, fixing fitting has a doorframe shaped steel frame, and steelframe one side block pin is provided with fastening screw mandrel, and fastening screw mandrel is provided with presser feet, the utility model makes simple, is easy to carry, safe and reliable, and collection fire hose, rope ladder, safety rope and descending lifeline are fixed as one.",,,,A62C33/04;A62B5/00,WANG ZHIMING,,True,False
US-2012072039-A1,US-201113214057-A,US,A1,42634244,20110819,20090220,20120322,0,Dynamic Contingency Avoidance and Mitigation System,,"The disclosed subject matter provides systems and methods for allocating resources within an infrastructure, such as an electrical grid, in response to changes to inputs and output demands on the infrastructure, such as energy sources and sinks. A disclosed system includes one or more processors, each having respective communication interfaces to receive data from the infrastructure, the data comprising infrastructure network data, one or more software applications, operatively coupled to and at least partially controlling the one or more processors, to process and characterize the infrastructure network data; and a display, coupled to said one or more processors, for visually presenting a depiction of at least a portion of the infrastructure including any changes in condition thereof, and one or more controllers in communication with the one or more processors, to manage processing of the resource, wherein the resource is obtained and/or distributed based on the characterization of said real time infrastructure data.",,,H02J2103/30;G06Q10/06375;G06Q10/04;G05B13/0265;G06Q50/06;G05B23/0283;G06F30/20;G06Q10/06315;G05B15/02;G06F2113/04;G06F30/27;G06F2111/08;G06F2111/06,G06F17/00;G06F1/28,ANDERSON ROGER N;BOULANGER ALBERT;JOHNSON JOHN A,US,False,True
WO-2018045257-A1,US-2017049801-W,WO,A1,61301710,20170901,20160901,20180308,0,Use of composite particles for protecting a lifeline structure against seismic wave damage,,"Composite particles of a hard core coated by a layer of hydratable, swellable clay such as bentonite are useful for constructing, modifying and/or supporting lifeline structure such as dams, berms and levees, and/or pipelines or conduits for oil, gas, sewage, water, or cables or wires for transmission of electrical power or data information. The method involves placing the composite particles in a location within, below, or about the lifeline structure, and hydrating them to cause them to swell and fill and seal the voids around the structure to form a resilient support having a high damping ratio and low hydraulic conductivity that is maintained after exposure to strain forces. The composite particles are advantageous in damping seismic waves and reducing the potential damage from an earthquake, explosion, tremor, fatigue loading, or similar seismic event.",,,C04B14/12;E02D17/18;E02B3/10;E02D27/34;Y02A20/00,C04B14/12;E02B7/06;E02D19/16;E02D5/18;C09D4/02;E02B3/12,AQUABLOK LTD,US,True,False
US-2026158957-A1,US-202319126582-A,US,A1,88837468,20231115,20221117,20260611,0,Optimized control of power depots using multi-tenant charging system-of-systems,,"Optimization of independently operated power infrastructure sites, such as electric vehicle (EV) depots, can result in sub-optimal operation across a plurality of power infrastructure sites. Disclosed embodiments aggregate a plurality of power infrastructure sites, which support flexible loads, into a virtual site model, representing a multi-tenant charging system-of-systems, that can be optimized as a single unit, across one or more criteria, to maximize utilization of infrastructure assets and provide robustness against uncertainties during operation of the power infrastructure sites, while minimizing energy costs. When applied to EV depots, embodiments can mitigate or reduce delays in the operation of EV fleets.",,,G06Q50/06;B60L53/62;B60L53/50;B60L55/00;B60L53/68;B60L53/67;B60L53/64;H02J2105/37;H02J2105/55;H02J7/971;H02J7/50;G06Q50/40;G06Q10/063;G06Q10/04;B60L2250/18;B60L2250/14;B60L53/665;B60L53/63;H02J3/322;H02J3/14;B60L53/65;H02J3/008,G06Q50/06;B60L55/00;B60L53/68;B60L53/67;B60L53/62;B60L53/50;B60L53/64,HITACHI ENERGY LTD,CH,False,True
CN-120387724-B,CN-202510439453-A,CN,B,96484884,20250409,20250409,20260403,20260403,Vulnerability assessment method based on mixed transmission allocation factors,,"The invention discloses a vulnerability assessment method based on mixed transmission allocation factors, which belongs to the technical field of interdependent network vulnerability assessment and comprises the steps of constructing a coupling system model comprising an electric power network layer, a hydrogen energy network layer and a logistics network layer, respectively calculating the transmission allocation factors of the electric power network layer, the hydrogen energy network layer and the logistics network layer, establishing an interlayer sensitivity coupling relation through a coupling weight matrix, forming a global mixed transmission allocation factor (MTDF) matrix by adopting a layered sensitivity calculation and cross-layer coupling mapping technology, realizing cross-layer influence quantification of new energy output fluctuation, automatically identifying key fragile nodes and establishing a cascading fault propagation model, and solving the technical problem of assessing the coupling vulnerability of a three-layer network of a green harbor electric power-hydrogen energy-logistics by calculating L2 norm to propose a vulnerability assessment index before and after a fault.",,,G06F2111/08;G06F2111/04;G06F18/23213;G06F30/27;G06F30/18;G06Q50/06;G06Q10/06393,G06Q50/06;G06F111/08;G06F111/04;G06F30/27;G06F30/18;G06F18/23213;G06Q10/0639,,,False,True
KR-100948884-B1,KR-20090109233-A,KR,B1,42183634,20091112,20091112,20100324,20100324,Recycling asphalt concrete for subbase layer of way using waste asphalt concrete and cinder,폐아스팔트 콘크리트 및 석탄재를 이용한 도로 기층용 상온 재생 아스팔트 콘크리트,PURPOSE: A room temperature recycling asphalt concrete for a sub-base layer using waste asphalt concrete and coal dust is provided to prevent carbon dioxide and toxic gas which is generated in heating concrete by manufacturing the concrete at room temperature without heating process. CONSTITUTION: A room temperature rejuvenated asphalt concrete for a sub-base layer comprises: coal dust 5 - 100 parts by weight; waste limestone or granular activated charcoal 1 - 12 parts by weight; blister steel low heat mixed cement 5 - 20 parts by weight; reject ash 0.1 - 10 parts by weight; anhydrous gypsum or blending material 0.1 - 5 parts by weight; an emulsifier 0.1 - 1 parts by weight; an elastomer 0.1 - 10 parts by weight; and calcium silicate aqueous solution 0.1 - 10 parts by weight.,"본 발명은 사회기반시설의 확충 및 보수작업에서 발생하고 있는 폐아스팔트 콘크리트, 석탄재, 폐콘크리트 및 폐석회석을 재활용하여 제조하는 도로 기층용 상온 재생 아스팔트 콘크리트에 관한 것으로, 더욱 상세하게는 상기 폐아스팔트 콘크리트 골재 100중량부에 대하여, 석탄재 5 내지 100중량부, 폐석회석 또는 과립상의 활성탄 1 내지 12중량부, 조강저발열 혼합시멘트 5 내지 20중량부, 리젝트 애시 0.1 내지 10중량부, 무수석고 또는 고강도 콘크리트용 혼화재 0.1 내지 5중량부, 유화제 0.1 내지 10중량부, 폴리비닐알콜섬유 0.01 내지 0.5중량부 및 혼합수 0.5 내지 5중량부를 혼합하여 제조하며, 추가로 폐콘크리트 골재 1 내지 50중량부를 혼합할 수 있고, 추가로 연성의 확보와 양생기간 단축을 위하여 엘라스토머 0.1 내지 10중량부와 규산칼슘 또는 규산나트륨 수용액 0.1 내지 10중량부를 혼합하는 것을 포함하여 이루어지는 것을 특징으로 한다.  
     폐아스팔트 콘크리트, 석탄재, 도로 기층용, 상온 재생 아스콘",,E01C3/02;C04B18/167;C04B24/24;C04B18/065;C04B18/30;C04B2201/05;C04B18/12;C04B22/08;C04B18/08;E01C3/003;Y02W30/91,E01C3/02;C04B28/16;C04B18/08;C04B18/16,KIM JOONG SUK,KR,True,False
KR-103001937-B1,KR-20230178996-A,KR,B1,96225973,20231211,20231211,20260807,20260807,Fault Detection and Diagnosis System of Sensors Network for Critical Infrastructure System,주요기반설비의 센서 망에 대한 고장 탐지 및 원인 진단 시스템,,"본 발명은 CIS의 하나인 도시가스 배관망의 고장 탐지 및 진단 시스템에 관한 것으로,  수신부(110), 수신한 데이터의 잡음을 제거하는 전처리 모듈(120), 상기 전처리 모듈(120)로부터 제공받은 측정값에서 잡음이 제거된 데이터에 대해 다변량통계분석 기법인 PCA 모델로부터 도출된 소정의 수식을 이용하여 측정센서의 고장을 탐지하는 고장탐지 모듈(130), 상기 고장탐지 모듈(130)에서 측정센서 고장이 탐지되면, 다중블록 PCA(MBPCA)  모델로부터 도출된 소정의 수식을 통해 고장센서가 포함된 블록을 식별하는 고장블록 진단 모듈(140), 상기 고장블록 진단 모듈(140)에서 식별한 블록에 포함된 센서들을 대상으로 PCA 모델로부터 도출된 소정의 수식을 통해 고장센서를 식별하는 고장센서 진단 모듈(150), 상기의 고장센서 진단 모듈(150)에서 결정한 센서 고장 진단 결과를 단말기(200)로 보내는 송신부(160)를 포함한다. 본 발명의 실시예에서, 객관적인 성능 지수를 개발하여 PCA와 비교하여 성능이 개선될 경우에만 MBPCA를 사용하도록 하여 도시가스 배관망의 고장 탐지 및 진단 시스템의 성능을 높일 수 있다.",,G05B23/024;G05B23/0262;G06Q50/06;G06Q50/10,G05B23/02;G06Q50/06,,,False,True
CN-113110134-A,CN-202110311590-A,CN,A,76710596,20210324,20210324,20210713,0,City lifeline remote monitering system,,"The invention discloses a city life line remote monitoring system, relating to the technical field of city management, and aiming at the problems of labor waste and labor waste in the prior art, the invention provides a scheme which comprises a cloud background monitoring system, wherein the cloud background monitoring system is remotely and wirelessly connected with an oil transportation online monitoring system, a hot gas online monitoring system, an electric power online monitoring system, a water supply online monitoring system, a sewage online monitoring system, a precipitation online monitoring system, a bridge online detection system, a special equipment online monitoring system, a fire fighting online monitoring system and a personnel online monitoring system, the invention can carry out nearby treatment at the first time, reduce the situation development, further reduce the damage caused by danger, maximally ensure the city operation and the life and property safety of people, simultaneously reduce the frequency of personnel detection, further reduce the working intensity and the labor input of personnel, the efficiency and the frequency of detection are increased, and the safe and stable operation of the lifeline is further ensured.",,,G05B2219/23051;G05B19/0423,G05B19/042,GUIZHOU GEOSPATIAL TECH CO LTD,,True,False
CN-115034644-A,CN-202210720264-A,CN,A,83126962,20220623,20220623,20220909,0,"Electric power Internet of things security risk assessment method, system, equipment and storage medium",,"The invention belongs to the field of electric power automation, and discloses a safety risk assessment method, a system, equipment and a storage medium for an electric power internet of things, which comprises the steps of establishing an information network graph, an electric power network graph and an inter-network dependency relationship of the electric power internet of things based on a dependent network theory; acquiring attacked nodes in the information network graph, assigning the state values of the attacked nodes to preset attack success probability, and updating the state values of all the nodes in the information network graph according to an information side graph calculation method; determining attack success probability of each node in the electric power network diagram through interdependency relation among networks according to the updated state value of each node in the information network diagram; determining the state value of each node in the electric power network graph by a physical side graph calculation method according to the attack success probability of each node in the electric power network graph; and obtaining a safety risk evaluation value of the power internet of things according to the state value of each node in the power grid graph. The safety assessment accuracy and comprehensiveness are greatly improved, and guidance is provided for designing or improving the topology of the power Internet of things.",,,G16Y30/10;G06Q10/0635;G06Q10/0639;G06Q50/06;Y04S40/20,G06Q50/06;G06Q10/06;G16Y30/10,CHINA ELECTRIC POWER RES INST CO LTD,,False,True
KR-20230097268-A,KR-20210186307-A,KR,A,87157183,20211223,20211223,20230703,0,Underground base facilities protection system using DAS system and drone,Ｄａｓ 시스템과 드론을 이용한 지중매설 기반 시설 보호 시스템,"Disclosed is an underground infrastructure protection system using a DAS system and a drone. The underground infrastructure protection system using a DAS system and a drone according to the present invention comprises: an integrated control server linked to an underground infrastructure management system including piping, power and communication cables, gas pipes, and oil pipelines and a distributed acoustic surveillance (DAS) system using optical communication cable; and a drone, wherein when the DAS system detects an excavation work related to underground infrastructure (piping, power and communication cables, gas pipes, oil pipelines), the DAS system dispatches the drone in emergency to allow the drone to arrive at a construction excavation site, capture the drone&#39;s camera video and transmit the same to the integrated control server and provide workers with remote warning broadcasts by using the drone&#39;s speaker to caution against digging during construction work. Accordingly, warnings about construction excavations are broadcast by using the drone&#39;s speaker to prevent damage to the underground infrastructure in advance.","DAS 시스템과 드론을 이용한 지중매설 기반 시설 보호 시스템이 개시된다. 
DAS 시스템과 드론을 이용한 지중매설 기반 시설 보호 시스템은 배관, 전력 및 통신 케이블, 가스관, 송유관이 포함된 지하매설물 관리 시스템과 광통신 케이블을 이용한 분산 음향 감시(DAS) 시스템과 연동된 통합관제서버; 및 상기 분산 음향 감시(DAS) 시스템이 지중매설 기반시설(배관, 전력 및 통신 케이블, 가스관, 송유관)에 관련된 굴착 공사가 감지되면, 드론을 긴급 출동시켜 건설 공사 굴착 현장에 도착하여 드론의 카메라 영상 촬영 통합관제서버로 전송, 드론의 스피커를 사용한 작업자들에게 건설 공사 굴착 주의 원격 경고방송을 제공하는 드론을 포함한다.   
그렇게 함으로써, 드론의 스피커를 사용한 건설 공사 굴착 주의 경고방송을 함으로써 지중매설 기반시설 손상을 사전에 방지한다.",,B64U50/35;B64U10/80;B64U2101/31;B64U20/87;G06Q50/26;B64D47/08;G06Q50/08;B64U10/10;B64C39/024;B64U80/70;G01S17/08;B64D47/02;B64U50/34;G06Q50/10;B64U10/14;G06Q50/06,G06Q50/08;B64C39/02;B64D47/02;B64D47/08;G01S17/08;G06Q50/10,TAESEUNG,KR,True,True
US-2021346738-A1,US-202117381567-A,US,A1,71121586,20210721,20181229,20211111,0,Electrical Safety Emergency Response Systems and Related Methods,,"An electrical safety system and method is provided which includes a flexible electrical safety vest, a lifeline coupled with the vest in various configurations, and leg straps. The electrical safety vest includes a number of loops which are used to couple the lifeline in a variety of relationships that enable different types of maneuvering of a worker with relation to a hazard. Various embodiments of the invention can be used to rapidly and safety remove a worker from proximity to an immediate threat to their life, health, or safety. Direct and indirect extraction from a danger are enabled. A variety of methods are also provided for operating various embodiments of the invention.",,,A41D13/008;A62B35/0037;A41D13/0007;A62B35/0043;A41D1/04;A62B35/0018;A41D2600/20,A41D13/008;A41D13/00;A41D1/04;A62B35/00,US NAVY,US,True,False
CN-105741028-B,CN-201610057508-A,CN,B,56246729,20160127,20160127,20191025,20191025,A kind of quantitative analysis method that communication failure influences the control of power grid real-time load,,"The present invention provides a kind of quantitative analysis method that communication failure influences the control of power grid real-time load, electric system and communication system are considered to analyze at the composite system of coupling and interdependence, the present invention is based on quantitative analysis method of the communication system failure to electric system real-time load control service impact can be evaluated by off-load amount size the different degree that equipment is monitored and controlled in power grid, and by the statistical analysis to equipment availability probability, it can be achieved that power communication composite system risk assessment.Based on this, to all kinds of communication failures occur potential risk and caused by consequence consider, adjustment power grid centralized control measure in real time, makes the widened least risk of power grid accident, so that the powernet aid decision-making system for building meter and communication risk provides implementation basis.",,,G06Q10/0635;G06Q10/0639;G06Q50/06,G06Q50/06;G06Q10/06,,,False,True
CN-109191326-B,CN-201810967301-A,CN,B,64919710,20180823,20180823,20211130,20211130,Attack party view angle-based network attack risk assessment method for CPS (control Performance Standard) mutual existence system of power distribution network,,"The invention provides a power distribution network CPS (cyber physical system) interdependence system cyber attack risk assessment method based on an attacker perspective, which is used for analyzing the risk level caused by starting attacks on a power grid CPS system and analyzing the risk condition of a potential attack path of a power grid on the premise of different attack invasion objectives from the perspective of an attacker, can provide a new perspective for the research of a security analysis and protection method of the power grid CPS and provides an accurate basis for power grid operators to make defensive measures.",,,G06Q50/06;G06F21/55;G06F30/20;G06Q10/0635,G06Q10/06;G06Q50/06;G06F30/27;G06F21/55,,,False,True
KR-101766658-B1,KR-20160000344-A,KR,B1,59273828,20160104,20160104,20170809,20170809,System and method of mobile field inspection,모바일 현장조사 시스템 및 방법,,"본 발명은 단말기에 탑재된 현장조사 앱을 통해 현장조사 관리시스템 서버에 저장된 현장정보를 열람하는 단계, 상기 현장조사 앱에 현장의 주소, 현장 주변 건물이나 시설물 이름, 현장의 지명 등과 같은 현장 정보를 입력하고, 상기 입력된 현장 정보에 대응되는 현장의 현장조사방법 유형으로서, point inspection, node checking 및 route following으로 이루어진 군에서 선택된 현장조사방법 유형을 상기 현장조사 관리시스템 서버로부터 제공받는 단계 및 상기 현장 유형에 따라 수행된 현장조사 결과를 상기 현장조사 관리시스템 서버에 전송하는 단계를 포함하는 위치기반 모바일 현장조사 방법 및 이러한 방법을 구현하는 위치기반 모바일 현장조사 시스템에 관한 것이다. 
본 발명에 따르면, 복잡한 도시에서 도시 기반시설, 건축물, 교통, 문화재, 공공시설 등 다양한 도시 요소들에 대한 현장조사 수행에 있어서, 지속적이고 장기적으로 수집해야 할 정보를 체계적이고 통합적으로 관리할 수 있고, 효율적인 모니터링 시스템을 구현할 수 있다.",,H04W4/023;G06Q50/26;G06Q50/10;G06Q10/0637;H04W4/024;H04W4/38;H04W4/02;H04W4/029;G06Q30/0201,G06Q50/10;G06Q10/06;G06Q50/26;H04W4/029;H04W4/024;H04W4/38;H04W4/02,,,True,False
EP-2286578-A1,EP-09746028-A,EP,A1,39627760,20090421,20080515,20110223,0,Power backup system,,"An electrically powered node (3) of a telecommunications system has a battery power backup (37) associated with its power control unit (33). Under normal conditions it are maintained fully charged by means of trickle currents from the mains power feeds (14) to each of a number of mains- connected customer equipments (4), by way of the &#34;final drop&#34; (10) to the distribution point. These trickle currents are controlled by the respective power control units (33, 43), to prevent overcharging. Using an electrical copper connection (19) provided in parallel with the fibre connection (9), a battery backup (27) can also be maintained in nodes (2) further towards the exchange. These feeds are made reversible, so that if a power outage removes the power supply (14) from the customer premises (4), a &#34;lifeline&#34; plain telephone service between the exchange (1) and the telephone handset (5) is maintained over the connections (9, 10, 13), using the local battery backup (27, 37) in the remote nodes (2, 3). By limiting the service to simple telephony, the battery power (27, 37, 47) can be sufficient to maintain the service for a reasonable duration. The power management systems (23, 33, 43) can be used to transfer charge from one battery (27, 37) to another over the network according to the usage, or remaining life, of each battery (27, 37, 47).",,,H04M19/08,H04M19/08,BRITISH TELECOMM,GB,True,False
CN-207395796-U,CN-201721491969-U,CN,U,62325739,20171110,20171110,20180522,20180522,A kind of environment in mobile stations monitoring management system based on narrowband Internet of Things,,"A kind of environment in mobile stations monitoring management system based on narrowband Internet of Things described in the utility model, including：Data acquisition device, application server monitor computer, and the data acquisition device includes, power monitoring unit, Environment Monitor Unit, fire fighting monitoring unit, control unit, protenchyma combined network communication unit.Pass through data acquisition device independent acquisition and transmission environment in mobile stations information, it is not take up master transmissions passage, and integrated action monitoring unit, it realizes and the full name of environment in mobile stations is detected, simultaneously communications are carried out using narrowband Internet of Things, signal penetration power is strong, equipment power dissipation is low, network reliability and safe, promote base station internally-powered distribution, environmental parameter, the validity of security protection administration of the prevention and control, so as to improve base station communication supportability, superior technique support is provided for communication infrastructure network, is conducive to communication network and generates better economic benefit.",,,,G05B19/04;G01D21/02,CROWDS SYSTEM INTEGRATION LTD,,True,False
CN-113409163-A,CN-202110799272-A,CN,A,77686427,20210715,20210715,20210917,0,Functional recovery decision-making method of interdependent hydroelectric system based on flexible city,,"The invention discloses a functional recovery decision-making method of a hydropower system based on interdependence of a flexible city, which comprises the following steps: s1, initialization data: s2, randomly generating a plurality of sequences of the serial numbers of the damage components, wherein the sequences are used as chromosomes, namely the initial population, setting the identity codes of the chromosome slices and an information pool of the integral hydroelectric function level in the corresponding damage state, and setting the iteration times of a genetic algorithm; s3, judging whether the identity code of the chromosome slice to be evaluated already exists in the information pool: if the water-electricity integral function level exists, the water-electricity integral function level in the information pool is directly called; otherwise, calculating to obtain the integral function level of the hydropower; and S4, operating the chromosome to obtain the next generation of chromosomes, and selecting the optimal chromosome based on the adaptive function value if the iteration times are reached. The method can meet the requirement of time urgency of recovery after disasters when optimizing the function recovery decision method of the interdependent hydropower system, thereby being really applied to actual disaster scenes.",,,G06N3/126;G06Q50/06;G06F2111/06;G06F30/27;Y04S10/50;Y02E40/70,G06F111/06;G06F30/27;G06N3/12;G06Q50/06,UNIV ZHEJIANG;STRAIT INNOVATION INTERNET CO LTD,,True,True
CN-121749121-A,CN-202511884104-A,CN,A,99157680,20251215,20251215,20260327,0,"Distributed power supply generated power prediction method, system, equipment and medium",,"The invention discloses a method, a system, equipment and a medium for predicting the generated power of a distributed power supply, which belong to the technical field of power generation power prediction and comprise the steps of collecting wind speed data and radiation intensity data during power generation of the distributed power supply, and calculating a wind speed influence coefficient and radiation conversion efficiency based on the wind speed data and the radiation intensity data; the method comprises the steps of constructing a distributed power prediction network comprising an input processing layer, a feature mapping layer, a space-time fusion layer, an optimization feedback layer and a prediction output layer, generating a power generation predicted value, and calculating a confidence interval of the power generation predicted result through the power generation predicted value based on a Bayesian inference method. The invention effectively solves the problem of uncertainty in the prediction of the power generated by the distributed power supply by combining the space-time feature extraction and the Bayesian inference method. Compared with the traditional method, the method can accurately capture the fluctuation and the interdependence of radiation conversion and wind speed influence in time and space dimensions, thereby improving the precision of the prediction of the generated power.",,,Y04S10/50,H02J103/30;H02J101/24;G06Q50/06;G06Q10/0637;G06N7/01;H02J3/00,XINGYUAN ZHIYUAN TECH CHENGDU CO LTD;SHANGHAI JIAO TONG UNIVERSITY SICHUAN RESEARCH INST,,False,True
CN-118246670-A,CN-202410335952-A,CN,A,91564057,20240322,20240322,20240625,0,Remote monitoring and early warning system for urban lifeline,,"The embodiment of the application relates to the technical field of urban management, and discloses a remote monitoring and early warning system for an urban lifeline. The system comprises: the monitoring system, the middleware of the Internet of things and the server are electrically connected in sequence; the monitoring system is used for acquiring monitoring data related to the urban lifeline; the internet of things middleware is used for converting formats of all monitoring data into unified internet of things metadata, and converting the internet of things metadata corresponding to the monitoring data after format conversion into different business event data for processing by a server side according to different business rules preset by different types of monitoring data; the server side is used for respectively monitoring the states of the urban lifelines corresponding to the different types of monitoring data according to the different types of service event data, acquiring alarm data in the service event data, and carrying out early warning display on the alarm data when the states of the urban lifelines are abnormal. The application can realize the modern informatization comprehensive management of the urban lifeline.",,,G06F18/2411;G06F18/2135;G06Q50/06;G06Q10/063114,G06Q50/06;G06F18/2411;G06F18/2135;G06Q10/0631,XINGYI NORMAL UNIV FOR NATIONALITIES,,False,True
CN-121189545-A,CN-202511261111-A,CN,A,98082610,20250905,20250905,20251223,0,Wind power multi-scale decomposition prediction method,,"A wind power multi-scale decomposition prediction method. The current single-point prediction is not comprehensive and accurate enough, and cannot be adapted to the quantitative and accurate requirements of wind power plants and power grid dispatching institutions on risk management. The method comprises the steps of sequentially performing feature selection and data decomposition processing on actually obtained wind power data to form an original wind power sequence, constructing a depth prediction model according to the multi-scale modal data, completing a determination process of a probability prediction interval in a residual error distribution mode depth prediction model through self-adaptive bandwidth kernel density estimation, establishing an initial model after the actually obtained wind power data is formed into the original wind power sequence, performing feature selection processing on the initial model, namely calculating weighted marginal contribution on each feature of the initial model according to all related feature subsets by utilizing a SHAP algorithm based on a Shapley value in a game theory, and completing a feature data acquisition process of accurately quantifying interdependence and interaction effects among features.",,,,H02J3/00;G06Q50/06;G06N3/0464;G06N3/045;G06N3/0442;G06F18/211;G06Q10/04,UNIV INNER MONGOLIA SCI & TECH,,False,True
JP-2015010362-A,JP-2013135182-A,JP,A,51031233,20130627,20130627,20150119,0,Liquefaction countermeasure method of existing buried pipe,,"PROBLEM TO BE SOLVED: To provide a liquefaction countermeasure method of an existing buried pipe in which a liquefaction countermeasure of lifelines of gas-pipes, potable water pipes, sewer pipes, etc., in residential areas such as subdivision lots for sale where roads and detached houses are densely built can be performed simply and economically.SOLUTION: Two or more filling pipes 2 are installed at predetermined intervals in an extension direction of an existing buried pipe 1. Liquid chemicals are injected from the filling pipes 2 by either following methods, and the existing buried pipe 1 is integrated with an agglomeration body in the earth to be refilled, and thereby the floating of the existing buried pipe 1 in the earthquake is suppressed. (1) A method for suppressing the floating of the existing buried pipe 1 in the earthquake by fixing the existing buried pipe 1 in the non-liquefaction layer of the natural ground. (2) A method for suppressing the floating of the existing buried pipe 1 by solidifying the earth to be refilled under the existing buried pipe to thereby cause the earth of the non-liquefaction layer to fall into right and left parts and the upper part thereof in the earthquake. (3) A method for suppressing the floating by solidifying the upper surface or the side surface of the existing buried pipe 1 and integrating the existing buried pipe 1 with the agglomeration body to thereby increase the gravity applied to the existing buried pipe 1 and the agglomeration body.",,,,E02D31/12;E02D27/34,UNIV TOKYO;KYOKADO ENG CO;KYOKADO ENG CO,,True,False
CN-115511662-B,CN-202211141553-A,CN,B,84503484,20220920,20220920,20260421,20260421,Method and storage medium for realizing parallel computation of power dispatching mass data,,"The invention discloses a method for realizing parallel computation of power dispatching massive data and a storage medium, wherein the method analyzes a computation request by means of a lexical analysis, analyzes different phrases and interdependencies of the computation request to obtain a lexical analysis table, combines the analyzed lexical analysis table into a multi-way tree to form a grammar analysis tree, converts the grammar analysis tree into a sequence dependency graph of object operation to form an object computation graph, converts the object computation graph into a series of vector primitive operations through a vectorization computation engine to form a vector computation graph, and enables the vector primitive operations to be executed on a multi-core processor, thereby improving the parallel efficiency of the power dispatching multi-element heterogeneous massive data computation.",,,G06F40/126;G06F40/151;G06F40/205;G06F40/253;G06F40/284;G06Q10/0631;G06Q50/06,G06Q10/0631;G06F40/284;G06F40/253;G06F40/205;G06F40/151;G06F40/126;G06Q50/06,,,False,True
CN-211543838-U,CN-202020095682-U,CN,U,72491700,20200116,20200116,20200922,20200922,Novel lifeboat,,"The utility model discloses a novel lifeboat, including the lifeboat body, the inside fixed mounting of lifeboat body has fixed leg ware, and the upper surface of lifeboat body is provided with the wiring ware, one side fixedly connected with couple of lifeboat body, the surface of couple cup joints and installs the life buoy, one side fixed mounting of life buoy has the lifeline, the other end and the wiring ware fixed connection of lifeline, one side of lifeboat body is close to the rear surface position department fixed mounting of life buoy and has the bumper. The utility model discloses a set up fixed leg ware, can fix own both legs when the rescuer rescues, on pulling the lifeboat with the personnel of falling into water again, avoided sliding into the river from the lifeboat in, through setting up second spring and bolt, can come its fix according to the thickness of leg, through setting up first pivot, the rescuer can adjust the direction wantonly, has brought the convenience for the rescuer.",,,,B63C9/13;B63C9/02,ZOU TING,,True,False
CN-114912577-A,CN-202210425233-A,CN,A,82764917,20220421,20220421,20220816,0,Wind power plant short-term wind speed prediction method combining VMD and attention mechanism,,"The invention discloses a short-term wind speed prediction method for a wind power plant combining a VMD (minimum mean Square) and an attention mechanism, which comprises the steps of firstly obtaining wind speed space-time data of a target station, establishing a series SWSM (Single-Range short Range; extracting wind speed time domain characteristics by using the GRU model at the top layer, and obtaining respective prediction results; accumulating all the prediction results to obtain a final predicted wind speed; the method fully utilizes the time-space correlation of the wind speed, combines the VMD and the attention mechanism, improves the unstable characteristic of the original wind speed, optimizes the CNN-GRU model by utilizing the attention mechanism, enables the model to capture the long-distance interdependence characteristic in the sequence more easily, effectively improves the wind speed prediction precision, and ensures the reliable operation of the power system.",,,G06N3/048;G06N3/045;G06N3/049;G06Q50/06;G06N3/082;G06Q10/04;Y04S10/50,G06Q50/06;G06Q10/04;G06N3/08;G06N3/04,UNIV NANJING INFORMATION SCIENCE & TECH,,False,True
CN-119807889-A,CN-202311313788-A,CN,A,95260737,20231011,20231011,20250411,0,Early overflow detection and grading early warning processing system and method,,"The invention provides an early overflow detection and grading early warning processing system and method, and belongs to the technical field of well control safety in petroleum and natural gas drilling engineering. According to the invention, potential nodes are introduced as intermediate variables, so that the dependency relationship among attribute variables is simplified, and a plurality of attribute variables are independent relative to the intermediate variable conditions, so that the model structure is simplified, and meanwhile, the interdependence relationship among the nodes can be reflected, thereby being applied to actual working conditions and achieving the purposes of improving the overflow monitoring accuracy and reducing the discrimination error. In addition, the invention also increases a plurality of grading early warning thresholds, constructs an overflow early warning risk assessment part and an early warning grading and processing mode part, can more comprehensively understand stratum characteristics, judge overflow causes and control subsequent shaft pressure, and has important significance.",,,Y02A10/40,G06Q50/02;G06Q10/0635;G06F18/232;G06F18/2135;E21B49/08;E21B47/10;G06F18/2415,PETROCHINA CO LTD,,False,True
CN-109494729-A,CN-201811527636-A,CN,A,65710231,20181213,20171215,20190319,0,A kind of elastic distribution network planning method based on extreme disturbance event,,"The elastic distribution network planning method based on extreme disturbance event that the invention discloses a kind of, this method passes through disaster-resistant type Electric Power Network Planning key technology of the further investigation based on lifeline engineering, in view of the power distribution network service restoration towards lifeline engineering, first, it is to restore electrical breakdown element and important load as primary goal, pay attention to rapidity, emphasizes Saving in time costs.Its main task is the system power generation capacity obtained using recovery process initial stage, and search is allowed to realize with block switch, interconnection switch that important load is connected reasonably to grid transmission, in the shortest possible time gradually recovery system rack.Secondly, interconnection switch is operated by what is be directly connected with power supply interrupted district in dragnet, using recovery power failure load as much as possible as main target.Finally, by Dissatisfied rope net it is indirect be connected with power supply interrupted district operate interconnection switch, the sorry of all loads cannot be restored to make up local distribution, realized with local with network recovery cooperation.",,,H02J3/00;H02J2103/30,H02J3/00,STATE GRID JIANGSU ELECTRIC POWER CO LTD YANGZHOU POWER SUPPLY BRANCH;STATE GRID CORP CHINA,,True,False
CN-120907083-A,CN-202511371862-A,CN,A,97546288,20250924,20250924,20251107,0,Urban lifeline gas pipeline flood emergency prevention and control system and method based on large model,,"The invention provides a large-model-based urban lifeline gas pipeline flood emergency prevention and control system and method, which are applied to the technical field of gas pipeline flood emergency. The system comprises an emergency supervision management platform, wherein the emergency supervision management platform is configured to construct a gas pipe network map based on pipeline pressures and gas flow rates of a plurality of pipeline nodes, determine a plurality of suspected leakage points and leakage confidence degrees, execute an evaluation step for each suspected leakage point, determine sampling radius according to the leakage confidence degrees, determine corrosion risks and deformation risks of the suspected leakage points based on water body data and image data, determine comprehensive risk values of target pipeline nodes based on the plurality of corrosion risks and the plurality of deformation risks through a prediction model, and automatically send control signals to a drainage robot to drive the drainage robot to drain water in response to the comprehensive risk values meeting drainage conditions. The invention can automatically perform risk assessment and emergency treatment and timely eliminate the potential safety hazard of damage to the gas pipeline caused by flood disasters.",,,Y02A10/40;F17D5/02;F17D5/005;G06F18/2433;G06N5/04;G06Q10/0635;G06Q10/103;G06Q50/06;F17D3/01;F17D1/02,G06Q50/06;G06Q10/10;G06Q10/0635;G06N5/04;G06F18/2433;F17D5/02;F17D5/00;F17D3/01;F17D1/02,CHENGDU QINCHUAN IOT TECH CO LTD,,True,True
EP-2215556-A2,EP-08851927-A,EP,A2,40668058,20081121,20071125,20100811,0,System and method for power outage and restoration notification in an advanced metering infrastructure network,,"A method and system are provided to transmit a meter power status. The method includes recognizing a power status change at a meter. The method includes, if the meter is scheduled to transmit first, transmitting a notification message to at least one neighboring meter towards a mesh gate, wherein the notification message includes a power status indicator and a meter identifier. The method includes, if the meter is not scheduled to transmit first, waiting a predetermined time period to receive a notification message from at least one neighboring meter. The method includes, responsive to receiving a notification message, adding a meter identifier to the received notification message before retransmitting the modified notification message to at least one neighboring meter. The method includes retransmitting the notification message.",,,H04L45/22;H04W40/22;H04W84/18;H04L45/28;G01D4/004;G01D2204/45;Y02B90/20;Y04S20/30;Y02D30/70,H04W40/24,TRILLIANT NETWORKS INC,US,True,False
CN-121189545-B,CN-202511261111-A,CN,B,98082610,20250905,20250905,20260529,20260529,Wind power multi-scale decomposition prediction method,,"A wind power multi-scale decomposition prediction method. The current single-point prediction is not comprehensive and accurate enough, and cannot be adapted to the quantitative and accurate requirements of wind power plants and power grid dispatching institutions on risk management. The method comprises the steps of sequentially performing feature selection and data decomposition processing on actually obtained wind power data to form an original wind power sequence, constructing a depth prediction model according to the multi-scale modal data, completing a determination process of a probability prediction interval in a residual error distribution mode depth prediction model through self-adaptive bandwidth kernel density estimation, establishing an initial model after the actually obtained wind power data is formed into the original wind power sequence, performing feature selection processing on the initial model, namely calculating weighted marginal contribution on each feature of the initial model according to all related feature subsets by utilizing a SHAP algorithm based on a Shapley value in a game theory, and completing a feature data acquisition process of accurately quantifying interdependence and interaction effects among features.",,,,H02J103/50;H02J103/35;H02J103/30;H02J101/28;H02J3/00;G06Q50/06;G06N3/0464;G06N3/045;G06N3/0442;G06F18/211;G06Q10/04,,,False,True
CN-204447020-U,CN-201520074787-U,CN,U,53653971,20150203,20150203,20150708,20150708,Multifunctional rescue fixed mount,,"The utility model relates to a kind of multifunctional rescue fixed mount, belongs to fire-fighting equipment field.Be provided with guide plate, it is characterized in that, guide plate is longitudinal structure, a directive wheel is installed in the groove of guide plate front end, guide plate end is laterally fixed with a cross bar, the middle part of cross bar is vertically installed with a handles, the cross bar of handle both sides is welded with respectively the water-band retainer ring of two annulars, guide plate side is welded with rope ladder fixed mount successively, water knockout drum fixed mount, descending lifeline fixed mount, longitudinally two fixture blocks paralleled are fixed with on the downside of guide plate, two clamping plate are processed with respectively a screw, screw rod is combined with in screw, the end of screw rod is fixed with swing handle.The utility model can transport fire-fighting equipment from the outlet such as balcony, window and carry out the rescue of personnel, and rescue work efficiency is high, and fire fighter&#39;s physical demands is little, and can ensure the personal safety of fire fighter.",,,,A62B5/00,WANG ZONGSHENG,,True,False
WO-2009154974-A3,US-2009045268-W,WO,A3,41434630,20090527,20080527,20100422,0,Floating intelligent perimeter sensor system,,"A system, method, and floating intelligent perimeter sensor, provide protection for waterways and critical infrastructures. The system and method utilize one or more floating intelligent perimeter sensors to detect, and in some cases identify, hazardous materials associated with vessels in the waterways. The hazardous materials detected, and optionally identified, can include radiological materials, fissile materials, explosives, chemicals and biological materials (CBRNE). A set of radiation data associated with a radiation source in a vessel is received from the one or more floating intelligent perimeter sensors. At least one histogram is generated based on the set of radiation data. The at least one histogram is compared to multiple spectral images associated with known materials. The at least one histogram is determined to substantially match at least one of the multiple spectral images. A determination is made whether a material associated with the radiation source is a hazardous material.",,,G01T3/08;G01V5/271;G01V5/26,G08B25/10;G08B19/00,INNOVATIVE AMERICAN TECHNOLOGY;FRANK DAVID L,US,True,False
CN-120410150-B,CN-202510906842-A,CN,B,96519441,20250702,20250702,20251021,20251021,Transmission and distribution network collaborative optimization method and system considering electric power and traffic multilayer network coupling model,,"The invention relates to the technical field of cooperative optimization of transmission and distribution networks, in particular to a cooperative optimization method and a cooperative optimization system of transmission and distribution networks, which take an electric power and traffic multilayer network coupling model into consideration. Because the single-moment operation feasible region of the power distribution network is influenced by the current state parameters of the system, the method adopts a deep learning method to realize the prediction of the single-moment operation feasible region of the power distribution network, and simultaneously, the lower boundary of the operation feasible region of the power distribution network is approximately processed in order to improve the accuracy of the prediction.",,,H02J2103/30;G06Q10/04;G06Q50/06;G06Q10/06315;G06Q10/06312;H02J3/00,H02J3/00;G06Q50/06;G06Q10/04;G06Q10/0631,,,False,True
CN-120806428-A,CN-202510839277-A,CN,A,97327085,20250623,20250623,20251017,0,Planning and optimizing configuration method for active traction network energy system,,"The invention relates to a planning and optimizing configuration method of an active traction network energy system, which is characterized in that a planning and optimizing configuration method with universality is constructed through three typical scenes, and planning configuration is carried out on new energy and an energy storage system in the traction network by taking running cost and full life cycle net present values into consideration, so that the economic feasibility of a railway system is ensured, the carbon reduction of the railway system is ensured, and meanwhile, the energy source is maximally realized. According to the invention, a double-layer optimization model is adopted to perform capacity configuration optimization, an intelligent algorithm is adopted to perform capacity planning on a renewable energy system and an energy storage system by an upper-layer optimization model, the net present value cost in the whole life cycle is the lowest, the operation cost is calculated by a solver by a lower-layer optimization model, the operation cost of operation and maintenance, purchase, electricity selling and the like is reduced, the upper layer and the lower layer are interdependent, the whole life cycle cost and the real-time operation efficiency are considered, and the scientificity and the operability of the energy system planning are improved.",,,G06N3/126;G06Q50/06;G06Q10/067;G06Q10/06313;H02J3/381;H02J3/28;H02J3/00,H02J3/38;H02J3/28;H02J3/00;G06Q50/06;G06Q10/067;G06N3/126;G06Q10/0631,QINGHAI NEGO NEW ENERGY CO LTD,,False,True
WO-2009138711-A1,GB-2009001008-W,WO,A1,39627760,20090421,20080515,20091119,0,Power backup system,,"An electrically powered node (3) of a telecommunications system has a battery power backup (37) associated with its power control unit (33). Under normal conditions it are maintained fully charged by means of trickle currents from the mains power feeds (14) to each of a number of mains- connected customer equipments (4), by way of the &#34;final drop&#34; (10) to the distribution point. These trickle currents are controlled by the respective power control units (33, 43), to prevent overcharging. Using an electrical copper connection (19) provided in parallel with the fibre connection (9), a battery backup (27) can also be maintained in nodes (2) further towards the exchange. These feeds are made reversible, so that if a power outage removes the power supply (14) from the customer premises (4), a &#34;lifeline&#34; plain telephone service between the exchange (1) and the telephone handset (5) is maintained over the connections (9, 10, 13), using the local battery backup (27, 37) in the remote nodes (2, 3). By limiting the service to simple telephony, the battery power (27, 37, 47) can be sufficient to maintain the service for a reasonable duration. The power management systems (23, 33, 43) can be used to transfer charge from one battery (27, 37) to another over the network according to the usage, or remaining life, of each battery (27, 37, 47).",,,H04M19/08,H04M19/08,BRITISH TELECOMM;COOPER IAN ROBERT;HUMPHREY LESLIE DEREK,GB,True,False
KR-101365672-B1,KR-20110113778-A,KR,B1,48659781,20111103,20111103,20140225,20140225,natural circulation tree filter box system,자연순환형 나무화분 여과시스템,,"본 발명은 도로지역 등 도시지역 불투수면에서 발생하는 비점오염원을 도시기반시설을 활용하여 저감하는 빗물 생태저류시설을 조성할 수 있는 시설로서, 기존에 식재되어 있는 조경수, 가로수 등을 이용할 수 있을 뿐 아니라 새로이 조성되는 도시지역 설계에도 적용이 가능하고, 시설을 설치 후에는 도시지역 및 도로에서 발생되는 비점오염원을 저감시키는 작용과 처리된 우수를 하수도로 이송을 시키는 것이 아닌, 지면저류 및 토양 저류를 통하여 첨두유량과 유출용적을 저감시켜 지하수 고갈 문제 해결 및 홍수 재해 방지에 도움이 되는 기술로 된 자연순환형 나무화분 여과시스템에 관한 것이다. 발명의 구성은 나무상자, 여재필터, 충수공간, 식재공간, 식생토 자갈 및 배수구로 이루어져 있다. 상부 식재공간에는 교목(가로수) 및 관목을 식재하여 도심조경을 자연스럽게 할 수 있으며, 하부에는 충수공간에 담수되어 있는 오염된 우수를 여과필터를 통해 일부는 식생토를 통해 식재된 수목에 공급이 되며, 일부는 지하로 순환되는 구조를 가진 자연순환형 나무화분 여과시스템이다. 이 시스템을 우수가 많이 발생하는 지역 등에서는 우수체류장치를 연결하여 더 많은 우수를 지하수로 환수시킬 수 있으며. 나무상자에 우수체류장치를 우수연결관으로 연결하여 활용할 수 있다. 우수체류장치 상부에는 식재공간을 두어 교목 등 초하류를 식재하여 화단의 형태로 사용할 수 있으며 식생분리판으로 분리된 지하부에는 충수공간을 두어 오염된 우수를 저장시켜 상부에 식재된 교목 등 초하류 등에 공급되고, 일부는 우수연결관을 통해 우수박스로 보내어져 가로수 및 지하수로 돌아가게 된다. 본 발명의 자연순환형 나무화분 여과시스템 설치 시 우수의 비점오염원 제거 및 첨두유출량 감소로 홍수 예방 등의 효과가 있다.",,Y02W10/37,E01F5/00;C02F1/00;E03F1/00,,,True,False
CN-117474521-A,CN-202311420318-A,CN,A,89625010,20231027,20231027,20240130,0,Monitoring method and device for gas facility,,"The application relates to a monitoring method and device for a gas facility, wherein the method comprises the following steps: map positioning information of a gas facility is obtained; determining corresponding equipment monitoring information according to the map positioning information; based on a preset communication rule, transmitting equipment monitoring information to an Internet of things facility monitoring platform. The device uses the method, the corresponding equipment monitoring information is determined by acquiring the map positioning information of the gas facility, and finally the equipment monitoring information is transmitted to the Internet of things facility monitoring platform based on the preset communication rule, so that the gas facility can be better monitored and managed, the real-time monitoring and control of the gas facility are realized, the state and risk of the facility are better evaluated, the safety of an urban lifeline is ensured, the safety and reliability of the equipment are improved, and the occurrence of accidents is effectively prevented.",,,G06Q10/20;G06Q10/0635;G06Q50/06;G06F16/29;G08B21/182;G08B21/24;H04Q9/00;G16Y20/20;G16Y40/10;G16Y40/40;G16Y40/60,G06Q10/20;G06F16/29;G06Q10/0635;G06Q50/06;G08B21/18;G08B21/24;G16Y20/20;G16Y40/10;G16Y40/40;G16Y40/60;H04Q9/00,ZHUOYU SURVEYING AND MAPPING DIGITAL TECH SHENZHEN CO LTD;TOWNGAS CHINA CO LTD;HONG KONG AND CHINA GAS INVESTMENT LTD;ZHUOYU GUANGDONG ENG CONSTRUCTION CO LTD,,False,True
CN-119358776-A,CN-202411920480-A,CN,A,94306255,20241225,20241225,20250124,0,Multi-station photovoltaic power generation power prediction method and system based on graph attention network,,"The application discloses a multi-station photovoltaic power generation power prediction method and a system based on a graph attention network, wherein the method comprises the following steps of obtaining a space dependency model containing a station space relationship according to the station dependency relationship based on the graph attention network; the method comprises the steps of constructing a time-dependent model containing site time relation based on an autoregressive long-term memory network and a probability framework, constructing a first missing data filling layer according to a spatial feature compensation strategy, constructing a second missing data filling layer according to a temporal feature compensation strategy, constructing a third missing data filling layer according to the space-time correlation of a neighbor site set, constructing a space-time data processing layer, and constructing a photovoltaic power generation power prediction model according to the spatial-dependent model, the time-dependent model and the time-space data processing layer by utilizing historical operation data of a photovoltaic site. The method has the beneficial effects of reducing the requirement on training data, improving the photovoltaic power generation power prediction pertinence, and improving the photovoltaic power generation power prediction accuracy and the model applicability.",,,H02J2103/30;H02J2101/24;Y04S10/50;H02J3/381;H02J3/004;G06F18/24147;G06N5/01;G06N3/08;G06N3/0442;G06N3/045;G06N3/042;G06F30/27;G06Q50/06;G06Q10/067;G06Q10/04,H02J3/38;H02J3/00;G06Q50/06;G06Q10/067;G06N5/01;G06N3/08;G06N3/045;G06N3/0442;G06N3/042;G06F30/27;G06F18/2413;G06Q10/04,TAIZHOU POWER SUPPLY COMPANY OF STATE GRID ZHEJIANG ELECTRIC POWER CO LTD,,False,True
CN-120764418-A,CN-202510810358-A,CN,A,97248572,20250617,20250617,20251010,0,Infrastructure cascade failure prediction method and system for flood disaster scenario construction,,"The invention provides an infrastructure cascade failure prediction method and system for constructing flood disaster situations, which comprise the steps of constructing extreme storm flood disaster situations by using a numerical simulation method, constructing independent network topologies of traffic infrastructures, power infrastructures and communication infrastructures, analyzing cascade relations and disaster propagation mechanisms of the power-communication-traffic infrastructures under extreme storm impact, constructing a third-order network model of urban key infrastructure cascade failure, wherein the third-order network model comprises the third-order network topology model, the extreme storm flood model, the disaster propagation model and the cascade failure model, setting infrastructure failure conditions according to the submerged water depth of the urban infrastructure affected by the extreme storm, and performing infrastructure node failure prediction, independent infrastructure network failure prediction and urban key infrastructure cascade failure prediction. The invention can predict the cascade failure of the infrastructure.",,,G06F2111/10;G06F2113/08;G06F2119/02;G06F2119/14;G06Q50/26;G06Q10/04;G06T17/20;G06T17/05;G06F16/29;G06F30/18;G06F30/23;G06F30/28;Y02A10/40,G06T17/20;G06T17/05;G06Q50/26;G06Q10/04;G06F119/14;G06F119/02;G06F113/08;G06F111/10;G06F30/23;G06F30/18;G06F16/29;G06F30/28,UNIV BEIJING SCIENCE & TECH,,True,False
CN-114360213-A,CN-202210044807-A,CN,A,81090948,20220114,20220114,20220415,0,Railway geological disaster intelligent safety monitoring and early warning system,,"The utility model provides a railway geological disaster wisdom safety monitoring early warning system which includes following step 1) data acquisition module: including high integrated data acquisition equipment and low coupling data acquisition equipment, high integrated data acquisition equipment and low coupling data acquisition equipment all contain four functional unit at least: the device comprises a sensing module, a calculation storage module, a communication module and a power supply module; the high-integration data acquisition equipment is characterized in that a sensor module, a calculation storage module, a communication module and a power supply module are highly integrated in one equipment, and the modules are interdependent and cannot independently provide related functions; the low-coupling data acquisition equipment means that the communication module, the sensor module and the calculation storage module are relatively independent; the communication module and the power supply module are standardized and defined, and can be used for butting a plurality of standard or one different type of sensing equipment, and the RS485+ ModBus protocol is used for internal data transmission.",,,,G08B21/10;G08B21/24,ZHONGSHEIBAO BEIJING TERRITORIAL RESOURCE EXPLORATION TECH DEVELOPMENT GROUP LIMITED COMPANY;SHANXULUU SUNSHINE INTERNET OF THINGS SCIENCE AND TECH LIMITED COMPANY,,True,False
CN-110302485-A,CN-201910586106-A,CN,A,68078149,20190701,20190701,20191008,0,"A kind of multifunction rotary disc collecting fire-fighting, escape, pass blocking, flushing",,"The invention discloses a kind of collection fire-fightings, escape, pass blocking, the multifunction rotary disc of flushing, the multifunction rotary disc includes rotating disk, fire hose, descending lifeline, windowsill directive wheel, direct current spray type spray gun, water supply hose, water intake ball valve and the pedestal for being used to support entire multifunction rotary disc, wherein, rotary shaft is equipped among the rotating disk, by rotating axis connection rotating disk hanger, the rotating disk hanger other end and pedestal are connected with bolt, the rotating disk is equipped with accommodation groove, hose is wound on the accommodation groove, the soft tube winding, which falls off in the starting point of rotating disk equipped with anti-hose, clamps safety bolt, the hose is connect using directly inserting quick connecting type with rotating disk, the outlet of hose is equipped with direct current spray type spray gun, the direct current spray type spray gun detachably arbitrarily connects random related accessories, the present invention is more using a turntable It is able to achieve energy fire-fighting hard, can escape, energy pass blocking, the effect that can be sprayed.",,,E03C1/306;A62C31/28;A62B1/00;A62C33/04;A62C31/005,A62C31/28;E03C1/306;A62B1/00;A62C31/00;A62C33/04,FUJIAN NANAN HUAXIA WATER BELT WEAVING CO LTD,,True,False
WO-2024046732-A1,EP-2023072134-W,WO,A1,87847860,20230810,20220829,20240307,0,Arrangement and method for detecting at least one at least temporarily occurring billing-relevant physical event during use of an electrified non-rail-bound road vehicle,,"The invention relates to an arrangement for detecting at least one at least temporarily occurring billing-relevant physical event during use of an electrified non-rail-bound road vehicle, in particular road vehicle for transporting goods, preferably overhead line truck, in the catchment area of an electrified non-rail-bound road traffic network, in particular overhead line network, the electrified non-rail-bound road vehicle having at least one current collector, in particular one pantograph, and an energy-measuring device, in particular direct-current electricity meter, wherein the road vehicle, the current collector and the energy-measuring device are designed such that they are functionally connected to a communication bus, in particular a field bus, preferably a so-called controller area network bus, CAN bus, such that they can, in accordance with a communication protocol, form messages to be transmitted on the communication bus and/or read out messages received on the communication bus. The invention also relates to a corresponding method, to a non-rail-bound electrified road traffic vehicle and to a non-rail-bound electrified road traffic infrastructure network.",,,B60L9/00;B60L5/24;B60L2200/26;B60L2200/36;B60L53/665;B60L2240/622;G06Q20/145;G06Q50/06;B60M3/00;B60L50/53;B60M7/00;G06Q50/26;G06Q20/4015,B60L9/00;B60K31/00;B60L5/24;B60L50/53;B60L53/66;B60M3/00;B61L25/02;B61L27/40;G01C21/00;G06Q20/14;G06Q50/06,Siemens Mobility GmbH,DE,False,True
US-2019194069-A1,US-201716328479-A,US,A1,61301710,20170901,20160901,20190627,0,Use of composite particles for protecting a lifeline structure against seismic wave damage,,"Composite particles of a hard core coated by a layer of hydratable, swellable clay such as bentonite are useful for constructing, modifying and/or supporting lifeline structure such as dams, berms and levees, and/or pipelines or conduits for oil, gas, sewage, water, or cables or wires for transmission of electrical power or data information. The method involves placing the composite particles in a location within, below, or about the lifeline structure, and hydrating them to cause them to swell and fill and seal the voids around the structure to form a resilient support having a high damping ratio and low hydraulic conductivity that is maintained after exposure to strain forces. The composite particles are advantageous in damping seismic waves and reducing the potential damage from an earthquake, explosion, tremor, fatigue loading, or similar seismic event.",,,C04B14/12;E02D17/18;E02D5/18;E02B3/10;E02D27/34;Y02A20/00,E02D5/18;E02D17/18;E02B3/10;C04B14/12,AQUABLOK LTD,US,True,False
KR-101975151-B1,KR-20180140388-A,KR,B1,66582870,20181115,20181115,20190503,20190503,Fire Bell Induction Induction Display Indicator,화재벨 감응 발광 유도표시 완강기,"The present invention relates to a descending lifeline enabling people to make an emergency escape in case of a fire by using a wire rope and, more specifically, relates to a descending lifeline with a fire bell induction indicator, capable of enabling an escaper to make a quick escape by more easily recognizing the position of the descending lifeline through a chemical light emission lamp turned on after the detection of a fire bell for a predetermined time. The present invention comprises: a descending lifeline part having a wire rope wound thereon; and a lamp part for easy position recognition. The descending lifeline part comprises: a winding drum having a wire rope wound thereon; and a speed reducing gear part combined inside the winding drum to reduce the winding speed of the winding drum. The lamp part comprises: a descending display lamp turned on with supplied power; and a chemical light emission band lamp operated when power is cut off. According to the present invention, since the descending display lamp is turned on after an emergency bell sound is detected for a predetermined time, a malfunction of the descending display lamp caused by the malfunction of the emergency bell can be prevented, and also, even when power is cut off or backup power is discharged, the chemical light emission band lamp is operated to emit light chemically, and thus, the descending lifeline can always be recognized.","본 발명은 화재와 같은 유사시 와이어로프를 이용하여 비상탈출할 수 있는 완강기에 관한 것으로서, 화재벨 작동시 이를 일정시간 동안 감지하게 되면 화학발광램프를 점등하여 탈출자가 보다 쉽게 완강기 위치를 인지하도록 하여 신속한 탈출을 이룰 수 있도록 한 화재벨 감응 발광 유도표시 완강기에 관한 것으로, 와이어로프가 권취되어 구비되는 완강기부와, 위치가 쉽게 인지되게 램프부로 구성되되; 상기 완강기부는 와이어로프가 권취되는 권취드럼, 권취드럼의 내측에서 결합되어 권취드럼의 권회속도를 감속시키는 감속기어부로 구성되고, 상기 램프부는 전원을 공급받아 점등되는 완강표시램프와, 전원이 차단되었을 때 작동되는 화학발광띠램프로 구성되어 완강기가 전원의 공급이 차단된 상태에서도 빛을 발광하며 인지될 수 있도록 구성된다. 
본 발명은 비상벨 소리를 일정 시간 감지하여 완강표시램프가 점등됨으로써 비상벨의 오작동에 의한 완강표시램프의 오작동이 발생하지 않게되고, 또한, 화재로 인한 전원차단이나 보조전원이 방전되어도 화학발광띠램프가 작동되어 화학발광함으로써 완강기가 항상 인지될 수 있게 되는 것이다.",,G08B3/10;G08B17/06;A62B1/06;G08B5/22,A62B1/06;G08B5/22;G08B17/06;G08B3/10,KIM IL KYU,KR,True,False
CN-112966949-A,CN-202110277102-A,CN,A,76279110,20210315,20210315,20210615,0,Tunnel construction risk assessment method and device and storage medium,,"The application relates to a risk assessment method and device for tunnel construction and a storage medium. The risk assessment method comprises the following steps: constructing a Bayesian network according to predetermined evaluation indexes, wherein the evaluation indexes comprise risk events of tunnel construction and influence indexes causing the risk events; acquiring construction site data of a current tunnel; determining the structural parameters of the Bayesian network according to the construction site data, the Copula function of the interdependence relation of the evaluation indexes and the marginal distribution parameters of each evaluation index; and constructing the risk event prediction model according to the structural parameters and the Bayesian network. According to the method and the device, the accuracy of the risk prediction model is guaranteed, the demand quantity and the model calculation quantity of data can be greatly reduced, and the method and the device can be used for evaluating multiple risks such as water inrush and mud gushing in the tunnel construction process.",,,G06N7/01;G06Q10/06393;G06Q10/0635;G06Q50/08,G06N7/00;G06Q10/06;G06Q50/08,BEIJING MUNICIPAL ENG RES INST,,False,True
CN-118485320-B,CN-202410946893-A,CN,B,92197443,20240716,20240716,20240927,20240927,Urban water relation-oriented urban storage and evacuation space optimization method and simulation system,,"The invention discloses an urban water storage and drainage space optimization method and an urban water storage and drainage space simulation system, particularly relates to the field of urban water resource management and optimization, and aims to solve the problems of low efficiency and poor response capability of an urban water storage and drainage system, and avoid short-term season influence original data through a long-term and short-term memory network. Analyzing the contribution of the reservoirs in the dispatch network, calculating the comprehensive significance and interaction in combination with the multi-layer network analysis, and evaluating the importance of the reservoirs from multiple dimensions. And identifying a reservoir in a high-pressure area by adopting a clustering optimization method, performing space optimization, enhancing the adjusting capability and relieving the pressure in the high-load area. And combining a self-service method and Monte Carlo simulation test to optimize the reliability of the result, ensuring the stability and consistency of the high-influence area and avoiding accidental judgment. The urban water resource management system realizes the accurate regulation and control of the urban water storage and discharge system, improves the resource scheduling efficiency, ensures the stability and the sustainability of urban water resource management, and provides a scientific and effective optimization scheme.",,,G06N3/0442;G06F18/23213;G06F16/29;G06F16/2465;G06Q50/06;G06Q10/0637,G06Q50/06;G06N3/0442;G06F18/23213;G06F16/29;G06F16/2458;G06Q10/0637,,,False,True
JP-2022181149-A,JP-2021111119-A,JP,A,84327658,20210525,20210525,20221207,0,Common conduit with rainwater storage function,,"To provide a common conduit maintained without cost and spending time that has a rainwater storage function on a narrow road with a road width of 3.5 to 6.5 m in a flood inundation assumed area of an existing urban area.SOLUTION: An internal space of a common conduit with a rainwater storage function (hereinafter referred to as a common conduit) is divided into two spaces, &#34;upper lifeline storage space&#34; and &#34;lower waterway space&#34;, by &#34;a receiving rod that is a receiving tool for a lifeline&#34;, and a &#34;side conduit type common conduit with a reverse cross slope&#34; is installed at an end part of a road in addition to the common conduit.SELECTED DRAWING: Figure 1",,,,E03F3/04,KIHARA JIRO,,True,False
CN-208949752-U,CN-201821324200-U,CN,U,66733961,20180816,20180816,20190607,20190607,A kind of quickly emergency hangar tunnel equipment,,"A kind of quickly emergency hangar tunnel equipment, is related in the lifeline engineerings such as highway, railway, the novel device of collapse rock-fall calamity emergency processing.Equipment includes by steel grating (1), pearl cotton (2), solid foot device (3), telescoping rod (4), support construction (5) and hinge (6)；Steel grating (1) is connected with telescoping rod (4) by hinge (6)；Pearl cotton (2) covering is pasted on steel grating (1), is arranged on the inside of steel grating (1) Gu foot device (3) is fixed on, and its role is to fixed hangar tunnels, and riverside slumping mass lateral pressure is avoided to be pushed open；Determine clamping telescoping rod after the length of telescoping rod (4)；The left and right upper angle of hangar tunnel respectively symmetrically property be equipped with support construction (5).The device structure is simple, easy to use, foldable transportation to callapsed landslide scene, and hangar tunnel equipment can be put up in a short time, road is dredged, is resumed traffic normal, the secondary slump for also avoiding subsequent fragmentary falling rocks or geological disaster causes damages to Pedestrians and vehicles current on road.",,,,E01F7/04,CHINA GEOLOGICAL ENVIRONMENT MONITORING INST,,True,False
CN-114124728-A,CN-202111332380-A,CN,A,80378285,20211111,20211111,20220301,0,Method for identifying fragile coupling link between power grid control system and power primary equipment,,"The invention relates to the field of safe and reliable operation guarantee of an intelligent power grid, and discloses a method for identifying a fragile coupling link between a power grid control system and primary power equipment, which comprises the following steps: step 1, establishing a network model of a smart grid control system and primary power equipment interdependent coupling, wherein the network model comprises a power grid and an information grid; step 2, constructing a vulnerability identification method based on node centrality, thereby obtaining node electrical centrality indexes among all nodes in the power network and approximate centrality indexes of effective information lengths among all nodes in the information networkMarking; step 3, calculating comprehensive risk measurement index DLC based on power grid-information grid C (P i ，C i ) (ii) a Step 4, calculating the comprehensive risk measurement index DLC C (P i ，C i ) And finding out and removing the key fragile coupling link of the power grid-information grid. The method and the device improve the robustness of the intelligent power grid control system to the maximum extent and reduce the probability of cascading faults.",,,G06Q10/047;H04L41/145;G06Q50/06;H04L41/12;H04L43/08;H04L41/14,H04L41/12;H04L43/08;G06Q50/06;H04L41/14;G06Q10/04,ECONOMIC AND TECHNICAL RES INSTITUTE OF SICHUAN PROVINCE ELECTRIC POWER COMPANY OF STATE GRID,,False,True
US-2012179941-A1,US-201213423160-A,US,A1,40668058,20120316,20071125,20120712,0,System and Method For Power Outage and Restoration Notification in an Advanced Metering Infrastructure Network,,"A method and system are provided to transmit a meter power status. The method includes recognizing a power status change at a meter. The method includes, if the meter is scheduled to transmit first, transmitting a notification message to at least one neighboring meter towards a mesh gate, wherein the notification message includes a power status indicator and a meter identifier. The method includes, if the meter is not scheduled to transmit first, waiting a predetermined time period to receive a notification message from at least one neighboring meter. The method includes, responsive to receiving a notification message, adding a meter identifier to the received notification message before retransmitting the modified notification message to at least one neighboring meter. The method includes retransmitting the notification message.",,,G01D4/004;H04W84/18;H04L45/28;H04W40/22;H04L45/22;G01D2204/45;Y02B90/20;Y04S20/30;Y02D30/70,G06F11/07,VEILLETTE MICHEL,CA,True,False
JP-5283481-B2,JP-2008280432-A,JP,B2,42297685,20081030,20081030,20130904,20130904,,,"&lt;P&gt;PROBLEM TO BE SOLVED: To provide a risk management support system for water supply infrastructure to determine social risk generated by the water supply construction based on water supply construction information performed on a lifeline forming a water supply infrastructure.  &lt;P&gt;SOLUTION: The risk management support system (100) for water supply infrastructure includes a storage section (150) for storing a water supply construction risk master table (152) for matching water supply construction with the risk at a point where the water supply construction is performed and water supply construction risk link information (154) for matching the water supply construction with the risk at at least one remote place separated from the point caused by the water supply construction, an information acquiring section (112) for acquiring the water supply construction information, and a risk calculating section (114) for calculating social risk generated by an objective construction included in the water supply construction information referring to the table and link information based on the acquired water supply construction information.  &lt;P&gt;COPYRIGHT: (C)2010,JPO&amp;amp;INPIT",,,,G06Q50/06;F17D5/00;G06Q50/00;E03B1/00;G06Q50/26,,,False,True
CN-206715111-U,CN-201720362878-U,CN,U,60504048,20170406,20170406,20171208,20171208,A kind of fire-fighting device for hotel room,,"The utility model discloses a kind of fire-fighting device for hotel room, including fire hydrant box body case, PLC is provided with above the inside left of the fire hydrant box body case, the fire hydrant box body case is fixedly installed hose reel by reel fixed mount, fire hose is arranged with the hose reel, one end of the fire hose is connected with external water pipe by flexible pipe water inlet.This new structure is scientific and reasonable, it is safe and convenient to use, there is provided gas detecting instrument, when user is put out a fire using fire plant, when air indoors, which has been not suitable for personnel, continues fire extinguishing, can timely it alarm, user is reminded to flee from time, prevent from causing to suffocate or being poisoned, there is provided smoke helmet case and fire smothering blanket case, the personal security of indoor inhabitation can be helped to escape from the fire scene, there is provided descending lifeline, the client that high level can be helped to live in very easily departs from, without needing when fire fighter rushes to.",,,,G08B21/14;A62C31/28;A62B1/00;A62C35/20;G08B17/10,FUJIAN QUANZHOU XUGAO VALVE TECH CO LTD,,True,False
CN-102001086-A,CN-201010280554-A,CN,A,43808921,20100914,20100914,20110406,0,Multifunctional emergency kit,,"The invention relates to a multifunctional emergency kit which can be stored after folding. The multifunctional emergency kit comprises a lower bar, an adapter substitute, a spade surface, a spade surface joint, a pickaxe hook, a top joint bolt, a top joint nut, a fixing sleeve, a compaction gasket, a lower tong support, an upper bar, an upper tong support, a chisel, a rope sling, a lifeline, a lower tong piece, an upper tong piece, a handle joint, a hammerhead, an emergency lamp, an iron broom and a first aid box. By using different combinations and transformations of components as well as a locking mechanism, the multifunctional emergency kit can quickly transform structures to realize multiple functions. The multifunctional emergency kit has multiple functions, small volume and light weight, is convenient for carrying and operation, and the like, and can be widely used in emergency rescue, disaster relief and daily use for families or organizations.",,,,A62B99/00;B25F1/00,UNIV SHANGHAI SCIENCE & TECH,,True,False
CN-118691071-A,CN-202410639576-A,CN,A,92766838,20240522,20240522,20240924,0,Method and system for predicting icing galloping of power transmission line,,"The application provides a method and a system for predicting icing galloping of a power transmission line, comprising the following steps: obtaining galloping monitoring data of a power transmission line; based on the galloping monitoring data of the power transmission line, a pre-trained deep learning galloping prediction model is utilized to obtain a prediction result of icing galloping of the power transmission line; the deep learning galloping prediction model is obtained by training a stacked self-encoder by taking historical galloping monitoring data as input data of training data and icing galloping index values corresponding to the historical galloping monitoring data as output data of the training data, wherein the stacked self-encoder comprises an input layer, at least two continuous hidden layers and a Softmax output layer; according to the application, the deep learning galloping prediction model constructed by stacking self-encoders based on a multi-layer network structure can be used for carrying out efficient and accurate icing galloping prediction on a large number of conditions.",,,G06N3/084;G06N3/048;G06N3/0455;G06Q50/06;G06Q10/0635;Y04S10/50,G06Q50/06;G06N3/084;G06N3/048;G06N3/0455;G06Q10/0635,CHINA ELECTRIC POWER RES INST CO LTD,,False,True
JP-2014005714-A,JP-2012155949-A,JP,A,50103672,20120625,20120625,20140116,0,Small-scale evacuation device,,"PROBLEM TO BE SOLVED: To provide a small-scale evacuation device which is not a so-called single-function device having only evacuation function and which has a function of securing and providing water particularly indispensable to life in an emergency for drinking and washing among lifelines to be provided after a tsunami comes.SOLUTION: A small-scale evacuation device is constituted such that an evacuation part is provided in an upper part of an upright structure, the evacuation part being structured such that the users can go up thereto and down therefrom, and that a water storage part is provided in a column to make an amount of stored water available in an emergency.",,,,E04H12/00;E04H9/14,FUJIKA KK,,True,False
CN-121765514-A,CN-202511885750-A,CN,A,99179459,20251215,20251215,20260331,0,Multi-mode large model-based intelligent power system fault diagnosis method and system,,"The invention discloses an intelligent diagnosis method and system for a power system fault based on a multi-mode large model, comprising the steps of collecting multi-source heterogeneous data in the operation of the power system through a power fault multi-mode knowledge center, transmitting the data to the multi-mode large model, extracting local features corresponding to the data and cross-mode associated features, inputting the extracted features into an electrical diagram RAG fault positioning algorithm, positioning a fault region and outputting a candidate set through graph structure matching, retrieval enhancement and range correction, inputting the candidate set feature data into a stacked self-encoder diagnosis model, performing layer-by-layer feature conversion and analysis through a multi-layer network, outputting fault feature vectors, inputting the vectors into a fault probability map reasoning algorithm, and determining fault types and probabilities through temporary map construction, rule screening, probability calculation and verification fusion, and feeding the results back to the knowledge center and performing visual presentation. The invention improves the positioning precision and the feature analysis depth of the fault area and effectively meets the fault diagnosis requirement of the modern power system.",,,,G06Q50/06;G06N5/04;G06N5/022;G06N3/08;G06N3/0455;G06F18/25;G06F18/213;G06F18/10;G06F18/2415,GUANGDONG RUIYUN TECH DEVELOPMENT CO LTD,,False,True
KR-100862245-B1,KR-20060090128-A,KR,B1,39413321,20060918,20060918,20081009,20081009,Dangerous perception guidance system of the member&#39;s store using the Value-Added Network,밴사의 통신망을 이용한 가맹점의 위험감지 안내시스템,,"본 발명은 가맹점주에게 위험감지 안내서비스를 제공 시 별도의 기반시설의 구축 없이도 제공이 가능한 밴사의 통신망을 이용한 가맹점의 위험감지 안내시스템에 관한 것으로, 가맹점에 설치되는 것으로 가맹점 내에 위험이 감지된 경우 이를 위험감지신호로 생성하는 위험감지센서부(10)와, 상기 침입감지센서(11)로부터 생성된 위험감지신호를 전송받아 위험발생신호로 가공하는 컨트롤러(20)와, 해당 가맹점을 식별하는 식별정보인 가맹점 식별정보가 기저장된 것으로 상기 컨트롤러(20)로부터 위험발생신호를 전송받아 그 전송된 위험발생신호에 상기 가맹점 식별정보를 취합하는 신용카드조회단말기(30)와, 상기 신용카드조회단말기(30)로부터 가맹점 식별정보가 취합된 위험발생신호를 전송받아 해당 위험을 제압하는 위험제압업체가 운영하는 업체단말기(50)로 해당 가맹점의 위험이 통보되도록 제어하는 VAN사 서버(40)로 이루어진 것을 특징으로 한다.  
       
     신용카드조회단말기, 화재감지, 가스누출, 위험감지 안내, VAN사",,G06F16/29;G06F16/60;G08B21/18;G06Q50/10,G06Q50/00,,,True,False
JP-2019193394-A,JP-2018082284-A,JP,A,68391128,20180423,20180423,20191031,0,Construction system of disaster prevention type building structure,,"To provide a construction system for disaster prevention type building structure that appropriately implements BCP measures in an event of a natural disaster according to type, scale, and installation status of the structure, securing a lifeline of each building structure, and using hydrogen that is a clean energy source as a fuel to replace fossil fuels.SOLUTION: An automatic electrical power generation device 1 is provided that is installed in a building construction structure and comprises as one unit, a fuel cell 2, hydrogen generation and supply means generating and supplying hydrogen as fuel, and activation means activating the hydrogen generation and supply means to generate hydrogen. In the automatic electrical power generation device, the hydrogen generation and supply means is constituted of methylcyclohexane 4 and a dehydrogenation device 3, the activation operation is constituted of a heating device 5 heating a catalyst 18. After the activation of the dehydrogenation device, the catalyst is heated by the heat of separated and generated toluene in place of the heating device to separate the methylcyclohexane 4 into hydrogen and toluene to generate hydrogen, which is used as fuel for the fuel cell.SELECTED DRAWING: Figure 1",,,Y02E60/50;Y02B90/10;Y02B10/10,H02J9/08;H01M8/0606;H02J3/38;H01M8/04701;H01M8/04537;H01M8/00;C01B3/26,TATSUMI RYOKI KK,,True,False
KR-20190033389-A,KR-20170122120-A,KR,A,65898753,20170921,20170921,20190329,0,multiple standard gateway and its interface method,다표준 게이트웨이 및 정합 방법,"The present invention relates to a multiple standard gateway and a matching method thereof for accommodating various standard wireless communication schemes in a gateway, supporting smooth communication with a command system, minimizing heat generated in a repeater by changing a communication scheme of a repeater exposed to high temperatures. According to the present invention, a multiple standard gateway comprises: a wireless transceiver for transmitting and receiving wirelessly with at least one of a disaster communication network, a mobile communication network, and a local area network; a repeater matching device for matching with a repeater and a lifeline to transmit a transmission/reception signal of the wireless transceiver to the repeater; and a control device for controlling the wireless transceiver and the repeater matching device.","본 발명은 게이트웨이에서 여러 표준의 무선 통신 방식을 수용하여 지휘 시스템과 원활한 통신을 지원하고, 고온에 노출된 중계기의 통신 방식을 가변하여 중계기에서 발생할 수 있는 열을 최소화하는 다표준 게이트웨이 및 정합 방법에 관한 것이다.  
본 발명의 다표준 게이트웨이는 재난 통신망, 이동 통신망, 및 근거리 통신망 중 적어도 어느 하나의 통신망과 무선으로 송수신하는 무선 송수신 장치, 무선 송수신 장치의 송수신 신호를 중계기로 전달하기 위하여 중계기와 라이프 라인으로 정합하는 중계기 정합 장치, 및 무선 송수신 장치 및 중계기 정합 장치를 제어하는 제어 장치로 이루어진다.",,H04W88/16;H04L69/18;H04L12/66;H04L12/10,H04L12/66;H04L12/10;H04W88/16;H04L29/06,SKYMOONS TECH,KR,True,False
WO-2024241287-A3,IB-2024055073-W,WO,A3,91950189,20240524,20230524,20250109,0,System and method for analyzing cyber security postures and real-time asset validation for critical infrastructure,,"In an aspect, system and method for analyzing cybersecurity posture for an OT infrastructure is disclosed. The method comprises categorizing a plurality of devices of one or more plants of the OT infrastructure into a plurality of levels, based on an exposure of each device to a communication network, identifying CVEs of components of the plurality of devices, at each level. The method comprises assigning a severity value to the one or more CVEs of components and determining a plant cybersecurity posture score (PCPS) for the one or more plants. The method comprises computing a critical infrastructure cybersecurity posture score for the OT infrastructure. The method comprises applying remediation to one or more vulnerable components based on a prioritization sequence. In another aspect, system and method for real- time asset validation of connected devices in the OT infrastructure is performed based on the device critical parameters, cybersecurity parameters, and functional safety parameters.",,,H04L63/1433;G06Q10/0635;G06F21/577;G06N20/00,H04L9/40;G06Q10/0635;G06F21/57,ABB SCHWEIZ AG,CH,False,True
CN-118485320-A,CN-202410946893-A,CN,A,92197443,20240716,20240716,20240813,0,Urban water relation-oriented urban storage and evacuation space optimization method and simulation system,,"The invention discloses an urban water storage and drainage space optimization method and an urban water storage and drainage space simulation system, particularly relates to the field of urban water resource management and optimization, and aims to solve the problems of low efficiency and poor response capability of an urban water storage and drainage system, and avoid short-term season influence original data through a long-term and short-term memory network. Analyzing the contribution of the reservoirs in the dispatch network, calculating the comprehensive significance and interaction in combination with the multi-layer network analysis, and evaluating the importance of the reservoirs from multiple dimensions. And identifying a reservoir in a high-pressure area by adopting a clustering optimization method, performing space optimization, enhancing the adjusting capability and relieving the pressure in the high-load area. And combining a self-service method and Monte Carlo simulation test to optimize the reliability of the result, ensuring the stability and consistency of the high-influence area and avoiding accidental judgment. The urban water resource management system realizes the accurate regulation and control of the urban water storage and discharge system, improves the resource scheduling efficiency, ensures the stability and the sustainability of urban water resource management, and provides a scientific and effective optimization scheme.",,,G06N3/0442;G06F18/23213;G06F16/29;G06F16/2465;G06Q50/06;G06Q10/0637,G06Q50/06;G06N3/0442;G06F18/23213;G06F16/29;G06F16/2458;G06Q10/0637,FUJIAN FUDA ARCHITECTURAL PLANNING DESIGN RES INSTITUTE CO LTD,,False,True
JP-2007282456-A,JP-2006109295-A,JP,A,38683313,20060412,20060412,20071025,0,Emergency power supply device as accessory for lead-in device,,"&lt;P&gt;PROBLEM TO BE SOLVED: To provide an emergency power supply device as an accessory for a lead-in device which is useful as a power supply if lifelines are snapped due to the occurrence of disaster, such as earthquakes, does not require much running cost and has a function as a mark for guidance for evacuation.  &lt;P&gt;SOLUTION: The emergency power supply device, as an accessory for the lead-in device 12 for leading a power lead-in wire L into each of buildings H, is provided with: a power generation device 15; a power accumulating device for accumulating power from the power generating device 15; and a control device for converting and/or controlling the power from the power accumulating device.  &lt;P&gt;COPYRIGHT: (C)2008,JPO&amp;INPIT",,,Y02B10/70,H02J9/06;H02J9/00,TOSHIN ELECTRIC,,True,False
CN-111401653-A,CN-202010218305-A,CN,A,71433086,20200325,20200325,20200710,0,Tunnel water leakage risk spatial dependency prediction method and prediction system,,"The invention belongs to the technical field of dynamic sensing and control of water leakage risk of shield tunnels, and discloses a method and a system for predicting spatial dependence of water leakage risk of tunnels, wherein a risk index system influencing the water leakage of a shield tunnel is constructed by analyzing a risk causing mechanism of water leakage; model design: the method comprises the steps of PCBN model Bayesian network structure design, risk index optimal edge distribution identification and fitting; and (3) model verification: and model application comprises water leakage risk evaluation and correlation analysis of risk indexes. The method combines the dynamic reasoning and diagnosis of the Bayesian network model and the Copula theory for the interdependence processing advantages among indexes, establishes the Pair-Copula Bayesian model for shield tunnel water leakage risk assessment, and realizes fitting of the occurrence and development mechanism of water leakage diseases in the actual shield tunnel operation period to the maximum extent, thereby obtaining more accurate risk evaluation results as a risk management real-time decision support tool.",,,G06Q10/04;G06Q10/0635;G06Q50/08;G06Q10/06393,G06Q50/08;G06Q10/04;G06Q10/06,UNIV HUAZHONG SCIENCE TECH,,False,True
KR-20240100775-A,KR-20220182754-A,KR,A,91933468,20221223,20221223,20240702,0,the building structure for cosmos art gallery,코스모스아트갤러리용 건축구조물,"The present invention relates to a building structure for a cosmos art gallery provided as a spiral pentagonal-type building structure capable of providing an infrastructure for tourism resources related to overall viewing, education, music, performances, images and cultural arts experience and performing complex functions in regard to cultural art fields such as astronomical constellation, ancient history, mathematics, sailing, philosophy, ideology and the like among the shining cultural heritage of Korea. The building structure for a cosmos art gallery includes: a work exhibition hall (104) in which an electric pipe facility space (EPS), a machine facility piping space (PS), a communication cable pipe space (TPS), and a fire-fighting alarm valve room (A/V) are arranged and formed in each floor of an art gallery main building (A), an outer side of a center core composed of a floor exhibition space and viewing routes and an inner wall surface is composed of an exhibition wall; a media facade module (102) for astronomical constellation display, in which an outer wall surface of each floor is recessed with one selected from among LED lighting and an LED panel; and a rooftop object (C) in which a media mapping system is installed on a certain spot in one selected from among the inside and outside of a sculpture in which crescent moon, sun and star shapes are vertically and sequentially built in the uppermost part of the rooftop.","본 발명은 코스모스아트갤러리용 건축구조물에 관한 것으로, 보다 상세히는  우리나라의 빛나는 문화 유산중 천문(天文)관련 별자리,고대사,수리,항해, 철학,사상 등의 문화예술분야의 총체적인 관람, 교육, 음악, 공연, 영상 및 문화예술체험관련 관광자원의 기반시설제공 및 복합적인 기능을 수행할수 있도록 하는 아트갤러리본관 건축구조물로서,센터코어형 구조에 중추기능 집중화로 작품 주제별 배치가 용이하며, 작품관람동선의 순환성과 뷰(view)가 좋으며,평면적으로 유효면적이 증대되는 효과의 평면적 역할 이외에,구조적으로도 골조의 비틀림 저항성능도 확보시키며, 아트갤러리본관 각층은 코스모스아트갤러리용 건축구조물의 모티브를 극대화시키기 위하여,아트갤러리본관의 각층 외벽면을 천문별자리가 디스플레이되는 대형 미디어파사드모듈을 구축함과 동시에; 옥탑에 조성된 초승달,해,별형상의 옥탑오브제에 탑재투영되는 미디어맵핑시스템에 의한 주야간경관 연출에 따른 천문 포토존 제공과 볼꺼리 제공 및 문화예술관련 국내외 각종 전시공간 제공과 더불어 모티브가 천문(天文)인 독창적인 관광으뜸명소로 대두되게 하는 효과를 제공하도록 하는 유용한 발명인 것이다.",,B29C65/48;B29C39/42;E04B1/34;E04H14/00,E04B1/34;B29C65/48;B29C39/42;E04H14/00,JEUN YOUNG WOO,KR,True,False
KR-20250054765-A,KR-20250045445-A,KR,A,87157183,20250408,20211223,20250423,0,Underground base facilities protection system using DAS system and drone,Ｄａｓ 시스템과 드론을 이용한 지중매설 기반 시설 보호 시스템,"A system for protecting underground buried infrastructure using a distributed acoustic sensing (DAS) system and a drone is disclosed. The system for protecting underground buried infrastructure using a DAS system and a drone comprises: an integrated control server linked with an underground buried infrastructure management system including pipelines, power and communication cables, gas pipelines, and oil pipelines, and a distributed acoustic sensing (DAS) system using an optical communication cable; and a drone. When the distributed acoustic sensing (DAS) system detects excavation work related to the underground buried infrastructure (pipelines, power and communication cables, gas pipelines, and oil pipelines), the drone is urgently dispatched to arrive at the excavation site of the construction work, transmits camera image data captured by the drone to the integrated control server, and performs a remote warning broadcast to workers using a speaker of the drone to alert them to excavation caution during the construction work, thereby preventing damage to the underground buried infrastructure in advance. The drone includes a GPS receiver, a camera, a directional speaker, and a 13.56 MHz RFID tag. Accordingly, by performing a warning broadcast for construction excavation caution using the speaker of the drone, damage to the underground buried infrastructure can be prevented in advance.","DAS 시스템과 드론을 이용한 지중매설 기반 시설 보호 시스템이 개시된다. 
DAS 시스템과 드론을 이용한 지중매설 기반 시설 보호 시스템은 배관, 전력 및 통신 케이블, 가스관, 및 송유관이 포함된 지하매설물 관리 시스템과 광통신 케이블을 이용한 분산 음향 감시(DAS) 시스템과 연동된 통합관제 서버; 및 상기 분산 음향 감시(DAS) 시스템이 지중매설 기반 시설(배관, 전력 및 통신 케이블, 가스관, 송유관)에 관련된 굴착 공사가 감지되면, 드론을 긴급 출동시켜 건설 공사 굴착 현장에 도착하여 드론의 카메라 영상 촬영 데이터를 통합관제 서버로 전송하고, 드론의 스피커를 사용한 작업자들에게 건설 공사 굴착 주의 원격 경고 방송을 하여 상기 지중매설 기반 시설의 손상을 사전에 방지되도록 하며, GPS 수신기와 카메라와 지향성 스피커 및 13.56MHz RFID 태그가 부착된 드론을 포함한다. 따라서, 드론의 스피커를 사용한 건설 공사 굴착 주의 경고 방송을 함으로써 지중매설 기반시설 손상을 사전에 방지한다.",,B64U50/35;B64U10/80;B64U2101/31;B64U20/87;G01S17/08;G06Q50/10;G06Q50/26;B64U2201/20;G06Q50/08;G01H9/004;B64D47/02;B64U80/70;B64U10/14;G06Q50/06,G06Q50/10;G01H9/00;B64U101/31;B64U50/35;B64U20/87;B64U10/80;B64D47/02;G06Q50/26,TAESEUNG,KR,True,True
CN-207591123-U,CN-201721747876-U,CN,U,62765276,20171205,20171205,20180710,20180710,A kind of modified fire disaster escaping machine,,"The utility model discloses a kind of modified fire disaster escaping machines, including the cabinet being installed in floor, escaping rope and rope micro-nano structure are equipped in cabinet, for storing escaping rope, escaping rope can be removed and hang under floor the rope micro-nano structure；Descending lifeline is further included, is declined on escaping rope for survivor along rope for pressing from both sides to invest.Fire fast-escape machine is powered for more people&#39;s fast-escapes not against power equipment for it, and survivor is escaped using escaping rope and descending lifeline, simple in structure, easy to operate, and safe and reliable and environmental protection can help survivor quickly to escape from the fire scene；During using this fire fast-escape machine, when life-saving, is short, and since the machine employs brake case automatic slow-down device, during downslide, in personal weight different range, gliding speed can autobalance, it is safe without deceleration in downslide way.",,,,A62B1/18;A62B1/14,LIANG LI,,True,False
CN-115169426-A,CN-202210163026-A,CN,A,83475924,20220222,20220222,20221011,0,Anomaly detection method and system based on similarity learning fusion model,,"The invention belongs to the technical field of intelligent power utilization, and provides an anomaly detection method and system based on a similarity learning fusion model. The method comprises the steps of obtaining electricity utilization information to be detected; carrying out power utilization anomaly detection based on the trained similarity learning fusion model; the training process of the similarity learning fusion model comprises the following steps: constructing a heterogeneous information network based on pre-acquired power data, and simultaneously learning user similarity power consumption behaviors to obtain similarity power consumption behavior groups; grouping based on the similarity power utilization behaviors, and respectively performing context learning on the power utilization behavior data of different groups to obtain power utilization expression vectors of users; capturing the interdependence relation between the similarity grouping vector and the electricity expression vectors of different groups by adopting a graph attention machine mechanism so as to obtain a comprehensive expression vector of a user; constructing a softmax prediction function by utilizing the comprehensive expression vector of the user; and training learning parameters of the similarity learning fusion model based on the loss function of the output value of the softmax prediction function.",,,G06N3/08;G06Q50/06;G06Q10/06393;Y02D10/00,G06N3/08;G06N3/04;G06Q10/06;G06Q50/06;G06K9/62,INFORMATION COMMUNICATION CO STATE GRID SHANDONG ELECTRIC POWER CO,,False,True
US-2011064212-A1,US-99284709-A,US,A1,39627760,20090421,20080515,20110317,0,Power backup system,,"An electrically powered node of a telecommunications system has a battery power backup associated with its power control unit. Under normal conditions it is maintained fully charged by means of trickle currents from the mains power feeds to each of a number of mains—connected customer equipments, by way of the “final drop” to the distribution point. These trickle currents are controlled by the respective power control units to prevent overcharging. Using an electrical copper connection provided in parallel with the fibre connection, a battery backup can also be maintained in nodes further towards the exchange. The feeds are reversible, so that if a power outage removes the power supply from the customer premises, a “lifeline” plain telephone service between the exchange and the telephone handset is maintained using the local battery backup in the remote nodes. By limiting the service to simple telephony, the battery power can be sufficient to maintain the service for a reasonable duration. The power management systems can be used to transfer charge from one battery to another over the network according to the usage, or remaining life, of each battery.",,,H04M19/08,H04M3/00,BRITISH TELECOMM,GB,True,False
CN-121457892-B,CN-202511494178-A,CN,B,98580002,20251020,20251020,20260501,20260501,Intelligent operation and maintenance operation management system based on artificial intelligence,,"The invention discloses an intelligent operation and maintenance operation management system based on artificial intelligence, which comprises a multi-source data collection module, a data optimization module, a power plant equipment maintenance prediction model building module and an operation and maintenance intelligent operation management module. The invention relates to the technical field of data processing, in particular to an intelligent operation and maintenance operation management system based on artificial intelligence, which creatively proposes that equipment is used as a network node, equipment process dependence is used as a directed edge, a network diagram structure is constructed for equipment maintenance, and a risk transmission chain among different equipment can be effectively identified, so that the operation and maintenance management of a power plant is changed from local prediction to global association modeling; by adopting a direct and indirect double-layer spatial dependency joint modeling mechanism, the direct spatial dependency models the explicit process relationship between adjacent devices through a graph attention network, the indirect spatial dependency models the implicit relationship of non-adjacent devices through a spatial attention mechanism, the prediction precision is improved, and the accuracy of an intelligent operation and maintenance operation decision is improved.",,,Y04S10/50;G06F2123/02;G06N5/045;G06N3/045;G06N3/042;G06F18/253;G06F18/2415;G06F18/213;G06Q50/06;G06Q10/20;G06Q10/04;G06Q10/06315,G06Q50/06;G06Q10/20;G06Q10/04;G06N5/045;G06N3/045;G06N3/042;G06F123/02;G06F18/25;G06F18/2415;G06F18/213;G06Q10/0631,,,False,True
CN-116228014-A,CN-202310183154-A,CN,A,86588780,20230224,20230224,20230606,0,DC power distribution network benefit evaluation system and method for infrastructure network access,,"The utility model adopts a neural network model based on deep learning to excavate time sequence cooperative difference correlation characteristic information of using cost and utility value of a plurality of infrastructures under the condition of accessing a direct current power distribution network in time dimension, so as to accurately evaluate the network access benefit of the plurality of infrastructures accessing the direct current power distribution network, thereby realizing comprehensive benefit quantification of the whole life cycle of the multi-main-participated direct current power grid resources.",,,Y04S10/50;G06Q10/0639;G06Q50/06;G06N3/084,G06N3/047;G06Q10/0639;G06Q50/06;G06N3/0464;G06F18/2415;G06N3/084,ECONOMIC AND TECH RESEARCH INSTITUTE OF STATE GRID ANHUI ELECTRIC POWER CO LTD,,False,True
CN-118862410-A,CN-202410781713-A,CN,A,93161900,20240618,20240618,20241029,0,Urban road network toughness measurement method under multi-layer traffic network dependence,,"The invention discloses a method for measuring the toughness of an urban road network under the dependence of a multilayer traffic network, which comprises the following steps: collecting space vector data of urban roads, subways and public transport networks; mapping different spatial layer data into a multi-layer network model formed by nodes and edges; gradually removing the road network connecting edge and other traffic network lines connected with the road network connecting edge; and drawing a relation curve between the road network structure index and the removal proportion under the connection support of the different traffic layer networks, and comparing the phase change threshold value and disaster-bearing capacity change of the space structure of the road network under the support of the different traffic layer networks. The invention builds the interconnection model and the toughness measurement model of the road network and other multi-layer traffic networks, can reveal complex mechanisms of the mutual support and the destructive propagation of the road network and the traffic network, can identify key threshold values and important areas of the road space structure change under the multi-layer traffic support, and provides a technical tool for accurately measuring the toughness of the urban road network.",,,G06Q50/40;G06Q10/063;G06F30/18;G06F30/20,G06Q50/40;G06Q10/063;G06F30/18;G06F30/20,UNIV TONGJI,,True,False
CN-121484864-A,CN-202511993212-A,CN,A,98610503,20251226,20251226,20260206,0,Lifeline differential planning method for improving toughness of urban power grid,,"The invention discloses a lifeline differentiation planning method for improving toughness of an urban power grid, and belongs to the technical field of power grid planning methods. A life line differentiation planning method for improving toughness of an urban power grid comprises the steps of constructing a local power grid limit survival capacity quantification index, quantifying power supply guarantee levels of loads with different importance levels in an extreme fault scene, based on an improved commodity flow model, establishing multi-path power supply topology constraint applicable to the loads with different importance levels, guaranteeing requirements of the life line loads on power supply path redundancy, establishing an urban power grid life line differentiation planning model, and realizing optimal construction of a multi-level local power grid through local power grid boundary division, resource allocation and level constraint. The lifeline differentiated planning method for improving the toughness of the urban power grid can solve the problem that the existing method can not well realize the grade load differentiated guarantee under the limited resource condition.",,,G06Q50/06;G06Q10/0631;H02J3/00,H02J103/35;H02J3/175;H02J3/17;H02J3/001;G06Q50/06;G06Q10/0631;H02J3/00,UNIV BEIJING JIAOTONG,,False,True
CN-120598355-A,CN-202510729913-A,CN,A,96885318,20250603,20250603,20250905,0,Multi-time space supply and demand risk identification method for electric power system based on scene simulation,,"The invention relates to a scene simulation-based multi-time space supply and demand risk identification method for an electric power system, which comprises a data acquisition preprocessing unit, a risk identification module, a scene simulation module, a dynamic mapping module, an acquisition and prediction model, a time-varying relation network and a machine learning model, wherein the data acquisition preprocessing unit is used for generating a database with space-time labels to construct an electric power network model, the risk identification module and the scene simulation module are used for displaying risk and adequacy data of each region and each time period in a thermodynamic diagram and distribution diagram form to form an electric power network fluctuation area, different variables in the electric power network system are acquired to generate dynamic nodes, interdependence relations among the variables form edges among the nodes, the time-varying relation network of each time period is constructed, the time-varying relation network is combined with the machine learning model to construct a prediction model reflecting nonlinear dynamic change of the electric power network, the prediction model of the nonlinear dynamic change is constructed to adjust the electric power network model, and the evaluation precision of the space-time distribution of the electric power network is guaranteed, and the method has the advantages of establishing the time-varying relation network, improving the prediction precision and response speed and precisely capturing risk factors.",,,G06N3/09;G06N3/042;G06Q50/06;G06Q10/06375;G06Q10/0635;Y04S10/50,G06Q50/06;G06Q10/0637;G06N3/09;G06N3/042;G06Q10/0635,ECONOMIC TECHNOLOGY RES INST STATE GRID HENAN ELECTRIC POWER CO,,False,True
US-2016164687-A1,US-201414907183-A,US,A1,49029040,20140605,20130723,20160609,0,Reverse powering system for telecommunications node,,"To initiate the transmission of electrical power over a telecommunications connection from a power-collecting telecommunications interface unit o such as a customer premises equipment, connectable to a power supply, to a power-receiving unit such as a curbside electrical/optical interface, when a connection is first established, or the collecting unit is first powered up, or in order to re-establish connection alter a power outage, control signals are transmitted between low-power modems in the interlace units using a low-power communications protocol. This allows the controlled initiation of a larger power output and a higher speed exchange of data once the full telecommunications connection has been established. A low-powered beacon signal is transmitted over the telecommunications connection by the power-collecting telecommunications interface unit on connection to a power supply, for detection by the power-receiving telecommunications interface unit. In the event of a loss of power at the input, the low power modem initiates power management control signals to cause the power-receiving telecommunications interface to shut down certain functions in order to preserve backup power for essential “lifeline” services.",,,H04L12/10;Y02D30/70;H04M19/08,H04L12/10,BRITISH TELECOMM,GB,True,False
CN-207760725-U,CN-201820080615-U,CN,U,63180674,20180116,20180116,20180824,20180824,A kind of vertical lifeline at shock insulation seam,,"A kind of vertical lifeline at shock insulation seam disclosed by the utility model, including left column steel pipe and right column steel pipe, left built-in fitting and right built-in fitting, upper left location tray and lower-left location tray, upper right location tray and bottom right location tray, upper left rotating casing and lower-left rotating casing, upper right rotating casing and bottom right rotating casing, left frame vertical steel pipe and left frame vertical steel pipe, upper horizontal rails steel pipe and lower horizontal rails steel pipe, intermediate vertical steel pipe.When an earthquake occurs, upper left rotating casing and lower-left rotating casing can be rotated relative to left column steel pipe, upper right rotating casing and bottom right rotating casing can be rotated relative to right column steel pipe, upper horizontal rails steel pipe, lower horizontal rails steel pipe can Free water smoothly move, to realize in seismic process, any direction movement can planar occur with both sides beam slab for the lifeline at shock insulation seam, and lifeline is in protection state always.",,,,E01D19/10;E04F11/18,UNIV GUANGZHOU,,True,False
US-2017011320-A1,US-201615208373-A,US,A1,42634244,20160712,20090220,20170112,0,Dynamic contingency avoidance and mitigation system,,"The disclosed subject matter provides systems and methods for allocating resources within an infrastructure, such as an electrical grid, in response to changes to inputs and output demands on the infrastructure, such as energy sources and sinks. A disclosed system includes one or more processors, each having respective communication interfaces to receive data from the infrastructure, the data comprising infrastructure network data, one or more software applications, operatively coupled to and at least partially controlling the one or more processors, to process and characterize the infrastructure network data; and a display, coupled to said one or more processors, for visually presenting a depiction of at least a portion of the infrastructure including any changes in condition thereof, and one or more controllers in communication with the one or more processors, to manage processing of the resource, wherein the resource is obtained and/or distributed based on the characterization of said real time infrastructure data.",,,H02J2103/30;G06Q50/06;G06Q10/06315;G06F30/20;G06Q10/06375;G06Q10/04;G05B15/02;G05B13/0265;G05B23/0283;G06F2113/04;G06F30/27;G06F2111/08;G06F2111/06;G06F17/5009,G06F17/50;G06Q10/04;G06Q10/06;G06Q50/06,CALM ENERGY INC;UNIV COLUMBIA,US,False,True
CN-120387724-A,CN-202510439453-A,CN,A,96484884,20250409,20250409,20250729,0,Vulnerability assessment method based on mixed transmission allocation factors,,"The invention discloses a vulnerability assessment method based on mixed transmission allocation factors, which belongs to the technical field of interdependent network vulnerability assessment and comprises the steps of constructing a coupling system model comprising an electric power network layer, a hydrogen energy network layer and a logistics network layer, respectively calculating the transmission allocation factors of the electric power network layer, the hydrogen energy network layer and the logistics network layer, establishing an interlayer sensitivity coupling relation through a coupling weight matrix, forming a global mixed transmission allocation factor (MTDF) matrix by adopting a layered sensitivity calculation and cross-layer coupling mapping technology, realizing cross-layer influence quantification of new energy output fluctuation, automatically identifying key fragile nodes and establishing a cascading fault propagation model, and solving the technical problem of assessing the coupling vulnerability of a three-layer network of a green harbor electric power-hydrogen energy-logistics by calculating L2 norm to propose a vulnerability assessment index before and after a fault.",,,G06F2111/08;G06F2111/04;G06F18/23213;G06F30/27;G06F30/18;G06Q50/06;G06Q10/06393,G06Q50/06;G06F111/08;G06F111/04;G06F30/27;G06F30/18;G06F18/23213;G06Q10/0639,UNIV NANJING NORMAL,,False,True
CN-120454029-A,CN-202510531116-A,CN,A,96618038,20250425,20250425,20250808,0,Cascade fault analysis method based on digital twin and physical power and related components,,"The invention discloses a cascading failure analysis method and related components based on digital twin and physical power, wherein the method comprises the steps of establishing a double-layer coupling network model through a digital twin virtual network and a physical power network; setting a cascading failure propagation process through the load information of the digital twin virtual network and the physical power network and a preset load redistribution strategy, so as to construct a multi-layer network cascading failure model, updating the multi-layer network cascading failure model according to the communication delay between the digital twin virtual network and the physical power network to obtain a target cascading failure model, and carrying out cascading failure analysis on a specified power system by utilizing the target cascading failure model. The invention is based on the coupling symbiosis between the digital twin virtual network and the physical power network, and combines communication delay to construct the target cascading failure model, and the analysis accuracy and reliability of the cascading failure of the power system can be effectively improved through the target cascading failure model.",,,,G06Q50/06;G06N20/00;G06F18/24;G01R31/00;H02J3/00,HANGZHOU ZHONGHENG ELECTRIC CO LTD,,False,True
CN-203603041-U,CN-201320758702-U,CN,U,50715723,20131126,20131126,20140521,20140521,Transverse elastic limiting and longitudinal hydraulic fusing damping combined support system,,"The utility model discloses a transverse elastic limiting and longitudinal hydraulic fusing damping combined support system. The longitudinal restraint of a hydraulic fusing damping support and the transverse restraint of a limiting height adjusting rubber support are adopted. The hydraulic fusing damping support is located between the top of a first main pier and the bottom of a main beam, wherein the first main pier and the main beam are located on the same side of a midspan. The limiting height adjusting rubber support is located between the inner side of an arch springing and the outer side of the main beam. A second main pier opposite to the first main pier is provided with a two-way movable spherical steel support. The longitudinal restraint is in the locking state under normal circumstances, it is ensured that the longitudinal restraint is achieved under the effect of braking force and track force in the using period, unlocking is achieved in an earthquake, the damping effect is achieved, and locking is recovered after the earthquake. Transverse restraint ensures that transverse limiting is achieved in the using period, the support is not disengaged, and transverse earthquake force can be reduced. Under the effect of the earthquake and the rare occurrence earthquake, both the pier body and the foundation work within the elastic range, the earthquake intensity which a bridge can resist is greatly improved, connecting of traffic lifelines at key transportation nodes is kept, and the important effect on earthquake relief is achieved.",,,,E01D19/04,CN RAILWAY SIYUAN SURVEY & DES,,True,False
CN-204452894-U,CN-201520093630-U,CN,U,53659817,20150210,20150210,20150708,20150708,A kind of Lifesaving Heaving Device,,"The utility model discloses a kind of Lifesaving Heaving Device, comprise handle, described handle is provided with trigger component, the upper rear end of handle is provided with gun stock assembly, and the front end, top of handle is provided with cylinder, is provided with emitting module in described cylinder, there is transmitting sleeve pipe the front end of described cylinder, described transmitting sleeve pipe be provided with body, the rear end of described cylinder is provided with the emission control valve coordinating emitting module, described emission control valve connect by felting needle mechanism the gas cylinder being arranged on rear end.The utility model Lifesaving Heaving Device is used for jettisoning at a distance lifeline, buoy quoit, remote water survival can be realized, also be suitable for the shooting rope operation that civilian, police, military, fire-fighting, ship-to-ship, ship to shore, high building or mountain stream etc. rescue occasion simultaneously, and it is of the present utility model lightweight, be easy to carry, novel in structural design is compact, and range is large.",,,,F41B11/642;A62B5/00;F41B11/80;B63C9/26,JIUJIANG FIRE FIGHTING EQUIPMENT CO LTD,,True,False
JP-2010108306-A,JP-2008280430-A,JP,A,42297684,20081030,20081030,20100513,0,Risk management support system for electric power infrastructure,,"&lt;P&gt;PROBLEM TO BE SOLVED: To provide a risk management support system for electric power infrastructure to determine social risk generated by the power supply construction based on power supply construction information performed on a lifeline forming an electric power infrastructure.  &lt;P&gt;SOLUTION: The risk management support system (100) for electric power infrastructure includes a storage section (150) for storing an power supply construction risk master table (152) for matching power supply construction with the risk at a point where the power supply construction is performed and power supply construction risk link information (154) for matching the power supply construction with the risk at at least one remote place separated from the point caused by the power supply construction, an information acquiring section (112) for acquiring the power supply construction information, and a risk calculating section (114) for calculating social risk generated by an objective construction included in the power supply construction information referring to the table and link information based on the acquired power supply construction information.  &lt;P&gt;COPYRIGHT: (C)2010,JPO&amp;INPIT",,,,G06Q50/06;G06Q50/00,SYSTEM KENKYUSHO KK COMP,,False,True
KR-20200068357-A,KR-20180155240-A,KR,A,71081910,20181205,20181205,20200615,0,"System for evaluating environmental load of steel box girder bridge (stb), and method for the same",강박스교의 환경부하량 평가 시스템 및 그 방법,"The present invention provides a system for evaluating an environmental load of a steel box girder bridge, and a method thereof, which among various infrastructures such as water and sewerage, railroad, dam, port, airport, and the like, the most frequently applied steel box is selected for roads to evaluate an environmental load in each of the planning, design, and maintenance stages of single and complex facilities, and establishes a standard quantity-based environmental load evaluation model which can evaluate the environmental load with only basic design information to evaluate the environmental load at the design stage of the steel box bridge, so that reliability compared to the existing environmental load evaluation model can be improved, and constructs a maintenance environmental load evaluation model to evaluate the environmental load at the maintenance stage of the steel box bridge, so that reliability compared to the existing environmental load assessment model is provided.","상하수도, 철도, 댐, 항만, 공항 등 다양한 사회기반시설물 중에서 도로를 대상으로 가장 적용빈도가 높은 강박스를 선정하여 단일 시설물과 복합 시설물의 기획단계, 설계단계 및 유지관리단계 각각의 환경부하량 평가를 실시할 수 있고, 또한, 기본적인 설계정보만으로 환경부하량을 평가할 수 있는 표준물량-기반 환경부하량 평가모델을 구축하여 강박스교의 설계단계 환경부하량을 평가함으로써 기존의 환경부하량 평가모델에 비해 신뢰성을 향상시킬 수 있으며, 또한, 유지관리 환경부하 평가모델을 구축하여 강박스교의 유지관리단계 환경부하량을 평가함으로써 기존의 환경부하량 평가모델에 비해 신뢰성을 향상시킬 수 있는, 강박스교의 환경부하량 평가 시스템 및 그 방법이 제공된다.",,G06Q10/0635;G06Q10/06393;G06Q50/08;G06Q10/06313;G06Q50/26,G06Q10/06;G06Q50/26;G06Q50/08,KOREA MARITIME UNIV IND ACAD,KR,False,True
US-2026019443-A1,US-202519335400-A,US,A1,91950189,20250922,20230524,20260115,0,System and Method for Analyzing Cyber Security Postures and Real-Time Asset Validation for Critical Infrastructure,,"A system and method for analyzing cybersecurity posture for an OT infrastructure includes categorizing a plurality of devices of one or more plants into levels, based on an exposure of each device to a communication network, identifying CVEs of components of the plurality of devices; assigning a severity value to the one or more CVEs of components and determining a plant cybersecurity posture score for the one or more plants; computing a critical infrastructure cybersecurity posture score for the OT infrastructure; and applying remediation to one or more vulnerable components based on a prioritization sequence.",,,G06N20/00;H04L63/1433;G06Q10/0635;G06F21/577,G06N20/00;H04L9/40,ABB SCHWEIZ AG,CH,False,True
WO-2024241287-A2,IB-2024055073-W,WO,A2,91950189,20240524,20230524,20241128,0,System and method for analyzing cyber security postures and real-time asset validation for critical infrastructure,,"In an aspect, system and method for analyzing cybersecurity posture for an OT infrastructure is disclosed. The method comprises categorizing a plurality of devices of one or more plants of the OT infrastructure into a plurality of levels, based on an exposure of each device to a communication network, identifying CVEs of components of the plurality of devices, at each level. The method comprises assigning a severity value to the one or more CVEs of components and determining a plant cybersecurity posture score (PCPS) for the one or more plants. The method comprises computing a critical infrastructure cybersecurity posture score for the OT infrastructure. The method comprises applying remediation to one or more vulnerable components based on a prioritization sequence. In another aspect, system and method for real- time asset validation of connected devices in the OT infrastructure is performed based on the device critical parameters, cybersecurity parameters, and functional safety parameters.",,,G06Q10/0635;H04L63/1433;G06F21/577;G06N20/00,H04L9/40;G06Q10/0635;G06F21/57,ABB SCHWEIZ AG,CH,False,True
CN-117634695-A,CN-202311663108-A,CN,A,90026766,20231206,20231206,20240301,0,Photovoltaic module profit prediction model system and method based on big data model,,"The invention discloses a photovoltaic module profit prediction model system and a photovoltaic module profit prediction method based on a big data model. The modules cooperate with each other to realize data collection, integration, modeling and analysis. The invention has the characteristic of real-time updating, can adapt to the dynamic change of the photovoltaic market, and provides more reliable support for the decision of the photovoltaic industry. The method comprises the steps of data acquisition and cleaning, multi-source data fusion and feature extraction, construction and training of a prediction model, real-time data access and model updating, prediction result display and decision support and the like. The steps are related and interdependent, accurate prediction and intelligent decision support of the benefits of the photovoltaic module are realized through refined operation and efficient algorithm support, and powerful support is provided for sustainable development of the photovoltaic industry.",,,G06Q50/06;G06N20/00;G06F16/2465;G06F16/2462;G06F16/2474;G06F16/215;G06Q10/067;G06Q10/04,G06Q10/04;G06F16/215;G06F16/2458;G06N20/00;G06Q10/067;G06Q50/06,THE FIRST CONSTRUCTION INSTALLATION CO LTD OF CHINA CONSTRUCTION THIRD ENG BUREAU,,False,True
CN-120952507-A,CN-202510914435-A,CN,A,97610246,20250703,20250703,20251114,0,Supply chain risk dynamic early warning method and system based on time sequence data association analysis,,"The invention discloses a supply chain risk dynamic early warning method and system based on time sequence data association analysis, wherein the system comprises a perception layer, an analysis layer and an application layer; the sensing layer comprises sensors applied to various links of a supply chain, the analysis layer comprises a time sequence data processing module, a dynamic dependency modeling module and a real-time risk calculation module, the application layer comprises an intelligent early warning module, and when the comprehensive risk score obtained by the real-time risk calculation module reaches a corresponding early warning threshold value, the intelligent early warning module is triggered and timely sends early warning information out through integrating different communication interfaces. The invention forms an intelligent and closed-loop industrial monitoring and diagnosis system through various front edge technologies, realizes transition from passive response to active prediction, accurate positioning, quick treatment and root cause treatment, and provides a powerful technical support for ensuring the safe, stable and efficient operation of complex systems.",,,Y02P90/30;G08B21/182;G08B31/00;G06N5/025;G06F18/27;G06F18/22;G06F18/10;G06F18/213;G06Q10/0635,G08B31/00;G08B21/18;G06N5/025;G06F18/27;G06F18/22;G06F18/213;G06F18/10;G06Q10/0635,CHENGDU JIUZHOU ELECTRONIC INF SYSTEM CO LTD,,False,True
CN-121390885-B,CN-202511520017-A,CN,B,98477434,20251023,20251023,20260428,20260428,Urban lifeline pipeline risk identification method based on GIS,,"The invention discloses a GIS-based urban lifeline pipeline risk identification method which comprises the steps of S1, collecting underground water initial data, metal mineral initial data, pipeline data, engineering longitude and latitude coordinates and population distribution map data, preprocessing, S2, extracting underground environment characteristics through a convolution layer, updating a preprocessed pipeline map model to obtain an updated pipeline map model, constructing an improved double-gate map neural network, extracting fusion characteristics of all pipelines, S3, extracting construction influence characteristics of the pipelines and population risk characteristics of the pipelines, combining the fusion characteristics of all the pipelines, extracting comprehensive risk characteristics, converting the comprehensive risk characteristics into risk grades, and S4, calculating the pipeline risk map model and identifying and displaying in a GIS platform. The method can solve the problems that the traditional method has low inspection efficiency, is difficult to combine multi-source heterogeneous data, and further cannot realize accurate risk identification of urban lifeline pipelines.",,,,G06Q50/26;G06N3/0464;G06N3/045;G06N3/0442;G06N3/042;G06F18/25;G06F18/22;G06F18/213;G06F18/15;G06F16/29;G06Q10/0635,,,False,True
CN-117974111-A,CN-202410216573-A,CN,A,90849628,20240227,20240227,20240503,0,Method for constructing reliability evaluation and maintenance optimization model of offshore wind farm in Internet of things background,,"The invention relates to a method for constructing a reliability evaluation and maintenance optimization model of an offshore wind power plant in the background of the Internet of things, which can effectively solve the problem that the whole power grid is affected once the transmission process of the power grid is interrupted in the prior art; according to the characteristics of a layered architecture of the Internet of things and an offshore wind farm, a multi-layer network model of the offshore wind farm is built, a shape parameter change model, a fan and component reliability model thereof are built according to temperature data and wind speed data, and a perception layer node reliability evaluation model is built; according to the wind turbine fault sequence and distance, the offshore wind farm radius maintenance optimization model is established, the reliability of the sensing layer nodes and the communication path is evaluated, the fan fault time is predicted, and further the maintenance scheme is optimized, so that the operation and maintenance management of the offshore wind power network is intelligently maintained, and the method is an innovation on the offshore wind farm reliability evaluation and maintenance optimization model.",,,G16Y40/40;G16Y40/10;G16Y20/20;G16Y10/35;G06Q50/06;G06Q10/20;Y04S10/50,G06Q10/20;G06Q50/06;G16Y10/35;G16Y20/20;G16Y40/10;G16Y40/40,UNIV ZHENGZHOU,,False,True
JP-2020148079-A,JP-2019071653-A,JP,A,72431846,20190314,20190314,20200917,0,Flush toilet facility for evacuation destinations,,"To provide a flush toilet facility for emergency use in the event of an unforeseen emergency, such as flooding of houses due to overflowing rivers or landslides caused by torrential rains that cut off lifelines, including electricity, water and sewage, and require several days for recovery.SOLUTION: A flush toilet facility that can be used as a flush toilet in normal times and as a disaster toilet that can be used even when water and sewage and electricity are not available in an emergency comprises a toilet bowl 3, a water storage tank 2 located above the toilet bowl, and a sewage storage tank 1 located below the toilet bowl. The sewage storage tank is a vertical tank, and its internal side surface is formed in a tapered shape (also called a cone shape) from a suitable height toward a bottom surface, and a discharge port 8 is provided at a tip portion thereof. The discharge port is held in the open state of a funnel plug 6 suspended from an upper part of the sewage storage tank in normal times, and in the closed state by the funnel plug in an emergency.SELECTED DRAWING: Figure 1",,,,E03D11/11;E03D11/10,UCHIDA KK,,True,False
US-9300815-B2,US-99284709-A,US,B2,39627760,20090421,20080515,20160329,20160329,Power backup system,,"An electrically powered node of a telecommunications system has a battery power backup associated with its power control unit. Under normal conditions it is maintained fully charged by means of trickle currents from the mains power feeds to each of a number of mains—connected customer equipments, by way of the “final drop” to the distribution point. These trickle currents are controlled by the respective power control units, to prevent overcharging. Using an electrical copper connection provided in parallel with the fibre connection, a battery backup can also be maintained in nodes further towards the exchange. The feeds are reversible, so that if a power outage removes the power supply from the customer premises, a “lifeline” plain telephone service between the exchange and the telephone handset is maintained using the local battery backup in the remote nodes. By limiting the service to simple telephony, the battery power can be sufficient to maintain the service for a reasonable duration. The power management systems can be used to transfer charge from one battery to another over the network according to the usage, or remaining life, of each battery.",,,H04M19/08,H04M19/08;H04M3/00,COOPER IAN ROBERT;HUMPHREY LESLIE DEREK;BRITISH TELECOMM,GB,True,False
CN-204017184-U,CN-201420424487-U,CN,U,52057099,20140730,20140730,20141217,20141217,A kind of multi-functional Quick rescue device,,"The utility model discloses a kind of multi-functional Quick rescue device, comprise top hook, descending lifeline, safety belt, sit band, GPS positioning lamp combining structure, backrest, gas defence fire prevention head-shield, described multi-functional Quick rescue device is configured with top hook, descending lifeline, gas defence fire prevention head-shield and bottom carrier combination structure, be connected with seat band bottom backrest in the carrier combination structure of described bottom, backrest top is fallen rope be connected with descending lifeline by slow, the slow rope that falls is provided with gas defence fire prevention head-shield, in described multi-functional Quick rescue device, the material of each parts all has good fire resistance, tension and wear resistance, described GPS positioning lamp facilitates user to determine position, be beneficial to rescue personnel to search and rescue, described descending lifeline controls decrease speed automatically, between velocity interval 0.5-1.5m/s, adaptive performance is had to weight, the duplicate protection of both shoulders protecting band and safety belt is had in user&#39;s use procedure, gas defence fire prevention head-shield can in time by toxic smoke and user isolation, reach lifesaving object.",,,,A62B1/18;A62B1/14;A62B18/00,JIUJIANG FIRE FIGHTING EQUIPMENT CO LTD,,True,False
US-2026055855-A1,US-202519373971-A,US,A1,97546288,20251030,20250924,20260226,0,Systems and methods for emergency prevention and control for urban lifeline gas pipelines during flooding based on a large model,,"A system for emergency prevention and control for urban lifeline gas pipelines during flooding based on a large model is provided. The system includes an emergency supervision-management platform configured to: construct a gas pipeline network map based on pipeline pressures and gas flow rates of a plurality of pipeline nodes; determine a plurality of suspected leakage points and a plurality of leakage confidence levels of the plurality of suspected leakage points; perform an evaluating process on each suspected leakage point; determine, based on a plurality of corrosion risks and a plurality of deformation risks of the plurality of suspected leakage points, a comprehensive risk of a target pipeline node using a prediction model; and in response to the comprehensive risk meeting a drainage condition, automatically send a control signal to a drainage robot to drive the drainage robot to carry out drainage.",,,F17D5/02;F17D5/005;Y02A10/40;G06F18/2433;G06N5/04;G06Q10/0635;G06Q10/103;G06Q50/06;F17D3/01;F17D1/02,F17D5/02;F17D5/00,CHENGDU QINCHUAN IOT TECH CO LTD,CN,False,True
CN-120087749-A,CN-202510007714-A,CN,A,95849538,20250103,20250103,20250603,0,Power grid project risk assessment system and method integrating Pareto and Borda rules,,"The invention provides a power grid project risk assessment system and method integrating Pareto and Borda rules, and belongs to the technical field of project risk assessment. The system comprises a multi-dimensional risk interaction relation identification module, a risk interaction weight generation module, a risk ranking and Pareto processing module and a multiparty dynamic game decision module, wherein the multi-dimensional risk interaction relation identification module is used for analyzing the interdependence relation among all risk factors of a target power grid project and constructing a multi-dimensional risk relation network map, the risk interaction weight generation module is used for determining interaction weights among all the risk factors, the risk ranking and Pareto processing module is used for ranking all the risk factors based on a Pareto analysis method to obtain a preliminary risk priority ranking list and key risk factors, and the multiparty dynamic game decision module is used for performing game decision on ranking schemes of a plurality of project participants based on a Borda rule and combining the preliminary risk priority ranking list to obtain a final risk priority ranking list. The risk ranking method and the risk ranking device can improve the rationality of risk ranking, and based on the ranking result, the effect of risk assessment on the items can be improved.",,,G06N5/042;G06Q50/06;G06Q10/04;G06Q10/103;G06Q10/0635;Y04S10/50,G06Q50/06;G06Q10/10;G06Q10/04;G06N5/04;G06Q10/0635,STATE GRID HEBEI ELECTRIC POWER CO LTD ECONOMIC AND TECHNICAL RES INSTITUTE;STATE GRID CORP CHINA,,False,True
CN-207959757-U,CN-201820079287-U,CN,U,63733769,20180116,20180116,20181012,20181012,A kind of horizontal rails device at shock insulation seam,,"A kind of horizontal rails device at shock insulation seam disclosed by the utility model, including left column steel pipe and right column steel pipe, left built-in fitting and right built-in fitting, left rotary shaft loose-leaf and right spindle loose-leaf, left vertical steel pipe and right vertical steel pipe, several left horizontal steel tubes and several right horizontal steel tubes identical with left horizontal steel tube quantity.When an earthquake occurs, pass through the left rotary shaft loose-leaf and right spindle loose-leaf respectively with left column steel pipe and right column fastener for connection, left horizontal steel tube and right horizontal steel tube be in always same straight line can Free water smoothly move, to realize in seismic process, any direction movement can planar occur with both sides beam slab for the lifeline at shock insulation seam, and lifeline is in protection state always.",,,,E04F11/18;E01D19/10,UNIV GUANGZHOU,,True,False
CN-117691605-A,CN-202311648965-A,CN,A,90129437,20231204,20231204,20240312,0,Modeling coupling method for electric power information physical system based on interdependence network,,"The invention relates to a modeling coupling method of an electric power information physical system based on an interdependence network, which comprises the following steps: establishing a power grid model according to a complex network theory, and calculating to obtain a power grid adjacency matrix; establishing an information network model according to a complex network theory, and calculating to obtain an information network adjacency matrix; establishing an information physical dependent model based on an inherent self-similar coupling theory, and constructing a topological structure of the electric power information physical system based on an electric power network and an information network adjacency matrix; and establishing a power grid and information network weight model based on the topological structure of the power information physical system and the power flow distribution characteristic of the power system, and obtaining corresponding line weights for reflecting the occupation condition of each line. According to the invention, on the basis of considering the power flow distribution characteristics of the power system, the analysis index is put forward to build the weight model, so that the model has more power characteristics, the model with higher coupling degree between the power network and the information network is obtained, and the energy is more reasonably scheduled.",,,H02J2103/30;H02J2103/35;G06F2113/04;H02J3/38;H02J3/06;G06Q50/06;G06F30/20;G06F30/18,H02J3/06;G06F30/18;G06F30/20;G06F113/04;G06Q50/06;H02J3/38,STATE GRID ECONOMIC AND TECH RESEARCH INSTITUTE CO LTD;UNIV CHINA THREE GORGES CTGU;STATE GRID JIANGSU ECONOMIC RES INST,,False,True
JP-2008287444-A,JP-2007131011-A,JP,A,40147107,20070516,20070516,20081127,0,"Repair staff calling system, method and program",,"&lt;P&gt;PROBLEM TO BE SOLVED: To make contact for quickly calling repair work staff when an accident occurs in a public service business using an infrastructure network.  &lt;P&gt;SOLUTION: A repair staff calling system includes an accident information acquisition section 21 for acquiring accident information including the content and the location of the accident; a power distribution network information storage section 41; a required staff decision section 27 for deciding the number of staffs necessary for the repairing the accident concerned; a staff information storage section 42 for storing staff information; a meeting spot determination section 29 for determining a staff meeting spot; a staff location information reception section 28 for receiving present staff location information from a communication means carried by each staff; a distance decision section 30 for deciding the distance between each staff and the meeting spot; and a call staff determination section for determining staffs satisfying the number of staffs decided by the required staff decision section, as staffs to be called from among staffs who is decided by the distance decision section 30 to be located within a predetermined distance.  &lt;P&gt;COPYRIGHT: (C)2009,JPO&amp;INPIT",,,,G06Q10/06;G06Q50/10;G06Q50/06;G06Q50/00;G06Q10/00,CHUGOKU ELECTRIC POWER,,False,True
CN-114338426-A,CN-202111675111-A,CN,A,81020785,20211231,20211231,20220412,0,Multi-state association infrastructure network elasticity optimization method,,"The invention discloses a network elasticity optimization method for a multi-state association infrastructure, which comprises the following steps: step 1, collecting the structure and operation information of a related infrastructure network; step 2, establishing an operation strategy optimization model of the associated network; step 3, establishing a two-stage stochastic programming model; step 4, processing the two-stage random programming model into a mixed integer linear programming model; step 5, generating a large number of disaster scenes by using a Monte Carlo simulation method and reducing the number of the generated scenes by using a scene reduction technology; step 6, solving the two-stage random programming model after the linearization treatment by adopting an L-shaped method; and 7, solving the optimal protection strategy of the first-stage associated network and displaying the optimal protection strategy in an image mode. The invention can help a decision maker to seek the optimal protection strategy of the transport node and the link of the associated infrastructure network, improve the overall elasticity and the capacity of meeting the requirement of the associated network to the maximum extent, and reduce the influence of various disaster events.",,,,H04L41/14,UNIV ELECTRONIC SCI & TECH CHINA,,True,False
KR-101567774-B1,KR-20140167620-A,KR,B1,54605822,20141127,20141127,20151111,20151111,Waterworks asset management system,상수도 자산관리 시스템,"Provided is a waterworks asset management system, which can determine remaining service life of an asset using a failure mode, and can perform waterworks asset management more accurately by evaluating degree of danger of the asset on the basis of performance using business risk exposure (BRE), and also, can be linked with a geographic information system (GIS) easily by providing a waterworks asset management framework and a platform thereof corresponding to a domestic electronic government standard framework, and can be used in asset evaluation easily by being commercialized according to the real state of a local government, and also, can comply with an international standard by composing the waterworks asset management frame work on the basis of a framework of an international asset management standard (ISO55000) and an international infrastructure asset management manual (IIMM).","파괴모드(Failure Mode)를 이용하여 자산의 잔존수명(Remaining Service Life)을 결정하고, 비즈니스 위험도(BRE)를 이용하여 성능-기반의 자산 위험도를 평가함으로써 상수도 자산관리를 보다 정확하게 수행할 수 있고, 또한, 국내 전자정부 표준 프레임워크에 대응하는 상수도 자산관리 프레임워크 및 플랫폼을 제공함으로써 지리정보시스템(GIS)과 용이하게 연동시킬 수 있고, 지방자치단체의 실정에 맞게 실용화함으로써 자산평가 시에 용이하게 활용할 수 있으며, 또한, 국제자산관리표준(ISO55000) 및 국제 기반시설 자산관리 매뉴얼(IIMM)의 프레임워크에 근거하여 상수도 자산관리 프레임워크를 구성함으로써 국제표준에 적합하게 적용할 수 있는, 상수도 자산관리 시스템이 제공된다.",,G06Q50/06,G06Q50/06,S·H TECH & POLICY INST,KR,False,True
CN-112381267-A,CN-202011173809-A,CN,A,74576856,20201028,20201028,20210219,0,Water supply-energy supply coupling planning method for industrial park,,"The invention provides a water supply-energy supply coupling planning method for an industrial park, which comprises the following steps: step 1: firstly, respectively establishing a power distribution network model, a heat supply network model and a water distribution network model; step 2: based on the established model, a coupling planning model of the interdependent and acting water-energy contact network is established, and a specific planning model with a mutual coupling relation is established by combining with a coupling element; and step 3: and constructing a mixed integer nonlinear programming model taking the total investment operation cost as an objective function by combining a water-energy network, carrying out optimization solution on the model through an IPOPT solver, providing an optimal energy supply scheme, and exploring how to reasonably configure energy storage and water storage equipment to optimize the investment operation cost. The invention provides a new direction for the combined planning under the coupling action of energy and resources, and the coupled operation planning model of the energy and the resources has good social significance for building an intelligent integrated social comprehensive energy and resource network in the future.",,,Y02P80/10;G06Q50/06;G06Q10/04,G06Q10/04;G06Q50/06,WUHAN POWER SUPPLY DESIGN INST CO LTD;STATE GRID HUBEI ELECTRIC POWER CO LTD WUHAN POWER SUPPLY COMPANY;STATE GRID CORP CHINA,,False,True
CN-121683239-A,CN-202511834664-A,CN,A,99039374,20251208,20251208,20260317,0,Method and device for predicting landslide instability of reservoir area,,"The invention provides a method and a device for predicting landslide instability in a reservoir area, wherein the method comprises the steps of obtaining porosity, cohesive force and sliding mass density of target landslide sliding belt soil, establishing a normal stress and rate dependency model according to rate dependency data of residual friction coefficients of the sliding belt soil, coupling to obtain a combined model, dispersing the target landslide into cylinders, calculating dead weight stress, hydrostatic pressure, superporous water pressure, water resistance, floating force, dynamic friction resistance and cohesive force of each cylinder, listing and solving a dynamic balance equation to obtain landslide acceleration of each cylinder, calculating initial motion state of each cylinder by taking rapid downward sliding moment of the landslide as an initial time point, iteratively calculating motion state, acceleration and speed of each cylinder at all moments, obtaining friction coefficients through experimental data and combining the superporous water pressure, and accurately calculating the motion speed of the target landslide.",,,,G06F119/14;G06F119/12;G06F119/02;G06F30/28;G01N19/02;G06F30/20,UNIV CHINA THREE GORGES CTGU,,True,False
JP-2024046563-A,JP-2022164327-A,JP,A,88099133,20220922,20220922,20240403,0,Disaster/accident prevention mouse,,"To solve the problem that since power failure can occur in a big disaster that happens suddenly, security of lighting is mandatory not only for the sake of security but also for the sake of mental stability, it can be that people are not able to shout out when asking for rescue, but a battery capacity of a portable telephone for calling for rescue becomes insufficient, which does not allow lighting of the portable phone to be used for secure lighting easily.SOLUTION: As a solution, it is considered that items we are usually familiar with is best when they are available during a rare disaster. A PC is normally used for business in an office and by providing a mouse of the PC with equipment for disaster prevention, security of lighting, a large volume of buzzer, and charging a smartphone as one of lifelines become possible when power failure occurs, so that it is possible to operate portable telephones for many hours. Even when the whole town experiences power failure and there is no lighting in the town, a lighting function provided on the mouse can illuminate our steps and enable us to walk safely.SELECTED DRAWING: Figure 1",,,,G06F3/0354;G08B23/00,KYODO PRINTING CO LTD,,True,False
CN-102001086-B,CN-201010280554-A,CN,B,43808921,20100914,20100914,20120523,20120523,Multifunctional emergency kit,,"The invention relates to a multifunctional emergency kit which can be stored after folding. The multifunctional emergency kit comprises a lower bar, an adapter substitute, a spade surface, a spade surface joint, a pickaxe hook, a top joint bolt, a top joint nut, a fixing sleeve, a compaction gasket, a lower tong support, an upper bar, an upper tong support, a chisel, a rope sling, a lifeline, a lower tong piece, an upper tong piece, a handle joint, a hammerhead, an emergency lamp, an iron broom and a first aid box. By using different combinations and transformations of components as well as a locking mechanism, the multifunctional emergency kit can quickly transform structures to realize multiple functions. The multifunctional emergency kit has multiple functions, small volume and light weight, is convenient for carrying and operation, and the like, and can be widely used in emergency rescue, disaster relief and daily use for families or organizations.",,,,A62B99/00;B25F1/00,UNIV SHANGHAI SCIENCE & TECH,,True,False
JP-5283482-B2,JP-2008280433-A,JP,B2,42297686,20081030,20081030,20130904,20130904,,,"&lt;P&gt;PROBLEM TO BE SOLVED: To provide a risk management support system for gas infrastructure to determine social risk generated by the gas construction based on gas construction information performed on a lifeline forming a gas infrastructure.  &lt;P&gt;SOLUTION: The risk management support system (100) for gas infrastructure includes a storage section (150) for storing a gas construction risk master table (152) for matching gas construction with the risk at a point where the gas construction is performed and gas construction risk link information (154) for matching the gas construction with the risk at at least one remote place separated from the point caused by the gas construction, an information acquiring section (112) for acquiring the gas construction information, and a risk calculating section (114) for calculating social risk generated by an objective construction included in the gas construction information referring to the table and link information based on the acquired gas construction information.  &lt;P&gt;COPYRIGHT: (C)2010,JPO&amp;amp;INPIT",,,,G06Q50/06;G06Q50/00,,,False,True
US-8370697-B2,US-201213423160-A,US,B2,40668058,20120316,20071125,20130205,20130205,System and method for power outage and restoration notification in an advanced metering infrastructure network,,"A method and system are provided to transmit a meter power status. The method includes recognizing a power status change at a meter. The method includes, if the meter is scheduled to transmit first, transmitting a notification message to at least one neighboring meter towards a mesh gate, wherein the notification message includes a power status indicator and a meter identifier. The method includes, if the meter is not scheduled to transmit first, waiting a predetermined time period to receive a notification message from at least one neighboring meter. The method includes, responsive to receiving a notification message, adding a meter identifier to the received notification message before retransmitting the modified notification message to at least one neighboring meter. The method includes retransmitting the notification message.",,,H04W40/22;H04L45/28;H04W84/18;G01D4/004;H04L45/22;G01D2204/45;Y02D30/70;Y04S20/30;Y02B90/20,H04L1/18,TRILLIANT NETWORKS INC;VEILLETTE MICHEL,US;CA,True,False
CN-207022794-U,CN-201720862503-U,CN,U,61464458,20170714,20170714,20180223,20180223,A kind of ecological farm field system,,"The utility model discloses a kind of ecological farm field system, the ecological farm field system includes field system, irrigation system and drainage system, and the field system connects with irrigation system and drainage system respectively；The utility model is recycled by what draining water pretreatment was irrigated, can effectively be reduced irrigation and cultivation water requirement, be improved irrigation and water conservancy efficiency；Gou Tang and filling, blowoff basin collected rainwater are cultivated, delays heavy rain to conflux, mitigates flood damage, while animals and plants interdependence, reduces the use of agricultural chemicals and chemical fertilizer, being capable of pollution abatement.",,,,A01G25/16;E02B11/00;A01K63/00;A01K63/04,NANJING HYDRAULIC RES INST,,True,False
CN-113704994-B,CN-202110983871-A,CN,B,78654822,20210825,20210825,20230901,20230901,Urban traffic lifeline construction method and system in extreme stormy weather,,"The application relates to a method and a system for constructing an urban traffic life line in extreme stormy weather, wherein the method comprises the following steps: carrying out rainstorm waterlogging simulation; removing waterlogging invalid road sections, and carrying out traffic simulation on the reserved effective road network to obtain severely congested road sections; according to the traffic accident data, analyzing black spots of urban road accidents, and obtaining a high-risk road section; combining the results of storm waterlogging simulation, traffic simulation and urban road accident black spot analysis, and identifying an initial traffic life line set; judging whether the traffic life line set meets the expected requirement, if so, outputting the urban traffic life line set in extreme stormwater weather, otherwise, perfecting the water drainage waterlogging prevention facility with the aim of recovering the use function of part of the invalid road sections, and re-identifying the corrected traffic life line set until the corrected traffic life line set meets the requirement. The method and the system are beneficial to identifying and perfecting the life line of the urban traffic and improving the disaster resistance capability of the urban traffic in extreme stormwater weather.",,,Y02A10/40;G06F30/20;G06F30/18,G06F30/20;G06F30/18,,,True,False
CN-120745960-B,CN-202511239931-A,CN,B,97186053,20250902,20250902,20251114,20251114,"Active power distribution network forward push back generation tide optimization calculation method, medium and device",,"The invention discloses a forward push back generation tide optimization calculation method, medium and equipment for an active power distribution network, which relate to the technical field of power distribution network analysis, operation and control, and are characterized in that an active power distribution network is constructed based on a physical connection structure of the active power distribution network, and layered to obtain a multi-layer network; predicting iteration times based on parameters of a multi-layer network and corresponding association coefficients to obtain the lowest iteration times, calculating a PV node sensitivity impedance matrix based on all node attributes in the network, judging whether the current iteration times reach the lowest iteration times after forward-pushing back substitution is carried out on the active power distribution network, stopping iteration based on node voltage convergence or iteration times upper limit judgment if the current iteration times reach the lowest iteration times, obtaining a calculation result, and continuing iteration if the current iteration times do not reach the lowest iteration times. By means of the minimum iteration number prediction, the efficient PV node sensitivity impedance matrix construction method and the dynamic optimized relaxation factor, on the premise of guaranteeing calculation accuracy, efficiency and robustness of forward push back power flow calculation of the active power distribution network are remarkably improved.",,,G06Q50/06;G06Q10/04;H02J3/381;H02J3/06,H02J3/38;H02J3/06;G06Q50/06;G06Q10/04,,,False,True
JP-2013147795-A,JP-2012007002-A,JP,A,49045565,20120117,20120117,20130801,0,Building for evacuation,,"PROBLEM TO BE SOLVED: To securely ensure an emergency evacuation destination in the case of a tsunami or flood, to prevent a building body from being destroyed or flooded, and to secure functions of the building body after the disaster.SOLUTION: There is provided a building 1 for evacuation that includes an outer peripheral pressure wall 2 which extends over the entire peripheral circumference, is taller than a set maximum water level for tsunami or flood, and has pressure withstanding performance against water pressure and a shock of an effusion, and a building body 3 which is provided inside the outer peripheral pressure wall 2 and has lifeline functions, and is used as an evacuation base after a tsunami sweeps.",,,,E04H9/14;A62B99/00;E04H1/12,SHIMIZU CONSTRUCTION CO LTD,,True,False
JP-2010108307-A,JP-2008280432-A,JP,A,42297685,20081030,20081030,20100513,0,Risk management support system for water supply infrastructure,,"&lt;P&gt;PROBLEM TO BE SOLVED: To provide a risk management support system for water supply infrastructure to determine social risk generated by the water supply construction based on water supply construction information performed on a lifeline forming a water supply infrastructure.  &lt;P&gt;SOLUTION: The risk management support system (100) for water supply infrastructure includes a storage section (150) for storing a water supply construction risk master table (152) for matching water supply construction with the risk at a point where the water supply construction is performed and water supply construction risk link information (154) for matching the water supply construction with the risk at at least one remote place separated from the point caused by the water supply construction, an information acquiring section (112) for acquiring the water supply construction information, and a risk calculating section (114) for calculating social risk generated by an objective construction included in the water supply construction information referring to the table and link information based on the acquired water supply construction information.  &lt;P&gt;COPYRIGHT: (C)2010,JPO&amp;INPIT",,,,E03B1/00;G06Q50/26;F17D5/00;G06Q50/06;G06Q50/00,SYSTEM KENKYUSHO KK COMP,,False,True
CN-121457892-A,CN-202511494178-A,CN,A,98580002,20251020,20251020,20260203,0,Intelligent operation and maintenance operation management system based on artificial intelligence,,"The invention discloses an intelligent operation and maintenance operation management system based on artificial intelligence, which comprises a multi-source data collection module, a data optimization module, a power plant equipment maintenance prediction model building module and an operation and maintenance intelligent operation management module. The invention relates to the technical field of data processing, in particular to an intelligent operation and maintenance operation management system based on artificial intelligence, which creatively proposes that equipment is used as a network node, equipment process dependence is used as a directed edge, a network diagram structure is constructed for equipment maintenance, and a risk transmission chain among different equipment can be effectively identified, so that the operation and maintenance management of a power plant is changed from local prediction to global association modeling; by adopting a direct and indirect double-layer spatial dependency joint modeling mechanism, the direct spatial dependency models the explicit process relationship between adjacent devices through a graph attention network, the indirect spatial dependency models the implicit relationship of non-adjacent devices through a spatial attention mechanism, the prediction precision is improved, and the accuracy of an intelligent operation and maintenance operation decision is improved.",,,G06F2123/02;G06N5/045;G06N3/045;G06N3/042;G06F18/253;G06F18/2415;G06F18/213;G06Q50/06;G06Q10/20;G06Q10/04;G06Q10/06315;Y04S10/50,G06Q50/06;G06Q10/20;G06Q10/04;G06N5/045;G06N3/045;G06N3/042;G06F123/02;G06F18/25;G06F18/2415;G06F18/213;G06Q10/0631,ANHUI HUADIAN LUAN POWER PLANT CO LTD,,False,True
US-8171364-B2,US-27525408-A,US,B2,40668058,20081121,20071125,20120501,20120501,System and method for power outage and restoration notification in an advanced metering infrastructure network,,"A method and system are provided to transmit a meter power status. The method includes recognizing a power status change at a meter. The method includes, if the meter is scheduled to transmit first, transmitting a notification message to at least one neighboring meter towards a mesh gate, wherein the notification message includes a power status indicator and a meter identifier. The method includes, if the meter is not scheduled to transmit first, waiting a predetermined time period to receive a notification message from at least one neighboring meter. The method includes, responsive to receiving a notification message, adding a meter identifier to the received notification message before retransmitting the modified notification message to at least one neighboring meter. The method includes retransmitting the notification message.",,,H04W84/18;G01D4/004;H04L45/28;H04W40/22;H04L45/22;G01D2204/45;Y02B90/20;Y04S20/30;Y02D30/70,H04L1/18;G08C25/02,VEILLETTE MICHEL;TRILLIANT NETWORKS INC,CA;US,True,False
JP-2012168032-A,JP-2011029630-A,JP,A,46972340,20110215,20110215,20120906,0,Physiologically active substance measuring system,,"PROBLEM TO BE SOLVED: To provide a physiologically active substance measuring system capable of contributing to promoting a restoration of the infrastructure, when a lifeline is disconnected by a natural disaster, or the like, while maintaining health of a local resident by taking a prompt measure against an infecting bacteria including a bacterial pathogen such as virus concurrently with addressing an important challenge to secure infrastructure.SOLUTION: The present invention is a physiologically active substance measuring system which has a fuel cell as a power source to enable the same to be portable and effectively used. With the physiologically active substance measuring system, an infecting bacteria can be effectively and promptly identified in an environment where a commercial power source is not put in place or in a time of disaster.",,,Y02E60/50,G01N33/543;H01M8/02;G01N35/00;H01M8/10,TOYO BOSEKI,,True,False
EP-4720904-A2,EP-24743001-A,EP,A2,91950189,20240524,20230524,20260408,0,System and method for analyzing cyber security postures and real-time asset validation for critical infrastructure,,"In an aspect, system and method for analyzing cybersecurity posture for an OT infrastructure is disclosed. The method comprises categorizing a plurality of devices of one or more plants of the OT infrastructure into a plurality of levels, based on an exposure of each device to a communication network, identifying CVEs of components of the plurality of devices, at each level. The method comprises assigning a severity value to the one or more CVEs of components and determining a plant cybersecurity posture score (PCPS) for the one or more plants. The method comprises computing a critical infrastructure cybersecurity posture score for the OT infrastructure. The method comprises applying remediation to one or more vulnerable components based on a prioritization sequence. In another aspect, system and method for real- time asset validation of connected devices in the OT infrastructure is performed based on the device critical parameters, cybersecurity parameters, and functional safety parameters.",,,G06N20/00;H04L63/1433;G06Q10/0635;G06F21/577,H04L9/40;G06Q10/0635;G06F21/57,ABB SCHWEIZ AG,CH,False,True
JP-2017154110-A,JP-2016041777-A,JP,A,59807658,20160304,20160304,20170907,0,Circulation type toilet system and wastewater treatment method for circulation type toilet,,"PROBLEM TO BE SOLVED: To provide a circulation type toilet system that can be used even though a lifeline is cut off in the event of a disaster or the like and can manage an electric power required for operating the toilet system only by a small scale of photovoltaic power generation apparatus.SOLUTION: In a circulation type toilet system 10 comprising subjecting sewage discharged from a flush toilet bowl 100 to solid-liquid separation in a solid-liquid separation tank 200 to form a primary treatment water, then subjecting the primary treatment water to soil treatment in a soil treatment tank 600 to thereby re-utilize the treated water in the flush toilet bowl 100, the use of a screw type lifting pump 400 as a wastewater pump for water-feeding the primary treatment water from a primary storage tank 300 to the soil treatment tank 600 reduces a starting current of the wastewater pump to a low level and as a result, an electric power required for operating the toilet system can be managed only by a small scale of photovoltaic power generation apparatus 900.SELECTED DRAWING: Figure 1",,,Y02W10/37,C02F3/00;E03D11/00;C02F11/04,TAKASHIMA TOMOHARU;ECOMARUKUN CO LTD;NISHI NIPPON KENSETSU KK,,True,False
WO-2026085480-A1,US-2025051528-W,WO,A1,99480225,20251017,20241017,20260423,0,Power-aware dfos deployment a hybrid heuristic and integer linear programming strategy,,"A novel, two-stage Distributed Fiber Optic Sensor (DFOS) placement strategy and method that ensures resilient monitoring of critical infrastructure during electrical power supply failures. This strategy and method combines a heuristic algorithm, PURE (Power Source-aware Route Exploration), with Integer Linear Programming (ILP) optimization. The PURE algorithm explores potential DFOS routes while explicitly considering the dependency of DFOS devices on the electrical power distribution network, ensuring routes electrically powered by the same electrical power feeder are disjoint. Subsequently, the ILP selects the optimal set of DFOS placements to minimize the total number of deployed sensors while meeting critical infrastructure monitoring requirements, such as redundant monitoring for high-importance links. The method enhances the observability of critical links, achieving 100% monitoring coverage for important links during simulated power outages affecting an electric feeder.",,,G06F1/30;H04B10/0791,G01H9/00;G01D5/353,NEC LAB AMERICA INC,US,True,False
US-11123585-B2,US-201816236433-A,US,B2,71121586,20181229,20181229,20210921,20210921,Electrical safety emergency response systems and related methods,,"An electrical safety system and method is provided which includes a flexible electrical safety vest, a lifeline coupled with the vest in various configurations, and leg straps. The electrical safety vest includes a number of loops which are used to couple the lifeline in a variety of relationships that enable different types of maneuvering of a worker with relation to a hazard. Various embodiments of the invention can be used to rapidly and safety remove a worker from proximity to an immediate threat to their life, health, or safety. Direct and indirect extraction from a danger are enabled. A variety of methods are also provided for operating various embodiments of the invention.",,,A41D1/04;A62B35/0037;A41D2600/20;A41D13/008;A41D13/0007;A62B35/0043;A62B35/0018,A41D13/008;A41D1/04;A41D13/00;A62B35/00,US NAVY,US,True,False
KR-102354426-B1,KR-20210078860-A,KR,B1,80050146,20210617,20210617,20220121,20220121,Smart evacuation guiding system,스마트 라이프라인 피난 유도 시스템,"Disclosed is a smart lifeline evacuation guiding system. The smart lifeline evacuation guiding system according to an embodiment of the present invention comprises: a guide sign part for exposing guide sign content using an LED module and a voice output module; a sensor part for determining whether an emergency situation has occurred by sensing the surrounding situation; an IoT communication part for, if an emergency situation is detected by the sensor part, transmitting the current position information and an emergency situation occurrence signal to a control server and receiving evacuation line information from the control server; a control part for displaying the evacuation line information, which has been received from the control server, on the LED module and controlling a guide voice to be outputted through the voice output module; a power source part including a main power source part for receiving commercial power and supplying power and an auxiliary power source part for supplying emergency power; and a protection cover member for protecting an inside region from an external shock. Therefore, provided is a smart lifeline evacuation guiding system, wherein safe evacuation from a fire position is enabled.","스마트 라이프라인 피난 유도 시스템이 개시된다. 본 발명의 일실시례에 따른 스마트 라이프라인 피난 유도 시스템은 LED 모듈 및 음성 출력 모듈을 이용하여 안내 표지 내용을 노출하는 안내표지부; 주변상황 센싱하여 비상상황 발생 여부를 판단하는 센서부; 상기 센서부에서 비상상황이 감지된 경우, 현재 위치정보 및 비상상황 발생신호를 관제서버에 송신하고, 상기 관제서버로부터 대피동선정보를 수신하는 IoT 통신부; 상기 관제서버로부터 수신된 대피동선정보를 상기 LED 모듈 상에 디스플레이하고, 상기 음성 출력 모듈을 통해 안내 음성이 출력되도록 제어하는 제어부; 상용 전원을 공급받아 전원을 공급하는 주전원부와 비상 전원을 공급하는 부전원부를 포함하는 전원부; 및 외부 충격으로부터 내부 영역을 보호하는 보호커버부재;를 포함한다.",,Y02P90/50;Y02B10/70;G08B17/00;G08B7/06;G09F19/22;G09F2019/225;H02J9/06;H02J7/35;H02J7/345,G08B17/00;H02J7/35;H02J9/06;G09F19/22;G08B7/06;H02J7/34,DONG A ABLE CO LTD;HUBERT SYSTEM CO LTD;LEE JEONG MYOUNG,KR,True,False
JP-2007303203-A,JP-2006133866-A,JP,A,38837363,20060512,20060512,20071122,0,Building,,"&lt;P&gt;PROBLEM TO BE SOLVED: To provide a building capable of improving the appearance of the whole building while taking economy in daily life into account and ensuring lifeline at the time of an earthquake disaster when installing a rainwater utilizing device.  &lt;P&gt;SOLUTION: This building 10 is constructed in such a way that a parapet wall 12 is provided in an upper part of an outer peripheral wall 11, a roof 20 is provided in a part surrounded by the parapet wall 12, the parapet wall 12 and the roof 20 are mutually connected by an internal gutter part 30 for receiving rainwater, a drain pipe 31 for draining rainwater is embedded into the internal gutter part 30, and the rainwater utilizing device 40 provided with a rainwater purifying tank 41 connected with the drain pipe 31 to store and purify rainwater and a distributing water pipe 42 connected with the rainwater purifying tank 41 and arranged in a predetermined section of the building 10 is installed on an inner side of the outer peripheral wall 11 below the internal gutter part 30.  &lt;P&gt;COPYRIGHT: (C)2008,JPO&amp;INPIT",,,Y02A20/00;Y02A20/108,E03F1/00;E03B3/03,MISAWA HOMES CO,,True,False
JP-2009048453-A,JP-2007214677-A,JP,A,40500596,20070821,20070821,20090305,0,"Disaster recovery process simulation device, disaster recovery process simulation method and disaster recovery process simulation program",,"&lt;P&gt;PROBLEM TO BE SOLVED: To beforehand and serially analyze works for recovering lifelines in a disaster, such as an earthquake and a typhoon.  &lt;P&gt;SOLUTION: A local information storage part 120 stores local data 10. An electric power circulation facility information storage part 130 stores electric power circulation facility data 20. A commander simulation part 141, a patrolman simulation part 142, and a recovery person simulation part 143 refer to the local information storage part 120 and the electric power circulation facility information storage part 130, and simulate the works done by a commander, a patrolman, and a recovery person, respectively. The recovery person simulation part 143 simulates moving of the recovery person to a disaster place and command waiting from the commander.  &lt;P&gt;COPYRIGHT: (C)2009,JPO&amp;INPIT",,,,G06Q50/26;G06F19/00;G06Q50/06;G06Q50/00,CENTRAL RES INST ELECT,,True,True
CN-207863338-U,CN-201820080288-U,CN,U,63462072,20180116,20180116,20180914,20180914,A kind of vertical lifeline at shock insulation seam,,"A kind of vertical lifeline at shock insulation seam disclosed by the utility model, including left column steel pipe and right column steel pipe, left built-in fitting and right built-in fitting, left rotary shaft loose-leaf and right spindle loose-leaf, upper left open horizontal steel pipe and lower-left open horizontal steel pipe, upper right horizontal steel tube and bottom right horizontal steel tube, left frame vertical steel pipe and left frame vertical steel pipe, left vertical steel pipe and right vertical steel pipe.When an earthquake occurs, pass through the left rotary shaft loose-leaf and right spindle loose-leaf respectively with left column steel pipe and right column fastener for connection, upper left open horizontal steel pipe and upper right horizontal steel tube, lower-left open horizontal steel pipe and bottom right horizontal steel tube always be in same straight line can Free water smoothly move, to realize in seismic process, any direction movement can planar occur with both sides beam slab for the lifeline at shock insulation seam, and lifeline is in protection state always.",,,,E04B1/98;E04F11/18;E04H9/02,UNIV GUANGZHOU,,True,False
US-11414828-B2,US-201716328479-A,US,B2,61301710,20170901,20160901,20220816,20220816,Use of composite particles for protecting a lifeline structure against seismic wave damage,,"Composite particles of a hard core coated by a layer of hydratable, swellable clay such as bentonite are useful for constructing, modifying and/or supporting lifeline structure such as dams, berms and levees, and/or pipelines or conduits for oil, gas, sewage, water, or cables or wires for transmission of electrical power or data information. The method involves placing the composite particles in a location within, below, or about the lifeline structure, and hydrating them to cause them to swell and fill and seal the voids around the structure to form a resilient support having a high damping ratio and low hydraulic conductivity that is maintained after exposure to strain forces. The composite particles are advantageous in damping seismic waves and reducing the potential damage from an earthquake, explosion, tremor, fatigue loading, or similar seismic event.",,,E02D17/18;E02B3/10;E02D27/34;C04B14/12;Y02A20/00,E02D27/34;E02B3/10;E02D17/18,AQUABLOK LTD,US,True,False
CN-103590328-B,CN-201310610419-A,CN,B,50080631,20131126,20131126,20150923,20150923,"Transverse elasticity spacing, longitudinal hydraulic pressure fusing damping combined isolator system",,"The present invention discloses a kind of transverse elasticity spacing, longitudinal hydraulic pressure fusing damping combined isolator system, adopts hydraulic pressure fusing damping supporting seat longitudinal restraint, spacingly heightens neoprene bearing horizontal restrain; Hydraulic pressure fusing damping supporting seat bottom the first main pier top and girder of span centre homonymy between; Spacing heighten neoprene bearing inside arch springing and outside girder between; The second main pier relative with the first main pier is provided with bi-directional movable spherical steel support.Longitudinal restraint is in the lock state under normal circumstances, and to ensure between the operating period longitudinal restraint under brake force, rail force effect, unlock during earthquake, play the effect of damping, post earthquake recovery locks; Horizontal restrain can ensure cross spacing between the operating period and bearing does not come to nothing, and can reduce lateral seismic force again.Under earthquake and rarely occurred earthquake effect, pier shaft and basis all work in elastic range, substantially increase the earthquake intensity that bridge can be resisted, maintain the through of crucial transport node place transportation lifeline, play an important role to earthquake relief work.",,,,E01D19/04,,,True,False
JP-5283480-B2,JP-2008280430-A,JP,B2,42297684,20081030,20081030,20130904,20130904,,,"&lt;P&gt;PROBLEM TO BE SOLVED: To provide a risk management support system for electric power infrastructure to determine social risk generated by the power supply construction based on power supply construction information performed on a lifeline forming an electric power infrastructure.  &lt;P&gt;SOLUTION: The risk management support system (100) for electric power infrastructure includes a storage section (150) for storing an power supply construction risk master table (152) for matching power supply construction with the risk at a point where the power supply construction is performed and power supply construction risk link information (154) for matching the power supply construction with the risk at at least one remote place separated from the point caused by the power supply construction, an information acquiring section (112) for acquiring the power supply construction information, and a risk calculating section (114) for calculating social risk generated by an objective construction included in the power supply construction information referring to the table and link information based on the acquired power supply construction information.  &lt;P&gt;COPYRIGHT: (C)2010,JPO&amp;amp;INPIT",,,,G06Q50/06;G06Q50/00,,,False,True
CN-210975742-U,CN-201921460801-U,CN,U,71447101,20190904,20190904,20200710,20200710,Multi-functional river floodgate of ecological river course in city,,"The utility model discloses a multi-functional river floodgate of ecological river course in city, including spaning the main river check brake that main river course set up to and set up in the trash rack in main river check brake upper reaches, set up flood diversion check brake in the side flood diversion canal mouth of main river course, the upper reaches of main river check brake, main river check brake delivery port top position sets up the overflow weir, sets up the fishway along the rivers direction in main river course, sets up fishway controllable device in the fishway, and the fishway runs through whole river course setting, the setting up ecological basin is accepted in overflow weir low reaches. The utility model discloses use resource environment bearing capacity as the restraint, it is preferential to economize on water, makes and uses natural river lake water system as the basis, holds the introduction and carries the transfer intercommunication engineering to be the frame, has the accurate dispatch of intelligence, has the key node of the urban water basis infrastructure network system of &#34;four water overall management&#34; treatment effect in function in time and space, is the important link of realizing ensureing city flood control safety, reasonable water demand safety and ecological environment health safety.",,,Y02A30/60,E02B8/08;E02B7/20;E02B8/00,PENG YUJIE,,True,False
