R_id,doc_id,rank
R01,W2906404254,1
R01,W3081452296,2
R01,W3048936775,3
R01,W2735181348,4
R01,W4404866170,5
R01,W2895336231,6
R01,W3195596369,7
R01,W4309036887,8
R01,W4288421438,9
R01,W2400708777,10
R01,W4411224883,11
R01,W4410759092,12
R01,W3046759178,13
R01,W2609806254,14
R01,W4385341126,15
R01,W3163282772,16
R01,W4409954167,17
R01,W2982482414,18
R01,W4407029802,19
R01,W4408329506,20
R01,W7172208880,21
R01,W2912923857,22
R01,W4240710503,23
R01,W4404654218,24
R01,W4230041813,25
R01,W4411917970,26
R01,W4387665917,27
R01,W7204907227,28
R01,W4414758125,29
R01,W4240253038,30
R01,W4387653668,31
R01,W2805445230,32
R01,W4411255448,33
R01,W2973104828,34
R01,W2807942772,35
R01,W2599489937,36
R01,W4396888770,37
R01,W3019179781,38
R01,W4220668698,39
R01,W2769713978,40
R01,W7163805624,41
R01,W2300729800,42
R01,W4312639980,43
R01,W4385699195,44
R01,W7171832368,45
R01,W4412047834,46
R01,W2569687116,47
R01,W2558452093,48
R01,W3126831120,49
R01,W4287691246,50
R01,W2606708788,51
R01,W2768292099,52
R01,W3046677220,53
R01,W4411187521,54
R01,W7131093583,55
R01,W3089616638,56
R01,W4411017092,57
R01,W4409406068,58
R01,W2154112993,59
R01,W4402905364,60
R01,W4413380480,61
R01,W7160896769,62
R01,W4415272404,63
R01,W2735172253,64
R01,W2989015016,65
R01,W4378977067,66
R01,W2421779860,67
R01,W4400487462,68
R01,W7131319782,69
R01,W7108210916,70
R01,W4386448784,71
R01,W7131415697,72
R01,W7108209143,73
R01,W2997789886,74
R01,W4404726133,75
R01,W2625181827,76
R01,W4400197841,77
R01,W4372286276,78
R01,W7168088672,79
R01,W2889850189,80
R01,W2177752478,81
R01,W2297179052,82
R01,W3000162625,83
R01,W7204236248,84
R01,W2800660613,85
R01,W2766761189,86
R01,W2742696569,87
R01,W2947674237,88
R01,W3153137238,89
R01,W7213469900,90
R01,W4403967484,91
R01,W4206044255,92
R01,W7112697748,93
R01,W7126232917,94
R01,W2493864156,95
R01,W7137212970,96
R01,W4366083597,97
R01,W7127145878,98
R01,W2183604838,99
R01,W4292400394,100
R01,W3104112099,101
R01,W3033383079,102
R01,W3200401195,103
R01,W4362692821,104
R01,W7214014835,105
R01,W7154107277,106
R01,W2746488045,107
R01,W4375814886,108
R01,W4406327954,109
R01,W7204824611,110
R01,W7219761516,111
R01,W7204773915,112
R01,W4281479551,113
R01,W7135018269,114
R01,W4402943375,115
R01,W7161067103,116
R01,W4410162973,117
R01,W2914689799,118
R01,W2794220992,119
R01,W4254971034,120
R01,W7214941922,121
R01,W2884569844,122
R01,W7166654116,123
R01,W7104273887,124
R01,W4233720605,125
R01,W7104259810,126
R01,W2529869376,127
R01,W2619259472,128
R01,W4362500292,129
R01,W3135123001,130
R01,W2969052716,131
R01,W7167712030,132
R01,W2479893605,133
R01,W2588991515,134
R01,W4294733441,135
R01,W4285285688,136
R01,W4223976112,137
R01,W2267994787,138
R01,W2767593755,139
R01,W3049739154,140
R01,W7154915106,141
R01,W2971576699,142
R01,W2897769042,143
R01,W4317941176,144
R01,W4365600643,145
R01,W2767216340,146
R01,W2953023417,147
R01,W2613997044,148
R01,W4388028142,149
R01,W4399160139,150
R01,W4213413348,151
R01,W7160719382,152
R01,W7160719740,153
R01,W4300707889,154
R01,W7160715191,155
R01,W2158804849,156
R01,W4411184974,157
R01,W7167637654,158
R01,W4402564586,159
R01,W3035891198,160
R01,W4402460897,161
R01,W3008811863,162
R01,W7168347361,163
R01,W7203676256,164
R01,W2796216091,165
R01,W7203672826,166
R01,W7139030787,167
R01,W3048703582,168
R01,W2799984785,169
R01,W4406021305,170
R01,W2265392195,171
R01,W2311779782,172
R01,W7212367890,173
R01,W2594146565,174
R01,W7155210949,175
R01,W2889734922,176
R01,W2782649188,177
R01,W3046650427,178
R01,W2281778274,179
R01,W7124442477,180
R01,W2607744247,181
R01,W3130939449,182
R01,W2562763495,183
R01,W4243611296,184
R01,W2917071167,185
R01,W2299402727,186
R01,W2890039810,187
R01,W2343578020,188
R01,W4306404945,189
R01,W4392533103,190
R01,W4411513372,191
R01,W3129015145,192
R01,W4200246904,193
R01,W2606365085,194
R01,W4313505611,195
R01,W4407597139,196
R01,W4415479897,197
R01,W7172406792,198
R01,W3007393950,199
R01,W2784374514,200
R01,W7213546383,201
R01,W2782959235,202
R01,W3007443056,203
R01,W2471011964,204
R01,W4220665925,205
R01,W3014660061,206
R01,W7211963803,207
R01,W7126385479,208
R01,W7215117408,209
R01,W2194077766,210
R01,W2894047899,211
R01,W3177034790,212
R01,W2955600383,213
R01,W3042940466,214
R01,W7211954601,215
R01,W7211928018,216
R01,W3159126478,217
R01,W4412358144,218
R01,W7202182329,219
R01,W2597792333,220
R01,W4396910581,221
R01,W4228999248,222
R01,W4229022334,223
R01,W4200577951,224
R01,W2911944093,225
R01,W4382069911,226
R01,W4285784925,227
R01,W2886584316,228
R01,W3022486254,229
R01,W4395456228,230
R01,W3115207445,231
R01,W4386388640,232
R01,W2993620155,233
R01,W4400070428,234
R01,W7165199000,235
R01,W2603676555,236
R01,W3199564916,237
R01,W2934300645,238
R01,W4414910180,239
R01,W2944191116,240
R01,W4291670458,241
R01,W4283654701,242
R01,W2749649976,243
R01,W4409212281,244
R01,W7161851259,245
R01,W4417279586,246
R01,W2943777730,247
R01,W3200769446,248
R01,W4390431788,249
R01,W4285293844,250
R01,W4415211799,251
R01,W2892312542,252
R01,W4297991000,253
R01,W7162850679,254
R01,W4417192080,255
R01,W4394896653,256
R01,W7154034939,257
R01,W2991123774,258
R01,W4409123991,259
R01,W7155720588,260
R01,W4213442961,261
R01,W7154118229,262
R01,W7128686823,263
R01,W3048969351,264
R01,W4385368360,265
R01,W2530097827,266
R01,W2956058599,267
R01,W4286953727,268
R01,W3048750061,269
R01,W3114145658,270
R01,W4400823221,271
R01,W2621399975,272
R01,W3200385603,273
R01,W4409463173,274
R01,W4400080016,275
R01,W4285684608,276
R01,W7169112011,277
R01,W7126379784,278
R01,W7214037256,279
R01,W3082741530,280
R01,W4200052322,281
R01,W4221074515,282
R01,W2285340477,283
R01,W7157549746,284
R01,W3193203899,285
R01,W2885722487,286
R01,W2793321605,287
R01,W4391842084,288
R01,W7125770872,289
R01,W3135712622,290
R01,W4324321225,291
R01,W2609909853,292
R01,W4413901886,293
R01,W3103976215,294
R01,W3092149777,295
R01,W3093600025,296
R01,W4380450209,297
R01,W4323924789,298
R01,W2900707658,299
R01,W4413295250,300
R01,W4295872563,301
R01,W7170033676,302
R01,W7170057203,303
R01,W3205488164,304
R01,W7168258075,305
R01,W7170057617,306
R01,W7160840245,307
R01,W4412520636,308
R01,W843476234,309
R01,W4409464857,310
R01,W4313242834,311
R01,W7161981956,312
R01,W3119377732,313
R01,W3012276316,314
R01,W2916562204,315
R01,W3119662004,316
R01,W4410029804,317
R01,W7213396050,318
R01,W4403926028,319
R01,W7130839822,320
R01,W2762075223,321
R01,W7127124460,322
R01,W7171980995,323
R01,W2095030440,324
R01,W2941419960,325
R01,W7219693396,326
R01,W7215005305,327
R01,W3194672033,328
R01,W2283128066,329
R01,W3161341105,330
R01,W7154049852,331
R01,W994698165,332
R01,W3014134491,333
R01,W2980514729,334
R01,W2990055709,335
R01,W4415224554,336
R01,W3124812410,337
R01,W4324118242,338
R01,W4406172842,339
R01,W7169782009,340
R01,W4205463318,341
R01,W3136574233,342
R01,W4206117673,343
R01,W4361246940,344
R01,W3001282033,345
R01,W4225991032,346
R01,W4409546951,347
R01,W4388621781,348
R01,W4382722761,349
R01,W2908691514,350
R01,W4413956993,351
R01,W2342796276,352
R01,W7220203566,353
R01,W2805861428,354
R01,W3210904166,355
R01,W7204841022,356
R01,W4220968572,357
R01,W4413904714,358
R01,W4396624498,359
R01,W3013666194,360
R01,W4214924316,361
R01,W3194958837,362
R01,W4311134463,363
R01,W3000762266,364
R01,W2889044832,365
R01,W2790124435,366
R01,W4402767089,367
R01,W7167809731,368
R01,W4398793038,369
R01,W3148791257,370
R01,W4312956527,371
R01,W7120145924,372
R01,W7167789731,373
R01,W3164352817,374
R01,W7163880364,375
R01,W4283756322,376
R01,W4406666259,377
R01,W7117489127,378
R01,W7212266137,379
R01,W4323073272,380
R01,W3178333823,381
R01,W7171821087,382
R01,W7129086761,383
R01,W4368364891,384
R01,W2280075133,385
R01,W2902359135,386
R01,W4389562584,387
R01,W3201839719,388
R01,W2895329744,389
R01,W4389054050,390
R01,W7170196542,391
R01,W2765135399,392
R01,W7204999284,393
R01,W7127760092,394
R01,W4415186591,395
R01,W7164517039,396
R01,W4410841275,397
R01,W4389987714,398
R01,W4406457283,399
R01,W2969031697,400
R01,W3197579154,401
R01,W4416854711,402
R01,W4416958995,403
R01,W4410976796,404
R01,W4403989739,405
R01,W2541621161,406
R01,W4407599029,407
R01,W2547686572,408
R01,W4391385535,409
R01,W4387211700,410
R01,W7160193093,411
R01,W4306908808,412
R01,W4319301350,413
R01,W4401758997,414
R01,W4393282436,415
R01,W4412136459,416
R01,W4367692595,417
R01,W3088071812,418
R01,W4313505710,419
R01,W2975856615,420
R01,W3176450736,421
R01,W4206758870,422
R01,W2897285890,423
R01,W4414794859,424
R01,W4391908163,425
R01,W4385985287,426
R01,W4312348932,427
R01,W4408810370,428
R01,W7163371532,429
R01,W2885045406,430
R01,W4394889770,431
R01,W3150132356,432
R01,W7167067841,433
R01,W4400105002,434
R01,W7167090093,435
R01,W7218970848,436
R01,W4385953722,437
R01,W4229378339,438
R01,W4382601455,439
R01,W2946015067,440
R01,W4384133642,441
R01,W4377093929,442
R01,W4403000719,443
R01,W7203906406,444
R01,W4403583564,445
R01,W3007183671,446
R01,W4413005936,447
R01,W7123354706,448
R01,W4399898383,449
R01,W4401285098,450
R01,W7165151770,451
R01,W4401510658,452
R01,W4414554559,453
R01,W3035163255,454
R01,W7126055935,455
R01,W3182131613,456
R01,W7148286498,457
R01,W2963033473,458
R01,W2344665685,459
R01,W4390563397,460
R01,W3025443954,461
R01,W4386928177,462
R01,W4409829004,463
R01,W3200605285,464
R01,W2969469883,465
R01,W4406371465,466
R01,W2964139111,467
R01,W7154403468,468
R01,W7160380722,469
R01,W7125683681,470
R01,W7171156055,471
R01,W7213462540,472
R01,W7204023037,473
R01,W7202327344,474
R01,W4221128275,475
R01,W4414509381,476
R01,W7167050597,477
R01,W7213749739,478
R01,W4296120444,479
R01,W7169826793,480
R01,W2895483547,481
R01,W7214986402,482
R01,W2899051899,483
R01,W3168856285,484
R01,W2750235177,485
R01,W2584055239,486
R01,W4392445708,487
R01,W2109219933,488
R01,W4413291539,489
R01,W4283069058,490
R01,W2755085346,491
R01,W4309506521,492
R01,W4388494006,493
R01,W4414955231,494
R01,W7202100146,495
R01,W7211960728,496
R01,W4405423188,497
R01,W2566189674,498
R01,W4396699010,499
R01,W2501287335,500
R01,W4412427479,501
R01,W3004492374,502
R01,W4388788424,503
R01,W4319947598,504
R01,W2978295459,505
R01,W7104444560,506
R01,W4411700977,507
R01,W4401927287,508
R01,W4367187559,509
R01,W2174749340,510
R01,W7172200198,511
R01,W4416118287,512
R01,W4409621381,513
R01,W2591397787,514
R01,W4293236757,515
R01,W4220866910,516
R01,W3043621066,517
R01,W7134959849,518
R01,W4394956481,519
R01,W1945348152,520
R01,W4388723948,521
R01,W4406943892,522
R01,W3047251012,523
R01,W2335985837,524
R01,W7128766574,525
R01,W7155218846,526
R01,W4281757851,527
R01,W2783723768,528
R01,W7214234202,529
R01,W4407500443,530
R01,W3102594764,531
R01,W4402538739,532
R01,W3106922622,533
R01,W4206684725,534
R01,W4389069843,535
R01,W4405663792,536
R01,W7139025805,537
R01,W3044074173,538
R01,W4379231967,539
R01,W2597776717,540
R01,W2759460481,541
R01,W3084842894,542
R01,W7199541237,543
R01,W7214710489,544
R01,W7154233224,545
R01,W7128370076,546
R01,W4396624787,547
R01,W4410898885,548
R01,W4404971799,549
R01,W4321495393,550
R01,W4306932361,551
R01,W2952927772,552
R01,W4409095459,553
R01,W4308104480,554
R01,W7127455035,555
R01,W2889416882,556
R01,W2791744887,557
R01,W3150753052,558
R01,W2909807150,559
R01,W4415684288,560
R01,W2952763222,561
R01,W4233136177,562
R01,W3138240081,563
R01,W3169394886,564
R01,W4226019286,565
R01,W4409744985,566
R01,W4391787061,567
R01,W2970164001,568
R01,W7154287575,569
R01,W4200423328,570
R01,W2526846535,571
R01,W2337278182,572
R01,W2912303226,573
R01,W2969486469,574
R01,W4412791483,575
R01,W7204746968,576
R01,W7128597872,577
R01,W2729317789,578
R01,W2967969067,579
R01,W4389054079,580
R01,W4221112480,581
R01,W3158190551,582
R01,W4402650557,583
R01,W7160056368,584
R01,W4405762581,585
R01,W4323836072,586
R01,W2970420701,587
R01,W2793386563,588
R01,W2609821899,589
R01,W4414832317,590
R01,W3158151806,591
R01,W2791953646,592
R01,W2791104987,593
R01,W3005008941,594
R01,W3199222686,595
R01,W3177776321,596
R01,W3205449976,597
R01,W3010395502,598
R01,W2769077839,599
R01,W843711285,600
R01,W7133355256,601
R01,W2604212345,602
R01,W2924577049,603
R01,W7166538589,604
R01,W4388416335,605
R01,W4403794546,606
R01,W7207947262,607
R01,W2604706744,608
R01,W2041257359,609
R01,W2412134622,610
R01,W3094087484,611
R01,W7168081866,612
R01,W7213223219,613
R01,W3162206513,614
R01,W4408394962,615
R01,W3168915667,616
R01,W3122096226,617
R01,W4385200685,618
R01,W3172333722,619
R01,W4401483945,620
R01,W2566859375,621
R01,W4290949642,622
R01,W4400574095,623
R01,W2551961373,624
R01,W4237545908,625
R01,W4415649026,626
R01,W7168134744,627
R01,W4385143208,628
R01,W2606237453,629
R01,W4396840979,630
R01,W3200412757,631
R01,W3042502217,632
R01,W3022831664,633
R01,W4381985106,634
R01,W4205550563,635
R01,W2611535794,636
R01,W4392640669,637
R01,W3096553279,638
R01,W2739716913,639
R01,W2913061393,640
R01,W2925259355,641
R01,W3201998289,642
R01,W4390944404,643
R01,W7117257483,644
R01,W2799992222,645
R01,W2977138568,646
R01,W4288420513,647
R01,W4410212631,648
R01,W3107405072,649
R01,W3017268465,650
R01,W3099998360,651
R01,W7203837685,652
R01,W4320473091,653
R01,W7131683107,654
R01,W4389163003,655
R01,W4404532371,656
R01,W4403268276,657
R01,W3142811340,658
R01,W4385293060,659
R01,W3173928045,660
R01,W2533537379,661
R01,W2577400657,662
R01,W2801726465,663
R01,W4405994059,664
R01,W4416711839,665
R01,W2997945967,666
R01,W4402802005,667
R01,W7203531718,668
R01,W7203560243,669
R01,W4220989913,670
R01,W3187505251,671
R01,W4210498164,672
R01,W4285116904,673
R01,W7169792324,674
R01,W7166474247,675
R01,W4387301480,676
R01,W2157607436,677
R01,W7139992853,678
R01,W2560358124,679
R01,W7203543568,680
R01,W4385486566,681
R01,W4285017987,682
R01,W7203526581,683
R01,W7204635173,684
R01,W7214661327,685
R01,W7214368824,686
R01,W2757536763,687
R01,W7119612414,688
R01,W7011415465,689
R01,W4400100228,690
R01,W4406684123,691
R01,W4405786998,692
R01,W4313052321,693
R01,W3090617046,694
R01,W4385653786,695
R01,W4403259715,696
R01,W4395469202,697
R01,W7164998429,698
R01,W2532276018,699
R01,W7153460367,700
R01,W7165170366,701
R01,W7169801181,702
R01,W3098501612,703
R01,W4409811100,704
R01,W2565259386,705
R01,W4379135224,706
R01,W4283732062,707
R01,W4392940578,708
R01,W4406905867,709
R01,W7117989650,710
R01,W4414366985,711
R01,W4387568168,712
R01,W7164873941,713
R01,W4226456613,714
R01,W4309048657,715
R01,W4285114163,716
R01,W7168140203,717
R01,W2886125699,718
R01,W4401510884,719
R01,W4392435134,720
R01,W4413298273,721
R01,W7212479661,722
R01,W3204141511,723
R01,W3016131964,724
R01,W7215826311,725
R01,W4390817128,726
R01,W3036104217,727
R01,W7133164325,728
R01,W4399716872,729
R01,W7126082473,730
R01,W4214684333,731
R01,W7154274620,732
R01,W589854226,733
R01,W7166565061,734
R01,W3212126316,735
R01,W3120691898,736
R01,W7203554755,737
R01,W7170185539,738
R01,W2483022926,739
R01,W2354181934,740
R01,W7151916383,741
R01,W7203532137,742
R01,W4386442316,743
R01,W2520163968,744
R01,W7213531797,745
R01,W7203561283,746
R01,W3090925931,747
R01,W4389482438,748
R01,W4389039571,749
R01,W3011518780,750
R01,W4399366290,751
R01,W4389799313,752
R01,W7170068621,753
R01,W4380627818,754
R01,W7170050907,755
R01,W4410059870,756
R01,W7203709230,757
R01,W2278257590,758
R01,W7117158176,759
R01,W2914220023,760
R01,W2546897828,761
R01,W7171925906,762
R01,W2981407845,763
R01,W7131427961,764
R01,W3193687126,765
R01,W4283447978,766
R01,W2466782869,767
R01,W78726865,768
R01,W3097225145,769
R01,W3080614790,770
R01,W7213230619,771
R01,W4413889309,772
R01,W7172308953,773
R01,W7172324936,774
R01,W4414785587,775
R01,W7130701198,776
R01,W4383558587,777
R01,W3138285361,778
R01,W4294636978,779
R01,W7162460878,780
R01,W7167905542,781
R01,W2899148396,782
R01,W4295836557,783
R01,W4386886088,784
R01,W7138856103,785
R01,W4414273681,786
R01,W4417264181,787
R01,W2205591077,788
R01,W3118265382,789
R01,W7125253784,790
R01,W7159105280,791
R01,W4225885312,792
R01,W7154154517,793
R01,W1597902402,794
R01,W7162406581,795
R01,W4403585592,796
R01,W4321524586,797
R01,W3199304562,798
R01,W2542889128,799
R01,W7204275566,800
R01,W2899164513,801
R01,W4407438869,802
R01,W4307849791,803
R01,W7214317566,804
R01,W4410384601,805
R01,W7160928688,806
R01,W4319337648,807
R01,W7213970928,808
R01,W4283326083,809
R01,W3081091485,810
R01,W7203539344,811
R01,W4394018928,812
R01,W2606696795,813
R01,W4319995797,814
R01,W3135258071,815
R01,W4384563037,816
R01,W3093253509,817
R01,W7166854158,818
R01,W2982175872,819
R01,W2954179464,820
R01,W4407043181,821
R01,W7212368921,822
R01,W7124834018,823
R01,W7159890401,824
R01,W4376867381,825
R01,W4388320682,826
R01,W4415349207,827
R01,W4406790650,828
R01,W4400672262,829
R01,W4392448973,830
R01,W7147470664,831
R01,W4366599215,832
R01,W7212083261,833
R01,W7211996082,834
R01,W7204120319,835
R01,W2005712490,836
R01,W2947138442,837
R01,W4403004752,838
R01,W4385622990,839
R01,W2919477722,840
R01,W7164485775,841
R01,W4295937004,842
R01,W2792325984,843
R01,W3201936038,844
R01,W7212157776,845
R01,W121287557,846
R01,W7137520516,847
R01,W4396763507,848
R01,W7106169146,849
R01,W3181393465,850
R01,W7202248360,851
R01,W4411114878,852
R01,W4383105926,853
R01,W4412538697,854
R01,W3202592056,855
R01,W4409292372,856
R01,W3194742038,857
R01,W2969582616,858
R01,W3044614406,859
R01,W2885508836,860
R01,W2766077757,861
R01,W2797304210,862
R01,W2919614423,863
R01,W7204545649,864
R01,W2472178945,865
R01,W4405025549,866
R01,W7162895163,867
R01,W7214196238,868
R01,W2467450813,869
R01,W3030549693,870
R01,W2552169962,871
R01,W3022720594,872
R01,W7163056753,873
R01,W2560567745,874
R01,W4401443966,875
R01,W4297990224,876
R01,W7170153908,877
R01,W3196534879,878
R01,W4386959932,879
R01,W4412032771,880
R01,W4391385577,881
R01,W7164899249,882
R01,W2340992330,883
R01,W7135214435,884
R01,W4399319730,885
R01,W4415062806,886
R01,W3214762761,887
R01,W4410540370,888
R01,W4377099496,889
R01,W1890084244,890
R01,W7164929283,891
R01,W2063698040,892
R01,W4413385941,893
R01,W4416426664,894
R01,W4313505684,895
R01,W4394959039,896
R01,W4400433563,897
R01,W4410138655,898
R01,W2995782286,899
R01,W2761823417,900
R01,W4220678209,901
R01,W2906558299,902
R01,W4417147669,903
R01,W7134223361,904
R01,W4408121497,905
R01,W3024075013,906
R01,W4416238635,907
R01,W7110814888,908
R01,W2619544728,909
R01,W3207742677,910
R01,W3202421224,911
R01,W7170082628,912
R01,W2254060371,913
R01,W4225264005,914
R01,W4407313383,915
R01,W2963995186,916
R01,W4285110818,917
R01,W4416419286,918
R01,W2338930919,919
R01,W2804939874,920
R01,W2955770812,921
R01,W4400063938,922
R01,W4212832211,923
R01,W2592393272,924
R01,W7131639611,925
R01,W3190084081,926
R01,W4390291264,927
R01,W2999637822,928
R01,W2944878779,929
R01,W2802573784,930
R01,W7131857879,931
R01,W3164901245,932
R01,W3129917670,933
R01,W4224998004,934
R01,W2592873626,935
R01,W7151792342,936
R01,W2899628709,937
R01,W3004398493,938
R01,W4400273668,939
R01,W7214600417,940
R01,W4416814862,941
R01,W2976074790,942
R01,W2276483855,943
R01,W7160116039,944
R01,W4389091094,945
R01,W4388289705,946
R01,W4221159480,947
R01,W2511265334,948
R01,W4385318900,949
R01,W3135504862,950
R01,W7112117517,951
R01,W3185452991,952
R01,W2936386254,953
R01,W4409403165,954
R01,W4413920259,955
R01,W4312035718,956
R01,W4386314797,957
R01,W3155027047,958
R01,W3201042583,959
R01,W7214166709,960
R01,W2799732520,961
R01,W4410101497,962
R01,W4406562343,963
R01,W3036068306,964
R01,W7212397954,965
R01,W3195944859,966
R01,W2903902716,967
R01,W2888393758,968
R01,W4306812124,969
R01,W2788524084,970
R01,W4241860133,971
R01,W3124804933,972
R01,W7214105151,973
R01,W2953245738,974
R01,W4407732703,975
R01,W7153876689,976
R01,W2952038064,977
R01,W2770123237,978
R01,W7153872268,979
R01,W4324128979,980
R01,W7123465010,981
R01,W4402095094,982
R01,W4214669302,983
R01,W4394563942,984
R01,W7168099413,985
R01,W2990993916,986
R01,W4404739365,987
R01,W4205204741,988
R01,W7204276760,989
R01,W3211557913,990
R01,W4410253342,991
R01,W7213929816,992
R01,W4309603171,993
R01,W2914666688,994
R01,W7165660774,995
R01,W3198199481,996
R01,W4389194490,997
R01,W4407684520,998
R01,W2604357394,999
R01,W3085369699,1000
R01,W3204162347,1001
R01,W4388626340,1002
R01,W1864570509,1003
R01,W7219995674,1004
R01,W2900939352,1005
R01,W4415166017,1006
R01,W2914637451,1007
R01,W2994689855,1008
R01,W7216933091,1009
R01,W7172488861,1010
R01,W4394065337,1011
R01,W3016498294,1012
R01,W7134195986,1013
R01,W4282828220,1014
R01,W4410000712,1015
R01,W4408198179,1016
R01,W3004298187,1017
R01,W4210754529,1018
R01,W3171163946,1019
R01,W4390150826,1020
R01,W4303057423,1021
R01,W4403143542,1022
R01,W7166473677,1023
R01,W4310489822,1024
R01,W4388458865,1025
R01,W3168500311,1026
R01,W4318948622,1027
R01,W3037633793,1028
R01,W4401050776,1029
R01,W2416373130,1030
R01,W4221153857,1031
R01,W4390502656,1032
R01,W4390658789,1033
R01,W4390685342,1034
R01,W7213562474,1035
R01,W3105799675,1036
R01,W2802821370,1037
R01,W7166349646,1038
R01,W4401653864,1039
R01,W7136079753,1040
R01,W2984063639,1041
R01,W7203923696,1042
R01,W7136053139,1043
R01,W4200520231,1044
R01,W4412921540,1045
R01,W3211261424,1046
R01,W3174518952,1047
R01,W4387025340,1048
R01,W4399239322,1049
R01,W4409212254,1050
R01,W3009338248,1051
R01,W4411185302,1052
R01,W7161171473,1053
R01,W4387620793,1054
R01,W3042658607,1055
R01,W4401504374,1056
R01,W3110731419,1057
R01,W4411302831,1058
R01,W3091332050,1059
R01,W4409695141,1060
R01,W2120084943,1061
R01,W2272340812,1062
R01,W2560548990,1063
R01,W4415401925,1064
R01,W4391777946,1065
R01,W4391098056,1066
R01,W2465206248,1067
R01,W4400953583,1068
R01,W3137644268,1069
R01,W4399255107,1070
R01,W7208080380,1071
R01,W7203884512,1072
R01,W4378746490,1073
R01,W4409474188,1074
R01,W4206658093,1075
R01,W4313331313,1076
R01,W2485084874,1077
R01,W2504658750,1078
R01,W4287092391,1079
R01,W4292463461,1080
R01,W4285047537,1081
R01,W7168100165,1082
R01,W4405279886,1083
R01,W4415195477,1084
R01,W4401026615,1085
R01,W2763934654,1086
R01,W4401321728,1087
R01,W4407026734,1088
R01,W2563876511,1089
R01,W2988682807,1090
R01,W7124460396,1091
R01,W7118590622,1092
R01,W4387096027,1093
R01,W7217253540,1094
R01,W2912628547,1095
R01,W7166586238,1096
R01,W4401300832,1097
R01,W4400081470,1098
R01,W4415301162,1099
R01,W2889276333,1100
R01,W4312864022,1101
R01,W4307290913,1102
R01,W4323349139,1103
R01,W7168183333,1104
R01,W7204570686,1105
R01,W7169797673,1106
R01,W4388426518,1107
R01,W7167224786,1108
R01,W2056940518,1109
R01,W4285735445,1110
R01,W4206747187,1111
R01,W4408682498,1112
R01,W4411791002,1113
R01,W4391800212,1114
R01,W2914204445,1115
R01,W2107777184,1116
R01,W2922494094,1117
R01,W2569073223,1118
R01,W2207123664,1119
R01,W2944325748,1120
R01,W2967707772,1121
R01,W4391849118,1122
R01,W7140415422,1123
R01,W7164397899,1124
R01,W7131632978,1125
R01,W4321210386,1126
R01,W3186667708,1127
R01,W7130651020,1128
R01,W4412830785,1129
R01,W3018497940,1130
R01,W7165802321,1131
R01,W3212177666,1132
R01,W4312649081,1133
R01,W7115185938,1134
R01,W3127086276,1135
R01,W7210268934,1136
R01,W7134064074,1137
R01,W2795752302,1138
R01,W4406787896,1139
R01,W2289427210,1140
R01,W4399315787,1141
R01,W3145551701,1142
R01,W7128606148,1143
R01,W2971645907,1144
R01,W7196977128,1145
R01,W2155135238,1146
R01,W4401656649,1147
R01,W7214716440,1148
R01,W7217897328,1149
R01,W3196354991,1150
R01,W4296018872,1151
R01,W2183182625,1152
R01,W2297856461,1153
R01,W7213904597,1154
R01,W4210412179,1155
R01,W7213910969,1156
R01,W3129940943,1157
R01,W7128424729,1158
R01,W2957071584,1159
R01,W4407751465,1160
R01,W3165447697,1161
R01,W7128607697,1162
R01,W2476078029,1163
R01,W3042545986,1164
R01,W3062027489,1165
R01,W2470219169,1166
R01,W4392840009,1167
R01,W4210529375,1168
R01,W2620818388,1169
R01,W7208705673,1170
R01,W2951674968,1171
R01,W7166456920,1172
R01,W7165650242,1173
R01,W3003897731,1174
R01,W2338106293,1175
R01,W3043675408,1176
R01,W2565717245,1177
R01,W4229365453,1178
R01,W3157108250,1179
R01,W3028302046,1180
R01,W7204813832,1181
R01,W3035230692,1182
R01,W4221016371,1183
R01,W3001581745,1184
R01,W3157251406,1185
R01,W7212127962,1186
R01,W4387380694,1187
R01,W7168097038,1188
R01,W4328097858,1189
R01,W4410204392,1190
R01,W4310191815,1191
R01,W4410202914,1192
R01,W4394905322,1193
R01,W7168102180,1194
R01,W2736696391,1195
R01,W2336838248,1196
R01,W979393272,1197
R01,W3114127819,1198
R01,W2596848366,1199
R01,W4389994832,1200
R01,W4285177088,1201
R01,W4408734975,1202
R01,W4229963603,1203
R01,W4404514635,1204
R01,W7167590364,1205
R01,W4247002874,1206
R01,W1938335561,1207
R01,W4281383666,1208
R01,W7203778052,1209
R01,W4408475651,1210
R01,W7152708663,1211
R01,W3124670232,1212
R01,W2751488003,1213
R01,W4248056914,1214
R01,W2801516327,1215
R01,W2187778664,1216
R01,W4319459479,1217
R01,W4281632299,1218
R01,W4404601807,1219
R01,W3128724232,1220
R01,W7203528648,1221
R01,W4390274098,1222
R01,W4404143352,1223
R01,W2219758396,1224
R01,W4380153786,1225
R01,W2781310315,1226
R01,W2757978686,1227
R01,W2911628501,1228
R01,W4402588809,1229
R01,W4401456446,1230
R01,W7216994087,1231
R01,W4318664203,1232
R01,W2581543798,1233
R01,W7220041917,1234
R01,W3026660678,1235
R01,W4405331746,1236
R01,W4406693646,1237
R01,W4406163710,1238
R01,W3120481608,1239
R01,W3102860733,1240
R01,W4206236072,1241
R01,W7154562065,1242
R01,W4200088184,1243
R01,W7165634296,1244
R01,W2618416863,1245
R01,W3085894443,1246
R01,W4380986050,1247
R01,W4303696525,1248
R01,W7117364441,1249
R01,W7117359725,1250
R01,W4409308515,1251
R01,W7133330275,1252
R01,W2904028466,1253
R01,W2943232475,1254
R01,W4297992019,1255
R01,W4414079982,1256
R01,W2902265902,1257
R01,W4297533946,1258
R01,W4287719293,1259
R01,W7154160704,1260
R01,W4226507719,1261
R01,W4210518001,1262
R01,W4388635170,1263
R01,W4386250138,1264
R01,W4281722142,1265
R01,W7135170744,1266
R01,W7161957337,1267
R01,W7219828341,1268
R01,W2997194457,1269
R01,W3140590748,1270
R01,W2947809276,1271
R01,W4416387420,1272
R01,W4310068670,1273
R01,W4413093642,1274
R01,W4320009422,1275
R01,W4405798602,1276
R01,W7167918294,1277
R01,W4386394342,1278
R01,W2949649325,1279
R01,W4386960442,1280
R01,W4251752426,1281
R01,W7214773626,1282
R01,W7210284128,1283
R01,W4220996598,1284
R01,W3044211720,1285
R01,W7219219509,1286
R01,W3163368856,1287
R01,W2463835106,1288
R01,W7117886934,1289
R01,W2576810511,1290
R01,W4412135632,1291
R01,W7160836959,1292
R01,W2947526267,1293
R01,W7204261998,1294
R01,W3204248116,1295
R01,W4306405256,1296
R01,W4382202077,1297
R01,W4225497264,1298
R01,W3180672435,1299
R01,W2343541369,1300
R01,W2742150078,1301
R01,W4297450128,1302
R01,W2869959332,1303
R01,W4400206390,1304
R01,W2472385862,1305
R01,W3046505651,1306
R01,W4285175993,1307
R01,W2723618802,1308
R01,W3202913689,1309
R01,W4206062614,1310
R01,W4413988853,1311
R01,W3184809329,1312
R01,W3047748584,1313
R01,W7125501290,1314
R01,W7162652839,1315
R01,W4408080347,1316
R01,W7125554823,1317
R01,W3025361091,1318
R01,W4378976534,1319
R01,W2794556179,1320
R01,W4400920987,1321
R01,W3216209706,1322
R01,W4392646999,1323
R01,W7116770717,1324
R01,W2897146473,1325
R01,W4377890943,1326
R01,W4415462067,1327
R01,W7143363678,1328
R01,W3203299186,1329
R01,W3202397200,1330
R01,W4404135146,1331
R01,W3034381207,1332
R01,W7208414927,1333
R01,W3131142798,1334
R01,W7171471322,1335
R01,W4292457922,1336
R01,W2293055222,1337
R01,W3007086599,1338
R01,W7219485837,1339
R01,W7204807170,1340
R01,W7204772313,1341
R01,W4323043213,1342
R01,W4386250926,1343
R01,W2165745535,1344
R01,W4390294560,1345
R01,W4412125048,1346
R01,W3212153493,1347
R01,W4376868485,1348
R01,W3203010004,1349
R01,W3189810021,1350
R01,W4235267338,1351
R01,W4411373786,1352
R01,W2908373594,1353
R01,W7196946296,1354
R01,W3045176842,1355
R01,W4415411634,1356
R01,W2944560089,1357
R01,W4402014304,1358
R01,W4214875524,1359
R01,W4291996433,1360
R01,W4206917224,1361
R01,W2971914534,1362
R01,W4372402746,1363
R01,W3131009607,1364
R01,W7169571410,1365
R01,W3126495234,1366
R01,W4296807522,1367
R01,W4394905316,1368
R01,W4403923051,1369
R01,W4401521764,1370
R01,W7218446043,1371
R01,W2910145798,1372
R01,W2953031755,1373
R01,W1700818648,1374
R01,W4407752634,1375
R01,W4413919851,1376
R01,W2966275144,1377
R01,W3204430113,1378
R01,W4391642912,1379
R01,W7113560929,1380
R01,W3117530117,1381
R01,W3099602299,1382
R01,W3164873460,1383
R01,W7127323740,1384
R01,W4304183191,1385
R01,W4409081518,1386
R01,W2942086307,1387
R01,W2803262829,1388
R01,W4387500518,1389
R01,W3195695568,1390
R01,W2590733905,1391
R01,W4381488027,1392
R01,W4404386346,1393
R01,W7119130925,1394
R01,W7119141946,1395
R01,W4399408725,1396
R01,W7162546354,1397
R01,W7204221691,1398
R01,W4412849949,1399
R01,W4362469130,1400
R01,W7137405429,1401
R01,W4387399150,1402
R01,W7168293338,1403
R01,W7168632916,1404
R01,W2884625098,1405
R01,W4380442862,1406
R01,W4387760353,1407
R01,W7171571937,1408
R01,W2294799728,1409
R01,W3128852670,1410
R01,W4407061035,1411
R01,W4409061141,1412
R01,W2742953661,1413
R01,W7202274662,1414
R01,W7128600793,1415
R01,W4411462167,1416
R01,W3046148607,1417
R01,W7203899995,1418
R01,W2950026499,1419
R01,W2606399847,1420
R01,W7218268346,1421
R01,W2991891315,1422
R01,W7219326719,1423
R01,W4293232314,1424
R01,W3161923235,1425
R01,W2782586459,1426
R01,W4353009828,1427
R01,W4385289991,1428
R01,W2911217079,1429
R01,W3159496252,1430
R01,W2521528020,1431
R01,W4388399145,1432
R01,W4404356234,1433
R01,W7168516166,1434
R01,W2913617223,1435
R01,W3165968601,1436
R01,W7161591424,1437
R01,W4377037849,1438
R01,W4220835068,1439
R01,W4412186985,1440
R01,W2885269379,1441
R01,W7212352300,1442
R01,W4362555892,1443
R01,W4410640092,1444
R01,W4395959958,1445
R01,W2888983790,1446
R01,W2789823169,1447
R01,W3043892533,1448
R01,W3200296925,1449
R01,W2972485923,1450
R01,W4238521271,1451
R01,W4292622177,1452
R01,W4388460974,1453
R01,W4401446769,1454
R01,W3158903533,1455
R01,W2766533571,1456
R01,W4250248418,1457
R01,W2183593661,1458
R01,W3006852409,1459
R01,W4383620953,1460
R01,W4413636570,1461
R01,W2525468970,1462
R01,W4408669622,1463
R01,W2261999441,1464
R01,W3103525788,1465
R01,W2584562579,1466
R01,W4384073680,1467
R01,W4412595866,1468
R01,W3088394888,1469
R01,W7212250980,1470
R01,W7154484625,1471
R01,W4378528266,1472
R01,W3092099940,1473
R01,W4396951603,1474
R01,W7165546265,1475
R01,W7161554847,1476
R01,W7165570559,1477
R01,W4206753599,1478
R01,W4306409995,1479
R01,W7164027224,1480
R01,W4283731111,1481
R01,W4393236938,1482
R01,W7216648633,1483
R01,W3193869612,1484
R01,W1860797116,1485
R01,W2337620496,1486
R01,W4408947355,1487
R01,W4393255192,1488
R01,W2196536565,1489
R01,W7130701854,1490
R01,W7151828848,1491
R01,W4400035103,1492
R01,W7203440471,1493
R01,W2256941536,1494
R01,W4410812542,1495
R01,W4283080138,1496
R01,W4378651434,1497
R01,W7162497006,1498
R01,W7131274197,1499
R01,W4293027746,1500
R01,W2276971051,1501
R01,W4313403856,1502
R01,W4385634791,1503
R01,W4353109556,1504
R01,W4375930247,1505
R01,W2555408333,1506
R01,W2991634507,1507
R01,W4386391019,1508
R01,W7128739195,1509
R01,W3136854272,1510
R01,W7131303840,1511
R01,W7214666851,1512
R01,W7139059595,1513
R01,W2626496342,1514
R01,W2800902025,1515
R01,W4409197106,1516
R01,W4415671389,1517
R01,W4407393426,1518
R01,W4280648784,1519
R01,W3153231348,1520
R01,W3187024302,1521
R01,W4416043208,1522
R01,W2460386830,1523
R01,W7207699985,1524
R01,W3041201377,1525
R01,W7167491931,1526
R01,W4416263726,1527
R01,W4221042837,1528
R01,W2734194247,1529
R01,W7130837100,1530
R01,W7155488958,1531
R01,W2971032236,1532
R01,W7129197111,1533
R01,W2561498268,1534
R01,W43968452,1535
R01,W4386707650,1536
R01,W4312961025,1537
R01,W7217664385,1538
R01,W4225728078,1539
R01,W7151458158,1540
R01,W4281795493,1541
R01,W3160893537,1542
R01,W7168263224,1543
R01,W7204628294,1544
R01,W4401090223,1545
R01,W2793269609,1546
R01,W4394909784,1547
R01,W4410184643,1548
R01,W3173041153,1549
R01,W4323666996,1550
R01,W4311662850,1551
R01,W4309455463,1552
R01,W2746966122,1553
R01,W4396775362,1554
R01,W3036293340,1555
R01,W7162762066,1556
R01,W4407451379,1557
R01,W4410849736,1558
R01,W3178584933,1559
R01,W2900636253,1560
R01,W3192732094,1561
R01,W7167029000,1562
R01,W3145193434,1563
R01,W4287205830,1564
R01,W7212048684,1565
R01,W7127106607,1566
R01,W7203712378,1567
R01,W7196957058,1568
R01,W7170195552,1569
R01,W2772786821,1570
R01,W7204006125,1571
R01,W4388979471,1572
R01,W4405410042,1573
R01,W2989167188,1574
R01,W7119470960,1575
R01,W4416608788,1576
R01,W2753573443,1577
R01,W7167737196,1578
R01,W7172490171,1579
R01,W4416735395,1580
R01,W4399055407,1581
R01,W4389235534,1582
R01,W3214816673,1583
R01,W4387216039,1584
R01,W7143307241,1585
R01,W4214667542,1586
R01,W7147690338,1587
R01,W7146956484,1588
R01,W7211919173,1589
R01,W3205181011,1590
R01,W7143386139,1591
R01,W7143517764,1592
R01,W3046254198,1593
R01,W7143398871,1594
R01,W4312216909,1595
R01,W3009256993,1596
R01,W2901135277,1597
R01,W3119746181,1598
R01,W4390651552,1599
R01,W3022716266,1600
R01,W4400908415,1601
R01,W2116642143,1602
R01,W2796031525,1603
R01,W2408097775,1604
R01,W4385347826,1605
R01,W4200030208,1606
R01,W4417268706,1607
R01,W7154451433,1608
R01,W7171741999,1609
R01,W4405854983,1610
R01,W4386381896,1611
R01,W4412981454,1612
R01,W3035724819,1613
R01,W4205143256,1614
R01,W4385439307,1615
R01,W4406119495,1616
R01,W3134453489,1617
R01,W4390538328,1618
R01,W4220735243,1619
R01,W2975219912,1620
R01,W4413193595,1621
R01,W3110672270,1622
R01,W7119140660,1623
R01,W3120144263,1624
R01,W4313201809,1625
R01,W7153511585,1626
R01,W7165630365,1627
R01,W4415811709,1628
R01,W4392606202,1629
R01,W4378837426,1630
R01,W7160724771,1631
R01,W7165065506,1632
R01,W7164923442,1633
R01,W7141087252,1634
R01,W7219504049,1635
R01,W3016723460,1636
R01,W4415979695,1637
R01,W3165277103,1638
R01,W4322007820,1639
R01,W7165560581,1640
R01,W7117558908,1641
R01,W4379162900,1642
R01,W7204269994,1643
R01,W3035663858,1644
R01,W7214780920,1645
R01,W2790650280,1646
R01,W4207015924,1647
R01,W4387331973,1648
R01,W3124848115,1649
R01,W7129046418,1650
R01,W7140770130,1651
R01,W2906647749,1652
R01,W7220118274,1653
R01,W7208831306,1654
R01,W3096456867,1655
R01,W7208811848,1656
R01,W3173992800,1657
R01,W7165120764,1658
R01,W2342451715,1659
R01,W4410839393,1660
R01,W3177836379,1661
R01,W2811406945,1662
R01,W2617639983,1663
R01,W4200333088,1664
R01,W7164523364,1665
R01,W7160702804,1666
R01,W2563897747,1667
R01,W4387187959,1668
R01,W4289529679,1669
R01,W4324099189,1670
R01,W3014117386,1671
R01,W7154566483,1672
R01,W4416742594,1673
R01,W3031691549,1674
R01,W4417455394,1675
R01,W7117553232,1676
R01,W2966295433,1677
R01,W7161259204,1678
R01,W3213469986,1679
R01,W2325704699,1680
R01,W4390987746,1681
R01,W7154249944,1682
R01,W2781989834,1683
R01,W4391503410,1684
R01,W4312730085,1685
R01,W3132672557,1686
R01,W7154355645,1687
R01,W4409185796,1688
R01,W7154355911,1689
R01,W4411840485,1690
R01,W3211323351,1691
R01,W4210863313,1692
R01,W1662044643,1693
R01,W7140281438,1694
R01,W7148813523,1695
R01,W4366758571,1696
R01,W3177329051,1697
R01,W1851855255,1698
R01,W4403779463,1699
R01,W4408473967,1700
R01,W7196927295,1701
R01,W7203832448,1702
R01,W7142941183,1703
R01,W7171696785,1704
R01,W7203826242,1705
R01,W4327779649,1706
R01,W3032458817,1707
R01,W4386865708,1708
R01,W4233117443,1709
R01,W7139956650,1710
R01,W7143372624,1711
R01,W7162417021,1712
R01,W7171411762,1713
R01,W7133345503,1714
R01,W7169633628,1715
R01,W7139919317,1716
R01,W7204254064,1717
R01,W7166053774,1718
R01,W7172425857,1719
R01,W4389289172,1720
R01,W4293224339,1721
R01,W2937622559,1722
R01,W4293079189,1723
R01,W4413129701,1724
R01,W4379259989,1725
R01,W4392844928,1726
R01,W7128373082,1727
R01,W4394989602,1728
R01,W4403650611,1729
R01,W7168394547,1730
R01,W4212852738,1731
R01,W4404494245,1732
R01,W7166187273,1733
R01,W2894513194,1734
R01,W4391845916,1735
R01,W4243555032,1736
R01,W4245829980,1737
R01,W7213460611,1738
R01,W4416088826,1739
R01,W3017988998,1740
R01,W7122766307,1741
R01,W7171418017,1742
R01,W2482483966,1743
R01,W7160248341,1744
R01,W7203624709,1745
R01,W7216755128,1746
R01,W4413271438,1747
R01,W4407275607,1748
R01,W4406795240,1749
R01,W4407123881,1750
R01,W3042558085,1751
R01,W4401870524,1752
R01,W4392775475,1753
R01,W2902246785,1754
R01,W7203893187,1755
R01,W3013775845,1756
R01,W2991125673,1757
R01,W4367183690,1758
R01,W7153531116,1759
R01,W7117294236,1760
R01,W4387996731,1761
R01,W4411131191,1762
R01,W4415591887,1763
R01,W4414376755,1764
R01,W7208713236,1765
R01,W4414788028,1766
R01,W7163146199,1767
R01,W3163141034,1768
R01,W7126241591,1769
R01,W4392924022,1770
R01,W7204714079,1771
R01,W3024632373,1772
R01,W2402164126,1773
R01,W4414095670,1774
R01,W2405655735,1775
R01,W7128230512,1776
R01,W4379661090,1777
R01,W3037649434,1778
R01,W4323893504,1779
R01,W4412866106,1780
R01,W3129602390,1781
R01,W4415289567,1782
R01,W7168030172,1783
R01,W7166165620,1784
R01,W4386249124,1785
R01,W4360613755,1786
R01,W4416356469,1787
R01,W4205664074,1788
R01,W7203938883,1789
R01,W7203783897,1790
R01,W4288042217,1791
R01,W7171524444,1792
R01,W7140369335,1793
R01,W3177550634,1794
R01,W4404638632,1795
R01,W4319080382,1796
R01,W4406422113,1797
R01,W4411145149,1798
R01,W4320482724,1799
R01,W7214900972,1800
R01,W7166723194,1801
R01,W7112007178,1802
R01,W2906662680,1803
R01,W4307908210,1804
R01,W4210287386,1805
R01,W4313417409,1806
R01,W3185155277,1807
R01,W7124882482,1808
R01,W3081529216,1809
R01,W7169603854,1810
R01,W3206565997,1811
R01,W7122378091,1812
R01,W4383868183,1813
R01,W4403728769,1814
R01,W7217825372,1815
R01,W7208645622,1816
R01,W4366429887,1817
R01,W2792224319,1818
R01,W1947917560,1819
R01,W7217447819,1820
R01,W3187969566,1821
R01,W7211989383,1822
R01,W7212012837,1823
R01,W2859605788,1824
R01,W4366005792,1825
R01,W4391463822,1826
R01,W2460513479,1827
R01,W7220308236,1828
R01,W2470520934,1829
R01,W4396929778,1830
R01,W4246676558,1831
R01,W3129924724,1832
R01,W2567478785,1833
R01,W7160308269,1834
R01,W3087566708,1835
R01,W4413005452,1836
R01,W3138625632,1837
R01,W4285729248,1838
R01,W3024753597,1839
R01,W2622624030,1840
R01,W2801880841,1841
R01,W7118010805,1842
R01,W7117991993,1843
R01,W7117968449,1844
R01,W4306405053,1845
R01,W2784180836,1846
R01,W2946418919,1847
R01,W3120456088,1848
R01,W4321166871,1849
R01,W4411134790,1850
R01,W3215562963,1851
R01,W3002023266,1852
R01,W4313488618,1853
R02,W2043537614,1
R02,W2980532993,2
R02,W4387225746,3
R02,W4366705411,4
R02,W4389546600,5
R02,W1811809535,6
R02,W2979424298,7
R02,W2981135719,8
R02,W4361985148,9
R02,W7164935868,10
R02,W4406036909,11
R02,W3199737294,12
R02,W4316035348,13
R02,W4308438349,14
R02,W7117261424,15
R02,W7218145254,16
R02,W7142548753,17
R02,W3109163449,18
R02,W7154910987,19
R02,W7204663106,20
R02,W4405790520,21
R02,W4407177287,22
R02,W2588264036,23
R02,W7214719303,24
R02,W7171942047,25
R02,W4387393703,26
R02,W7215275568,27
R02,W4382893348,28
R02,W7213509224,29
R02,W7141805340,30
R02,W2793726904,31
R02,W4241102924,32
R02,W7160596558,33
R02,W3122896710,34
R02,W7134250953,35
R02,W7134266433,36
R02,W4200354137,37
R02,W4386760319,38
R02,W7134905545,39
R02,W7216450757,40
R02,W7135969599,41
R02,W4387310608,42
R02,W2725085162,43
R02,W7131413766,44
R02,W7164545963,45
R02,W2808777264,46
R02,W7118305640,47
R02,W1973538551,48
R02,W4414758125,49
R02,W4281893637,50
R02,W7215738570,51
R02,W2346261720,52
R02,W4291449104,53
R02,W4411310189,54
R02,W2755078827,55
R02,W2301722375,56
R02,W2995757480,57
R02,W4311884169,58
R02,W2293065942,59
R02,W7129399981,60
R02,W4400347925,61
R02,W7162763150,62
R02,W4367300120,63
R02,W7152123264,64
R02,W7167811473,65
R02,W7165795930,66
R02,W3013410570,67
R02,W2217449747,68
R02,W2604200215,69
R02,W2940374218,70
R02,W7204997390,71
R02,W7204787414,72
R02,W7204781547,73
R02,W7204835926,74
R02,W2899308879,75
R02,W7136992496,76
R02,W2801117813,77
R02,W7216963843,78
R02,W4404700700,79
R02,W7169544982,80
R02,W7204641050,81
R02,W2766124679,82
R02,W2524215458,83
R02,W4411017092,84
R02,W7163825344,85
R02,W2261416027,86
R02,W2791989205,87
R02,W3163277588,88
R02,W4414817077,89
R02,W7214163986,90
R02,W7160133895,91
R02,W4390222393,92
R02,W7203753388,93
R02,W4407856753,94
R02,W4417094462,95
R02,W4213215977,96
R02,W4389409057,97
R02,W7213552126,98
R02,W4399256771,99
R02,W3173503395,100
R02,W4409572953,101
R02,W2982110272,102
R02,W3017325767,103
R02,W4401310579,104
R02,W2745884353,105
R02,W3166415853,106
R02,W4410908346,107
R02,W4408500277,108
R02,W2766976907,109
R02,W7119536559,110
R02,W2237954702,111
R02,W2802757542,112
R02,W4390105879,113
R02,W4285155840,114
R02,W7110089254,115
R02,W4402960590,116
R02,W7110383936,117
R02,W7171205870,118
R02,W3142833527,119
R02,W2012108174,120
R02,W2189421386,121
R02,W2808917571,122
R02,W7171390912,123
R02,W7213980295,124
R02,W7122459647,125
R02,W4286216329,126
R02,W2172447910,127
R02,W3110371829,128
R02,W7167476410,129
R02,W4225670815,130
R02,W2527333391,131
R02,W7165860182,132
R02,W7129561239,133
R02,W2754546121,134
R02,W7168346825,135
R02,W3196854894,136
R02,W4404931869,137
R02,W3091415996,138
R02,W3122967409,139
R02,W2797547307,140
R02,W4408394939,141
R02,W2341916104,142
R02,W3005949820,143
R02,W4404361687,144
R02,W2767705894,145
R02,W7167015375,146
R02,W7220217583,147
R02,W2799732113,148
R02,W2766314595,149
R02,W3125419418,150
R02,W7171441102,151
R02,W7151271181,152
R02,W4405739998,153
R02,W2678734780,154
R02,W7128796801,155
R02,W3007455559,156
R02,W2796325381,157
R02,W7217602508,158
R02,W4414024770,159
R02,W4231833085,160
R02,W7165011406,161
R02,W4391918005,162
R02,W3137793625,163
R02,W7168256858,164
R02,W4254936777,165
R02,W4417279614,166
R02,W3198830695,167
R02,W7170076373,168
R02,W7213531847,169
R02,W2946885273,170
R02,W7204267435,171
R02,W7159947239,172
R02,W7172429983,173
R02,W7215891876,174
R02,W4405414206,175
R02,W4402152537,176
R02,W3120791194,177
R02,W7124980512,178
R02,W7219359692,179
R02,W4297387486,180
R02,W4416459051,181
R02,W2897924315,182
R02,W7116066464,183
R02,W2948255544,184
R02,W4400096975,185
R02,W2895906159,186
R02,W4327731639,187
R02,W2226108100,188
R02,W4379981274,189
R02,W3127181022,190
R02,W2769934799,191
R02,W2806340925,192
R02,W4414150302,193
R02,W2787569450,194
R02,W4206109221,195
R02,W4400201060,196
R02,W4409133775,197
R02,W7109201966,198
R02,W4410310602,199
R02,W7218743354,200
R02,W2966004214,201
R02,W4361994677,202
R02,W3093563960,203
R02,W4403557122,204
R02,W4302287686,205
R02,W2118004129,206
R02,W7172533264,207
R02,W4403911386,208
R02,W7214616901,209
R02,W7164558427,210
R02,W3211056966,211
R02,W4410972135,212
R02,W7118338233,213
R02,W4410860010,214
R02,W3206007036,215
R02,W7165365760,216
R02,W7165141178,217
R02,W7123548115,218
R02,W3175696123,219
R02,W4415172658,220
R02,W7127641129,221
R02,W7171795479,222
R02,W3098922787,223
R02,W3039575466,224
R02,W4413445004,225
R02,W7215893573,226
R02,W7168121661,227
R02,W4416890738,228
R02,W4406434394,229
R02,W2943953908,230
R02,W7172528096,231
R02,W4225271687,232
R02,W4410797031,233
R02,W2519214867,234
R02,W2807287581,235
R02,W4416995181,236
R02,W4408664198,237
R02,W4407954729,238
R02,W4401951448,239
R02,W2535188147,240
R02,W7161145340,241
R02,W2356801594,242
R02,W7165197642,243
R02,W2286828229,244
R02,W7161590314,245
R02,W7161577824,246
R02,W7166742124,247
R02,W2321626058,248
R02,W4312889114,249
R02,W3081173793,250
R02,W3042691740,251
R02,W7216141729,252
R02,W4414922896,253
R02,W2888967111,254
R02,W7201865160,255
R02,W2137978745,256
R02,W2749337373,257
R02,W2738636675,258
R02,W4415277090,259
R02,W2579754607,260
R02,W4408407124,261
R02,W4387746209,262
R02,W4411988019,263
R02,W2022050796,264
R02,W2606937869,265
R02,W4403540589,266
R02,W7218819419,267
R02,W4408953980,268
R02,W7156019989,269
R02,W3184439556,270
R02,W7117470448,271
R02,W2113424830,272
R02,W4414027358,273
R02,W4409518140,274
R02,W7115720313,275
R02,W4406076834,276
R02,W7130817817,277
R02,W4410381765,278
R02,W3082978003,279
R02,W1772616240,280
R02,W4411529921,281
R02,W4410952460,282
R02,W2518170781,283
R02,W2962921287,284
R02,W2790683211,285
R02,W7203684565,286
R02,W2888672123,287
R02,W7220097439,288
R02,W4409076748,289
R02,W2940786172,290
R02,W7118122571,291
R02,W7131623628,292
R02,W4416329851,293
R02,W7171871825,294
R02,W4410318665,295
R02,W4226426159,296
R02,W4221137618,297
R02,W7164345478,298
R02,W2809742829,299
R02,W7171429019,300
R02,W4392235838,301
R02,W7131096166,302
R02,W2614267518,303
R02,W7213440547,304
R02,W7129027177,305
R02,W4306973301,306
R02,W4407558689,307
R02,W4322772285,308
R02,W7154510690,309
R02,W7217019217,310
R02,W7215763891,311
R02,W7216041174,312
R02,W2592120614,313
R02,W3138830205,314
R02,W7128781691,315
R02,W7103903455,316
R02,W2464680493,317
R02,W7103877798,318
R02,W2900564803,319
R02,W4408969662,320
R02,W4408120610,321
R02,W7162497556,322
R02,W7171431956,323
R02,W1989751409,324
R02,W7166512745,325
R02,W7166578261,326
R02,W2530341238,327
R02,W2506637848,328
R02,W4416121916,329
R02,W4361981906,330
R02,W7134164122,331
R02,W4413957780,332
R02,W4281285419,333
R02,W4361988847,334
R02,W3162026408,335
R02,W2664338322,336
R02,W4386895587,337
R02,W2587416665,338
R02,W3083495221,339
R02,W7138059696,340
R02,W7160069925,341
R02,W2970557808,342
R02,W2527508245,343
R02,W4295779278,344
R02,W2528656039,345
R02,W4414837812,346
R02,W2098896195,347
R02,W2961080284,348
R02,W1926254970,349
R02,W4399608747,350
R02,W7161807036,351
R02,W7204069927,352
R02,W2790023465,353
R02,W7159019087,354
R02,W4411739193,355
R02,W4413447792,356
R02,W7127131615,357
R02,W7115176403,358
R02,W2757191135,359
R02,W4401493257,360
R02,W3007024365,361
R02,W7115186306,362
R02,W7166537845,363
R02,W7127138666,364
R02,W7169683833,365
R02,W4401472232,366
R02,W2142805809,367
R02,W2541496826,368
R02,W4410566096,369
R02,W7161812175,370
R02,W4396718477,371
R02,W7163542098,372
R02,W3162463892,373
R02,W7135102065,374
R02,W7205011405,375
R02,W4251836389,376
R02,W4399176020,377
R02,W7115002502,378
R02,W7114995368,379
R02,W7202280747,380
R02,W7172535606,381
R02,W4417132568,382
R02,W4399498585,383
R02,W2990665516,384
R02,W2593142294,385
R02,W4387521003,386
R02,W7162397625,387
R02,W7167809731,388
R02,W2336723457,389
R02,W2905004704,390
R02,W4409376477,391
R02,W4312219155,392
R02,W7160538399,393
R02,W7116750746,394
R02,W7116674458,395
R02,W3116169485,396
R02,W7219793139,397
R02,W4399207160,398
R02,W4401493200,399
R02,W7213558110,400
R02,W7135209199,401
R02,W7220181150,402
R02,W7125811064,403
R02,W4384303764,404
R02,W7168374078,405
R02,W4411206215,406
R02,W7127941408,407
R02,W4232480204,408
R02,W7201873839,409
R02,W2497327314,410
R02,W7201845625,411
R02,W2281344300,412
R02,W7154710647,413
R02,W7213953480,414
R02,W3203480891,415
R02,W2803317413,416
R02,W2105969109,417
R02,W7155042900,418
R02,W4409148074,419
R02,W4411007941,420
R02,W4361836689,421
R02,W2766819020,422
R02,W3032041206,423
R02,W4298109099,424
R02,W7213346315,425
R02,W7214684229,426
R02,W4385447446,427
R02,W7166699676,428
R02,W4386163192,429
R02,W7203740755,430
R02,W7162007452,431
R02,W7166208303,432
R02,W4405425348,433
R02,W7165567618,434
R02,W4212810168,435
R02,W2938808752,436
R02,W4381803957,437
R02,W4415089430,438
R02,W7218936003,439
R02,W4254899994,440
R02,W4404457840,441
R02,W4404336883,442
R02,W4408592255,443
R02,W7163195219,444
R02,W7166817302,445
R02,W7215890872,446
R02,W4407029812,447
R02,W7138312831,448
R02,W4416127129,449
R02,W2888069072,450
R02,W4407092105,451
R02,W7138124360,452
R02,W7133556820,453
R02,W4416731816,454
R02,W7155394916,455
R02,W4417530243,456
R02,W7155001175,457
R02,W7160141399,458
R02,W7167899679,459
R02,W4403735583,460
R02,W2971716666,461
R02,W4412017041,462
R02,W3157438178,463
R02,W7134139819,464
R02,W4399150646,465
R02,W3035638419,466
R02,W7130507281,467
R02,W7202074919,468
R02,W4415501321,469
R02,W4414061767,470
R02,W7212066552,471
R02,W4414040257,472
R02,W2603174992,473
R02,W7164652503,474
R02,W7163997910,475
R02,W7215890275,476
R02,W2538346605,477
R02,W7117480394,478
R02,W7165663285,479
R02,W7211956845,480
R02,W7214751122,481
R02,W3205365332,482
R02,W7140121874,483
R02,W2492644997,484
R02,W7214726980,485
R02,W7213278447,486
R02,W7163167706,487
R02,W4376255767,488
R02,W4387228506,489
R02,W7214891857,490
R02,W7113011838,491
R02,W7125778131,492
R02,W2554357178,493
R02,W7217807271,494
R02,W3044571869,495
R02,W7138461413,496
R02,W7165473140,497
R02,W7220258109,498
R02,W7166670679,499
R02,W4414794859,500
R02,W4410505248,501
R02,W7160190028,502
R02,W4409978800,503
R02,W4383368590,504
R02,W4290843905,505
R02,W2800751669,506
R02,W4223570750,507
R02,W4210852298,508
R02,W4401373197,509
R02,W7213758280,510
R02,W4411218208,511
R02,W2950370838,512
R02,W7161293849,513
R02,W4404540367,514
R02,W2964640795,515
R02,W7161300039,516
R02,W7123405393,517
R02,W7135175064,518
R02,W4414758791,519
R02,W4229594689,520
R02,W4415256521,521
R02,W7153711621,522
R02,W2897530387,523
R02,W4416335854,524
R02,W3216755251,525
R02,W7153912042,526
R02,W4417231697,527
R02,W4411611250,528
R02,W4389201593,529
R02,W7163808453,530
R02,W2231852723,531
R02,W2909466268,532
R02,W7167596017,533
R02,W7214956340,534
R02,W4411568150,535
R02,W7197046756,536
R02,W7196958035,537
R02,W4401006443,538
R02,W4406806810,539
R02,W3093257709,540
R02,W7114784952,541
R02,W7154137552,542
R02,W4417314463,543
R02,W2511512272,544
R02,W7154092394,545
R02,W4403944311,546
R02,W7214897281,547
R02,W7218564072,548
R02,W7159832984,549
R02,W4411577655,550
R02,W4308783271,551
R02,W4412585057,552
R02,W2488034164,553
R02,W4415370479,554
R02,W7165847381,555
R02,W4402960523,556
R02,W7127976843,557
R02,W4408971696,558
R02,W7125520598,559
R02,W3204193054,560
R02,W3134942993,561
R02,W4413684007,562
R02,W4411976034,563
R02,W7218018400,564
R02,W7219805706,565
R02,W4403947325,566
R02,W7139983043,567
R02,W2527891689,568
R02,W7166546800,569
R02,W4220983461,570
R02,W7212168283,571
R02,W4315796285,572
R02,W4210519292,573
R02,W4293860136,574
R02,W2907068099,575
R02,W7162418687,576
R02,W4293089470,577
R02,W7172221572,578
R02,W7218662826,579
R02,W7170051540,580
R02,W2745953694,581
R02,W4246997708,582
R02,W7214433221,583
R02,W4392962928,584
R02,W2338855164,585
R02,W2803493841,586
R02,W4411782466,587
R02,W7214095665,588
R02,W3170935542,589
R02,W2951175084,590
R02,W7164484554,591
R02,W4413982600,592
R02,W4410981059,593
R02,W4400510848,594
R02,W7213889008,595
R02,W3123078800,596
R02,W3121476363,597
R02,W2935755986,598
R02,W7197032822,599
R02,W4388626167,600
R02,W2972877150,601
R02,W2792428704,602
R02,W7213987589,603
R02,W7134978183,604
R02,W7205006465,605
R02,W4385347884,606
R02,W7136107836,607
R02,W7218482012,608
R02,W4385310620,609
R02,W4415557057,610
R02,W4405844833,611
R02,W4388984037,612
R02,W4282600093,613
R02,W7140163724,614
R02,W4413684309,615
R02,W7214648039,616
R02,W7149341088,617
R02,W4416981669,618
R02,W2902781115,619
R02,W7129197737,620
R02,W2461968900,621
R02,W7167616964,622
R02,W7203827246,623
R02,W2754498280,624
R02,W7150824849,625
R02,W2765202443,626
R02,W7213329383,627
R02,W2765421846,628
R02,W7164577382,629
R02,W2904790583,630
R02,W3215733096,631
R02,W4282978029,632
R02,W7167260324,633
R02,W7167740871,634
R02,W7167205663,635
R02,W7160820276,636
R02,W7160854159,637
R02,W7166503796,638
R02,W7209197426,639
R02,W2891077408,640
R02,W7134961404,641
R02,W7134933643,642
R02,W2898579098,643
R02,W7166024907,644
R02,W2745655644,645
R02,W2562487465,646
R02,W4415930841,647
R02,W4408928711,648
R02,W7209901448,649
R02,W7202017491,650
R02,W4408403823,651
R02,W7167397610,652
R02,W4412911297,653
R02,W7164681595,654
R02,W2604217178,655
R02,W2937653336,656
R02,W2967389626,657
R02,W4408495589,658
R02,W4386339051,659
R02,W4225892609,660
R02,W2892047271,661
R02,W4403738065,662
R02,W4319661511,663
R02,W4285531910,664
R02,W4361989681,665
R02,W7166534082,666
R02,W4399238355,667
R02,W2572408125,668
R02,W2944811924,669
R02,W3029798270,670
R02,W7166823510,671
R02,W2754921144,672
R02,W3007036906,673
R02,W2588855749,674
R02,W7204909571,675
R02,W7215459846,676
R02,W4413222654,677
R02,W2953901818,678
R02,W2582603703,679
R02,W2341842571,680
R02,W7147018410,681
R02,W7152348754,682
R02,W4367316980,683
R02,W4414135963,684
R02,W4281890800,685
R02,W2593870464,686
R02,W7128687170,687
R02,W7214710489,688
R02,W2945776529,689
R02,W2756176057,690
R02,W7203503770,691
R02,W3185083353,692
R02,W4408276423,693
R02,W2562303350,694
R02,W2754893762,695
R02,W4417305104,696
R02,W2793867913,697
R02,W7109938993,698
R02,W7216829740,699
R02,W7160139937,700
R02,W4409204659,701
R02,W2594388389,702
R02,W7169828631,703
R02,W3169357914,704
R02,W7172496987,705
R02,W7172517737,706
R02,W4403557110,707
R02,W7134936814,708
R02,W7139015837,709
R02,W2341145644,710
R02,W4389093574,711
R02,W2924285375,712
R02,W3014426905,713
R02,W2576659095,714
R02,W3208254822,715
R02,W4414930640,716
R02,W3125428732,717
R02,W4413956507,718
R02,W3164447718,719
R02,W4242139153,720
R02,W4416281419,721
R02,W4309703382,722
R02,W7160496222,723
R02,W7167895911,724
R02,W7203497701,725
R02,W2808964392,726
R02,W1621144877,727
R02,W2944818893,728
R02,W2971902181,729
R02,W3176635617,730
R02,W3164698747,731
R02,W3082348958,732
R02,W4390326266,733
R02,W4402742528,734
R02,W7162406407,735
R02,W4410481852,736
R02,W3159076170,737
R02,W4411334497,738
R02,W2766567973,739
R02,W2518431764,740
R02,W7109192011,741
R02,W2937039942,742
R02,W3171128632,743
R02,W3208187120,744
R02,W4403490219,745
R02,W4225132322,746
R02,W4411358238,747
R02,W7203499353,748
R02,W2510597833,749
R02,W7164842515,750
R02,W2006219667,751
R02,W4400582463,752
R02,W2394941521,753
R02,W2345063721,754
R02,W7162100934,755
R02,W1997311707,756
R02,W7167630956,757
R02,W2949183165,758
R02,W4286379460,759
R02,W7167719812,760
R02,W4414096758,761
R02,W4417146502,762
R02,W2419622198,763
R02,W7147075181,764
R02,W7167677785,765
R02,W2426068117,766
R02,W7125628934,767
R02,W2983084769,768
R02,W7218022755,769
R02,W2225164413,770
R02,W7171697441,771
R02,W7202284377,772
R02,W2555810400,773
R02,W7125135236,774
R02,W2903594676,775
R02,W2913949638,776
R02,W4320037984,777
R02,W7202346081,778
R02,W2895939284,779
R02,W2795430511,780
R02,W4413425216,781
R02,W7133323911,782
R02,W7216522672,783
R02,W7133328471,784
R02,W7202275239,785
R02,W4411831087,786
R02,W7142319905,787
R02,W2887159108,788
R02,W2294390324,789
R02,W7140210251,790
R02,W7197001884,791
R02,W7203539298,792
R02,W4393024740,793
R02,W4416820255,794
R02,W7204927219,795
R02,W7160550863,796
R02,W2798830723,797
R02,W4409363112,798
R02,W7160554327,799
R02,W2586687479,800
R02,W4413266276,801
R02,W4313302355,802
R02,W7220019071,803
R02,W7167740886,804
R02,W4210575355,805
R02,W4414951374,806
R02,W2337524493,807
R02,W7135392345,808
R02,W7206154356,809
R02,W4410565989,810
R02,W4284708853,811
R02,W7215318436,812
R02,W2947228748,813
R02,W2791328224,814
R02,W4417461350,815
R02,W4413406560,816
R02,W4387818020,817
R02,W7214789625,818
R02,W3002254726,819
R02,W4414449813,820
R02,W7118073425,821
R02,W7140886006,822
R02,W7118067091,823
R02,W4414849705,824
R02,W4402494304,825
R02,W4410282245,826
R02,W7128442005,827
R02,W4414182225,828
R02,W7172508383,829
R02,W7203885231,830
R02,W3022838595,831
R02,W7162477440,832
R02,W4411226420,833
R02,W7117307187,834
R02,W7116795185,835
R02,W7214651037,836
R02,W4393580482,837
R02,W2611441185,838
R02,W3005346535,839
R02,W4406906808,840
R02,W4386737824,841
R02,W4414695378,842
R02,W4378651372,843
R02,W4200187601,844
R02,W2974044350,845
R02,W4411508237,846
R02,W3045106174,847
R02,W4254477285,848
R02,W7116400075,849
R02,W7116279133,850
R02,W2778704114,851
R02,W4281382120,852
R02,W3124498859,853
R02,W4242553743,854
R02,W3152670402,855
R02,W7168389723,856
R02,W7140814890,857
R02,W7161551759,858
R02,W3168367408,859
R02,W4372337851,860
R02,W4394958103,861
R02,W4378801249,862
R02,W4400381346,863
R02,W2341540541,864
R02,W4413244346,865
R02,W7172091615,866
R02,W3182412462,867
R02,W3092309344,868
R02,W2291526575,869
R02,W4404791098,870
R02,W4411077740,871
R02,W7172099564,872
R02,W7213261038,873
R02,W4412870461,874
R02,W2923050056,875
R02,W7128530318,876
R02,W3026634196,877
R02,W2586376165,878
R02,W7161841296,879
R02,W3206387544,880
R02,W4288051412,881
R02,W7213647806,882
R02,W7163058899,883
R02,W2102663498,884
R02,W4322756363,885
R02,W7127157296,886
R02,W7163995160,887
R02,W4322756391,888
R02,W7125770461,889
R02,W7127162956,890
R02,W2924218050,891
R02,W3189274718,892
R02,W2579008579,893
R02,W7162398991,894
R02,W7211874345,895
R02,W7151576442,896
R02,W2770424304,897
R02,W3004721071,898
R02,W4390306253,899
R02,W7160104999,900
R02,W4404624424,901
R02,W4416208745,902
R02,W7217898995,903
R02,W4214699702,904
R02,W7152073098,905
R02,W4402883803,906
R02,W3097065210,907
R02,W4416299475,908
R02,W7138892622,909
R02,W4236579376,910
R02,W3132745453,911
R02,W3092825127,912
R02,W4416819382,913
R02,W7167617498,914
R02,W3031307859,915
R02,W4415091323,916
R02,W2963769963,917
R02,W4412608913,918
R02,W7117163125,919
R02,W3137664513,920
R02,W4317777883,921
R02,W4401821871,922
R02,W4255725934,923
R02,W4415999186,924
R02,W7143263745,925
R02,W7147557225,926
R02,W4406354704,927
R02,W4417354549,928
R02,W4403539566,929
R02,W2989600340,930
R02,W4391127468,931
R02,W7147287499,932
R02,W4361001517,933
R02,W4387187672,934
R02,W4407144487,935
R02,W7125799125,936
R02,W4366995390,937
R02,W7165107175,938
R02,W4415217069,939
R02,W3085950452,940
R02,W7147505922,941
R02,W4396770203,942
R02,W4410565865,943
R02,W4416292961,944
R02,W7165575697,945
R02,W3019491570,946
R02,W7147478098,947
R02,W7117318330,948
R02,W7203829984,949
R02,W7118699957,950
R02,W3158482748,951
R02,W7216599818,952
R02,W2243585468,953
R02,W2429442229,954
R02,W3162555571,955
R02,W4414214325,956
R02,W4294579026,957
R02,W7204277715,958
R02,W7218410284,959
R02,W4220735368,960
R02,W7218722497,961
R02,W7168038441,962
R02,W2945761589,963
R02,W4405464981,964
R02,W7216601476,965
R02,W7162342090,966
R02,W4399279780,967
R02,W7131821562,968
R02,W7131291099,969
R02,W7134925178,970
R02,W7115560352,971
R02,W7134942200,972
R02,W4406338517,973
R02,W4382466618,974
R02,W7148845435,975
R02,W7170079877,976
R02,W2509837919,977
R02,W4399025576,978
R02,W7125708857,979
R02,W7162758112,980
R02,W4287586972,981
R02,W7125705293,982
R02,W7212042704,983
R02,W4414883789,984
R02,W4416772200,985
R02,W4386541367,986
R02,W7166704002,987
R02,W7163739275,988
R02,W3172161095,989
R02,W4407290716,990
R02,W7218485905,991
R02,W7165364270,992
R02,W7167229956,993
R02,W4214660676,994
R02,W4408001141,995
R02,W3002045082,996
R02,W7162751260,997
R02,W2989756998,998
R02,W2295155453,999
R02,W7169223421,1000
R02,W7217627548,1001
R02,W4408257795,1002
R02,W7168820707,1003
R02,W7167668057,1004
R02,W4409603900,1005
R02,W2903753345,1006
R02,W7125780563,1007
R02,W4380342563,1008
R02,W4413469990,1009
R02,W2734059202,1010
R02,W2765622431,1011
R02,W4293008981,1012
R02,W4415369649,1013
R02,W2918213548,1014
R02,W7204670393,1015
R02,W2992406240,1016
R02,W7165489823,1017
R02,W2766483227,1018
R02,W4405345645,1019
R02,W7165475092,1020
R02,W4414075446,1021
R02,W2786533790,1022
R02,W4286381628,1023
R02,W4411520649,1024
R02,W7169200949,1025
R02,W3196459733,1026
R02,W7167820329,1027
R02,W4411459682,1028
R02,W7171953337,1029
R02,W7156708597,1030
R02,W7154572826,1031
R02,W7167092246,1032
R02,W7154602143,1033
R02,W7157148930,1034
R02,W4229535661,1035
R02,W2949837546,1036
R02,W3030949108,1037
R02,W4416766115,1038
R02,W7164349057,1039
R02,W7119016773,1040
R02,W7213940300,1041
R02,W7160419181,1042
R02,W7124158297,1043
R02,W3206561781,1044
R02,W7167889121,1045
R02,W4409726122,1046
R02,W7220135773,1047
R02,W4321018599,1048
R02,W7123345138,1049
R02,W7220218841,1050
R02,W7217567776,1051
R02,W7172114828,1052
R02,W4393935192,1053
R02,W4416041872,1054
R02,W2460375615,1055
R02,W7138901533,1056
R02,W4410040270,1057
R02,W7117733030,1058
R02,W7215868805,1059
R02,W7163207885,1060
R02,W3092873217,1061
R02,W7154596202,1062
R02,W7154685202,1063
R02,W7154621041,1064
R02,W4410973732,1065
R02,W3046731688,1066
R02,W2401775532,1067
R02,W7217196008,1068
R02,W2890699328,1069
R02,W7196994694,1070
R02,W7167911958,1071
R02,W7165555618,1072
R02,W4412878281,1073
R02,W7163029580,1074
R02,W2409303385,1075
R02,W7167940660,1076
R02,W7117293167,1077
R02,W4409404386,1078
R02,W7126042528,1079
R02,W7155491077,1080
R02,W4405456014,1081
R02,W2980518894,1082
R02,W4413274927,1083
R02,W7214652790,1084
R02,W7214591569,1085
R02,W7214681812,1086
R02,W7167497439,1087
R02,W7103888470,1088
R02,W7164785266,1089
R02,W7167810364,1090
R02,W7167520270,1091
R02,W7171208519,1092
R02,W7171176223,1093
R02,W7171437048,1094
R02,W4414175548,1095
R02,W7164330593,1096
R02,W4254200849,1097
R02,W4391292772,1098
R02,W7164883186,1099
R02,W7203528717,1100
R02,W4382704859,1101
R02,W7203540946,1102
R02,W7164889478,1103
R02,W4409789458,1104
R02,W7166679113,1105
R02,W4408676265,1106
R02,W7134825230,1107
R02,W7214494583,1108
R02,W3034300781,1109
R02,W7133511772,1110
R02,W4405814622,1111
R02,W7122453012,1112
R02,W7125789876,1113
R02,W7155001209,1114
R02,W7165189365,1115
R02,W4214618676,1116
R02,W2758772007,1117
R02,W7202201137,1118
R02,W7166159388,1119
R02,W7131619156,1120
R02,W4407985149,1121
R02,W7163561590,1122
R02,W4312399491,1123
R02,W7217085396,1124
R02,W7162539520,1125
R02,W4416196254,1126
R02,W7138955237,1127
R02,W3092134336,1128
R02,W7161565578,1129
R02,W7125474693,1130
R02,W4413961445,1131
R02,W4414838702,1132
R02,W7125432982,1133
R02,W7218262272,1134
R02,W4412506984,1135
R02,W4226082716,1136
R02,W4413046666,1137
R02,W4408010809,1138
R02,W4409811772,1139
R02,W4392375686,1140
R02,W7172427080,1141
R02,W7160389403,1142
R02,W7214920937,1143
R02,W2397402907,1144
R02,W2980990823,1145
R02,W7166825355,1146
R02,W7162311239,1147
R02,W3092161850,1148
R02,W7166809568,1149
R02,W4404787064,1150
R02,W2530041403,1151
R02,W7171738429,1152
R02,W7134926530,1153
R02,W2780140561,1154
R02,W7125895404,1155
R02,W4416143820,1156
R02,W7216459653,1157
R02,W7164550215,1158
R02,W7165792713,1159
R02,W4225432591,1160
R02,W3211382822,1161
R02,W4414999701,1162
R02,W4417440871,1163
R02,W7123349030,1164
R02,W7160131709,1165
R02,W7213441112,1166
R02,W7118084728,1167
R02,W7165644909,1168
R02,W7172407968,1169
R02,W7122471442,1170
R02,W7203713844,1171
R02,W7202026991,1172
R02,W4412033913,1173
R02,W4285331578,1174
R02,W7214737251,1175
R02,W4412136458,1176
R02,W7131438696,1177
R02,W4414584200,1178
R02,W3087912747,1179
R02,W4414514196,1180
R02,W7211876728,1181
R02,W7202189557,1182
R02,W7211891257,1183
R02,W7202080840,1184
R02,W4410447636,1185
R02,W4387123059,1186
R02,W7168473412,1187
R02,W7217371668,1188
R02,W4412816915,1189
R02,W7213751172,1190
R02,W7217699434,1191
R02,W7133529423,1192
R02,W7172518656,1193
R02,W7203703079,1194
R02,W3184420030,1195
R02,W7138890178,1196
R02,W4281391905,1197
R02,W4408947765,1198
R02,W7216971071,1199
R02,W7213259542,1200
R02,W4405092837,1201
R02,W7220346648,1202
R02,W7168465689,1203
R02,W7161271108,1204
R02,W2976813316,1205
R02,W7204580648,1206
R02,W7216084713,1207
R02,W7214722913,1208
R02,W4410793038,1209
R02,W7167067350,1210
R02,W7217303410,1211
R02,W7161582061,1212
R02,W7207731448,1213
R02,W7207610265,1214
R02,W4281778427,1215
R02,W4293193556,1216
R02,W7204628693,1217
R02,W4398184400,1218
R02,W4408503363,1219
R02,W7160031563,1220
R02,W4413129151,1221
R02,W7219871965,1222
R02,W4312469875,1223
R02,W7201852197,1224
R02,W3113099920,1225
R02,W7160413901,1226
R02,W7220267117,1227
R02,W4416303670,1228
R02,W7215860499,1229
R02,W7212078002,1230
R02,W4410996068,1231
R02,W7205012850,1232
R02,W4412965457,1233
R02,W7168088873,1234
R02,W7160392511,1235
R02,W7171390537,1236
R02,W2103779555,1237
R02,W7125941532,1238
R02,W7125825023,1239
R02,W7204448795,1240
R02,W3167433098,1241
R02,W2264305567,1242
R02,W3134011505,1243
R02,W7154951549,1244
R02,W7208813327,1245
R02,W7130616623,1246
R02,W3198166288,1247
R02,W7127316770,1248
R02,W4408386691,1249
R02,W4402960669,1250
R02,W7208787073,1251
R02,W3091042489,1252
R02,W4413742179,1253
R02,W7137950411,1254
R02,W7217991684,1255
R02,W4414146595,1256
R02,W7210293037,1257
R02,W7152683645,1258
R02,W7155974262,1259
R02,W4413474474,1260
R02,W4412807390,1261
R02,W7171565030,1262
R02,W4399984676,1263
R02,W4409911044,1264
R02,W7220230593,1265
R02,W2982877763,1266
R02,W4409705833,1267
R02,W7139100985,1268
R02,W7139095395,1269
R02,W7217995771,1270
R02,W7217307468,1271
R02,W3089437172,1272
R02,W7217426692,1273
R02,W7147475430,1274
R02,W4416935445,1275
R02,W4412399962,1276
R02,W7219677681,1277
R02,W7133228109,1278
R02,W4404116920,1279
R02,W7160442798,1280
R02,W2550093047,1281
R02,W7204029286,1282
R02,W2273959639,1283
R02,W4414959555,1284
R02,W4388419771,1285
R02,W4405834516,1286
R02,W4417330598,1287
R02,W4407382852,1288
R02,W7218693768,1289
R02,W4225525554,1290
R02,W7140296912,1291
R02,W7203836973,1292
R02,W2967005951,1293
R02,W7144232502,1294
R02,W7203576526,1295
R02,W4417013147,1296
R02,W7140026530,1297
R02,W7140030061,1298
R02,W4238698344,1299
R02,W2942350655,1300
R02,W1995653314,1301
R02,W7164149758,1302
R02,W7171561765,1303
R02,W2477539724,1304
R02,W3085714742,1305
R02,W4414952993,1306
R02,W2984172715,1307
R02,W7203744778,1308
R02,W7216016709,1309
R02,W7204051348,1310
R02,W4410463829,1311
R02,W7165863969,1312
R02,W4401337324,1313
R02,W1915176121,1314
R02,W4406733791,1315
R02,W4409019285,1316
R02,W4407074755,1317
R02,W7219640205,1318
R02,W7135040703,1319
R02,W2080135326,1320
R02,W7162935092,1321
R02,W4312784329,1322
R02,W7171839218,1323
R02,W7124294381,1324
R02,W7213229649,1325
R02,W2784107790,1326
R02,W7165583924,1327
R02,W4394568483,1328
R02,W7125219304,1329
R02,W7214585468,1330
R02,W4412821302,1331
R02,W4413805190,1332
R02,W2569071345,1333
R02,W4415997953,1334
R02,W4382984063,1335
R02,W7220152155,1336
R02,W621623764,1337
R02,W4413684006,1338
R02,W7160043495,1339
R02,W4415247700,1340
R02,W3136906726,1341
R02,W7163084314,1342
R02,W7219817796,1343
R02,W2567318703,1344
R02,W7154174919,1345
R02,W7131907588,1346
R02,W7131850856,1347
R02,W7128182893,1348
R02,W7133906913,1349
R02,W7219778677,1350
R02,W4387833606,1351
R02,W7213662471,1352
R02,W7108328468,1353
R02,W7108347171,1354
R02,W3132822841,1355
R02,W2802629501,1356
R02,W4380050136,1357
R02,W2488721514,1358
R02,W7219365144,1359
R02,W2774251476,1360
R02,W7155072780,1361
R02,W3148531362,1362
R02,W7216942003,1363
R02,W4211075187,1364
R02,W7219093740,1365
R02,W4412494877,1366
R02,W2615723313,1367
R02,W4322760205,1368
R02,W4238068574,1369
R02,W7160634180,1370
R02,W7168364394,1371
R02,W7220183457,1372
R02,W4410455245,1373
R02,W4413889253,1374
R02,W4405469935,1375
R02,W7212386583,1376
R02,W7118829784,1377
R02,W4235426875,1378
R02,W4415507748,1379
R02,W7166532756,1380
R02,W4408155510,1381
R02,W7144851823,1382
R02,W4417060797,1383
R02,W7117295091,1384
R02,W7135218598,1385
R02,W2095030440,1386
R02,W4412385650,1387
R02,W3011446501,1388
R02,W4402936478,1389
R02,W7208828189,1390
R02,W7137480420,1391
R02,W2921231613,1392
R02,W7163218028,1393
R02,W7167665888,1394
R02,W2989239875,1395
R02,W4307503211,1396
R02,W7162852311,1397
R02,W2911914556,1398
R02,W7162720892,1399
R02,W7169841259,1400
R02,W7219183237,1401
R02,W2346021952,1402
R02,W7217787222,1403
R02,W7216980706,1404
R02,W4409844345,1405
R02,W7124867128,1406
R02,W7213534762,1407
R02,W3048439035,1408
R02,W4387310032,1409
R02,W2550521710,1410
R02,W7204666167,1411
R02,W4414676427,1412
R02,W2340727114,1413
R02,W7104379056,1414
R02,W7104366216,1415
R02,W7217773938,1416
R02,W2608057463,1417
R02,W7159815533,1418
R02,W7130822329,1419
R02,W4401168587,1420
R02,W4414928730,1421
R02,W7130505507,1422
R02,W7217039661,1423
R02,W7216802439,1424
R02,W4404693484,1425
R02,W2885847680,1426
R02,W7163426497,1427
R02,W7214104490,1428
R02,W7213649923,1429
R02,W7131674122,1430
R02,W7216465464,1431
R02,W7166108493,1432
R02,W7217743060,1433
R02,W4229368115,1434
R02,W7218275301,1435
R02,W7117746281,1436
R02,W7106659653,1437
R02,W4402067579,1438
R02,W7117297210,1439
R02,W7207006384,1440
R02,W4384406748,1441
R02,W7216052850,1442
R02,W4410917774,1443
R02,W7117141018,1444
R02,W4413330013,1445
R02,W4390960514,1446
R02,W2326726694,1447
R02,W4408970115,1448
R02,W4402611828,1449
R02,W4391513311,1450
R02,W7211874890,1451
R02,W4414444053,1452
R02,W2514436451,1453
R02,W4410551984,1454
R02,W4312207204,1455
R02,W7208766186,1456
R02,W7218207079,1457
R02,W3057099466,1458
R02,W7133209257,1459
R02,W4385650945,1460
R02,W1514244925,1461
R02,W7162141217,1462
R02,W7127072025,1463
R02,W7141831787,1464
R02,W4413252894,1465
R02,W4309788049,1466
R02,W7213356413,1467
R02,W4399262020,1468
R02,W7162106860,1469
R02,W2592180207,1470
R02,W7110591253,1471
R02,W4283592989,1472
R02,W7117734064,1473
R02,W4415686037,1474
R02,W7212444445,1475
R02,W3153721630,1476
R02,W7167491976,1477
R02,W2886084163,1478
R02,W7220345525,1479
R02,W4231985301,1480
R02,W2518451310,1481
R02,W3096656822,1482
R02,W7161492780,1483
R02,W7160423162,1484
R02,W3095574202,1485
R02,W7169797673,1486
R02,W3118906418,1487
R02,W4240840968,1488
R02,W4381386677,1489
R02,W4384697652,1490
R02,W4406774987,1491
R02,W2948295502,1492
R02,W2964602995,1493
R02,W7203684980,1494
R02,W4405366287,1495
R02,W4412749063,1496
R02,W7131632978,1497
R02,W2928516018,1498
R02,W7115061173,1499
R02,W7115070243,1500
R02,W4417076823,1501
R02,W7117120786,1502
R02,W2768429565,1503
R02,W4395047493,1504
R02,W7219196740,1505
R02,W4412914532,1506
R02,W2784927053,1507
R02,W7204231461,1508
R02,W7164849001,1509
R02,W7123347608,1510
R02,W7165937239,1511
R02,W4410201196,1512
R02,W2899460347,1513
R02,W4415719731,1514
R02,W7217230762,1515
R02,W7216633347,1516
R02,W4413247925,1517
R02,W3127122098,1518
R02,W4412530174,1519
R02,W7204939937,1520
R02,W7128684848,1521
R02,W4413040169,1522
R02,W4415762455,1523
R02,W7203785728,1524
R02,W2283475036,1525
R02,W7117893286,1526
R02,W7160724961,1527
R02,W7117880629,1528
R02,W7212779440,1529
R02,W7167343584,1530
R02,W2974132508,1531
R02,W3115211811,1532
R02,W4248467967,1533
R02,W3203427147,1534
R02,W20047908,1535
R02,W3201406407,1536
R02,W7133359429,1537
R02,W2914106858,1538
R02,W3210548254,1539
R02,W4415419995,1540
R02,W4407734726,1541
R02,W3129352234,1542
R02,W7220331355,1543
R02,W4402003082,1544
R02,W4254470957,1545
R02,W7213484396,1546
R02,W2906467101,1547
R02,W4392863883,1548
R02,W4386451340,1549
R02,W7160860138,1550
R02,W4413683974,1551
R02,W7169545104,1552
R02,W4405443357,1553
R02,W3123717789,1554
R02,W7169679248,1555
R02,W7169492600,1556
R02,W7160863686,1557
R02,W7147572115,1558
R02,W2767430400,1559
R02,W7215053163,1560
R02,W2775184516,1561
R02,W7133305370,1562
R02,W7168044550,1563
R02,W7168020951,1564
R02,W7125258593,1565
R02,W7134942368,1566
R02,W7115573149,1567
R02,W7214111984,1568
R02,W7164915009,1569
R02,W4413098370,1570
R02,W4412567199,1571
R02,W4414404622,1572
R02,W7212072053,1573
R02,W2891613498,1574
R02,W7171716659,1575
R02,W3025377179,1576
R02,W7161415305,1577
R02,W7161378745,1578
R02,W3017732829,1579
R02,W2744114600,1580
R02,W4250236687,1581
R02,W2241573107,1582
R02,W7219111658,1583
R02,W7213874736,1584
R02,W4399240146,1585
R02,W7126224157,1586
R02,W2522695113,1587
R02,W7215767581,1588
R02,W7161004259,1589
R02,W7218443847,1590
R02,W3184017268,1591
R02,W4392175841,1592
R02,W7126324301,1593
R02,W7214917810,1594
R02,W7166660952,1595
R02,W4312184895,1596
R02,W4400198370,1597
R02,W7217698664,1598
R02,W4396881937,1599
R02,W7208769515,1600
R02,W4409992000,1601
R02,W7169887349,1602
R02,W7128697058,1603
R02,W7213943968,1604
R02,W7136154412,1605
R02,W4417172619,1606
R02,W4416386021,1607
R02,W7202373681,1608
R02,W7220122836,1609
R02,W2970298230,1610
R02,W4393355044,1611
R02,W7216494302,1612
R02,W7170120116,1613
R02,W4411893822,1614
R02,W7115588087,1615
R02,W3204080034,1616
R02,W7219688743,1617
R02,W4409510254,1618
R02,W7167845385,1619
R02,W7122799514,1620
R02,W3097520260,1621
R02,W7163883280,1622
R02,W4414618301,1623
R02,W4389959786,1624
R02,W4410448780,1625
R02,W2273137250,1626
R02,W4415044925,1627
R02,W7215985440,1628
R02,W7172135860,1629
R02,W7203669976,1630
R02,W2950930287,1631
R02,W7135130565,1632
R02,W7216462705,1633
R02,W4410447796,1634
R02,W4255910298,1635
R02,W7161683824,1636
R02,W4239558655,1637
R02,W7215758240,1638
R02,W4413234442,1639
R02,W7165529630,1640
R02,W4407058932,1641
R02,W7164321378,1642
R02,W4387601060,1643
R02,W4417121315,1644
R02,W7116844123,1645
R02,W4414871767,1646
R02,W363486424,1647
R02,W7154208563,1648
R02,W3006263130,1649
R02,W4414127504,1650
R02,W7133207654,1651
R02,W2502674040,1652
R02,W4409878501,1653
R02,W4243424354,1654
R02,W4210724236,1655
R02,W4300937916,1656
R02,W7165206460,1657
R02,W7202260498,1658
R02,W1602744014,1659
R02,W4405116383,1660
R02,W4413240322,1661
R02,W4409867738,1662
R02,W3176180553,1663
R02,W7168378885,1664
R02,W4391462585,1665
R02,W4416590283,1666
R02,W2586276926,1667
R02,W7139970849,1668
R02,W4413224204,1669
R02,W7217467886,1670
R02,W7216856848,1671
R02,W7203825460,1672
R02,W4413305485,1673
R02,W7125903021,1674
R02,W7154952973,1675
R02,W7154989688,1676
R02,W4410111130,1677
R02,W7128683527,1678
R02,W4413193438,1679
R02,W7160266267,1680
R02,W2566931360,1681
R02,W7171387288,1682
R02,W7171396179,1683
R02,W4388288806,1684
R02,W7216542276,1685
R02,W4404744488,1686
R02,W7207678080,1687
R02,W7207707094,1688
R02,W4389615981,1689
R02,W7172446994,1690
R02,W3216767138,1691
R02,W3181128945,1692
R02,W4408972219,1693
R02,W4280550041,1694
R02,W2469388354,1695
R02,W7202263622,1696
R02,W7202242885,1697
R02,W4417520042,1698
R02,W7217095309,1699
R02,W2584644259,1700
R02,W7134076060,1701
R02,W7128424933,1702
R02,W3158139704,1703
R02,W7117139925,1704
R02,W2296320769,1705
R02,W2174834455,1706
R02,W4390503589,1707
R02,W1009339997,1708
R02,W7128468715,1709
R02,W4411298032,1710
R02,W7163347448,1711
R02,W7144230352,1712
R02,W4412770877,1713
R02,W7163425811,1714
R02,W7125119765,1715
R02,W4312108222,1716
R02,W7208818358,1717
R02,W4414820965,1718
R02,W7124918351,1719
R02,W4410244013,1720
R02,W4362722837,1721
R02,W7212197434,1722
R02,W4415120263,1723
R02,W4403128760,1724
R02,W7163531125,1725
R02,W4409609516,1726
R02,W7131369736,1727
R02,W2184941126,1728
R02,W7162015841,1729
R02,W7161987182,1730
R02,W4391046835,1731
R02,W7125672891,1732
R02,W7204915592,1733
R02,W7125653215,1734
R02,W7135201543,1735
R02,W4414817090,1736
R02,W4410576627,1737
R02,W7125639740,1738
R02,W7154460504,1739
R02,W7143316231,1740
R02,W7217115750,1741
R02,W4399166966,1742
R02,W7106337213,1743
R02,W7166061065,1744
R02,W4404133679,1745
R02,W7171312083,1746
R02,W7162784854,1747
R02,W4415405396,1748
R02,W7217231015,1749
R02,W4416288092,1750
R02,W7171240934,1751
R02,W4416398276,1752
R02,W7172487211,1753
R02,W3091186899,1754
R02,W3110769689,1755
R02,W4392471046,1756
R02,W2977402676,1757
R02,W7134108319,1758
R02,W4414921466,1759
R02,W7133332094,1760
R02,W7117655448,1761
R02,W7134120581,1762
R02,W7129665489,1763
R02,W2990937039,1764
R02,W7133303569,1765
R02,W7213357390,1766
R02,W7135084100,1767
R02,W4416419286,1768
R02,W4392509575,1769
R02,W4413120904,1770
R02,W7216521756,1771
R02,W7203468901,1772
R02,W4226518720,1773
R02,W4410565906,1774
R02,W4415988851,1775
R02,W7172337785,1776
R02,W4415711072,1777
R02,W4385225682,1778
R02,W7153590612,1779
R02,W4400104626,1780
R02,W4413323254,1781
R02,W4414970448,1782
R02,W4413832254,1783
R02,W4408528780,1784
R02,W4389831106,1785
R02,W7153572792,1786
R02,W2984995079,1787
R02,W7216946884,1788
R02,W4416736887,1789
R02,W2904746563,1790
R02,W7216336770,1791
R02,W3217485914,1792
R02,W7164891252,1793
R02,W7220252507,1794
R02,W4244941102,1795
R02,W4412167020,1796
R02,W7216229155,1797
R02,W3208628338,1798
R02,W7167810700,1799
R02,W4414207436,1800
R02,W4414207436,1801
R02,W2982289527,1802
R02,W2329215981,1803
R02,W4296129170,1804
R02,W4407957790,1805
R02,W7160869500,1806
R02,W7171298679,1807
R02,W7160861445,1808
R02,W7118627455,1809
R02,W4235865904,1810
R02,W7218955145,1811
R02,W4414363379,1812
R02,W7118088704,1813
R02,W4290098767,1814
R02,W4413902624,1815
R02,W7165167072,1816
R02,W7117306487,1817
R02,W2467039932,1818
R02,W7160415802,1819
R02,W7133215604,1820
R02,W4411687468,1821
R02,W7202050460,1822
R02,W4225492941,1823
R02,W7202050925,1824
R02,W824176448,1825
R02,W2966999278,1826
R02,W4399485234,1827
R02,W4412718121,1828
R02,W4407424638,1829
R02,W4410323487,1830
R02,W7127201536,1831
R02,W7202262473,1832
R02,W4409175806,1833
R02,W4412603904,1834
R02,W7204755649,1835
R02,W4416649584,1836
R02,W7212911386,1837
R02,W4416969414,1838
R02,W3196012020,1839
R02,W7154071152,1840
R02,W7116071099,1841
R02,W2508125056,1842
R02,W4416340398,1843
R02,W4361994624,1844
R02,W2943799979,1845
R02,W3175892291,1846
R02,W4392674407,1847
R02,W2810865790,1848
R02,W7124296132,1849
R02,W4393118169,1850
R02,W4322710133,1851
R02,W4360610153,1852
R02,W4410605678,1853
R02,W4304695569,1854
R02,W7165052249,1855
R02,W4387805375,1856
R02,W7133361811,1857
R02,W4409981552,1858
R02,W7118003188,1859
R02,W7161992587,1860
R02,W7126049105,1861
R02,W4411044899,1862
R02,W7164580389,1863
R02,W7167628148,1864
R02,W7164678656,1865
R02,W7133364227,1866
R02,W7143372169,1867
R02,W4415612223,1868
R02,W7204950477,1869
R02,W4411312918,1870
R02,W3215500742,1871
R02,W7133526356,1872
R02,W7128041501,1873
R02,W7127901397,1874
R02,W4383959841,1875
R02,W7160122528,1876
R02,W3118181898,1877
R02,W4240067674,1878
R02,W3166985189,1879
R02,W3205269769,1880
R02,W4401534786,1881
R02,W7220009813,1882
R02,W4410243173,1883
R02,W4417252011,1884
R02,W2980629642,1885
R02,W7125611587,1886
R02,W7116697883,1887
R02,W4412634624,1888
R02,W3200371323,1889
R02,W7170034007,1890
R02,W4413852128,1891
R02,W7171953154,1892
R02,W4390032639,1893
R02,W2951618814,1894
R02,W7125140081,1895
R02,W7220327332,1896
R02,W7218090722,1897
R02,W2799688867,1898
R02,W7162098694,1899
R02,W7172030603,1900
R02,W4385195013,1901
R02,W2884070836,1902
R02,W7220060094,1903
R02,W4401647550,1904
R02,W7165138998,1905
R02,W2998896354,1906
R02,W7170232704,1907
R02,W7165152749,1908
R02,W2993976523,1909
R02,W7218236351,1910
R02,W7202075266,1911
R02,W7130654773,1912
R02,W4411851816,1913
R02,W4416777826,1914
R02,W7125778878,1915
R02,W7134847077,1916
R02,W4294578179,1917
R02,W4362015101,1918
R02,W3174209367,1919
R02,W2886859473,1920
R02,W4415462095,1921
R02,W2972284544,1922
R02,W3028318756,1923
R02,W7213342911,1924
R02,W2908461033,1925
R02,W7214479560,1926
R02,W2980427368,1927
R02,W2562683133,1928
R02,W4311791452,1929
R02,W4387210189,1930
R02,W7167693490,1931
R02,W7158809257,1932
R02,W4416590352,1933
R02,W3105389930,1934
R02,W4403668433,1935
R02,W3049563865,1936
R02,W2531075232,1937
R02,W7131412980,1938
R02,W7220153274,1939
R02,W4415010875,1940
R02,W4412586962,1941
R02,W7138861284,1942
R02,W2766498331,1943
R02,W4414955822,1944
R02,W7171684096,1945
R02,W4384939114,1946
R02,W7204246079,1947
R02,W7220067062,1948
R02,W7133296233,1949
R02,W4378746428,1950
R02,W4411894707,1951
R02,W7135029598,1952
R02,W2797847515,1953
R02,W4403129581,1954
R02,W4387242126,1955
R02,W7116715796,1956
R02,W7134953614,1957
R02,W1966248514,1958
R02,W7132840621,1959
R02,W7118323255,1960
R02,W7167512044,1961
R02,W4391854769,1962
R02,W7164655778,1963
R02,W7171739198,1964
R02,W4417253934,1965
R02,W2944061761,1966
R02,W4403531418,1967
R02,W7160559357,1968
R02,W7134954419,1969
R02,W4417238959,1970
R02,W7131362645,1971
R02,W7213548716,1972
R02,W7171549293,1973
R02,W2978082871,1974
R02,W2901920875,1975
R02,W4400875911,1976
R02,W7123360076,1977
R02,W7171557518,1978
R02,W3167028866,1979
R02,W2782365425,1980
R02,W7220051456,1981
R02,W7164689809,1982
R02,W4417461416,1983
R02,W7155537733,1984
R02,W4416724504,1985
R02,W3170522602,1986
R02,W2979828518,1987
R02,W2270147915,1988
R02,W4410519225,1989
R02,W7134165016,1990
R02,W7219972330,1991
R02,W4405421204,1992
R02,W7218529213,1993
R02,W7170131379,1994
R02,W7125184206,1995
R02,W2918807165,1996
R02,W1841678623,1997
R02,W7168353355,1998
R02,W4386323913,1999
R02,W7216788243,2000
R02,W4414599372,2001
R02,W7211920393,2002
R02,W4390653116,2003
R02,W7162865981,2004
R02,W3199686843,2005
R02,W7217071876,2006
R02,W7124131492,2007
R02,W3099454854,2008
R02,W7124172116,2009
R02,W7152994682,2010
R02,W7202386231,2011
R02,W7202346837,2012
R02,W3008032071,2013
R02,W7217773787,2014
R02,W7155539974,2015
R02,W2963723060,2016
R02,W4410630702,2017
R02,W2909923498,2018
R02,W4410202089,2019
R02,W2959224616,2020
R02,W7203660082,2021
R02,W3127494928,2022
R02,W4414351896,2023
R02,W7160570854,2024
R02,W7125386629,2025
R02,W2939923388,2026
R02,W4410582215,2027
R02,W2227437572,2028
R02,W4248190238,2029
R02,W2756640209,2030
R02,W7157612240,2031
R02,W4252708755,2032
R02,W7165009286,2033
R02,W4410379696,2034
R02,W7105811235,2035
R02,W7152443083,2036
R02,W7213648494,2037
R02,W3209154611,2038
R02,W4412397510,2039
R02,W7155521140,2040
R02,W7159104680,2041
R02,W2400675833,2042
R02,W4387196802,2043
R02,W4388133770,2044
R02,W7105801105,2045
R02,W7158851068,2046
R02,W4410123031,2047
R02,W3158102609,2048
R02,W7202413733,2049
R02,W7140476191,2050
R02,W2980424451,2051
R02,W7167516611,2052
R02,W7167457916,2053
R02,W7120062981,2054
R02,W2989063722,2055
R02,W3174917521,2056
R02,W4226313603,2057
R02,W4252549634,2058
R02,W7202026733,2059
R02,W7117879775,2060
R02,W4396845456,2061
R02,W7134062385,2062
R02,W1570190067,2063
R02,W2996569823,2064
R02,W7202047558,2065
R02,W7217030339,2066
R02,W7138927497,2067
R02,W7140982129,2068
R02,W4309561805,2069
R02,W3093826111,2070
R02,W4299579940,2071
R02,W4404321421,2072
R02,W2516018326,2073
R02,W4410742768,2074
R02,W4416263132,2075
R02,W4386833463,2076
R02,W4389580236,2077
R02,W2605967668,2078
R02,W2810744310,2079
R02,W7172107661,2080
R02,W7204871446,2081
R02,W7204564033,2082
R02,W2906893778,2083
R02,W7164683758,2084
R02,W7205013708,2085
R02,W7118184672,2086
R02,W2884903929,2087
R02,W7133302246,2088
R02,W4409989765,2089
R02,W4377086866,2090
R02,W3195329014,2091
R02,W4213444535,2092
R02,W2621144451,2093
R02,W7216873049,2094
R02,W2465362642,2095
R02,W4318951668,2096
R02,W4412760480,2097
R02,W3087336541,2098
R02,W2948022975,2099
R02,W2971368179,2100
R02,W4415201511,2101
R02,W7147336326,2102
R02,W2546149191,2103
R02,W4397032701,2104
R02,W7163202046,2105
R02,W4391035178,2106
R02,W7118400705,2107
R02,W2783175139,2108
R02,W7163170471,2109
R02,W7162683439,2110
R02,W4405424154,2111
R02,W4391932420,2112
R02,W3210487037,2113
R02,W7164016882,2114
R02,W7164339502,2115
R02,W7130333283,2116
R02,W7130403831,2117
R02,W7167807610,2118
R02,W7162768996,2119
R02,W7113901966,2120
R02,W7166704983,2121
R02,W7140221709,2122
R02,W7215602605,2123
R02,W7166051696,2124
R02,W4402385991,2125
R02,W2790725061,2126
R02,W4400358406,2127
R02,W4406758399,2128
R02,W7168287363,2129
R02,W7135190242,2130
R02,W4412046406,2131
R02,W2195473434,2132
R02,W4411487989,2133
R02,W7219662676,2134
R02,W7118120772,2135
R02,W7170515909,2136
R02,W2800630755,2137
R02,W4401714208,2138
R02,W7161845094,2139
R02,W7155690744,2140
R02,W4411486357,2141
R02,W3093681761,2142
R02,W4389125910,2143
R02,W4410972127,2144
R02,W7138896848,2145
R02,W2404515163,2146
R02,W3039794753,2147
R02,W7128474719,2148
R02,W7217727162,2149
R02,W4409060320,2150
R02,W4416980427,2151
R02,W4410594968,2152
R02,W4388893411,2153
R02,W7162298539,2154
R02,W4413823829,2155
R02,W4390342702,2156
R02,W7219954670,2157
R02,W7219248663,2158
R02,W4411492617,2159
R02,W4415692499,2160
R02,W4390241811,2161
R02,W7167698099,2162
R02,W4393044303,2163
R02,W4387901322,2164
R02,W2972784084,2165
R02,W7220238478,2166
R02,W7202046014,2167
R02,W4406535918,2168
R02,W7201957463,2169
R02,W7201972156,2170
R02,W4400150819,2171
R02,W7201990305,2172
R02,W2281287097,2173
R02,W4379767337,2174
R02,W4416237915,2175
R02,W7154249773,2176
R02,W4365148716,2177
R02,W7201954204,2178
R02,W4416208793,2179
R02,W7204634425,2180
R02,W4281897570,2181
R02,W4320712851,2182
R02,W4415526030,2183
R02,W2899558211,2184
R02,W7105701778,2185
R02,W7120444723,2186
R02,W7152300029,2187
R02,W4396874565,2188
R02,W7166798268,2189
R02,W3093503668,2190
R02,W4362705701,2191
R02,W2800656348,2192
R02,W7151744882,2193
R02,W7106309839,2194
R02,W7140136311,2195
R02,W7215334659,2196
R02,W4416818735,2197
R02,W4253387225,2198
R02,W7162870822,2199
R02,W7214083555,2200
R02,W4416810774,2201
R02,W7134886409,2202
R02,W4224315649,2203
R02,W7171997844,2204
R02,W7204223403,2205
R02,W7165517058,2206
R02,W4221045351,2207
R02,W7160703917,2208
R02,W7133119054,2209
R02,W7164569243,2210
R02,W4252712630,2211
R02,W3189326276,2212
R02,W2896955404,2213
R02,W7167063197,2214
R02,W7204663007,2215
R02,W7204639245,2216
R02,W2794790084,2217
R02,W3118717553,2218
R02,W2284092081,2219
R02,W4402685602,2220
R02,W7214105435,2221
R02,W7124180492,2222
R02,W7124916743,2223
R02,W2502812015,2224
R02,W4403930763,2225
R02,W7162849996,2226
R02,W7164514539,2227
R02,W4414225080,2228
R02,W7124166917,2229
R02,W3162649527,2230
R02,W2341596236,2231
R02,W7129016638,2232
R02,W7131638677,2233
R02,W4240920191,2234
R02,W2262746805,2235
R02,W7115692996,2236
R02,W7106528490,2237
R02,W4410239726,2238
R02,W7106546704,2239
R02,W4386262649,2240
R02,W7212029700,2241
R02,W4417114008,2242
R02,W2263363471,2243
R02,W3121273931,2244
R02,W4408654588,2245
R02,W2492881962,2246
R02,W4232850064,2247
R02,W4206644303,2248
R02,W7219512260,2249
R02,W4392757404,2250
R02,W2886872399,2251
R02,W4306823502,2252
R02,W4416691274,2253
R02,W4286507855,2254
R02,W2845392394,2255
R02,W7119138756,2256
R02,W4214858814,2257
R02,W7126307669,2258
R02,W4402829453,2259
R02,W7118729985,2260
R02,W4416322434,2261
R02,W2990981670,2262
R02,W2973356346,2263
R02,W4416129911,2264
R02,W7164884821,2265
R02,W7202285092,2266
R02,W7214070940,2267
R02,W4406563604,2268
R02,W4415007591,2269
R02,W4410597005,2270
R02,W2512009137,2271
R02,W4205309176,2272
R02,W4386488723,2273
R02,W7214076534,2274
R02,W4410889512,2275
R02,W7170180986,2276
R02,W7204255173,2277
R02,W7170417869,2278
R02,W7165796954,2279
R02,W2908856909,2280
R02,W4323654354,2281
R02,W4399872741,2282
R02,W4385512502,2283
R02,W4306934924,2284
R02,W7115072884,2285
R02,W7161803126,2286
R02,W7117541073,2287
R02,W4410161329,2288
R02,W7215989571,2289
R02,W7117583312,2290
R02,W7127562151,2291
R02,W4411217888,2292
R02,W4410062100,2293
R02,W4414517289,2294
R02,W7165525559,2295
R02,W2781871402,2296
R02,W7125367246,2297
R02,W4412716998,2298
R02,W4393336853,2299
R02,W4405832851,2300
R02,W7201875490,2301
R02,W4405526012,2302
R02,W2551575290,2303
R02,W2904701897,2304
R02,W4414421963,2305
R02,W2470511889,2306
R02,W3196663999,2307
R02,W4388302489,2308
R02,W7220304932,2309
R02,W4409155053,2310
R02,W4413193473,2311
R02,W2804891820,2312
R02,W4391229291,2313
R02,W4406002551,2314
R02,W7154496828,2315
R02,W7154462804,2316
R02,W4401883491,2317
R02,W7160725151,2318
R02,W3011154224,2319
R02,W4414731377,2320
R02,W4413907402,2321
R02,W4402513342,2322
R02,W4406844307,2323
R02,W4232421013,2324
R02,W7129748744,2325
R02,W4414590876,2326
R02,W7170494395,2327
R02,W7165021747,2328
R02,W4416504119,2329
R02,W3103628912,2330
R02,W3015346180,2331
R02,W7171486545,2332
R02,W7127598805,2333
R02,W7160198647,2334
R02,W7127954231,2335
R02,W7163173130,2336
R02,W7211881601,2337
R02,W3099931121,2338
R02,W7207520472,2339
R02,W7160641656,2340
R02,W7205708915,2341
R02,W7167898086,2342
R02,W7163177714,2343
R02,W7165014230,2344
R02,W4415725459,2345
R02,W4415757234,2346
R02,W4412377810,2347
R02,W7127566279,2348
R02,W7106230073,2349
R02,W7160828449,2350
R02,W4413364042,2351
R02,W4413135080,2352
R02,W4404659816,2353
R02,W4411121334,2354
R02,W4235380290,2355
R02,W4413193357,2356
R02,W4230387693,2357
R02,W7167628902,2358
R02,W7166033243,2359
R02,W7143339546,2360
R02,W4379538502,2361
R02,W4360917268,2362
R02,W7160927658,2363
R02,W7140042189,2364
R02,W7166530857,2365
R02,W3006717376,2366
R02,W3122962274,2367
R02,W4285396311,2368
R02,W7105008850,2369
R02,W7118079396,2370
R02,W7128686998,2371
R02,W7128704223,2372
R02,W7118085254,2373
R02,W4400146903,2374
R02,W4393040329,2375
R02,W2765476103,2376
R02,W4416110978,2377
R02,W4408045260,2378
R02,W4283640868,2379
R02,W7140051817,2380
R02,W4412127882,2381
R02,W7168905803,2382
R02,W7197004984,2383
R02,W4406843881,2384
R02,W2220707335,2385
R02,W4416806644,2386
R02,W7214183745,2387
R02,W4280505254,2388
R02,W4402813444,2389
R02,W2576817371,2390
R02,W7165167051,2391
R02,W7134909738,2392
R02,W4410291937,2393
R02,W4287959311,2394
R02,W3111609773,2395
R02,W4323566366,2396
R02,W7213919374,2397
R02,W7128477401,2398
R02,W4414340203,2399
R02,W3042120279,2400
R02,W3093459717,2401
R02,W4413792885,2402
R02,W4417445433,2403
R02,W7134897907,2404
R02,W4285396343,2405
R02,W7117678787,2406
R02,W7134894647,2407
R02,W4407898274,2408
R02,W4401819463,2409
R02,W7203750838,2410
R02,W7172134249,2411
R02,W4414597132,2412
R02,W7124946075,2413
R02,W4406092765,2414
R02,W4407989359,2415
R02,W2762611087,2416
R02,W7220147724,2417
R02,W4403108570,2418
R02,W7160844777,2419
R02,W7130394585,2420
R02,W4410448663,2421
R02,W4223423352,2422
R02,W3030540375,2423
R02,W7204992204,2424
R02,W7160860570,2425
R02,W7204113568,2426
R02,W4413128035,2427
R02,W4409889269,2428
R02,W4409263985,2429
R02,W7125982454,2430
R02,W7217016115,2431
R02,W4410783422,2432
R02,W2761611906,2433
R02,W7162751468,2434
R02,W4412662059,2435
R02,W7204647222,2436
R02,W4416400923,2437
R02,W2809265468,2438
R02,W4414135461,2439
R02,W2529313366,2440
R02,W2920538829,2441
R02,W4205156422,2442
R02,W4245751977,2443
R02,W4410447469,2444
R02,W3161815819,2445
R02,W3177097089,2446
R02,W7138944235,2447
R02,W4410448212,2448
R02,W2598092671,2449
R02,W4399457523,2450
R02,W7151381292,2451
R02,W4282839346,2452
R02,W4312696824,2453
R02,W7117310340,2454
R02,W4404419562,2455
R02,W4224950072,2456
R02,W3195277849,2457
R02,W7214518112,2458
R02,W7204865578,2459
R02,W7153439267,2460
R02,W7161847397,2461
R02,W7162411139,2462
R02,W7214538606,2463
R02,W7153569130,2464
R02,W2549058378,2465
R02,W7172109392,2466
R02,W7162411071,2467
R02,W7172124821,2468
R02,W4390741838,2469
R02,W4417409957,2470
R02,W4414129485,2471
R02,W7140873091,2472
R02,W7162071705,2473
R02,W3122541700,2474
R02,W4415951948,2475
R02,W7148540207,2476
R02,W2762264804,2477
R02,W7213640986,2478
R02,W7220282311,2479
R02,W7144154178,2480
R02,W4409256352,2481
R02,W7163047337,2482
R02,W2623439915,2483
R02,W4413792011,2484
R02,W4393002162,2485
R02,W3211180162,2486
R02,W4416909375,2487
R02,W7139420833,2488
R02,W4410511161,2489
R02,W7125271612,2490
R02,W4411792821,2491
R02,W7167227664,2492
R02,W4414870620,2493
R02,W7219250909,2494
R02,W3120558218,2495
R02,W7162997227,2496
R02,W7148354531,2497
R02,W7118785421,2498
R02,W7213170439,2499
R02,W7203924584,2500
R02,W7125561353,2501
R02,W7118574022,2502
R02,W7131103574,2503
R02,W7165044291,2504
R02,W4390681227,2505
R02,W2913764374,2506
R02,W4415526397,2507
R02,W7155054902,2508
R02,W3159391059,2509
R02,W4389960844,2510
R02,W2364251480,2511
R02,W7140224137,2512
R02,W4407106266,2513
R02,W3033614226,2514
R02,W4206614566,2515
R02,W7126107483,2516
R02,W7217180518,2517
R02,W7165006223,2518
R02,W7126048691,2519
R02,W2486026276,2520
R02,W4415589488,2521
R02,W7171675396,2522
R02,W4386137990,2523
R02,W7216050122,2524
R02,W4366987725,2525
R02,W4410337808,2526
R02,W4410051012,2527
R02,W4361794635,2528
R02,W7202298240,2529
R02,W2489425902,2530
R02,W7165867368,2531
R02,W4411214859,2532
R02,W4282838149,2533
R02,W7171827469,2534
R02,W3148961206,2535
R02,W4237339239,2536
R02,W2910869957,2537
R02,W4224275988,2538
R02,W2922908983,2539
R02,W7163387767,2540
R02,W7163418971,2541
R02,W7154624040,2542
R02,W2581035186,2543
R02,W4205294511,2544
R02,W4407972142,2545
R02,W7171845651,2546
R02,W7214565848,2547
R02,W2880291699,2548
R02,W7117104419,2549
R02,W2974604615,2550
R02,W4280579091,2551
R02,W2376325870,2552
R02,W4234987361,2553
R02,W4396239654,2554
R02,W7162766200,2555
R02,W4408481048,2556
R02,W4285803890,2557
R02,W7212120564,2558
R02,W7171419287,2559
R02,W4410081414,2560
R02,W4312565111,2561
R02,W4387404949,2562
R02,W4244034159,2563
R02,W7166690512,2564
R02,W4403816524,2565
R02,W4206498900,2566
R02,W7218789355,2567
R02,W4389363325,2568
R02,W3118258023,2569
R02,W7163336553,2570
R02,W3151480174,2571
R02,W7172505486,2572
R02,W4295856942,2573
R02,W7118576179,2574
R02,W4415062725,2575
R02,W4405057679,2576
R02,W4287115653,2577
R02,W4386157526,2578
R02,W4412986017,2579
R02,W7220093431,2580
R02,W4403982844,2581
R02,W4394996146,2582
R02,W4407552609,2583
R02,W7147522859,2584
R02,W4388037010,2585
R02,W7115320626,2586
R02,W7202343637,2587
R02,W4404182942,2588
R02,W4415325413,2589
R02,W7202358981,2590
R02,W7134171410,2591
R02,W4205718491,2592
R02,W4413844284,2593
R02,W7138251690,2594
R02,W4410780484,2595
R02,W7165477922,2596
R02,W7104650417,2597
R02,W1737232031,2598
R02,W7219923900,2599
R02,W4412603008,2600
R02,W7203686296,2601
R02,W4412477469,2602
R02,W7216527713,2603
R02,W4386413183,2604
R02,W7128038188,2605
R02,W4414882915,2606
R02,W4299458231,2607
R02,W7168232902,2608
R02,W4224989596,2609
R02,W4322626335,2610
R02,W4414996737,2611
R02,W7150755447,2612
R02,W3093000619,2613
R02,W7128016955,2614
R02,W4407004157,2615
R02,W4416806661,2616
R02,W4417287769,2617
R02,W7170077641,2618
R02,W4411728668,2619
R02,W4411157766,2620
R02,W4406813522,2621
R02,W4409350442,2622
R02,W7116860852,2623
R02,W7129076964,2624
R02,W4414074127,2625
R02,W7128034497,2626
R02,W7128902356,2627
R02,W4415782546,2628
R02,W4200598604,2629
R02,W7165728043,2630
R02,W4413951968,2631
R02,W4387083309,2632
R02,W4405797119,2633
R02,W7169508859,2634
R02,W2789063246,2635
R02,W7117119709,2636
R02,W7118651784,2637
R02,W7210266899,2638
R02,W4312590536,2639
R02,W4385809862,2640
R02,W7119162006,2641
R02,W4410037553,2642
R02,W4409975110,2643
R02,W3196041870,2644
R02,W7214635533,2645
R02,W7140285953,2646
R02,W4414846456,2647
R02,W7210265996,2648
R02,W4387167717,2649
R02,W7211972077,2650
R02,W4416697632,2651
R02,W4415017853,2652
R02,W7161170365,2653
R02,W7122721657,2654
R02,W3216716025,2655
R02,W4417184198,2656
R02,W2322892592,2657
R02,W3214384197,2658
R02,W4416452142,2659
R02,W2587146570,2660
R02,W4412005184,2661
R02,W4400695303,2662
R02,W7162629804,2663
R02,W7126013700,2664
R02,W3010145326,2665
R02,W4410172386,2666
R02,W4409703805,2667
R02,W7117368314,2668
R02,W3108489979,2669
R02,W4403780390,2670
R02,W4315784228,2671
R02,W7130708068,2672
R02,W7118001834,2673
R02,W7217617930,2674
R02,W7169881560,2675
R02,W2992525633,2676
R02,W7159139222,2677
R02,W7213207491,2678
R02,W7162454458,2679
R02,W4416063835,2680
R02,W4361831979,2681
R02,W4411000037,2682
R02,W7172095080,2683
R02,W7128692117,2684
R02,W7119137634,2685
R02,W7118167629,2686
R02,W7118905509,2687
R02,W2749019533,2688
R02,W7172137065,2689
R02,W4413931789,2690
R02,W7159778502,2691
R02,W7167600668,2692
R02,W7155041824,2693
R02,W7126120004,2694
R02,W4410056524,2695
R02,W7167596047,2696
R02,W7218086000,2697
R02,W7202290560,2698
R02,W7162420342,2699
R02,W2114175542,2700
R02,W4414045402,2701
R02,W7201880813,2702
R02,W4407874645,2703
R02,W2460792176,2704
R02,W7155097319,2705
R02,W2227716461,2706
R02,W2734494611,2707
R02,W7159829363,2708
R02,W7169848717,2709
R02,W4410813327,2710
R02,W7167728547,2711
R02,W2739487006,2712
R02,W7115065935,2713
R02,W4296130426,2714
R02,W2621775603,2715
R02,W7148701927,2716
R02,W7171921288,2717
R02,W7134244045,2718
R02,W4205608400,2719
R02,W7204011075,2720
R02,W4377043641,2721
R02,W2959617801,2722
R02,W4403350174,2723
R02,W3031334371,2724
R02,W4410032480,2725
R02,W4417279409,2726
R02,W4286775407,2727
R02,W4406863116,2728
R02,W4389783501,2729
R02,W4403054350,2730
R02,W2892060130,2731
R02,W4366773545,2732
R02,W4399069720,2733
R02,W4230804605,2734
R02,W7125704286,2735
R02,W4407097559,2736
R02,W7139088507,2737
R02,W4317556216,2738
R02,W4394605223,2739
R02,W7168027743,2740
R02,W4400982457,2741
R02,W4402381620,2742
R02,W2946834172,2743
R02,W7124217225,2744
R02,W7171174114,2745
R02,W7214741236,2746
R02,W7133656785,2747
R02,W7117252225,2748
R02,W7216612440,2749
R02,W7160167890,2750
R02,W7165376679,2751
R02,W7212173664,2752
R02,W7165657999,2753
R02,W7169849760,2754
R02,W3140372333,2755
R02,W7163736068,2756
R02,W7165817804,2757
R02,W2242032982,2758
R02,W7214738375,2759
R02,W7170183347,2760
R02,W7138837220,2761
R02,W4410106299,2762
R02,W7123699625,2763
R02,W7162552805,2764
R02,W7216929006,2765
R02,W4411006001,2766
R02,W7118176817,2767
R02,W7203542383,2768
R02,W7171187832,2769
R02,W4410467845,2770
R02,W3212162201,2771
R02,W7134941657,2772
R02,W7133329731,2773
R02,W7124148713,2774
R02,W4410990684,2775
R02,W2802212851,2776
R02,W3172600715,2777
R02,W3016893324,2778
R02,W2982747336,2779
R02,W3007685240,2780
R02,W4402723356,2781
R02,W4407394061,2782
R02,W7120128356,2783
R02,W4402722634,2784
R02,W4386492866,2785
R02,W7123595974,2786
R02,W7129684599,2787
R02,W4407781591,2788
R02,W7214921703,2789
R02,W7167236061,2790
R02,W7168288958,2791
R02,W7168258914,2792
R02,W7216357670,2793
R02,W4386203942,2794
R02,W4403832876,2795
R02,W4407156993,2796
R02,W7129730527,2797
R02,W2488886860,2798
R02,W4414992220,2799
R02,W4414391465,2800
R02,W4396978825,2801
R02,W7128807161,2802
R02,W4394928452,2803
R02,W4234102443,2804
R02,W4415018579,2805
R02,W3035213092,2806
R02,W3174482391,2807
R02,W4321370883,2808
R02,W4413305547,2809
R02,W4210596854,2810
R02,W4361212905,2811
R02,W2921861522,2812
R02,W3180991184,2813
R02,W7213971584,2814
R02,W2597461814,2815
R02,W7160440767,2816
R02,W4410454976,2817
R02,W3128387772,2818
R02,W2190499041,2819
R02,W7164520936,2820
R02,W4396977070,2821
R02,W7171174748,2822
R02,W4386522875,2823
R02,W7151414423,2824
R02,W7123396843,2825
R02,W4385428155,2826
R02,W7214221815,2827
R02,W4380905259,2828
R02,W7141060663,2829
R02,W7211993441,2830
R02,W7127423161,2831
R02,W7214217267,2832
R02,W4414532597,2833
R02,W7139988366,2834
R02,W4405914197,2835
R02,W4408678865,2836
R02,W4416239182,2837
R02,W7166512160,2838
R02,W4416571155,2839
R02,W7171158999,2840
R02,W7164540039,2841
R02,W7213382432,2842
R02,W7212071828,2843
R02,W7201980354,2844
R02,W7123767477,2845
R02,W4409709261,2846
R02,W4411835830,2847
R02,W4380027481,2848
R02,W4386584019,2849
R02,W7165737306,2850
R02,W2510314250,2851
R02,W7167989825,2852
R02,W4312040121,2853
R02,W3035541381,2854
R02,W4417211984,2855
R02,W4387911836,2856
R02,W7171943580,2857
R02,W4403056136,2858
R02,W7160944321,2859
R02,W3111324399,2860
R02,W7212158121,2861
R02,W7128767749,2862
R02,W7212149920,2863
R02,W7217316882,2864
R02,W4404329407,2865
R02,W7215968371,2866
R02,W7135087893,2867
R02,W2779701364,2868
R02,W7204086942,2869
R02,W7204137100,2870
R02,W4392006518,2871
R02,W4392139466,2872
R02,W7111218537,2873
R02,W4414191611,2874
R02,W7204713482,2875
R02,W4409456832,2876
R02,W7110862339,2877
R02,W4411101052,2878
R02,W4224433806,2879
R02,W4411080557,2880
R02,W7126247625,2881
R02,W4249854005,2882
R02,W4411858463,2883
R02,W4312798635,2884
R02,W4200159871,2885
R02,W2989742356,2886
R02,W7218241119,2887
R02,W7170154985,2888
R02,W7161474139,2889
R02,W3185102790,2890
R02,W7123601418,2891
R02,W7216908432,2892
R02,W4386525761,2893
R02,W4415691050,2894
R02,W7163891854,2895
R02,W3215322212,2896
R02,W4200331233,2897
R02,W3213762586,2898
R02,W7204567951,2899
R02,W4413019108,2900
R02,W7216556937,2901
R02,W7163038820,2902
R02,W7131349081,2903
R02,W7214584501,2904
R02,W7218373501,2905
R02,W7162088472,2906
R02,W4286504263,2907
R02,W7169865891,2908
R02,W7125407305,2909
R02,W7206164971,2910
R02,W7214632239,2911
R02,W7212038256,2912
R02,W7211958470,2913
R02,W3186593542,2914
R02,W4409842211,2915
R02,W4405746055,2916
R02,W4388528977,2917
R02,W4282048859,2918
R02,W4392592293,2919
R02,W4414564295,2920
R02,W4409704517,2921
R02,W4409581545,2922
R02,W4396558401,2923
R02,W3119101485,2924
R02,W2901211993,2925
R02,W4400727382,2926
R02,W4413948102,2927
R02,W2800489730,2928
R02,W4407935924,2929
R02,W4385068996,2930
R02,W7115603086,2931
R02,W3033825055,2932
R02,W4416815227,2933
R02,W4416016769,2934
R02,W7164575865,2935
R02,W2292064551,2936
R02,W7169857220,2937
R02,W4414074939,2938
R02,W7128994184,2939
R02,W4405994685,2940
R02,W7208739158,2941
R02,W7138406961,2942
R02,W7214360981,2943
R02,W7202160173,2944
R02,W7163016671,2945
R02,W7164815359,2946
R02,W4416806714,2947
R02,W7160123762,2948
R02,W4416801006,2949
R02,W7204783543,2950
R02,W7163888215,2951
R02,W7166823229,2952
R02,W7139011623,2953
R02,W7215999439,2954
R02,W7159900075,2955
R02,W4389379420,2956
R02,W7214487444,2957
R02,W4413883255,2958
R02,W4210600569,2959
R02,W2900609288,2960
R02,W7167364396,2961
R02,W7165561330,2962
R02,W7148674178,2963
R02,W4417328801,2964
R02,W7202208473,2965
R02,W7129347080,2966
R02,W7201885414,2967
R02,W7127443783,2968
R02,W7204057653,2969
R02,W4414980148,2970
R02,W7105854801,2971
R02,W7217260341,2972
R02,W7134278047,2973
R02,W7215924835,2974
R02,W2625005139,2975
R02,W7148854187,2976
R02,W4390052980,2977
R02,W4412996541,2978
R02,W7167884899,2979
R02,W7134237967,2980
R02,W7154841394,2981
R02,W7217111390,2982
R02,W4389737740,2983
R02,W3158174536,2984
R02,W3007912704,2985
R02,W7214955181,2986
R02,W4385722409,2987
R02,W4306377092,2988
R02,W4413880876,2989
R02,W7171869893,2990
R02,W7172397088,2991
R02,W3015598192,2992
R02,W7170401083,2993
R02,W4407903328,2994
R02,W7125613818,2995
R02,W3043921530,2996
R02,W7122383429,2997
R02,W7124290231,2998
R02,W3164997607,2999
R02,W4247877142,3000
R02,W7133482265,3001
R02,W7140087905,3002
R02,W3170280037,3003
R02,W7119710151,3004
R02,W4410436821,3005
R02,W4319059956,3006
R02,W4416430630,3007
R02,W7213549258,3008
R02,W2798092947,3009
R02,W7155162318,3010
R02,W4403191816,3011
R02,W7119050421,3012
R02,W7128788489,3013
R02,W7133550836,3014
R02,W7203902593,3015
R02,W7167272345,3016
R02,W7163538444,3017
R02,W7171445624,3018
R02,W7160895814,3019
R02,W4415276473,3020
R02,W7161122667,3021
R02,W4225588048,3022
R02,W7129050430,3023
R02,W7133915463,3024
R02,W7167729630,3025
R02,W7118911175,3026
R02,W7197025010,3027
R02,W4402437496,3028
R02,W3089400671,3029
R02,W7162403459,3030
R02,W7213211159,3031
R02,W7133951315,3032
R02,W4413291131,3033
R02,W7214217413,3034
R02,W3090578134,3035
R02,W7169529319,3036
R02,W4410615571,3037
R02,W4409965024,3038
R02,W3179141353,3039
R02,W7134125516,3040
R02,W4378759999,3041
R02,W7139085993,3042
R02,W7204250849,3043
R02,W7153975864,3044
R02,W2775881682,3045
R02,W7204275698,3046
R02,W2809891980,3047
R02,W4408500678,3048
R02,W4386431564,3049
R02,W4394922821,3050
R02,W4417112641,3051
R02,W3046348587,3052
R02,W4407195451,3053
R02,W4281559910,3054
R02,W4393852414,3055
R02,W4410045913,3056
R02,W7203641015,3057
R02,W7202214035,3058
R02,W3018965582,3059
R02,W7136130189,3060
R02,W3208098992,3061
R02,W7216451756,3062
R02,W7118142212,3063
R02,W4377971742,3064
R02,W4388037625,3065
R02,W7134911109,3066
R02,W4407499293,3067
R02,W7211898661,3068
R02,W7167711065,3069
R02,W4406560609,3070
R02,W7170161270,3071
R02,W7168268818,3072
R02,W7147190938,3073
R02,W7203789084,3074
R02,W7162186431,3075
R02,W7154811843,3076
R02,W7204011699,3077
R02,W7214541133,3078
R02,W7215577898,3079
R02,W7143476743,3080
R02,W4376613164,3081
R02,W2791618987,3082
R02,W3093121615,3083
R02,W4285492232,3084
R02,W4407956612,3085
R02,W7203484420,3086
R02,W4410088712,3087
R02,W7105806487,3088
R02,W7211892682,3089
R02,W7126093818,3090
R02,W7162203910,3091
R02,W7134887405,3092
R02,W7162373628,3093
R02,W7203645731,3094
R02,W7217153014,3095
R02,W7160149659,3096
R02,W7203986210,3097
R02,W4409295652,3098
R02,W4417526593,3099
R02,W7214282365,3100
R02,W4327909543,3101
R02,W7172511747,3102
R02,W7125918841,3103
R02,W7168173802,3104
R02,W2900827424,3105
R02,W7117476989,3106
R02,W7204527020,3107
R02,W7166796324,3108
R02,W2576877038,3109
R02,W7213788445,3110
R02,W4295084534,3111
R02,W7201960603,3112
R02,W4411060483,3113
R02,W4389224767,3114
R02,W4317815831,3115
R02,W4402664715,3116
R02,W4409102710,3117
R02,W3118992286,3118
R02,W4413399577,3119
R02,W7125985139,3120
R02,W3047269698,3121
R02,W2567372654,3122
R02,W4403966160,3123
R02,W4413985812,3124
R02,W4417261479,3125
R02,W7117575604,3126
R02,W7154972884,3127
R02,W4200131395,3128
R02,W3095942822,3129
R02,W7202216123,3130
R02,W7169858868,3131
R02,W7212162059,3132
R02,W3127083331,3133
R02,W4319453983,3134
R02,W4205144679,3135
R02,W3077506331,3136
R02,W7212379538,3137
R02,W7155079759,3138
R02,W3180278892,3139
R02,W7216715460,3140
R02,W4409547801,3141
R02,W7130641597,3142
R02,W7116703498,3143
R02,W4402038913,3144
R02,W4205465294,3145
R02,W2794477561,3146
R02,W7169777979,3147
R02,W4416041195,3148
R02,W7164685499,3149
R02,W4414527877,3150
R02,W4381053941,3151
R02,W4404497502,3152
R02,W2964692744,3153
R02,W4402758049,3154
R02,W4313595493,3155
R02,W4407183195,3156
R02,W4387338118,3157
R02,W2467978802,3158
R02,W7154967877,3159
R02,W3217319175,3160
R02,W4414354250,3161
R02,W7211895290,3162
R02,W7171816025,3163
R02,W4410457626,3164
R02,W7167256711,3165
R02,W7211906509,3166
R02,W2609363660,3167
R02,W7124873600,3168
R02,W4406775456,3169
R02,W7203458288,3170
R02,W4409887577,3171
R02,W4243830784,3172
R02,W7167742427,3173
R02,W7167214730,3174
R02,W7113176290,3175
R02,W3087839336,3176
R02,W7161601494,3177
R02,W7171834937,3178
R02,W4395678354,3179
R02,W7211910889,3180
R02,W4411430776,3181
R02,W7141538137,3182
R02,W7163668859,3183
R02,W7155182754,3184
R02,W3023990047,3185
R02,W7126117511,3186
R02,W7125905548,3187
R02,W4396827193,3188
R02,W7171746100,3189
R02,W7163674350,3190
R02,W7203759009,3191
R02,W7204242387,3192
R02,W7215057357,3193
R02,W7161156718,3194
R02,W7213558370,3195
R02,W7169657237,3196
R02,W7214337677,3197
R02,W7140310914,3198
R02,W7215041810,3199
R02,W7171863296,3200
R02,W7204274077,3201
R02,W7212060464,3202
R02,W7140304809,3203
R02,W7164550407,3204
R02,W7163378501,3205
R02,W7203746423,3206
R02,W7219819965,3207
R02,W4229000706,3208
R02,W7163215554,3209
R02,W7215118615,3210
R02,W4210774416,3211
R02,W2976128018,3212
R02,W4366979511,3213
R02,W4415325398,3214
R02,W7118103005,3215
R02,W4283583762,3216
R02,W2289220156,3217
R02,W7117487934,3218
R02,W7217103845,3219
R02,W2895941801,3220
R02,W7160122655,3221
R02,W4408647024,3222
R02,W3093750384,3223
R02,W4399602956,3224
R02,W7154408055,3225
R02,W2587358000,3226
R02,W3212598896,3227
R02,W2339875279,3228
R02,W7106517965,3229
R02,W7202128186,3230
R02,W4205569004,3231
R02,W4388536764,3232
R02,W7167731396,3233
R02,W2751487727,3234
R02,W7154454192,3235
R02,W2883002624,3236
R02,W7166519698,3237
R02,W7117250780,3238
R02,W7138878068,3239
R02,W2890268673,3240
R02,W7117486488,3241
R02,W7202151616,3242
R02,W7203832787,3243
R02,W7217899512,3244
R02,W4416057692,3245
R02,W2562964127,3246
R02,W7215770985,3247
R02,W7165666874,3248
R02,W2597594575,3249
R02,W4416384637,3250
R02,W3128337825,3251
R02,W4415357938,3252
R02,W7162419491,3253
R02,W3010856456,3254
R02,W4416657122,3255
R02,W4417305514,3256
R02,W2953993190,3257
R02,W4386316666,3258
R02,W4403873305,3259
R02,W7161060718,3260
R02,W2888496698,3261
R02,W4385507359,3262
R02,W4386855052,3263
R02,W4416253547,3264
R02,W7168146080,3265
R02,W7214606181,3266
R02,W4415295205,3267
R02,W4413787745,3268
R02,W7163393445,3269
R02,W4206165597,3270
R02,W7170187230,3271
R02,W7166323887,3272
R02,W7167681575,3273
R02,W7133633558,3274
R02,W7125897510,3275
R02,W7166352795,3276
R02,W3110880071,3277
R02,W7211892250,3278
R02,W4306649295,3279
R02,W7106681732,3280
R02,W7140220835,3281
R02,W7140188702,3282
R02,W7202215690,3283
R02,W4399122505,3284
R02,W7204909777,3285
R02,W7201845970,3286
R02,W7169623585,3287
R02,W7204877900,3288
R02,W7106716125,3289
R02,W2567154427,3290
R02,W4200597443,3291
R02,W4416794113,3292
R02,W4399354742,3293
R02,W7216991345,3294
R02,W4410588792,3295
R02,W4414152499,3296
R02,W4415937946,3297
R02,W4415241826,3298
R02,W7204487121,3299
R02,W3174887579,3300
R02,W4398222578,3301
R02,W4395447706,3302
R02,W4412733466,3303
R02,W4300689268,3304
R02,W7134948130,3305
R02,W7212314026,3306
R02,W7163137712,3307
R02,W4387734290,3308
R02,W2794312927,3309
R02,W4403538502,3310
R02,W4415607422,3311
R02,W4313146695,3312
R02,W4399095744,3313
R02,W7214280697,3314
R02,W4416142519,3315
R02,W7172244027,3316
R02,W7172344022,3317
R02,W4416381689,3318
R02,W4410310938,3319
R02,W2956486843,3320
R02,W4413861050,3321
R02,W3199165077,3322
R02,W7215538950,3323
R02,W4411711852,3324
R02,W4411204803,3325
R02,W7127432086,3326
R02,W2510392814,3327
R02,W2517694367,3328
R02,W3182161055,3329
R02,W4414129545,3330
R02,W7161790105,3331
R02,W4393031557,3332
R02,W7161510794,3333
R02,W7126072561,3334
R02,W7172094868,3335
R02,W7172098358,3336
R02,W4405912151,3337
R02,W7157344379,3338
R02,W7165002079,3339
R02,W7213938590,3340
R02,W7148733168,3341
R02,W7161480300,3342
R02,W7167615589,3343
R02,W3085877906,3344
R02,W3092483518,3345
R02,W4412186617,3346
R02,W7171283411,3347
R02,W7171307123,3348
R02,W7160774603,3349
R02,W4412709177,3350
R02,W4410186634,3351
R02,W7126108600,3352
R02,W7214908136,3353
R02,W7105902982,3354
R02,W4400771392,3355
R02,W7202275797,3356
R02,W4405563037,3357
R02,W7134928785,3358
R02,W7128543186,3359
R02,W7125827912,3360
R02,W7153203520,3361
R02,W4414928438,3362
R02,W7118580493,3363
R02,W4282822040,3364
R02,W4415660851,3365
R02,W7164845073,3366
R02,W2808024910,3367
R02,W4241182228,3368
R02,W7164841717,3369
R02,W4237676058,3370
R02,W4225497897,3371
R02,W4415380215,3372
R02,W4407006466,3373
R02,W7212403911,3374
R02,W3010580002,3375
R02,W4377834067,3376
R02,W3121893416,3377
R02,W4361984961,3378
R02,W7214982970,3379
R02,W7219418210,3380
R02,W7203579927,3381
R02,W7211912834,3382
R02,W7138329552,3383
R02,W7215046371,3384
R02,W4412815333,3385
R02,W7106095730,3386
R02,W4394724161,3387
R02,W7172420362,3388
R02,W7161299177,3389
R02,W7201867121,3390
R02,W7217611051,3391
R02,W7125404380,3392
R02,W4409523583,3393
R02,W2555074896,3394
R02,W2790907308,3395
R02,W7171651763,3396
R02,W7171639459,3397
R02,W4403604995,3398
R02,W4404187322,3399
R02,W4402706754,3400
R02,W7214301512,3401
R02,W7210293185,3402
R02,W3034146301,3403
R02,W4205452328,3404
R02,W4395016304,3405
R02,W7210294014,3406
R02,W4408173188,3407
R02,W4206436354,3408
R02,W7123346449,3409
R02,W4410175620,3410
R02,W7161843875,3411
R02,W4382048372,3412
R02,W7164184720,3413
R02,W7161624852,3414
R02,W7213584329,3415
R02,W4406358765,3416
R02,W4388856531,3417
R02,W4407311486,3418
R02,W4220886855,3419
R02,W4287030818,3420
R02,W7138980865,3421
R02,W7165683226,3422
R02,W4415904409,3423
R02,W7169534659,3424
R02,W4407181106,3425
R02,W7164645274,3426
R02,W7172137059,3427
R02,W7172095284,3428
R02,W2493664518,3429
R02,W4327682067,3430
R02,W4413856300,3431
R02,W7204683073,3432
R02,W2256538612,3433
R02,W7152028441,3434
R02,W3210548908,3435
R02,W7163139006,3436
R02,W4311683933,3437
R02,W7108743350,3438
R02,W4225768495,3439
R02,W7167603507,3440
R02,W7108725193,3441
R02,W7118126445,3442
R02,W4404375229,3443
R02,W7166312941,3444
R02,W3060977593,3445
R02,W7112377608,3446
R02,W7167581375,3447
R02,W4411185492,3448
R02,W7196937820,3449
R02,W4416595151,3450
R02,W7118123425,3451
R02,W4405352090,3452
R02,W7204731940,3453
R02,W7126067782,3454
R02,W7117595202,3455
R02,W3184833622,3456
R02,W7204948378,3457
R02,W7172348903,3458
R02,W7172244404,3459
R02,W4403982815,3460
R02,W7203666490,3461
R02,W4416909477,3462
R02,W4410151201,3463
R02,W7202284803,3464
R02,W7203706649,3465
R02,W4398141139,3466
R02,W7114900092,3467
R02,W7130846274,3468
R02,W4398153580,3469
R02,W7162959533,3470
R02,W7171319688,3471
R02,W7211911883,3472
R02,W7126096340,3473
R02,W7162519326,3474
R02,W7149606200,3475
R02,W7160066408,3476
R02,W7202291948,3477
R02,W2910887461,3478
R02,W4408191968,3479
R02,W7171329221,3480
R02,W4413421183,3481
R02,W7132852260,3482
R02,W7172132220,3483
R02,W7172133320,3484
R02,W7118320962,3485
R02,W4417121985,3486
R02,W4399578680,3487
R02,W2773842214,3488
R02,W4212814861,3489
R02,W4395115013,3490
R02,W4239034144,3491
R02,W3213813135,3492
R02,W2941883900,3493
R02,W4281889462,3494
R02,W4412541587,3495
R02,W2777961622,3496
R02,W4399246113,3497
R02,W3009856394,3498
R02,W7155007128,3499
R02,W4406091862,3500
R02,W2257122298,3501
R02,W7168095507,3502
R02,W4405003273,3503
R02,W3217214491,3504
R02,W7163908743,3505
R02,W4242014447,3506
R02,W7170516836,3507
R02,W7164338188,3508
R02,W3192467839,3509
R02,W7171513532,3510
R02,W7171531123,3511
R02,W7143544009,3512
R02,W3023206539,3513
R02,W4407265889,3514
R02,W7215088007,3515
R02,W3048197480,3516
R02,W2937656844,3517
R02,W2918110068,3518
R02,W4409175826,3519
R02,W2789372116,3520
R02,W4408891920,3521
R02,W4416687204,3522
R02,W7105993569,3523
R02,W4385885544,3524
R02,W4200302554,3525
R02,W4409448908,3526
R02,W4413861474,3527
R02,W3140046037,3528
R02,W7123828288,3529
R02,W7119451914,3530
R02,W3155772336,3531
R02,W7125712635,3532
R02,W4392517675,3533
R02,W3163416034,3534
R02,W7139956652,3535
R02,W7165114740,3536
R02,W4401714195,3537
R02,W7166059372,3538
R02,W4409336645,3539
R02,W7168238435,3540
R02,W7139930785,3541
R02,W7168264209,3542
R02,W7215231957,3543
R02,W7160427586,3544
R02,W2942715039,3545
R02,W4386584143,3546
R02,W7160447923,3547
R02,W7210285068,3548
R02,W3174797419,3549
R02,W3119904568,3550
R02,W4281489214,3551
R02,W4396680075,3552
R02,W7117975890,3553
R02,W4303646936,3554
R02,W2946903378,3555
R02,W2901348307,3556
R02,W7203536346,3557
R02,W4416676969,3558
R02,W7169792524,3559
R02,W7169798132,3560
R02,W2743340404,3561
R02,W7203533456,3562
R02,W7118074671,3563
R02,W2897751426,3564
R02,W4401282943,3565
R02,W7163543230,3566
R02,W4389163207,3567
R02,W2979449076,3568
R02,W4296717257,3569
R02,W7215067004,3570
R02,W7215087165,3571
R02,W7171546269,3572
R02,W7171552954,3573
R02,W2594210843,3574
R02,W2904110135,3575
R02,W4407590334,3576
R02,W7164518324,3577
R02,W7164503939,3578
R02,W2793703977,3579
R02,W7164568959,3580
R02,W7164529166,3581
R02,W3007235422,3582
R02,W7144201171,3583
R02,W4409057535,3584
R02,W7106142939,3585
R02,W7106142640,3586
R02,W4309246029,3587
R02,W4412925204,3588
R02,W3110275600,3589
R02,W7118278930,3590
R02,W2999210594,3591
R02,W2569814317,3592
R02,W4393167918,3593
R02,W4239639170,3594
R02,W4414342097,3595
R02,W2761850139,3596
R02,W3209823869,3597
R02,W2170843887,3598
R02,W2933746622,3599
R02,W4206677501,3600
R02,W7116424029,3601
R02,W2204733089,3602
R02,W7116530765,3603
R02,W7160515292,3604
R02,W4406382698,3605
R02,W2802884616,3606
R02,W4310677437,3607
R02,W2903267273,3608
R02,W7160490684,3609
R02,W7212087372,3610
R02,W4406393603,3611
R02,W2796037387,3612
R02,W3030763501,3613
R02,W4404672944,3614
R02,W7162635467,3615
R02,W7162783250,3616
R02,W7162641295,3617
R02,W4256409712,3618
R02,W7172072841,3619
R02,W4390602900,3620
R02,W4319439467,3621
R02,W4321501033,3622
R02,W2618434700,3623
R02,W4384498732,3624
R02,W2805776874,3625
R02,W2934768739,3626
R02,W7213802657,3627
R02,W7122702260,3628
R02,W7166540619,3629
R02,W4394581225,3630
R02,W7166540953,3631
R02,W4322739521,3632
R02,W4402925144,3633
R02,W4391242667,3634
R02,W4394960947,3635
R02,W7164182063,3636
R02,W4362450836,3637
R02,W7163811886,3638
R02,W2995592814,3639
R02,W4406958398,3640
R02,W2782756905,3641
R02,W4411664857,3642
R02,W3025585284,3643
R02,W4221065147,3644
R02,W7171997627,3645
R02,W3032940667,3646
R02,W2609260042,3647
R02,W4289334216,3648
R02,W4390222231,3649
R02,W4393168079,3650
R02,W7133561066,3651
R02,W7127623311,3652
R02,W4392286525,3653
R02,W7168125518,3654
R02,W3089006043,3655
R02,W4232305076,3656
R02,W2776915406,3657
R02,W2776139997,3658
R02,W7105606163,3659
R02,W4416243986,3660
R02,W2556625032,3661
R02,W4310478821,3662
R02,W7161967520,3663
R02,W7172451788,3664
R02,W3024180891,3665
R02,W7118010805,3666
R02,W4412594957,3667
R02,W2524788931,3668
R02,W7117968449,3669
R02,W7117991993,3670
R02,W7138839457,3671
R02,W4417054800,3672
R02,W1852444824,3673
R02,W7128679078,3674
R02,W2985567802,3675
R02,W4406639558,3676
R02,W2725882959,3677
R02,W3049404176,3678
R02,W4389996925,3679
R02,W2980847407,3680
R02,W4321019359,3681
R02,W4414248346,3682
R02,W7159817018,3683
R02,W7159821452,3684
R02,W3080095160,3685
R02,W7208775938,3686
R02,W7211934803,3687
R02,W2896792730,3688
R02,W3191515117,3689
R02,W7117737709,3690
R02,W4247159663,3691
R02,W2734839550,3692
R02,W2902636957,3693
R02,W2895449040,3694
R02,W3195760236,3695
R02,W4406738230,3696
R02,W4388014427,3697
R02,W4413968100,3698
R02,W4392773372,3699
R02,W7133518468,3700
R02,W4415517447,3701
R02,W7143701245,3702
R02,W4364350981,3703
R02,W3105174181,3704
R02,W4400348990,3705
R02,W3033160246,3706
R02,W4241665800,3707
R02,W4311062741,3708
R02,W4403648212,3709
R02,W4385827806,3710
R02,W7214562378,3711
R02,W7155518911,3712
R02,W2768138058,3713
R02,W4400659808,3714
R02,W2060062721,3715
R02,W4415096802,3716
R02,W2791567717,3717
R02,W4389934164,3718
R02,W4245300595,3719
R02,W2904974944,3720
R02,W3047050909,3721
R02,W4406481437,3722
R02,W4415052309,3723
R02,W4413107199,3724
R02,W4367395440,3725
R02,W4252555210,3726
R02,W2604157006,3727
R02,W4291941467,3728
R02,W3161909910,3729
R02,W4406482214,3730
R02,W7163207877,3731
R02,W4399161527,3732
R02,W4410009811,3733
R03,W3126854480,1
R03,W2899676632,2
R03,W3112257916,3
R03,W7116889489,4
R03,W2369346578,5
R03,W1972463350,6
R03,W2528235562,7
R03,W7161583269,8
R03,W7161587509,9
R03,W7167339291,10
R03,W3160812247,11
R03,W4287761125,12
R03,W2990785241,13
R03,W1997154344,14
R03,W3078951467,15
R03,W2910678344,16
R03,W4283640335,17
R03,W2228626669,18
R03,W2303891912,19
R03,W4408644250,20
R03,W4411747131,21
R03,W4410069987,22
R03,W2754746062,23
R03,W7107875778,24
R03,W4390659130,25
R03,W7107855816,26
R03,W4412887639,27
R03,W4403463472,28
R03,W3041961955,29
R03,W4413811461,30
R03,W4200470148,31
R03,W4396652071,32
R03,W1864857017,33
R03,W3010933025,34
R03,W4395015989,35
R03,W2767514768,36
R03,W2552402989,37
R03,W2476645772,38
R03,W3086575978,39
R03,W3040019279,40
R03,W7211960627,41
R03,W4282023712,42
R03,W4417056610,43
R03,W3023651967,44
R03,W4413133540,45
R03,W3123644093,46
R03,W4409474480,47
R03,W7153788871,48
R03,W4250511009,49
R03,W7130665273,50
R03,W7155867170,51
R03,W3117299737,52
R03,W4409555049,53
R03,W2778718415,54
R03,W4399455978,55
R03,W4392839401,56
R03,W7159647173,57
R03,W7159573213,58
R03,W2790053338,59
R03,W2406268549,60
R03,W3025763588,61
R03,W4226356978,62
R03,W4416400426,63
R03,W3017584962,64
R03,W7122636885,65
R03,W7172397180,66
R03,W2891675231,67
R03,W3159422155,68
R03,W4414271700,69
R03,W2971692492,70
R03,W7216601316,71
R03,W7138985675,72
R03,W7217367007,73
R03,W2800490373,74
R03,W4398169470,75
R03,W4413132096,76
R03,W4409126575,77
R03,W3106284970,78
R03,W4404232165,79
R03,W7143657612,80
R03,W3045411392,81
R03,W3145285619,82
R03,W4221116003,83
R03,W7108214954,84
R03,W3033020536,85
R03,W7143447106,86
R03,W4405287369,87
R03,W7160261681,88
R03,W4412572392,89
R03,W4416719499,90
R03,W7215894009,91
R03,W2938876341,92
R03,W2766666458,93
R03,W7117710527,94
R03,W7117648874,95
R03,W4392693811,96
R03,W4390121724,97
R03,W4295296027,98
R03,W2626205043,99
R03,W2335559488,100
R03,W4386802770,101
R03,W4386004936,102
R03,W4292248575,103
R03,W7129027177,104
R03,W4400877158,105
R03,W3175605680,106
R03,W7215094140,107
R03,W7170082715,108
R03,W7129108526,109
R03,W7204958562,110
R03,W4394949302,111
R03,W4210612532,112
R03,W7117298089,113
R03,W4310187947,114
R03,W7128492263,115
R03,W4411243770,116
R03,W7131639120,117
R03,W4387103145,118
R03,W4280514833,119
R03,W4409133775,120
R03,W4395063695,121
R03,W3132073867,122
R03,W4410767029,123
R03,W7125482603,124
R03,W4408441470,125
R03,W4399331007,126
R03,W7171876246,127
R03,W4404978896,128
R03,W7169672798,129
R03,W7169653727,130
R03,W7161148410,131
R03,W7116757004,132
R03,W7162649929,133
R03,W7161281132,134
R03,W4400479245,135
R03,W4206990807,136
R03,W4377018670,137
R03,W2913212748,138
R03,W7215080558,139
R03,W4291214458,140
R03,W4410997996,141
R03,W3197639602,142
R03,W4212806310,143
R03,W4387211890,144
R03,W7155062218,145
R03,W2889376548,146
R03,W4377003691,147
R03,W2791591471,148
R03,W7215427308,149
R03,W4407023937,150
R03,W4396941351,151
R03,W4414809226,152
R03,W7128242834,153
R03,W2952000302,154
R03,W2342814337,155
R03,W7150778197,156
R03,W3133681681,157
R03,W4408183087,158
R03,W3196425904,159
R03,W2797681513,160
R03,W7211999866,161
R03,W7135336241,162
R03,W7211986799,163
R03,W2947492157,164
R03,W2518950561,165
R03,W3004342702,166
R03,W4414977263,167
R03,W7171640023,168
R03,W2952368915,169
R03,W3197467750,170
R03,W7163687391,171
R03,W7212145124,172
R03,W7212160172,173
R03,W2990645787,174
R03,W4414674662,175
R03,W4214762902,176
R03,W3186101581,177
R03,W4387293199,178
R03,W4404361340,179
R03,W7214066241,180
R03,W7213424240,181
R03,W3082141967,182
R03,W4396793002,183
R03,W2406991170,184
R03,W7167831880,185
R03,W4390284028,186
R03,W7213496792,187
R03,W3041680343,188
R03,W2162446640,189
R03,W7162241609,190
R03,W4415010549,191
R03,W7140118812,192
R03,W4404336883,193
R03,W2941825235,194
R03,W4252106185,195
R03,W4404457840,196
R03,W4404828408,197
R03,W4401927642,198
R03,W2580472237,199
R03,W4407029812,200
R03,W4401725109,201
R03,W7165141178,202
R03,W4415686156,203
R03,W7115906535,204
R03,W3159090921,205
R03,W4388071285,206
R03,W4411065472,207
R03,W7203830869,208
R03,W4415526180,209
R03,W7164304993,210
R03,W4312877211,211
R03,W2969031697,212
R03,W7164375500,213
R03,W4417158789,214
R03,W4406934827,215
R03,W4413966933,216
R03,W7163874032,217
R03,W4234794795,218
R03,W4396717139,219
R03,W2745196211,220
R03,W2726446626,221
R03,W2591742546,222
R03,W4284878784,223
R03,W2344297762,224
R03,W7201984355,225
R03,W7162305735,226
R03,W4406570579,227
R03,W4411490297,228
R03,W4206743087,229
R03,W3039665764,230
R03,W4405388829,231
R03,W4407561325,232
R03,W4403996547,233
R03,W4405836123,234
R03,W3034512817,235
R03,W4226431733,236
R03,W4413120374,237
R03,W2975987111,238
R03,W3013626468,239
R03,W4408758442,240
R03,W2527325595,241
R03,W4313582631,242
R03,W4412190354,243
R03,W2900934005,244
R03,W4409980600,245
R03,W3177392891,246
R03,W4408445101,247
R03,W4283259192,248
R03,W4288063657,249
R03,W7138932562,250
R03,W2626335451,251
R03,W7149329026,252
R03,W4293817064,253
R03,W2462745888,254
R03,W4415407659,255
R03,W4400615451,256
R03,W4412505056,257
R03,W4389409057,258
R03,W4384557708,259
R03,W7125112144,260
R03,W7120016199,261
R03,W4295095503,262
R03,W7204957150,263
R03,W7162101962,264
R03,W4410049036,265
R03,W4391282499,266
R03,W4388041296,267
R03,W2126664043,268
R03,W4411265689,269
R03,W4317718133,270
R03,W3034208364,271
R03,W4410452860,272
R03,W4404958122,273
R03,W4412014919,274
R03,W7124162316,275
R03,W4410791672,276
R03,W4417056488,277
R03,W7215704220,278
R03,W4389527982,279
R03,W4414492086,280
R03,W7162298100,281
R03,W2471230081,282
R03,W2883699953,283
R03,W4401073563,284
R03,W3119692084,285
R03,W4399256944,286
R03,W2515297518,287
R03,W4390306263,288
R03,W4416338557,289
R03,W3161422227,290
R03,W4285359805,291
R03,W4214495203,292
R03,W4408500277,293
R03,W2768024177,294
R03,W4411988002,295
R03,W7118079778,296
R03,W4381587438,297
R03,W4416454650,298
R03,W4399894440,299
R03,W7128539709,300
R03,W7128596492,301
R03,W2619342413,302
R03,W2399959309,303
R03,W4390372994,304
R03,W2755234041,305
R03,W3083330366,306
R03,W2606808167,307
R03,W7124321773,308
R03,W7128537156,309
R03,W3201395607,310
R03,W4390352973,311
R03,W2800827736,312
R03,W4396674093,313
R03,W4309220300,314
R03,W7165664361,315
R03,W4414157397,316
R03,W2774784409,317
R03,W4401951687,318
R03,W7115002502,319
R03,W2754498280,320
R03,W4395675092,321
R03,W7114995368,322
R03,W4417336734,323
R03,W4405585744,324
R03,W3166415853,325
R03,W7203695564,326
R03,W4317871375,327
R03,W3202319590,328
R03,W7204727333,329
R03,W4319315158,330
R03,W4401889180,331
R03,W4413755731,332
R03,W4399304411,333
R03,W3092823067,334
R03,W7204499707,335
R03,W7166717111,336
R03,W7128369295,337
R03,W4294053476,338
R03,W3192305788,339
R03,W4206695292,340
R03,W4403906560,341
R03,W2516530583,342
R03,W3135888753,343
R03,W7166662439,344
R03,W7113434706,345
R03,W3185114946,346
R03,W7131425246,347
R03,W2394936428,348
R03,W7134914577,349
R03,W4408536218,350
R03,W2551143591,351
R03,W2398936451,352
R03,W3086984162,353
R03,W2966838825,354
R03,W7134900169,355
R03,W4415564438,356
R03,W4406863341,357
R03,W7167480275,358
R03,W3131720704,359
R03,W2909348117,360
R03,W2576989064,361
R03,W3134664225,362
R03,W7218018400,363
R03,W4294176884,364
R03,W4220932235,365
R03,W4411805537,366
R03,W4401805443,367
R03,W2989930871,368
R03,W7119071607,369
R03,W2782647810,370
R03,W3153146486,371
R03,W7128531716,372
R03,W2890586068,373
R03,W4386027850,374
R03,W4416169869,375
R03,W7219735719,376
R03,W3162866728,377
R03,W2395319695,378
R03,W2514032273,379
R03,W7153072852,380
R03,W2054313461,381
R03,W7196932336,382
R03,W2904942870,383
R03,W7135074098,384
R03,W3018746987,385
R03,W4393306163,386
R03,W7169680876,387
R03,W4385611841,388
R03,W2808635102,389
R03,W3129301637,390
R03,W7130833754,391
R03,W834296802,392
R03,W2922647571,393
R03,W4415526146,394
R03,W7220111554,395
R03,W2576039575,396
R03,W7212144517,397
R03,W2933401883,398
R03,W4407825715,399
R03,W3043518076,400
R03,W7202050206,401
R03,W7217327284,402
R03,W4410121784,403
R03,W7214935617,404
R03,W7128811661,405
R03,W7169679548,406
R03,W4399847099,407
R03,W3131775392,408
R03,W4392697992,409
R03,W4416656816,410
R03,W7150078220,411
R03,W4293745932,412
R03,W3080717511,413
R03,W2811203363,414
R03,W3128686975,415
R03,W7212073038,416
R03,W4412895141,417
R03,W4400145965,418
R03,W7171451436,419
R03,W7204749353,420
R03,W7171369719,421
R03,W4414083206,422
R03,W7171451471,423
R03,W4378651469,424
R03,W4292177701,425
R03,W7134912872,426
R03,W2636331817,427
R03,W2804532663,428
R03,W3110977802,429
R03,W2753876211,430
R03,W4402116736,431
R03,W2753156190,432
R03,W4407228535,433
R03,W4316500458,434
R03,W4391708176,435
R03,W4415216001,436
R03,W4417409185,437
R03,W2581445494,438
R03,W2396956055,439
R03,W7171798368,440
R03,W4413104974,441
R03,W4414490085,442
R03,W4388712562,443
R03,W973500709,444
R03,W2914302101,445
R03,W7213553882,446
R03,W7165559462,447
R03,W3177994188,448
R03,W4410925552,449
R03,W3047042427,450
R03,W4281789891,451
R03,W4409123987,452
R03,W4417430988,453
R03,W3107008705,454
R03,W4411583273,455
R03,W7135218062,456
R03,W4413026115,457
R03,W7135199084,458
R03,W4393624630,459
R03,W7123865577,460
R03,W2548101643,461
R03,W7134287171,462
R03,W4394788184,463
R03,W4386295054,464
R03,W7161740261,465
R03,W4405290233,466
R03,W2997366037,467
R03,W7165555267,468
R03,W4414190264,469
R03,W2806792268,470
R03,W3090318001,471
R03,W4401394571,472
R03,W2800307942,473
R03,W4406398987,474
R03,W7212686844,475
R03,W2193366262,476
R03,W3177328029,477
R03,W3134709657,478
R03,W4416108932,479
R03,W4415371048,480
R03,W4387423886,481
R03,W4295717982,482
R03,W7213559780,483
R03,W4221162809,484
R03,W3157901302,485
R03,W4286373139,486
R03,W4398180735,487
R03,W7167203466,488
R03,W2546985286,489
R03,W4307301178,490
R03,W4401739894,491
R03,W7171447131,492
R03,W4296901125,493
R03,W7138876094,494
R03,W3198914541,495
R03,W2742403229,496
R03,W4406615202,497
R03,W4286988310,498
R03,W2485782839,499
R03,W4389552225,500
R03,W4391941790,501
R03,W4391561262,502
R03,W3203806043,503
R03,W2783907958,504
R03,W4409811772,505
R03,W7213345422,506
R03,W2595086580,507
R03,W4283750171,508
R03,W7162820615,509
R03,W4226205697,510
R03,W3018856756,511
R03,W3045468501,512
R03,W4319335024,513
R03,W3200994258,514
R03,W4214687839,515
R03,W4401554106,516
R03,W2804062552,517
R03,W4405276028,518
R03,W7168312757,519
R03,W4212780125,520
R03,W7203470155,521
R03,W3133739998,522
R03,W3128797187,523
R03,W7218113338,524
R03,W4409018648,525
R03,W3046481693,526
R03,W4389557000,527
R03,W7161123404,528
R03,W2134004529,529
R03,W3119317724,530
R03,W7202070069,531
R03,W3155690028,532
R03,W4407399019,533
R03,W4391034685,534
R03,W4410946392,535
R03,W4318994115,536
R03,W2889550974,537
R03,W4405458694,538
R03,W4417474695,539
R03,W2951301536,540
R03,W4403506796,541
R03,W7161495800,542
R03,W4416795171,543
R03,W7216965684,544
R03,W4414782005,545
R03,W4403045794,546
R03,W7144124960,547
R03,W7154451873,548
R03,W7172510321,549
R03,W4396222974,550
R03,W4403461903,551
R03,W7163815667,552
R03,W4402905364,553
R03,W7134108248,554
R03,W4410037120,555
R03,W7212786961,556
R03,W2515629958,557
R03,W4409137067,558
R03,W7213205067,559
R03,W7201880953,560
R03,W7117768310,561
R03,W4405897609,562
R03,W3168713220,563
R03,W4283526491,564
R03,W4410900623,565
R03,W4391472947,566
R03,W7219989658,567
R03,W3217753511,568
R03,W4412201411,569
R03,W3128107598,570
R03,W7168336534,571
R03,W4290466547,572
R03,W4383430147,573
R03,W4400469742,574
R03,W4388629484,575
R03,W4249601221,576
R03,W4415545851,577
R03,W7160692951,578
R03,W4392420012,579
R03,W4389619152,580
R03,W7215806931,581
R03,W4399261169,582
R03,W2460067418,583
R03,W4225964169,584
R03,W7117655521,585
R03,W4293567683,586
R03,W7203676256,587
R03,W2568184995,588
R03,W7203672826,589
R03,W3001295044,590
R03,W2607154182,591
R03,W3107816025,592
R03,W4405602515,593
R03,W2943710525,594
R03,W2949667968,595
R03,W4387816051,596
R03,W4307263155,597
R03,W4406736327,598
R03,W7117111306,599
R03,W7151043050,600
R03,W4297935594,601
R03,W4400549538,602
R03,W4377041845,603
R03,W4205671550,604
R03,W7150942403,605
R03,W4414662908,606
R03,W7163192072,607
R03,W7151073813,608
R03,W7160316324,609
R03,W7203671077,610
R03,W7150761669,611
R03,W4407990020,612
R03,W2261634091,613
R03,W4406873527,614
R03,W4283747862,615
R03,W4408716177,616
R03,W4416687865,617
R03,W4414197242,618
R03,W2623760491,619
R03,W7203707279,620
R03,W7162314295,621
R03,W2463888162,622
R03,W2789888723,623
R03,W7154455283,624
R03,W4416193550,625
R03,W7154476891,626
R03,W2979110902,627
R03,W7171381337,628
R03,W4408203344,629
R03,W2883298706,630
R03,W7202283154,631
R03,W7163533463,632
R03,W7171376145,633
R03,W2911888399,634
R03,W4311510465,635
R03,W2967895190,636
R03,W7130348201,637
R03,W7135188709,638
R03,W7155878812,639
R03,W4321370253,640
R03,W7203640100,641
R03,W3158734006,642
R03,W4389001071,643
R03,W2774428307,644
R03,W7166679113,645
R03,W7217565022,646
R03,W4410529723,647
R03,W4410209905,648
R03,W2774628166,649
R03,W3009452086,650
R03,W4392387607,651
R03,W4404377452,652
R03,W2971963331,653
R03,W4389981573,654
R03,W3127375565,655
R03,W2475820220,656
R03,W4414527167,657
R03,W4394726927,658
R03,W4386792774,659
R03,W4405466684,660
R03,W4389895746,661
R03,W4400487462,662
R03,W4405445765,663
R03,W2597218870,664
R03,W3124152587,665
R03,W4406244844,666
R03,W4392909246,667
R03,W2981131212,668
R03,W3158445904,669
R03,W7165019213,670
R03,W4200150421,671
R03,W3089424645,672
R03,W4415406876,673
R03,W4283657180,674
R03,W4388737188,675
R03,W2773412941,676
R03,W4416191410,677
R03,W4415124295,678
R03,W4411938672,679
R03,W2970289169,680
R03,W4396237222,681
R03,W4409606572,682
R03,W3048393929,683
R03,W7213549649,684
R03,W7172524196,685
R03,W4388414620,686
R03,W7218172402,687
R03,W4415361522,688
R03,W2172707010,689
R03,W4412731699,690
R03,W2914621334,691
R03,W2993651243,692
R03,W7208824079,693
R03,W3213919572,694
R03,W4401681773,695
R03,W7215963812,696
R03,W4238552291,697
R03,W2804316421,698
R03,W7117356484,699
R03,W7212036326,700
R03,W2229562258,701
R03,W4304891926,702
R03,W3005106266,703
R03,W2947051007,704
R03,W2886490535,705
R03,W4413771283,706
R03,W4412530065,707
R03,W2946813641,708
R03,W4283662769,709
R03,W3194607179,710
R03,W7119130208,711
R03,W4313442997,712
R03,W4229054692,713
R03,W7143942021,714
R03,W4412827053,715
R03,W3182456388,716
R03,W3019745444,717
R03,W7170074402,718
R03,W7169005432,719
R03,W2999301468,720
R03,W7160643017,721
R03,W4403192292,722
R03,W4206552032,723
R03,W4407937602,724
R03,W4411373454,725
R03,W7171662990,726
R03,W4408197933,727
R03,W2296441085,728
R03,W4410011727,729
R03,W2893370027,730
R03,W3112394001,731
R03,W3012198430,732
R03,W4388872976,733
R03,W3093606665,734
R03,W4406872692,735
R03,W7125492722,736
R03,W4386619789,737
R03,W7219995177,738
R03,W4412374978,739
R03,W4409778229,740
R03,W4408329763,741
R03,W4406624713,742
R03,W4323338526,743
R03,W3080445452,744
R03,W4411809783,745
R03,W4404830150,746
R03,W7127752692,747
R03,W4416348601,748
R03,W3176766213,749
R03,W3215412407,750
R03,W1911446402,751
R03,W7155519495,752
R03,W4405813372,753
R03,W4399501270,754
R03,W4409921289,755
R03,W4392932585,756
R03,W7220230869,757
R03,W7158825543,758
R03,W2559557129,759
R03,W7217671706,760
R03,W7203712751,761
R03,W7140098287,762
R03,W7158641729,763
R03,W7155501224,764
R03,W4410982485,765
R03,W7217969755,766
R03,W4384558191,767
R03,W4360930803,768
R03,W4413753401,769
R03,W4411259819,770
R03,W4391467970,771
R03,W4200041228,772
R03,W7104060054,773
R03,W4281885743,774
R03,W3194957752,775
R03,W809527551,776
R03,W4385759101,777
R03,W4308652077,778
R03,W3170522879,779
R03,W3194805656,780
R03,W4411988019,781
R03,W4411218684,782
R03,W4406310231,783
R03,W2783179420,784
R03,W7218136552,785
R03,W2623106383,786
R03,W4404313838,787
R03,W7215992627,788
R03,W7162751080,789
R03,W3012356975,790
R03,W2604470987,791
R03,W4381248999,792
R03,W7143960886,793
R03,W7217887562,794
R03,W7162785690,795
R03,W3170999702,796
R03,W4378389891,797
R03,W4399938947,798
R03,W2793785247,799
R03,W7131783770,800
R03,W4254203913,801
R03,W7167044281,802
R03,W2895985295,803
R03,W3136576189,804
R03,W4415714759,805
R03,W7127582509,806
R03,W2869117208,807
R03,W4377137977,808
R03,W4415967528,809
R03,W4415453924,810
R03,W4285034024,811
R03,W4402836416,812
R03,W4412353276,813
R03,W4391534119,814
R03,W4308933007,815
R03,W7201835208,816
R03,W7171309632,817
R03,W7165553560,818
R03,W4403629047,819
R03,W4416569498,820
R03,W4392439330,821
R03,W4392239566,822
R03,W4281747797,823
R03,W4402830494,824
R03,W7138895424,825
R03,W4410350232,826
R03,W2511396360,827
R03,W4408915697,828
R03,W4360612231,829
R03,W4401894917,830
R03,W4225667339,831
R03,W4404563126,832
R03,W7163051639,833
R03,W2792459815,834
R03,W7162186858,835
R03,W7162188976,836
R03,W2982517916,837
R03,W4401978053,838
R03,W4404193460,839
R03,W3162685798,840
R03,W2971366320,841
R03,W4410901735,842
R03,W7215075009,843
R03,W2934115591,844
R03,W7204662743,845
R03,W4409411815,846
R03,W4304976284,847
R03,W7218049804,848
R03,W2512495923,849
R03,W4385478469,850
R03,W3132580984,851
R03,W4387576458,852
R03,W7169783725,853
R03,W4231421569,854
R03,W3208646673,855
R03,W4387224520,856
R03,W7134108018,857
R03,W7134125369,858
R03,W7196980026,859
R03,W2753127937,860
R03,W4404862207,861
R03,W3205840678,862
R03,W4404629629,863
R03,W3127795015,864
R03,W4210890776,865
R03,W3034302383,866
R03,W4396605745,867
R03,W4313598976,868
R03,W2804404353,869
R03,W4406319888,870
R03,W7166157531,871
R03,W2894760128,872
R03,W4379160455,873
R03,W4408120610,874
R03,W4410323919,875
R03,W2914693120,876
R03,W4390784192,877
R03,W7216353617,878
R03,W4404425928,879
R03,W7162303591,880
R03,W4399085717,881
R03,W2393570611,882
R03,W1565993455,883
R03,W7170906025,884
R03,W3135697902,885
R03,W4416276083,886
R03,W4320505143,887
R03,W7213446038,888
R03,W4391998642,889
R03,W3190632765,890
R03,W4413324417,891
R03,W3174351618,892
R03,W4416018395,893
R03,W4405651076,894
R03,W4410207729,895
R03,W2327377630,896
R03,W2598417859,897
R03,W2767944186,898
R03,W4408312312,899
R03,W7203680972,900
R03,W3199862092,901
R03,W4404060531,902
R03,W2979960706,903
R03,W3120497758,904
R03,W7203678596,905
R03,W7164831109,906
R03,W4411103438,907
R03,W7133239767,908
R03,W4409016757,909
R03,W4387844602,910
R03,W4383262408,911
R03,W2189608294,912
R03,W2791084881,913
R03,W4415516137,914
R03,W4312300478,915
R03,W3155551462,916
R03,W3113620284,917
R03,W7118005591,918
R03,W2442624237,919
R03,W2626087849,920
R03,W3094560639,921
R03,W1913943242,922
R03,W2914983735,923
R03,W7139054589,924
R03,W7216773546,925
R03,W7166039204,926
R03,W4411874412,927
R03,W4412422044,928
R03,W4328052143,929
R03,W4416455087,930
R03,W4415952628,931
R03,W2975249842,932
R03,W4413143285,933
R03,W4225595174,934
R03,W4385347638,935
R03,W3011381232,936
R03,W4410577220,937
R03,W4411048199,938
R03,W3024158517,939
R03,W7152022940,940
R03,W7125676200,941
R03,W7170267224,942
R03,W4288926453,943
R03,W7171771853,944
R03,W4411947409,945
R03,W2773400095,946
R03,W7216029234,947
R03,W4200026790,948
R03,W2782958839,949
R03,W4381334454,950
R03,W7201952988,951
R03,W4360930500,952
R03,W3016617122,953
R03,W4229026792,954
R03,W7170175912,955
R03,W4416742358,956
R03,W4410237078,957
R03,W2903425779,958
R03,W3033713694,959
R03,W2466550514,960
R03,W2600147730,961
R03,W7204107834,962
R03,W7172222488,963
R03,W4367459690,964
R03,W7111693123,965
R03,W4234196832,966
R03,W2936134395,967
R03,W7153900956,968
R03,W7162436051,969
R03,W4400100918,970
R03,W3011600606,971
R03,W4236945876,972
R03,W7219695605,973
R03,W4411559222,974
R03,W4405654816,975
R03,W4390695797,976
R03,W4392788453,977
R03,W3095524751,978
R03,W2794336360,979
R03,W7160998654,980
R03,W4327948247,981
R03,W7171178781,982
R03,W2863709663,983
R03,W3046646962,984
R03,W4393379169,985
R03,W4362663534,986
R03,W4399013088,987
R03,W3027119105,988
R03,W2998626356,989
R03,W7202134255,990
R03,W7216333192,991
R03,W7171073892,992
R03,W3194968765,993
R03,W4200453709,994
R03,W2604108110,995
R03,W7202259716,996
R03,W7161154978,997
R03,W3171988316,998
R03,W7161359221,999
R03,W4412651655,1000
R03,W3025765010,1001
R03,W4406571060,1002
R03,W4388621781,1003
R03,W2601876651,1004
R03,W4384067734,1005
R03,W7128477529,1006
R03,W2895584721,1007
R03,W3177842295,1008
R03,W3097019356,1009
R03,W4288056843,1010
R03,W2893114530,1011
R03,W4283119377,1012
R03,W3200753170,1013
R03,W2888539113,1014
R03,W4387883346,1015
R03,W7214201871,1016
R03,W7143642262,1017
R03,W7131116874,1018
R03,W2306752846,1019
R03,W4414654766,1020
R03,W4387962769,1021
R03,W7160176052,1022
R03,W3090052805,1023
R03,W3190254337,1024
R03,W7163201031,1025
R03,W7163163740,1026
R03,W4320909609,1027
R03,W4391831117,1028
R03,W7133317564,1029
R03,W2342865165,1030
R03,W3120031966,1031
R03,W7167828054,1032
R03,W7169782009,1033
R03,W7167818498,1034
R03,W4415224554,1035
R03,W4391098056,1036
R03,W4411455121,1037
R03,W4412141273,1038
R03,W2802038424,1039
R03,W4407735151,1040
R03,W7134908552,1041
R03,W4381251116,1042
R03,W7160087661,1043
R03,W3088434178,1044
R03,W7160203227,1045
R03,W7160077934,1046
R03,W7166330964,1047
R03,W7204762719,1048
R03,W4407289551,1049
R03,W4285232817,1050
R03,W7216021731,1051
R03,W3167085827,1052
R03,W3217639804,1053
R03,W4408682498,1054
R03,W7104025805,1055
R03,W2993473928,1056
R03,W7140284517,1057
R03,W2747214709,1058
R03,W4414702510,1059
R03,W2971355309,1060
R03,W4400146840,1061
R03,W3032511132,1062
R03,W7216421559,1063
R03,W2179857523,1064
R03,W2744699601,1065
R03,W4293162984,1066
R03,W7165945073,1067
R03,W7167035428,1068
R03,W3174660242,1069
R03,W4414111210,1070
R03,W2312359038,1071
R03,W4412805393,1072
R03,W4390916228,1073
R03,W2948021742,1074
R03,W3123582620,1075
R03,W3196084785,1076
R03,W4400096981,1077
R03,W7196986348,1078
R03,W4387139279,1079
R03,W4414181204,1080
R03,W4416890785,1081
R03,W4411310456,1082
R03,W7167051612,1083
R03,W4404522548,1084
R03,W2611095654,1085
R03,W4405434586,1086
R03,W7104014483,1087
R03,W4415499899,1088
R03,W7215946101,1089
R03,W7196956359,1090
R03,W2998891979,1091
R03,W7123780480,1092
R03,W7117109320,1093
R03,W4210671812,1094
R03,W4400061240,1095
R03,W3155521956,1096
R03,W4220848750,1097
R03,W4400845616,1098
R03,W3180913959,1099
R03,W7208835361,1100
R03,W1481861725,1101
R03,W4387018117,1102
R03,W7160450553,1103
R03,W7220000639,1104
R03,W7212433295,1105
R03,W4287102202,1106
R03,W7213953480,1107
R03,W7208568870,1108
R03,W2801248415,1109
R03,W2600594252,1110
R03,W2334282485,1111
R03,W4308309870,1112
R03,W7168019069,1113
R03,W4394897717,1114
R03,W2801387717,1115
R03,W4400413648,1116
R03,W7213310374,1117
R03,W4410951780,1118
R03,W4200405756,1119
R03,W7160547890,1120
R03,W3185391654,1121
R03,W4213313385,1122
R03,W7166308938,1123
R03,W4411880544,1124
R03,W7149964436,1125
R03,W4413907152,1126
R03,W4399246014,1127
R03,W7160957787,1128
R03,W2796232047,1129
R03,W4409347356,1130
R03,W2763115803,1131
R03,W7216274739,1132
R03,W4387414632,1133
R03,W4210274488,1134
R03,W3096982790,1135
R03,W4389105477,1136
R03,W7117961451,1137
R03,W2563478782,1138
R03,W7143471541,1139
R03,W4391824888,1140
R03,W4390444308,1141
R03,W4401052294,1142
R03,W7163361335,1143
R03,W2146939166,1144
R03,W7164887001,1145
R03,W7104179015,1146
R03,W4402442452,1147
R03,W4404426793,1148
R03,W4361014432,1149
R03,W4387389396,1150
R03,W4396222972,1151
R03,W7140337616,1152
R03,W7144375772,1153
R03,W72363220,1154
R03,W4388052312,1155
R03,W2793442336,1156
R03,W7166452455,1157
R03,W7171401638,1158
R03,W4386868819,1159
R03,W4311686880,1160
R03,W4403912323,1161
R03,W2344678860,1162
R03,W3042899849,1163
R03,W4411878188,1164
R03,W2910427378,1165
R03,W4409146063,1166
R03,W7217264547,1167
R03,W4408960653,1168
R03,W4404376979,1169
R03,W4384209150,1170
R03,W7165107164,1171
R03,W3159387109,1172
R03,W4412892408,1173
R03,W7126218056,1174
R03,W255683031,1175
R03,W4385581672,1176
R03,W4413809234,1177
R03,W4317038465,1178
R03,W7196983144,1179
R03,W7167068381,1180
R03,W4404696607,1181
R03,W2584517405,1182
R03,W4410503211,1183
R03,W2952824041,1184
R03,W2784239436,1185
R03,W7220000224,1186
R03,W2248277147,1187
R03,W4402461454,1188
R03,W2994498537,1189
R03,W3004240109,1190
R03,W4409519638,1191
R03,W4393106022,1192
R03,W4388473693,1193
R03,W7210286863,1194
R03,W7171992020,1195
R03,W4415614603,1196
R03,W4312308997,1197
R03,W4415657306,1198
R03,W4409317594,1199
R03,W4403984908,1200
R03,W2569712266,1201
R03,W4226075849,1202
R03,W7161641646,1203
R03,W7167456481,1204
R03,W2805138210,1205
R03,W7130507281,1206
R03,W4408140666,1207
R03,W3193582937,1208
R03,W4415606400,1209
R03,W3116644664,1210
R03,W2418531610,1211
R03,W4384910484,1212
R03,W4400097187,1213
R03,W4312218372,1214
R03,W7155058178,1215
R03,W4399923045,1216
R03,W7202081323,1217
R03,W3048662406,1218
R03,W3160774656,1219
R03,W4411156180,1220
R03,W4416042204,1221
R03,W4406211578,1222
R03,W3174322987,1223
R03,W4414260573,1224
R03,W4413103360,1225
R03,W4403036869,1226
R03,W4402286413,1227
R03,W7164193875,1228
R03,W3107665232,1229
R03,W3039135552,1230
R03,W7138461413,1231
R03,W4392542237,1232
R03,W4385225408,1233
R03,W7129043658,1234
R03,W7212351340,1235
R03,W4412905493,1236
R03,W4415777067,1237
R03,W7136043943,1238
R03,W7133305370,1239
R03,W7217878677,1240
R03,W3042523308,1241
R03,W4417451002,1242
R03,W4400845716,1243
R03,W4413938747,1244
R03,W4282971532,1245
R03,W3006936624,1246
R03,W4405014454,1247
R03,W7110122134,1248
R03,W4409668409,1249
R03,W4412733711,1250
R03,W2383043139,1251
R03,W4287742280,1252
R03,W7140081939,1253
R03,W4387456566,1254
R03,W4411110563,1255
R03,W4393854958,1256
R03,W4319342226,1257
R03,W7136087883,1258
R03,W7214478079,1259
R03,W7154957450,1260
R03,W7214721229,1261
R03,W4389613045,1262
R03,W4390116555,1263
R03,W2319119817,1264
R03,W7202378333,1265
R03,W7168125666,1266
R03,W4295873704,1267
R03,W2199668946,1268
R03,W7127321470,1269
R03,W7170061309,1270
R03,W7133866092,1271
R03,W7167504058,1272
R03,W2968920486,1273
R03,W7136075031,1274
R03,W7167639683,1275
R03,W7117964097,1276
R03,W4410959379,1277
R03,W4414922885,1278
R03,W7213456208,1279
R03,W7150154598,1280
R03,W4412749260,1281
R03,W2970635114,1282
R03,W4384471404,1283
R03,W4246825695,1284
R03,W4410976239,1285
R03,W7162997480,1286
R03,W7151613769,1287
R03,W7167806823,1288
R03,W3195148864,1289
R03,W7164915411,1290
R03,W7164353062,1291
R03,W4401470697,1292
R03,W3179797663,1293
R03,W4388110873,1294
R03,W7118169828,1295
R03,W4381052897,1296
R03,W3134280100,1297
R03,W4308443772,1298
R03,W4212914344,1299
R03,W4389141402,1300
R03,W7217664465,1301
R03,W4401930708,1302
R03,W4393902321,1303
R03,W4287075672,1304
R03,W4390824752,1305
R03,W4399744627,1306
R03,W2794883035,1307
R03,W4407008929,1308
R03,W7125229990,1309
R03,W7165065822,1310
R03,W4229336320,1311
R03,W4415944165,1312
R03,W3196099712,1313
R03,W7166350467,1314
R03,W4410825301,1315
R03,W7166348645,1316
R03,W7217945405,1317
R03,W7127096269,1318
R03,W4416445740,1319
R03,W7117298347,1320
R03,W7165002540,1321
R03,W7135418764,1322
R03,W7220191507,1323
R03,W7128928604,1324
R03,W4410924585,1325
R03,W7219307031,1326
R03,W4416291398,1327
R03,W7197018932,1328
R03,W7220254050,1329
R03,W4316097085,1330
R03,W4415818530,1331
R03,W4283376251,1332
R03,W2386826156,1333
R03,W3187750792,1334
R03,W4294783038,1335
R03,W4411886135,1336
R03,W4393358871,1337
R03,W7165884078,1338
R03,W4410393982,1339
R03,W2689530966,1340
R03,W4408090716,1341
R03,W3009571793,1342
R03,W4221039399,1343
R03,W7210268934,1344
R03,W4406338697,1345
R03,W4282961235,1346
R03,W4376127109,1347
R03,W7220112054,1348
R03,W3216708491,1349
R03,W4407684205,1350
R03,W7213617340,1351
R03,W4399296763,1352
R03,W3182696075,1353
R03,W4414922890,1354
R03,W4298620475,1355
R03,W7171330884,1356
R03,W3041580351,1357
R03,W4414168377,1358
R03,W4416678594,1359
R03,W4405333698,1360
R03,W7125428030,1361
R03,W4290997902,1362
R03,W4388572220,1363
R03,W7164491678,1364
R03,W4409658429,1365
R03,W7218023197,1366
R03,W4403842161,1367
R03,W7164500348,1368
R03,W7125972198,1369
R03,W4410615352,1370
R03,W7106131076,1371
R03,W3199232631,1372
R03,W7168095801,1373
R03,W2774134701,1374
R03,W7220128041,1375
R03,W4408009861,1376
R03,W7164749754,1377
R03,W4388461341,1378
R03,W7128384788,1379
R03,W2542700771,1380
R03,W4416867002,1381
R03,W7216441607,1382
R03,W4406666200,1383
R03,W7127999319,1384
R03,W7124132100,1385
R03,W4404892170,1386
R03,W4392635310,1387
R03,W4416195521,1388
R03,W4388553313,1389
R03,W4402782229,1390
R03,W3091858060,1391
R03,W4411599935,1392
R03,W7216718514,1393
R03,W2912894807,1394
R03,W2946397394,1395
R03,W2326864951,1396
R03,W7160244006,1397
R03,W7124294236,1398
R03,W7160659642,1399
R03,W7165111689,1400
R03,W7124294236,1401
R03,W7130817734,1402
R03,W7216936829,1403
R03,W7204970292,1404
R03,W2910659007,1405
R03,W7160644591,1406
R03,W7213335226,1407
R03,W4416230034,1408
R03,W3050695212,1409
R03,W1947366125,1410
R03,W7216495481,1411
R03,W4412968781,1412
R03,W7117583947,1413
R03,W7214674085,1414
R03,W4377227164,1415
R03,W1600833791,1416
R03,W4393926940,1417
R03,W3030060746,1418
R03,W7117255585,1419
R03,W4210929719,1420
R03,W3181393465,1421
R03,W7204152187,1422
R03,W7128510723,1423
R03,W7155217814,1424
R03,W2882995614,1425
R03,W7213220975,1426
R03,W7117661253,1427
R03,W7129276581,1428
R03,W7163769400,1429
R03,W4318620498,1430
R03,W7213471340,1431
R03,W7161304016,1432
R03,W4405873900,1433
R03,W7202158819,1434
R03,W4390674336,1435
R03,W4407748678,1436
R03,W7203654658,1437
R03,W4392576991,1438
R03,W7172502891,1439
R03,W4388343252,1440
R03,W7162339127,1441
R03,W7141778364,1442
R03,W4406393815,1443
R03,W7162690323,1444
R03,W7157635927,1445
R03,W7168336482,1446
R03,W7197035860,1447
R03,W7158135364,1448
R03,W4416196910,1449
R03,W4399653141,1450
R03,W4247516250,1451
R03,W4408618174,1452
R03,W2598939072,1453
R03,W7216891160,1454
R03,W4414153362,1455
R03,W4393077062,1456
R03,W7166996533,1457
R03,W7218050234,1458
R03,W2804194882,1459
R03,W2768777803,1460
R03,W4286206406,1461
R03,W4380303831,1462
R03,W7157290489,1463
R03,W4408350299,1464
R03,W3087331920,1465
R03,W7169853851,1466
R03,W2990631292,1467
R03,W4406036887,1468
R03,W2753208399,1469
R03,W4416286048,1470
R03,W4417132005,1471
R03,W7165918399,1472
R03,W4412873277,1473
R03,W7204874926,1474
R03,W7164349973,1475
R03,W4414609259,1476
R03,W7105580820,1477
R03,W3193075619,1478
R03,W2805564352,1479
R03,W4403647737,1480
R03,W2100974534,1481
R03,W3109733880,1482
R03,W7140105362,1483
R03,W7133242898,1484
R03,W4413120139,1485
R03,W4412559047,1486
R03,W2896571598,1487
R03,W4412871968,1488
R03,W7153065753,1489
R03,W3036073354,1490
R03,W2497546023,1491
R03,W7172308129,1492
R03,W4415671453,1493
R03,W4406628057,1494
R03,W7166574837,1495
R03,W4393024905,1496
R03,W7155217405,1497
R03,W3047907047,1498
R03,W3032470890,1499
R03,W4413388018,1500
R03,W2537365599,1501
R03,W7214150825,1502
R03,W7160949014,1503
R03,W4313393291,1504
R03,W7160068456,1505
R03,W4412980478,1506
R03,W2776302861,1507
R03,W7219572271,1508
R03,W4414826758,1509
R03,W4413384543,1510
R03,W4409107328,1511
R03,W3012391348,1512
R03,W3083311030,1513
R03,W4205687141,1514
R03,W4411599929,1515
R03,W3214320063,1516
R03,W7171394816,1517
R03,W7167260324,1518
R03,W4408103359,1519
R03,W7167205663,1520
R03,W4411014011,1521
R03,W4406033652,1522
R03,W4402889443,1523
R03,W2970012622,1524
R03,W4392913757,1525
R03,W2765833655,1526
R03,W4415276249,1527
R03,W2965557670,1528
R03,W3180672435,1529
R03,W4408960769,1530
R03,W4206946618,1531
R03,W7168294672,1532
R03,W4414710351,1533
R03,W2945709789,1534
R03,W4414709279,1535
R03,W4408928711,1536
R03,W4403953208,1537
R03,W7134067722,1538
R03,W7171787653,1539
R03,W4402557926,1540
R03,W2236112861,1541
R03,W7214466756,1542
R03,W7133535877,1543
R03,W4415970940,1544
R03,W4387415851,1545
R03,W4367149417,1546
R03,W1954223889,1547
R03,W7171826974,1548
R03,W7202168189,1549
R03,W4412355390,1550
R03,W4408495589,1551
R03,W4205784419,1552
R03,W4414476017,1553
R03,W2989736800,1554
R03,W4385774712,1555
R03,W4226517755,1556
R03,W2225092584,1557
R03,W4395662844,1558
R03,W2932037414,1559
R03,W7153190038,1560
R03,W4301396559,1561
R03,W4221145053,1562
R03,W7203672053,1563
R03,W4412635528,1564
R03,W7159643002,1565
R03,W4386332381,1566
R03,W3005622745,1567
R03,W7116174788,1568
R03,W2789823169,1569
R03,W2911249901,1570
R03,W3134084762,1571
R03,W4411840649,1572
R03,W3197760493,1573
R03,W4226145778,1574
R03,W7154984863,1575
R03,W4220983355,1576
R03,W4413138835,1577
R03,W2916143032,1578
R03,W4390415015,1579
R03,W2809036277,1580
R03,W4377719678,1581
R03,W2336954798,1582
R03,W2767332204,1583
R03,W7216942803,1584
R03,W4412183609,1585
R03,W3183813062,1586
R03,W2936501456,1587
R03,W4406580552,1588
R03,W4410975188,1589
R03,W2736859400,1590
R03,W2830808779,1591
R03,W2894948714,1592
R03,W2906588458,1593
R03,W4404135146,1594
R03,W4408469322,1595
R03,W7164821689,1596
R03,W7126218617,1597
R03,W4399363207,1598
R03,W7160097509,1599
R03,W2443998760,1600
R03,W7213943542,1601
R03,W2604038207,1602
R03,W3047740410,1603
R03,W2478183509,1604
R03,W4415139745,1605
R03,W4415063281,1606
R03,W7165166684,1607
R03,W7128746752,1608
R03,W2886519477,1609
R03,W7155899236,1610
R03,W4412591888,1611
R03,W7149923232,1612
R03,W2792148934,1613
R03,W2250791468,1614
R03,W7215491141,1615
R03,W4416959329,1616
R03,W4405072965,1617
R03,W7164055273,1618
R03,W3025239130,1619
R03,W4416776409,1620
R03,W4383228144,1621
R03,W2921775941,1622
R03,W4410457501,1623
R03,W4200484108,1624
R03,W4385575894,1625
R03,W2595222790,1626
R03,W3008364153,1627
R03,W4412731958,1628
R03,W4413655565,1629
R03,W3211608408,1630
R03,W2396036257,1631
R03,W4410561964,1632
R03,W2018674957,1633
R03,W7160651832,1634
R03,W2901080907,1635
R03,W4405316501,1636
R03,W7117456939,1637
R03,W7117461274,1638
R03,W7147629028,1639
R03,W2419155106,1640
R03,W7168095886,1641
R03,W4225358727,1642
R03,W2531214689,1643
R03,W2885702801,1644
R03,W4410288467,1645
R03,W7148836219,1646
R03,W3200213815,1647
R03,W3035853342,1648
R03,W3041787801,1649
R03,W7219796366,1650
R03,W7160273976,1651
R03,W4392169597,1652
R03,W7115391274,1653
R03,W4409250966,1654
R03,W4285900278,1655
R03,W2513588355,1656
R03,W2195319485,1657
R03,W4376639627,1658
R03,W3202392772,1659
R03,W7220345987,1660
R03,W7204865036,1661
R03,W2895588612,1662
R03,W2788507528,1663
R03,W2766231328,1664
R03,W4403302338,1665
R03,W4413121607,1666
R03,W4389319365,1667
R03,W7127073688,1668
R03,W7162185203,1669
R03,W7167069372,1670
R03,W2353571506,1671
R03,W2523966314,1672
R03,W4414421005,1673
R03,W7103996611,1674
R03,W2794299433,1675
R03,W7104045844,1676
R03,W4401112541,1677
R03,W4408984486,1678
R03,W7215742106,1679
R03,W4226280761,1680
R03,W4385296896,1681
R03,W7216715672,1682
R03,W4414166562,1683
R03,W3133622243,1684
R03,W2796131299,1685
R03,W7166868526,1686
R03,W4409759114,1687
R03,W7218371851,1688
R03,W4400235832,1689
R03,W4408781023,1690
R03,W4391511885,1691
R03,W4413939565,1692
R03,W4416125115,1693
R03,W7158193723,1694
R03,W7154317223,1695
R03,W4312223363,1696
R03,W7217955298,1697
R03,W4367671483,1698
R03,W2330850762,1699
R03,W7159850298,1700
R03,W2809524280,1701
R03,W3108917415,1702
R03,W7212292145,1703
R03,W4415628400,1704
R03,W7128675038,1705
R03,W3048116347,1706
R03,W7128676093,1707
R03,W4407178296,1708
R03,W4401344748,1709
R03,W4415316554,1710
R03,W7160313980,1711
R03,W4409019214,1712
R03,W2768767823,1713
R03,W3028386872,1714
R03,W4396767580,1715
R03,W4392598357,1716
R03,W4210352820,1717
R03,W3209986089,1718
R03,W4401528364,1719
R03,W7160320170,1720
R03,W4327977646,1721
R03,W4415609449,1722
R03,W4388962319,1723
R03,W4205770567,1724
R03,W7143891835,1725
R03,W4404502330,1726
R03,W2266951993,1727
R03,W4401691825,1728
R03,W4413677560,1729
R03,W4403362893,1730
R03,W2977562505,1731
R03,W2886993063,1732
R03,W3092344352,1733
R03,W7155212333,1734
R03,W4378976534,1735
R03,W2891623968,1736
R03,W4409252702,1737
R03,W7143975829,1738
R03,W4400966635,1739
R03,W7217656739,1740
R03,W4414543825,1741
R03,W4380537468,1742
R03,W4300874523,1743
R03,W4410068727,1744
R03,W7131657761,1745
R03,W7131731662,1746
R03,W4416302705,1747
R03,W1916562904,1748
R03,W7133953598,1749
R03,W4413330034,1750
R03,W4295959501,1751
R03,W4285279614,1752
R03,W2980384159,1753
R03,W2921699243,1754
R03,W4402554224,1755
R03,W7166704106,1756
R03,W2894967208,1757
R03,W4409973345,1758
R03,W3215714569,1759
R03,W4415087548,1760
R03,W4416354696,1761
R03,W2979515916,1762
R03,W7203465447,1763
R03,W4229376982,1764
R03,W4378172141,1765
R03,W3049141512,1766
R03,W4297627643,1767
R03,W4415585350,1768
R03,W4417159207,1769
R03,W4416906218,1770
R03,W2337478222,1771
R03,W7128163322,1772
R03,W7160377331,1773
R03,W7126232917,1774
R03,W7154480837,1775
R03,W7218991195,1776
R03,W4405855325,1777
R03,W7140328632,1778
R03,W2901054453,1779
R03,W4405997836,1780
R03,W7143516630,1781
R03,W4211252655,1782
R03,W7128972821,1783
R03,W7168305890,1784
R03,W3011142915,1785
R03,W2605098119,1786
R03,W7168289904,1787
R03,W7171943042,1788
R03,W7135087555,1789
R03,W4412485089,1790
R03,W4361191068,1791
R03,W7117326135,1792
R03,W7214699380,1793
R03,W7162100934,1794
R03,W7159811525,1795
R03,W4388494692,1796
R03,W3028965091,1797
R03,W7163162013,1798
R03,W4417100378,1799
R03,W4412899802,1800
R03,W2035560991,1801
R03,W7147137778,1802
R03,W4415092198,1803
R03,W7121443190,1804
R03,W7172437856,1805
R03,W7160991847,1806
R03,W3130430255,1807
R03,W4401824757,1808
R03,W4400109090,1809
R03,W4394723153,1810
R03,W4401345899,1811
R03,W7129664726,1812
R03,W4407055873,1813
R03,W2252553343,1814
R03,W4408198418,1815
R03,W7117306439,1816
R03,W3092978326,1817
R03,W4415827509,1818
R03,W4396859579,1819
R03,W4361802715,1820
R03,W3024050019,1821
R03,W2954869011,1822
R03,W7128424555,1823
R03,W7203545846,1824
R03,W4400042039,1825
R03,W3180236521,1826
R03,W4200337698,1827
R03,W4410161880,1828
R03,W1658756280,1829
R03,W4409457167,1830
R03,W4416674764,1831
R03,W4416096920,1832
R03,W7166833024,1833
R03,W4312587634,1834
R03,W4410935936,1835
R03,W4352989939,1836
R03,W7220054879,1837
R03,W4313567959,1838
R03,W4414814072,1839
R03,W2297129731,1840
R03,W4401691916,1841
R03,W3030377463,1842
R03,W7125502860,1843
R03,W7168236405,1844
R03,W7122780867,1845
R03,W4280567885,1846
R03,W4321260786,1847
R03,W4408759851,1848
R03,W4383556697,1849
R03,W3167999392,1850
R03,W4382519956,1851
R03,W3119084057,1852
R03,W7124876494,1853
R03,W3087660841,1854
R03,W2752689252,1855
R03,W4410112304,1856
R03,W7166570713,1857
R03,W4283369173,1858
R03,W4281789417,1859
R03,W4414630970,1860
R03,W4392640669,1861
R03,W4395461783,1862
R03,W4410565904,1863
R03,W7212190116,1864
R03,W4417429007,1865
R03,W4410616490,1866
R03,W3196361104,1867
R03,W7213750528,1868
R03,W2618004478,1869
R03,W4319264982,1870
R03,W4413825628,1871
R03,W4321789094,1872
R03,W2495081752,1873
R03,W7117136385,1874
R03,W7164412338,1875
R03,W7155194589,1876
R03,W7144260849,1877
R03,W2354181934,1878
R03,W7131291099,1879
R03,W3216235091,1880
R03,W4398250084,1881
R03,W4409837608,1882
R03,W4409445499,1883
R03,W4214506225,1884
R03,W4393865987,1885
R03,W7156362453,1886
R03,W7154138388,1887
R03,W4415339561,1888
R03,W4410617097,1889
R03,W2471136643,1890
R03,W4417410387,1891
R03,W4402080730,1892
R03,W2773496896,1893
R03,W4393346591,1894
R03,W4237471581,1895
R03,W3187791926,1896
R03,W4389380260,1897
R03,W7117993737,1898
R03,W7141446967,1899
R03,W2462560853,1900
R03,W774315226,1901
R03,W3009570954,1902
R03,W7217236199,1903
R03,W4224570767,1904
R03,W4408121135,1905
R03,W7213752592,1906
R03,W4400156357,1907
R03,W7138955537,1908
R03,W4416582688,1909
R03,W7162950748,1910
R03,W4385615503,1911
R03,W4393143368,1912
R03,W4413095204,1913
R03,W2743314058,1914
R03,W4406327343,1915
R03,W7172161868,1916
R03,W4390592930,1917
R03,W4392507853,1918
R03,W7162955671,1919
R03,W4381435763,1920
R03,W4402300879,1921
R03,W2530574390,1922
R03,W2896635160,1923
R03,W4398131361,1924
R03,W4415220711,1925
R03,W3104076463,1926
R03,W4391242511,1927
R03,W4411122903,1928
R03,W4410490601,1929
R03,W4316174716,1930
R03,W2730716584,1931
R03,W4405848514,1932
R03,W3023712080,1933
R03,W4220693174,1934
R03,W7215782472,1935
R03,W4403233410,1936
R03,W3193742955,1937
R03,W7144064545,1938
R03,W2177386149,1939
R03,W7140096055,1940
R03,W4412795541,1941
R03,W1901231616,1942
R03,W4411571033,1943
R03,W4298146048,1944
R03,W4297106873,1945
R03,W3158079830,1946
R03,W346332294,1947
R03,W7154685202,1948
R03,W7155523470,1949
R03,W4410050979,1950
R03,W4416192752,1951
R03,W4404999210,1952
R03,W4410514286,1953
R03,W7164747045,1954
R03,W4407410284,1955
R03,W7166819541,1956
R03,W3005294357,1957
R03,W4387780936,1958
R03,W4390826345,1959
R03,W7161759721,1960
R03,W7219535496,1961
R03,W4402000020,1962
R03,W4389961378,1963
R03,W4406188163,1964
R03,W4405154525,1965
R03,W4416618837,1966
R03,W7166704002,1967
R03,W4396224701,1968
R03,W4409564270,1969
R03,W7140082298,1970
R03,W4214937702,1971
R03,W7129039007,1972
R03,W4403928120,1973
R03,W3100087570,1974
R03,W7127039383,1975
R03,W4317387837,1976
R03,W2968315990,1977
R03,W4411579508,1978
R03,W2949850685,1979
R03,W4391912678,1980
R03,W4414084211,1981
R03,W4408068000,1982
R03,W2481849579,1983
R03,W4416941356,1984
R03,W2734544116,1985
R03,W4382916234,1986
R03,W4415258452,1987
R03,W4391548084,1988
R03,W7211959120,1989
R03,W7160327001,1990
R03,W7118120846,1991
R03,W7150766154,1992
R03,W4405855516,1993
R03,W3030919729,1994
R03,W2744732197,1995
R03,W4407394211,1996
R03,W3000350505,1997
R03,W7214639748,1998
R03,W4411948786,1999
R03,W7163529718,2000
R03,W4400658521,2001
R03,W4404659973,2002
R03,W7114806999,2003
R03,W4409464868,2004
R03,W7159571756,2005
R03,W7126252937,2006
R03,W7126216910,2007
R03,W4417490816,2008
R03,W2985216633,2009
R03,W4412697834,2010
R03,W4366609826,2011
R03,W3087369829,2012
R03,W4405942059,2013
R03,W2305409727,2014
R03,W2625180587,2015
R03,W2381398614,2016
R03,W2185079262,2017
R03,W7203702467,2018
R03,W7128732801,2019
R03,W7215921861,2020
R03,W7167500937,2021
R03,W7167484984,2022
R03,W3131858621,2023
R03,W7171628961,2024
R03,W3092000926,2025
R03,W7171638092,2026
R03,W7169884632,2027
R03,W3132473434,2028
R03,W7167474918,2029
R03,W7171658241,2030
R03,W7169843565,2031
R03,W7171715568,2032
R03,W7165559189,2033
R03,W7207868401,2034
R03,W3004830866,2035
R03,W7215027180,2036
R03,W7135068265,2037
R03,W4411112848,2038
R03,W7164918607,2039
R03,W2990366416,2040
R03,W4410118998,2041
R03,W7116650528,2042
R03,W4409184842,2043
R03,W4382725747,2044
R03,W3193581789,2045
R03,W7124146229,2046
R03,W4400662803,2047
R03,W4391222038,2048
R03,W2549786289,2049
R03,W4411402602,2050
R03,W4368367575,2051
R03,W4394817548,2052
R03,W4210880269,2053
R03,W7159871710,2054
R03,W2278257590,2055
R03,W4376641362,2056
R03,W4413847500,2057
R03,W7161727018,2058
R03,W7164991046,2059
R03,W3033028295,2060
R03,W7214184592,2061
R03,W2516009196,2062
R03,W4416594698,2063
R03,W7168194255,2064
R03,W4377010019,2065
R03,W4287978401,2066
R03,W7170078972,2067
R03,W4408803967,2068
R03,W4309903582,2069
R03,W3008158975,2070
R03,W7126053013,2071
R03,W2532349673,2072
R03,W4409743473,2073
R03,W4414337052,2074
R03,W2921372560,2075
R03,W7108221782,2076
R03,W4376131256,2077
R03,W4410810706,2078
R03,W4316083983,2079
R03,W7160380052,2080
R03,W7171497280,2081
R03,W2887902169,2082
R03,W4404288116,2083
R03,W3134826425,2084
R03,W4414953092,2085
R03,W4388725609,2086
R03,W7110352480,2087
R03,W4407281528,2088
R03,W4409978800,2089
R03,W7115581585,2090
R03,W4403688347,2091
R03,W4415578496,2092
R03,W4280610928,2093
R03,W7126061827,2094
R03,W4391878452,2095
R03,W4213008282,2096
R03,W4416702320,2097
R03,W4224044750,2098
R03,W7165761871,2099
R03,W4413329880,2100
R03,W7140700738,2101
R03,W7214650602,2102
R03,W7203713363,2103
R03,W3106130661,2104
R03,W4220868597,2105
R03,W4407956576,2106
R03,W4415909492,2107
R03,W4413281173,2108
R03,W4412702178,2109
R03,W4400399897,2110
R03,W4388633098,2111
R03,W2990836711,2112
R03,W4415427759,2113
R03,W4405185491,2114
R03,W7160389403,2115
R03,W4377107839,2116
R03,W2903191499,2117
R03,W7217890598,2118
R03,W3187054171,2119
R03,W2942181367,2120
R03,W4411599930,2121
R03,W7172453873,2122
R03,W7167263630,2123
R03,W7204167889,2124
R03,W4406768431,2125
R03,W4411430644,2126
R03,W4411686420,2127
R03,W7213266041,2128
R03,W7167572079,2129
R03,W4386800971,2130
R03,W7216342467,2131
R03,W3157110058,2132
R03,W2191202872,2133
R03,W4410521514,2134
R03,W4402824326,2135
R03,W4281628711,2136
R03,W7133604933,2137
R03,W7167257996,2138
R03,W3154547558,2139
R03,W7216325780,2140
R03,W7164530332,2141
R03,W4415560349,2142
R03,W7116649393,2143
R03,W4410289951,2144
R03,W4415696036,2145
R03,W4321376981,2146
R03,W4400017128,2147
R03,W7125656583,2148
R03,W7212254323,2149
R03,W4412719085,2150
R03,W4416859432,2151
R03,W4386263786,2152
R03,W2250934827,2153
R03,W4416354159,2154
R03,W7162406581,2155
R03,W4386055632,2156
R03,W4407019892,2157
R03,W7211876728,2158
R03,W4221034756,2159
R03,W7211891257,2160
R03,W7106010785,2161
R03,W7168185693,2162
R03,W4415828515,2163
R03,W4410475716,2164
R03,W7166554879,2165
R03,W7213553795,2166
R03,W7218143771,2167
R03,W7164803475,2168
R03,W2571552519,2169
R03,W7125952850,2170
R03,W3186055072,2171
R03,W4223427548,2172
R03,W7166437482,2173
R03,W4408189528,2174
R03,W7203498930,2175
R03,W7217602421,2176
R03,W4406075075,2177
R03,W7203603640,2178
R03,W4409994818,2179
R03,W4389818285,2180
R03,W4412434959,2181
R03,W4412420163,2182
R03,W4413751523,2183
R03,W7160420460,2184
R03,W4327811915,2185
R03,W7213532364,2186
R03,W7104268198,2187
R03,W4410191480,2188
R03,W4415308698,2189
R03,W7124532830,2190
R03,W7211868177,2191
R03,W7154479459,2192
R03,W3116559078,2193
R03,W4402355492,2194
R03,W4200062747,2195
R03,W7204447435,2196
R03,W7204469014,2197
R03,W4403267326,2198
R03,W4409337127,2199
R03,W7162875051,2200
R03,W7162498161,2201
R03,W7163703406,2202
R03,W4399260350,2203
R03,W4405657491,2204
R03,W7170749122,2205
R03,W7168465689,2206
R03,W4321487746,2207
R03,W4412122783,2208
R03,W4408230638,2209
R03,W7171978478,2210
R03,W7201955425,2211
R03,W7116327094,2212
R03,W7125095472,2213
R03,W4417511451,2214
R03,W7116435651,2215
R03,W4416749384,2216
R03,W7204664487,2217
R03,W7204664018,2218
R03,W3003206997,2219
R03,W4408449774,2220
R03,W4405092837,2221
R03,W4388626893,2222
R03,W7161582061,2223
R03,W4391132912,2224
R03,W2890728340,2225
R03,W4406872315,2226
R03,W4408678674,2227
R03,W2885990648,2228
R03,W7220105403,2229
R03,W3163646913,2230
R03,W3169309352,2231
R03,W4390509932,2232
R03,W3181618973,2233
R03,W4412183592,2234
R03,W4376143047,2235
R03,W4408781276,2236
R03,W4386175829,2237
R03,W3003594159,2238
R03,W4411907766,2239
R03,W4404016165,2240
R03,W4391913226,2241
R03,W4281606298,2242
R03,W4409258635,2243
R03,W3004702404,2244
R03,W4414159558,2245
R03,W4411118790,2246
R03,W4414998061,2247
R03,W2196460990,2248
R03,W7167708284,2249
R03,W2769207333,2250
R03,W2982116153,2251
R03,W4413943068,2252
R03,W4405794374,2253
R03,W7212336384,2254
R03,W4408250943,2255
R03,W4415938841,2256
R03,W2947211667,2257
R03,W4416087389,2258
R03,W4415345405,2259
R03,W7128528043,2260
R03,W3033604902,2261
R03,W7207771851,2262
R03,W4416463502,2263
R03,W7216486479,2264
R03,W7164929283,2265
R03,W2319386613,2266
R03,W4400866370,2267
R03,W3204652692,2268
R03,W3014036830,2269
R03,W4408540863,2270
R03,W4411238788,2271
R03,W3021820058,2272
R03,W7219526360,2273
R03,W2951777563,2274
R03,W4235002543,2275
R03,W4406228955,2276
R03,W4401316103,2277
R03,W3034779160,2278
R03,W2547767326,2279
R03,W7129053341,2280
R03,W4389311429,2281
R03,W7129013577,2282
R03,W4322772799,2283
R03,W3028457017,2284
R03,W4410036568,2285
R03,W2921045087,2286
R03,W4407571159,2287
R03,W7220306025,2288
R03,W7164683657,2289
R03,W2947571575,2290
R03,W7204891611,2291
R03,W2343847341,2292
R03,W4401889905,2293
R03,W4415998331,2294
R03,W4415762559,2295
R03,W4402377644,2296
R03,W7125372142,2297
R03,W7206540144,2298
R03,W7128216873,2299
R03,W2899789054,2300
R03,W4408537332,2301
R03,W4398179472,2302
R03,W7166798445,2303
R03,W4406093663,2304
R03,W4408068669,2305
R03,W4399881076,2306
R03,W4382403366,2307
R03,W7169721146,2308
R03,W7220321338,2309
R03,W4319600108,2310
R03,W4402950469,2311
R03,W4382024055,2312
R03,W4389565663,2313
R03,W4412709269,2314
R03,W4413432167,2315
R03,W4385068020,2316
R03,W4296352822,2317
R03,W3115538580,2318
R03,W4408734847,2319
R03,W7133319943,2320
R03,W3013926365,2321
R03,W7210293037,2322
R03,W4221068696,2323
R03,W2971027955,2324
R03,W2946388634,2325
R03,W4410466283,2326
R03,W4387164369,2327
R03,W7166878472,2328
R03,W4411962428,2329
R03,W4382626282,2330
R03,W2945992333,2331
R03,W7214195939,2332
R03,W4223949305,2333
R03,W3201525816,2334
R03,W7212389599,2335
R03,W4410208589,2336
R03,W2178080116,2337
R03,W3153753781,2338
R03,W4417144447,2339
R03,W4417085879,2340
R03,W3159252981,2341
R03,W4415183799,2342
R03,W3198231924,2343
R03,W4414413147,2344
R03,W4399244962,2345
R03,W4409711713,2346
R03,W4399516707,2347
R03,W4403391478,2348
R03,W4388836319,2349
R03,W7170031559,2350
R03,W4289537280,2351
R03,W4407955648,2352
R03,W3180902072,2353
R03,W7214196238,2354
R03,W7220259799,2355
R03,W2948253370,2356
R03,W3208579777,2357
R03,W7218195920,2358
R03,W4388675092,2359
R03,W7117466323,2360
R03,W4409353694,2361
R03,W4417482967,2362
R03,W3181211356,2363
R03,W4407605844,2364
R03,W2991319459,2365
R03,W3158724722,2366
R03,W7218372712,2367
R03,W2981486749,2368
R03,W7167924793,2369
R03,W2997831844,2370
R03,W7218179869,2371
R03,W7133627266,2372
R03,W7119532514,2373
R03,W7129266550,2374
R03,W4405693125,2375
R03,W3137939610,2376
R03,W7204545649,2377
R03,W3189752581,2378
R03,W2994258790,2379
R03,W2236570928,2380
R03,W4401408049,2381
R03,W4415762026,2382
R03,W2011331031,2383
R03,W4400063938,2384
R03,W2743224308,2385
R03,W4402861752,2386
R03,W7159674346,2387
R03,W7213415308,2388
R03,W4417308572,2389
R03,W7154957796,2390
R03,W4415534062,2391
R03,W4213108413,2392
R03,W7216109405,2393
R03,W4401929755,2394
R03,W4390535647,2395
R03,W7122563247,2396
R03,W4408501378,2397
R03,W3158582965,2398
R03,W4402909402,2399
R03,W7217204745,2400
R03,W4404869680,2401
R03,W4394065337,2402
R03,W7139082055,2403
R03,W7169842666,2404
R03,W3161569901,2405
R03,W4384152094,2406
R03,W2951685634,2407
R03,W7162248034,2408
R03,W7216199739,2409
R03,W4408304571,2410
R03,W7116935967,2411
R03,W2481520700,2412
R03,W4402788932,2413
R03,W4390144744,2414
R03,W3096597653,2415
R03,W2991579217,2416
R03,W7164821182,2417
R03,W7140300511,2418
R03,W4225478599,2419
R03,W4386575470,2420
R03,W4398772039,2421
R03,W4415142561,2422
R03,W4415698018,2423
R03,W4402251448,2424
R03,W7214919148,2425
R03,W2335971068,2426
R03,W7216572306,2427
R03,W7160277125,2428
R03,W7135082495,2429
R03,W4412878701,2430
R03,W2516921737,2431
R03,W2897449118,2432
R03,W4401059101,2433
R03,W2743057515,2434
R03,W7133325191,2435
R03,W4415101763,2436
R03,W3011474203,2437
R03,W4411314233,2438
R03,W4406184615,2439
R03,W7164919960,2440
R03,W4402598472,2441
R03,W4382136317,2442
R03,W7168413121,2443
R03,W7128717991,2444
R03,W7161536069,2445
R03,W7218583832,2446
R03,W7216303474,2447
R03,W7161307445,2448
R03,W7155006034,2449
R03,W4200470076,2450
R03,W7218610243,2451
R03,W7217927057,2452
R03,W7215735431,2453
R03,W4386814717,2454
R03,W2956534664,2455
R03,W4411366477,2456
R03,W7218018086,2457
R03,W3128374208,2458
R03,W4391181914,2459
R03,W2980093303,2460
R03,W4414345523,2461
R03,W7128292618,2462
R03,W7162508198,2463
R03,W7134188391,2464
R03,W4412840635,2465
R03,W2607552194,2466
R03,W7216175299,2467
R03,W3028642924,2468
R03,W3003414377,2469
R03,W4400770553,2470
R03,W7218123222,2471
R03,W3163064036,2472
R03,W4400263900,2473
R03,W4400206194,2474
R03,W7116078877,2475
R03,W3037160005,2476
R03,W2714779472,2477
R03,W4410417882,2478
R03,W4415533050,2479
R03,W4400260008,2480
R03,W2599903863,2481
R03,W7167086769,2482
R03,W2797484399,2483
R03,W7168049992,2484
R03,W2996495421,2485
R03,W4308650820,2486
R03,W7217234771,2487
R03,W4411842019,2488
R03,W4400305250,2489
R03,W4246577599,2490
R03,W4415988843,2491
R03,W7143432205,2492
R03,W4415989074,2493
R03,W7161649536,2494
R03,W7161308349,2495
R03,W4296036358,2496
R03,W7161255718,2497
R03,W2901439395,2498
R03,W2626863612,2499
R03,W7128309052,2500
R03,W4403036954,2501
R03,W7162246958,2502
R03,W4412701838,2503
R03,W2594458868,2504
R03,W2419204788,2505
R03,W4250109097,2506
R03,W4407392259,2507
R03,W4403670124,2508
R03,W7127635433,2509
R03,W2578794085,2510
R03,W7128309942,2511
R03,W4409217601,2512
R03,W4293692923,2513
R03,W4385900106,2514
R03,W4391520570,2515
R03,W4213360906,2516
R03,W7115568301,2517
R03,W3168773980,2518
R03,W7131251781,2519
R03,W2998880379,2520
R03,W3151919481,2521
R03,W2996286988,2522
R03,W4406450791,2523
R03,W2753061230,2524
R03,W4416806817,2525
R03,W7161566047,2526
R03,W3086503198,2527
R03,W2145333912,2528
R03,W3211639082,2529
R03,W4412757231,2530
R03,W7216823315,2531
R03,W4400453108,2532
R03,W4399919233,2533
R03,W4280499719,2534
R03,W7203827956,2535
R03,W3195414025,2536
R03,W7164412713,2537
R03,W4394980937,2538
R03,W4293196077,2539
R03,W1850626047,2540
R03,W4295278343,2541
R03,W2946386736,2542
R03,W7220019921,2543
R03,W4391444774,2544
R03,W7220285354,2545
R03,W3037451163,2546
R03,W4390602193,2547
R03,W7126069150,2548
R03,W4407602630,2549
R03,W4415844802,2550
R03,W7220275506,2551
R03,W4411142732,2552
R03,W4403794990,2553
R03,W7117487375,2554
R03,W7149669895,2555
R03,W4414867927,2556
R03,W4409464003,2557
R03,W2969704643,2558
R03,W4416797998,2559
R03,W4411401967,2560
R03,W4226397086,2561
R03,W4417230049,2562
R03,W7215196425,2563
R03,W2981794377,2564
R03,W7216231550,2565
R03,W4393318957,2566
R03,W3022256737,2567
R03,W4388626364,2568
R03,W3173112986,2569
R03,W4412544396,2570
R03,W3089774961,2571
R03,W7213985741,2572
R03,W7216694303,2573
R03,W4388289705,2574
R03,W4306949284,2575
R03,W3003257702,2576
R03,W4413824993,2577
R03,W4410255623,2578
R03,W4382561534,2579
R03,W7215318436,2580
R03,W4379260258,2581
R03,W2778974999,2582
R03,W4214579025,2583
R03,W7217109707,2584
R03,W7125980020,2585
R03,W4413239207,2586
R03,W7171926363,2587
R03,W4319156847,2588
R03,W4415275630,2589
R03,W4223608079,2590
R03,W4403393731,2591
R03,W7164907011,2592
R03,W2582656515,2593
R03,W4407244381,2594
R03,W4413438300,2595
R03,W7146607701,2596
R03,W4409190041,2597
R03,W4313484984,2598
R03,W4414676427,2599
R03,W7204498309,2600
R03,W7211946585,2601
R03,W4292369008,2602
R03,W2948012529,2603
R03,W4415807945,2604
R03,W7163668854,2605
R03,W7117295091,2606
R03,W2332704428,2607
R03,W4389047355,2608
R03,W7104379056,2609
R03,W4401936374,2610
R03,W7140750587,2611
R03,W3131097075,2612
R03,W7104366216,2613
R03,W2507686338,2614
R03,W7216833810,2615
R03,W7117971860,2616
R03,W4406001803,2617
R03,W4411208780,2618
R03,W4323044206,2619
R03,W7214710841,2620
R03,W7165127074,2621
R03,W7208588314,2622
R03,W3036625177,2623
R03,W7217064093,2624
R03,W7134958724,2625
R03,W7165200397,2626
R03,W7125644371,2627
R03,W2309689165,2628
R03,W7134965071,2629
R03,W4318588668,2630
R03,W4414258371,2631
R03,W7160699507,2632
R03,W7213950177,2633
R03,W2899289954,2634
R03,W2918240916,2635
R03,W3120384439,2636
R03,W4393073720,2637
R03,W4414276757,2638
R03,W4377833946,2639
R03,W4404035408,2640
R03,W4400878060,2641
R03,W2416070495,2642
R03,W2513908469,2643
R03,W4392480737,2644
R03,W4385622427,2645
R03,W4407932971,2646
R03,W4401725055,2647
R03,W7127911621,2648
R03,W3015789775,2649
R03,W7134137919,2650
R03,W3008723923,2651
R03,W4322756188,2652
R03,W3176321264,2653
R03,W7218241255,2654
R03,W7110487292,2655
R03,W2609082916,2656
R03,W3205151647,2657
R03,W2346416669,2658
R03,W7220324370,2659
R03,W4311597680,2660
R03,W4404578370,2661
R03,W2212640426,2662
R03,W7140094558,2663
R03,W4296558318,2664
R03,W4404753110,2665
R03,W7214046662,2666
R03,W4414055880,2667
R03,W7105744805,2668
R03,W4406120757,2669
R03,W2986524573,2670
R03,W7215546036,2671
R03,W2976212587,2672
R03,W4230825749,2673
R03,W4395673987,2674
R03,W7124558272,2675
R03,W4210709490,2676
R03,W2976312117,2677
R03,W4412182536,2678
R03,W7164918398,2679
R03,W7215112494,2680
R03,W4417259646,2681
R03,W4415093780,2682
R03,W2206270054,2683
R03,W4311320334,2684
R03,W4214643572,2685
R03,W4412856981,2686
R03,W2381282695,2687
R03,W7118409373,2688
R03,W4400127297,2689
R03,W7216327904,2690
R03,W4221091001,2691
R03,W4393231582,2692
R03,W4321258836,2693
R03,W4391242629,2694
R03,W4415050243,2695
R03,W4281727283,2696
R03,W3193374288,2697
R03,W4411939227,2698
R03,W2790124333,2699
R03,W7217300195,2700
R03,W2886083005,2701
R03,W2949355730,2702
R03,W4388678422,2703
R03,W4391631930,2704
R03,W4238544000,2705
R03,W4415050391,2706
R03,W4407852395,2707
R03,W4309684847,2708
R03,W3215714707,2709
R03,W4390603062,2710
R03,W7217727249,2711
R03,W3216451377,2712
R03,W7163694374,2713
R03,W7171512834,2714
R03,W3005636171,2715
R03,W2969231031,2716
R03,W3164134013,2717
R03,W4382560639,2718
R03,W2660181051,2719
R03,W7220315201,2720
R03,W7128234143,2721
R03,W7214728840,2722
R03,W7163646241,2723
R03,W4386364744,2724
R03,W7161965419,2725
R03,W2886591176,2726
R03,W2577185897,2727
R03,W4413904274,2728
R03,W1816582527,2729
R03,W2807510507,2730
R03,W3093772354,2731
R03,W7216540310,2732
R03,W4411523341,2733
R03,W2935817793,2734
R03,W7219493542,2735
R03,W3155683875,2736
R03,W2790556195,2737
R03,W7211896650,2738
R03,W4404428831,2739
R03,W7162850129,2740
R03,W3033248458,2741
R03,W4389917090,2742
R03,W4410165859,2743
R03,W3207121805,2744
R03,W7147652207,2745
R03,W4281567448,2746
R03,W4377261316,2747
R03,W4400769818,2748
R03,W4391842084,2749
R03,W3118575358,2750
R03,W2161166291,2751
R03,W7171041790,2752
R03,W4415985583,2753
R03,W7217243870,2754
R03,W7118093014,2755
R03,W4385078712,2756
R03,W7119152514,2757
R03,W7171833429,2758
R03,W4285666570,2759
R03,W3118199153,2760
R03,W3093320459,2761
R03,W992863998,2762
R03,W4413094824,2763
R03,W4390520304,2764
R03,W7154973316,2765
R03,W2922585198,2766
R03,W4401651582,2767
R03,W7167070408,2768
R03,W4405687793,2769
R03,W4415186029,2770
R03,W4398231080,2771
R03,W4313393412,2772
R03,W4415607811,2773
R03,W3187058124,2774
R03,W4409047578,2775
R03,W4407168682,2776
R03,W3096763745,2777
R03,W3197200137,2778
R03,W2953738389,2779
R03,W2808806389,2780
R03,W4413212159,2781
R03,W7135210518,2782
R03,W3211398936,2783
R03,W7164742653,2784
R03,W4414094456,2785
R03,W4290770310,2786
R03,W4412187109,2787
R03,W7215923427,2788
R03,W4311771472,2789
R03,W2988440450,2790
R03,W4321845269,2791
R03,W4412549513,2792
R03,W4411930265,2793
R03,W4414971718,2794
R03,W4400581214,2795
R03,W4319993392,2796
R03,W3045794001,2797
R03,W7215106211,2798
R03,W2290680272,2799
R03,W4392370018,2800
R03,W7217363066,2801
R03,W7215628974,2802
R03,W7162122108,2803
R03,W7127418408,2804
R03,W1798297063,2805
R03,W7162136999,2806
R03,W2515065799,2807
R03,W4403884647,2808
R03,W2579974075,2809
R03,W2948779560,2810
R03,W4415924077,2811
R03,W2561847306,2812
R03,W7218252609,2813
R03,W7125563613,2814
R03,W4362518769,2815
R03,W4402500563,2816
R03,W2965975421,2817
R03,W4200464353,2818
R03,W7133554009,2819
R03,W4280521813,2820
R03,W7138139125,2821
R03,W4280539400,2822
R03,W2789553927,2823
R03,W2215064093,2824
R03,W4287017601,2825
R03,W4416261047,2826
R03,W4415377605,2827
R03,W7169673364,2828
R03,W3174431255,2829
R03,W4416976410,2830
R03,W2592308450,2831
R03,W2999351494,2832
R03,W4406217038,2833
R03,W7115187111,2834
R03,W7202095408,2835
R03,W4403145689,2836
R03,W7219295668,2837
R03,W3009920724,2838
R03,W3201985970,2839
R03,W3033983176,2840
R03,W4403450218,2841
R03,W7134115976,2842
R03,W4385668154,2843
R03,W2236034700,2844
R03,W7134123412,2845
R03,W7134179353,2846
R03,W7134188762,2847
R03,W4401070638,2848
R03,W7125614355,2849
R03,W4393858420,2850
R03,W2483769668,2851
R03,W2742013939,2852
R03,W7119501718,2853
R03,W7131625053,2854
R03,W4292570848,2855
R03,W3127051531,2856
R03,W7217076527,2857
R03,W4414857326,2858
R03,W4403995974,2859
R03,W2888100420,2860
R03,W7128528458,2861
R03,W4281728636,2862
R03,W3171840142,2863
R03,W4390687408,2864
R03,W2971696300,2865
R03,W2921844419,2866
R03,W2274227283,2867
R03,W4304780029,2868
R03,W3217783515,2869
R03,W2769941382,2870
R03,W4413683953,2871
R03,W4414664502,2872
R03,W4409715373,2873
R03,W4413365751,2874
R03,W7128810768,2875
R03,W2804537751,2876
R03,W3205158220,2877
R03,W4415719731,2878
R03,W7131880310,2879
R03,W7171353519,2880
R03,W4414697443,2881
R03,W2963542767,2882
R03,W7138971121,2883
R03,W4221110313,2884
R03,W7131814691,2885
R03,W4408241385,2886
R03,W2781652868,2887
R03,W4321374502,2888
R03,W7203743624,2889
R03,W3169384594,2890
R03,W2900452455,2891
R03,W4405810595,2892
R03,W4411420360,2893
R03,W7153025478,2894
R03,W2806772434,2895
R03,W7128506213,2896
R03,W4413848946,2897
R03,W4404867203,2898
R03,W7127078215,2899
R03,W7118566596,2900
R03,W4286513858,2901
R03,W4404468991,2902
R03,W4412505992,2903
R03,W7164588258,2904
R03,W4400061641,2905
R03,W4404989485,2906
R03,W7220084066,2907
R03,W2500639923,2908
R03,W4220747693,2909
R03,W7204780307,2910
R03,W7129076961,2911
R03,W4411135911,2912
R03,W4388451528,2913
R03,W7138299004,2914
R03,W7131636015,2915
R03,W4417316430,2916
R03,W4408148758,2917
R03,W2341127495,2918
R03,W4405941717,2919
R03,W3005102022,2920
R03,W3205728685,2921
R03,W2521110001,2922
R03,W7163871704,2923
R03,W4412433559,2924
R03,W7204799630,2925
R03,W4412378767,2926
R03,W7167642201,2927
R03,W7202214981,2928
R03,W7204818326,2929
R03,W4403674666,2930
R03,W2993360975,2931
R03,W2982386113,2932
R03,W4401300820,2933
R03,W4416937183,2934
R03,W4389315066,2935
R03,W2751430832,2936
R03,W4402051226,2937
R03,W7166583020,2938
R03,W7118119200,2939
R03,W7156278918,2940
R03,W7215824516,2941
R03,W7211978395,2942
R03,W7216173799,2943
R03,W2521497776,2944
R03,W3096776473,2945
R03,W4398218591,2946
R03,W4409144417,2947
R03,W4200197819,2948
R03,W4409269210,2949
R03,W4220862743,2950
R03,W7202362455,2951
R03,W2266437922,2952
R03,W4311360599,2953
R03,W2561537084,2954
R03,W2940793727,2955
R03,W4236712488,2956
R03,W2627079566,2957
R03,W1964762688,2958
R03,W2594647383,2959
R03,W4387426035,2960
R03,W4289517733,2961
R03,W4246704786,2962
R03,W2607593993,2963
R03,W4404111303,2964
R03,W4410004185,2965
R03,W2908857560,2966
R03,W7137179480,2967
R03,W2162411307,2968
R03,W4401220971,2969
R03,W7168090567,2970
R03,W4391278600,2971
R03,W3195212966,2972
R03,W4401998528,2973
R03,W7162320093,2974
R03,W7165397314,2975
R03,W7133538642,2976
R03,W7216820578,2977
R03,W4412746989,2978
R03,W4402496531,2979
R03,W7160260261,2980
R03,W4409427518,2981
R03,W4417230694,2982
R03,W4400287946,2983
R03,W2626448612,2984
R03,W7163596117,2985
R03,W4409111400,2986
R03,W7163715685,2987
R03,W7204188119,2988
R03,W4408403823,2989
R03,W3134732883,2990
R03,W4409405909,2991
R03,W4413082061,2992
R03,W7163385967,2993
R03,W7168295620,2994
R03,W4402892344,2995
R03,W4402540482,2996
R03,W7163644312,2997
R03,W4396222144,2998
R03,W7145689375,2999
R03,W4388039745,3000
R03,W7168080065,3001
R03,W4411313097,3002
R03,W3023216469,3003
R03,W2734982402,3004
R03,W4403686357,3005
R03,W4415949962,3006
R03,W7139566405,3007
R03,W7201989552,3008
R03,W7215871713,3009
R03,W4287847314,3010
R03,W4406447878,3011
R03,W7219570665,3012
R03,W2886174725,3013
R03,W4386431206,3014
R03,W4414008421,3015
R03,W3209141467,3016
R03,W2800853057,3017
R03,W4389703705,3018
R03,W2761981870,3019
R03,W4408843409,3020
R03,W7140196393,3021
R03,W4410958515,3022
R03,W4401317450,3023
R03,W4404467181,3024
R03,W7170050308,3025
R03,W4417146622,3026
R03,W4362730957,3027
R03,W7167284646,3028
R03,W4313588444,3029
R03,W4288770726,3030
R03,W4411738608,3031
R03,W7125136091,3032
R03,W7154279961,3033
R03,W4389446027,3034
R03,W7111521637,3035
R03,W2567026514,3036
R03,W7154586951,3037
R03,W4409652234,3038
R03,W4226530133,3039
R03,W7127080454,3040
R03,W4410575688,3041
R03,W2978783086,3042
R03,W4313376048,3043
R03,W7165034445,3044
R03,W4395672186,3045
R03,W7153608273,3046
R03,W3135032738,3047
R03,W2941109813,3048
R03,W4381333803,3049
R03,W2900179481,3050
R03,W7162812967,3051
R03,W4224996020,3052
R03,W4417045119,3053
R03,W2904548808,3054
R03,W7172533150,3055
R03,W7172539170,3056
R03,W2776686539,3057
R03,W4393020587,3058
R03,W4410719811,3059
R03,W4410595657,3060
R03,W4389817462,3061
R03,W2911107916,3062
R03,W4412160958,3063
R03,W3211544558,3064
R03,W2779959806,3065
R03,W7160500592,3066
R03,W4387561121,3067
R03,W4416420355,3068
R03,W4410358747,3069
R03,W3083064789,3070
R03,W4413958785,3071
R03,W2474507790,3072
R03,W3174496112,3073
R03,W7204110799,3074
R03,W4414077653,3075
R03,W4251337543,3076
R03,W7218350832,3077
R03,W4416843602,3078
R03,W4413254706,3079
R03,W7160664334,3080
R03,W4410756826,3081
R03,W4417438738,3082
R03,W4411369504,3083
R03,W3203087029,3084
R03,W4248093415,3085
R03,W4200395598,3086
R03,W4214924698,3087
R03,W4403825563,3088
R03,W4391699685,3089
R03,W4416574229,3090
R03,W4400514693,3091
R03,W2607350001,3092
R03,W7164968178,3093
R03,W4405921060,3094
R03,W4413265565,3095
R03,W7171670076,3096
R03,W2910587549,3097
R03,W4401409258,3098
R03,W4210287196,3099
R03,W4323339809,3100
R03,W7162334255,3101
R03,W4406971356,3102
R03,W4402379645,3103
R03,W7150856187,3104
R03,W4404908069,3105
R03,W7165804391,3106
R03,W4410003154,3107
R03,W3009483774,3108
R03,W7137231512,3109
R03,W4300109649,3110
R03,W2905912094,3111
R03,W4410082047,3112
R03,W2990055709,3113
R03,W7137284680,3114
R03,W4386077150,3115
R03,W4398220635,3116
R03,W2303817201,3117
R03,W7203448708,3118
R03,W4404569440,3119
R03,W7128597873,3120
R03,W7204533968,3121
R03,W4414040943,3122
R03,W4415819858,3123
R03,W7218377216,3124
R03,W4404234107,3125
R03,W7212108618,3126
R03,W7115185938,3127
R03,W3144832151,3128
R03,W4409295909,3129
R03,W3018457529,3130
R03,W4415544600,3131
R03,W7134112328,3132
R03,W7204006125,3133
R03,W4409169688,3134
R03,W7218990714,3135
R03,W4375937613,3136
R03,W2316773090,3137
R03,W4410780229,3138
R03,W4403599939,3139
R03,W7162141211,3140
R03,W2286453667,3141
R03,W3135338772,3142
R03,W2765930313,3143
R03,W4410900220,3144
R03,W2883567376,3145
R03,W7172430130,3146
R03,W7160517590,3147
R03,W3090450058,3148
R03,W7216906246,3149
R03,W4285811688,3150
R03,W4399517050,3151
R03,W3006372483,3152
R03,W3014000260,3153
R03,W4414200008,3154
R03,W4404285260,3155
R03,W7163717518,3156
R03,W4413154870,3157
R03,W7166521054,3158
R03,W7163664542,3159
R03,W4411094838,3160
R03,W3199939341,3161
R03,W4413630458,3162
R03,W4404113489,3163
R03,W3152821572,3164
R03,W4414748437,3165
R03,W4409591667,3166
R03,W4411612840,3167
R03,W7120063306,3168
R03,W3015573053,3169
R03,W4414600185,3170
R03,W7144218260,3171
R03,W7212197434,3172
R03,W7169780422,3173
R03,W7131812698,3174
R03,W7129245532,3175
R03,W7108692329,3176
R03,W2998053952,3177
R03,W4414404622,3178
R03,W2807198160,3179
R03,W4386451546,3180
R03,W7214479901,3181
R03,W3157274521,3182
R03,W3080558256,3183
R03,W4309698072,3184
R03,W4225324602,3185
R03,W4411854545,3186
R03,W7213238174,3187
R03,W4413019275,3188
R03,W7117710360,3189
R03,W4417165935,3190
R03,W4386480551,3191
R03,W3063389624,3192
R03,W4417198159,3193
R03,W4401930675,3194
R03,W2979695356,3195
R03,W4310588837,3196
R03,W2441461943,3197
R03,W4304780046,3198
R03,W4292723965,3199
R03,W4405330732,3200
R03,W2783473766,3201
R03,W4404196097,3202
R03,W4411505470,3203
R03,W4224295841,3204
R03,W7203629632,3205
R03,W3037900745,3206
R03,W4402381262,3207
R03,W3204175575,3208
R03,W4411447067,3209
R03,W2963667858,3210
R03,W4414022166,3211
R03,W4405566253,3212
R03,W3135956822,3213
R03,W3037081142,3214
R03,W7148951516,3215
R03,W7117044928,3216
R03,W4390514574,3217
R03,W4294678205,3218
R03,W7117104375,3219
R03,W7134925086,3220
R03,W2980667868,3221
R03,W4389196903,3222
R03,W3207903065,3223
R03,W7161776049,3224
R03,W7165128510,3225
R03,W4404441390,3226
R03,W4403619377,3227
R03,W7214114538,3228
R03,W4392815788,3229
R03,W7202244454,3230
R03,W7117104431,3231
R03,W4404625130,3232
R03,W4416072336,3233
R03,W2892713695,3234
R03,W3158583904,3235
R03,W2942499966,3236
R03,W2980386715,3237
R03,W3003445706,3238
R03,W3213316596,3239
R03,W4389502589,3240
R03,W4282042939,3241
R03,W4394794166,3242
R03,W4313649001,3243
R03,W4409972228,3244
R03,W3092134948,3245
R03,W2989857933,3246
R03,W4416918684,3247
R03,W7204239088,3248
R03,W7134948151,3249
R03,W4400466819,3250
R03,W2998513723,3251
R03,W4285611904,3252
R03,W2913691145,3253
R03,W2545559752,3254
R03,W3014403534,3255
R03,W2773505272,3256
R03,W4409316973,3257
R03,W4225409683,3258
R03,W4417147249,3259
R03,W2343495735,3260
R03,W7203838790,3261
R03,W4398782840,3262
R03,W7131391910,3263
R03,W2551072546,3264
R03,W7214214417,3265
R03,W7130512457,3266
R03,W2511651059,3267
R03,W3101958619,3268
R03,W7106709854,3269
R03,W4307291691,3270
R03,W4412022427,3271
R03,W4410153713,3272
R03,W7106701360,3273
R03,W3021242653,3274
R03,W7124732675,3275
R03,W7117645512,3276
R03,W3008441192,3277
R03,W4231538348,3278
R03,W2886708562,3279
R03,W4247069143,3280
R03,W7212222512,3281
R03,W4401326346,3282
R03,W4401041935,3283
R03,W4404919752,3284
R03,W4416848955,3285
R03,W7133356180,3286
R03,W4403342242,3287
R03,W2606412581,3288
R03,W3203681809,3289
R03,W2606616753,3290
R03,W3193111341,3291
R03,W2384599636,3292
R03,W3112853098,3293
R03,W2889436208,3294
R03,W2043771168,3295
R03,W2767413022,3296
R03,W4411570072,3297
R03,W4406614465,3298
R03,W7215043558,3299
R03,W7166715315,3300
R03,W2912265747,3301
R03,W4408745071,3302
R03,W7161399615,3303
R03,W2321722618,3304
R03,W2991284952,3305
R03,W7126038021,3306
R03,W4410599624,3307
R03,W7140136311,3308
R03,W4394909784,3309
R03,W4392978244,3310
R03,W3157257413,3311
R03,W4368617822,3312
R03,W4200157922,3313
R03,W7216494302,3314
R03,W7154896968,3315
R03,W4404828119,3316
R03,W2915047899,3317
R03,W4401364804,3318
R03,W4391775636,3319
R03,W4415550521,3320
R03,W7214743100,3321
R03,W3160829450,3322
R03,W7162238130,3323
R03,W2975841252,3324
R03,W7217880629,3325
R03,W2972517555,3326
R03,W7128914553,3327
R03,W7216357670,3328
R03,W4407637214,3329
R03,W2809611947,3330
R03,W7153502845,3331
R03,W7131759371,3332
R03,W4393438227,3333
R03,W4402381299,3334
R03,W2944836728,3335
R03,W2907914276,3336
R03,W3015211871,3337
R03,W4327565233,3338
R03,W7216108119,3339
R03,W4409454961,3340
R03,W4415299008,3341
R03,W4417530686,3342
R03,W2783543766,3343
R03,W3113060150,3344
R03,W2386538952,3345
R03,W4408723346,3346
R03,W4312526518,3347
R03,W7167597584,3348
R03,W3212896870,3349
R03,W4408097186,3350
R03,W7219962777,3351
R03,W3035706295,3352
R03,W2917797607,3353
R03,W2890099107,3354
R03,W7214122128,3355
R03,W4415820842,3356
R03,W3005732904,3357
R03,W7165366637,3358
R03,W2950293537,3359
R03,W7154734929,3360
R03,W3133555666,3361
R03,W2995925285,3362
R03,W1608814857,3363
R03,W4411340687,3364
R03,W7172402659,3365
R03,W4283739383,3366
R03,W7109547576,3367
R03,W3159454966,3368
R03,W7217927362,3369
R03,W7137892425,3370
R03,W3112248611,3371
R03,W4328129506,3372
R03,W7126074837,3373
R03,W4404701015,3374
R03,W2387336102,3375
R03,W3013005898,3376
R03,W4411138509,3377
R03,W4415293246,3378
R03,W2565622749,3379
R03,W4415501440,3380
R03,W4402725457,3381
R03,W4402602747,3382
R03,W7215134759,3383
R03,W4402887426,3384
R03,W7204169421,3385
R03,W4392555725,3386
R03,W4414560859,3387
R03,W4389136289,3388
R03,W4386753240,3389
R03,W7162855654,3390
R03,W3168733376,3391
R03,W2921530992,3392
R03,W2595681749,3393
R03,W4408237288,3394
R03,W7139977983,3395
R03,W4317937467,3396
R03,W7127051993,3397
R03,W4407041213,3398
R03,W4410395789,3399
R03,W7155719842,3400
R03,W7213444050,3401
R03,W7156583784,3402
R03,W3197285086,3403
R03,W4387917775,3404
R03,W7156645541,3405
R03,W7133119054,3406
R03,W7214985721,3407
R03,W4386571341,3408
R03,W7211887864,3409
R03,W7211872700,3410
R03,W7211905969,3411
R03,W7117681468,3412
R03,W7211892085,3413
R03,W4392908229,3414
R03,W7168131721,3415
R03,W4412714368,3416
R03,W7166703749,3417
R03,W7209440521,3418
R03,W2975425133,3419
R03,W7167171594,3420
R03,W4378699752,3421
R03,W2781799145,3422
R03,W4313120330,3423
R03,W4410949563,3424
R03,W7111739720,3425
R03,W4394605223,3426
R03,W4412420091,3427
R03,W4409620434,3428
R03,W4409535727,3429
R03,W3120745207,3430
R03,W4225854265,3431
R03,W4415556866,3432
R03,W2407769050,3433
R03,W7138456395,3434
R03,W4401070701,3435
R03,W7168027743,3436
R03,W7168170378,3437
R03,W2803831898,3438
R03,W2141564037,3439
R03,W7162308228,3440
R03,W2904959128,3441
R03,W4413478209,3442
R03,W7216131176,3443
R03,W4210759075,3444
R03,W2601963568,3445
R03,W3083024764,3446
R03,W4411366289,3447
R03,W2626722900,3448
R03,W4408788719,3449
R03,W2978649579,3450
R03,W7160822994,3451
R03,W4399025700,3452
R03,W3028941236,3453
R03,W4416695751,3454
R03,W4225006154,3455
R03,W2944409076,3456
R03,W3203565508,3457
R03,W2971881691,3458
R03,W7148238012,3459
R03,W4237295831,3460
R03,W2522258705,3461
R03,W7203832658,3462
R03,W7212439079,3463
R03,W4413919851,3464
R03,W7124769449,3465
R03,W7171713587,3466
R03,W3201534106,3467
R03,W4403666687,3468
R03,W3108926587,3469
R03,W4402010324,3470
R03,W4393385245,3471
R03,W4399992507,3472
R03,W4400572977,3473
R03,W2174265856,3474
R03,W2582693718,3475
R03,W2944669962,3476
R03,W7142121565,3477
R03,W2615579827,3478
R03,W7212228804,3479
R03,W7218232418,3480
R03,W7204963818,3481
R03,W7126154211,3482
R03,W4411157766,3483
R03,W4407767307,3484
R03,W4410633280,3485
R03,W4409353897,3486
R03,W4413549773,3487
R03,W7204284149,3488
R03,W4411924571,3489
R03,W4405098550,3490
R03,W4410604317,3491
R03,W7128773198,3492
R03,W4411291689,3493
R03,W7134122367,3494
R03,W4411211793,3495
R03,W7112954975,3496
R03,W4408874944,3497
R03,W2784717896,3498
R03,W2908120787,3499
R03,W4411039161,3500
R03,W4307423969,3501
R03,W7164745219,3502
R03,W4404384093,3503
R03,W4408373032,3504
R03,W2971948002,3505
R03,W4410640591,3506
R03,W7167223815,3507
R03,W4411976928,3508
R03,W7219348758,3509
R03,W4405519221,3510
R03,W2795680065,3511
R03,W2464102104,3512
R03,W4406347536,3513
R03,W2413054714,3514
R03,W2537856546,3515
R03,W4409837972,3516
R03,W4405270239,3517
R03,W4399069447,3518
R03,W4406496305,3519
R03,W4408667779,3520
R03,W2339484990,3521
R03,W4393089718,3522
R03,W4242474221,3523
R03,W4389311497,3524
R03,W4413117719,3525
R03,W4407770479,3526
R03,W3108791405,3527
R03,W7167832188,3528
R03,W7202199546,3529
R03,W7131069205,3530
R03,W2490709399,3531
R03,W4210529375,3532
R03,W4410824518,3533
R03,W4403800575,3534
R03,W4412583459,3535
R03,W4390285412,3536
R03,W2886433618,3537
R03,W3081057701,3538
R03,W4415555629,3539
R03,W3013822552,3540
R03,W4402540745,3541
R03,W3009768019,3542
R03,W4321769536,3543
R03,W7201990790,3544
R03,W7172507986,3545
R03,W4390651552,3546
R03,W2398405181,3547
R03,W7204269334,3548
R03,W2905898036,3549
R03,W7214071295,3550
R03,W7214067443,3551
R03,W7166801391,3552
R03,W7140133697,3553
R03,W3197478154,3554
R03,W4404665700,3555
R03,W4415666340,3556
R03,W4404994740,3557
R03,W2790411432,3558
R03,W7171311248,3559
R03,W4400227327,3560
R03,W2896627491,3561
R03,W3015701786,3562
R03,W4285391443,3563
R03,W4205801500,3564
R03,W3035276697,3565
R03,W7160844350,3566
R03,W4280570561,3567
R03,W4401494636,3568
R03,W4311627274,3569
R03,W3206022476,3570
R03,W4416039466,3571
R03,W3027767006,3572
R03,W4401712497,3573
R03,W7162652839,3574
R03,W4388643678,3575
R03,W3154294160,3576
R03,W4409300794,3577
R03,W4400477176,3578
R03,W7118167034,3579
R03,W3195582836,3580
R03,W4403054350,3581
R03,W7163604800,3582
R03,W4247170444,3583
R03,W4376223585,3584
R03,W2888452386,3585
R03,W4413407715,3586
R03,W4378602442,3587
R03,W4400982457,3588
R03,W4416343979,3589
R03,W3038262179,3590
R03,W7211961415,3591
R03,W7135184316,3592
R03,W7131777146,3593
R03,W7218326809,3594
R03,W4404652560,3595
R03,W7212149264,3596
R03,W4416112180,3597
R03,W4401703048,3598
R03,W7131825346,3599
R03,W7161827753,3600
R03,W7219937604,3601
R03,W7204152409,3602
R03,W4415435352,3603
R03,W4416103218,3604
R03,W7216540882,3605
R03,W7169712374,3606
R03,W7217541794,3607
R03,W2790065806,3608
R03,W4400656888,3609
R03,W7219731492,3610
R03,W4404880659,3611
R03,W7213712724,3612
R03,W2576055063,3613
R03,W4385275117,3614
R03,W4403923051,3615
R03,W4317626545,3616
R03,W4390742488,3617
R03,W3004486525,3618
R03,W3016795797,3619
R03,W4287890924,3620
R03,W7136565814,3621
R03,W7127997721,3622
R03,W4400377853,3623
R03,W4380033764,3624
R03,W2510530645,3625
R03,W4399616716,3626
R03,W4313436119,3627
R03,W3125946922,3628
R03,W4403705544,3629
R03,W2625201299,3630
R03,W2942106260,3631
R03,W7162720892,3632
R03,W4298878932,3633
R03,W4281698498,3634
R03,W3132877888,3635
R03,W3080905434,3636
R03,W4412430967,3637
R03,W7161278746,3638
R03,W7147583646,3639
R03,W4404908083,3640
R03,W4405146150,3641
R03,W2315030876,3642
R03,W2946069576,3643
R03,W4414279502,3644
R03,W2342225786,3645
R03,W7167273756,3646
R03,W4409192509,3647
R03,W4387635834,3648
R03,W7127197554,3649
R03,W7203769884,3650
R03,W4410598255,3651
R03,W2974764800,3652
R03,W4414404083,3653
R03,W4321098527,3654
R03,W4408249164,3655
R03,W3126171523,3656
R03,W7212732808,3657
R03,W3082251533,3658
R03,W4234946849,3659
R03,W2610821535,3660
R03,W3041301145,3661
R03,W4410850862,3662
R03,W4406681588,3663
R03,W7160059040,3664
R03,W7216550286,3665
R03,W4403523562,3666
R03,W3046275754,3667
R03,W4402867083,3668
R03,W4213375813,3669
R03,W7136203996,3670
R03,W7124935788,3671
R03,W4415881649,3672
R03,W7111335249,3673
R03,W7213903430,3674
R03,W4404753489,3675
R03,W4410414781,3676
R03,W7220256007,3677
R03,W4385559490,3678
R03,W7133512326,3679
R03,W7124218422,3680
R03,W7214922052,3681
R03,W4417526593,3682
R03,W7143712339,3683
R03,W7128433218,3684
R03,W4403239906,3685
R03,W2906170588,3686
R03,W3119441545,3687
R03,W2120538276,3688
R03,W7168298720,3689
R03,W4402308354,3690
R03,W4401512505,3691
R03,W4243114173,3692
R03,W2739609444,3693
R03,W3193644013,3694
R03,W4401483138,3695
R03,W7161266363,3696
R03,W7139677695,3697
R03,W7215621121,3698
R03,W4362607416,3699
R03,W4378231978,3700
R03,W7219806749,3701
R03,W4400941392,3702
R03,W7217299622,3703
R03,W4414922904,3704
R03,W4328110914,3705
R03,W4285048242,3706
R03,W3156680142,3707
R03,W2614508638,3708
R03,W4400110572,3709
R03,W4412056585,3710
R03,W4381739912,3711
R03,W2551864603,3712
R03,W3168428132,3713
R03,W3099425547,3714
R03,W7117242095,3715
R03,W7124246226,3716
R03,W4392945956,3717
R03,W7135062243,3718
R03,W4410316832,3719
R03,W3046179794,3720
R03,W7140105890,3721
R03,W4406643984,3722
R03,W4402407937,3723
R03,W2196310768,3724
R03,W3143647812,3725
R03,W7129453046,3726
R03,W2470249815,3727
R03,W4378070515,3728
R03,W3024731644,3729
R03,W7200163186,3730
R03,W7172418687,3731
R03,W4398781481,3732
R03,W4319794139,3733
R03,W2229301182,3734
R03,W4403225538,3735
R03,W7128590421,3736
R03,W4312134504,3737
R03,W4286728296,3738
R03,W4416138527,3739
R03,W7128809762,3740
R03,W7115932291,3741
R03,W3047820908,3742
R03,W4407196493,3743
R03,W7162259232,3744
R03,W2953053191,3745
R03,W2896385735,3746
R03,W4408481573,3747
R03,W3198545407,3748
R03,W4387328959,3749
R03,W4392747214,3750
R03,W4408359882,3751
R03,W3113042899,3752
R03,W4412569333,3753
R03,W4392844928,3754
R03,W4404591248,3755
R03,W3193912106,3756
R03,W4404506712,3757
R03,W4409755218,3758
R03,W4221100623,3759
R03,W3154243287,3760
R03,W2467680564,3761
R03,W4385062928,3762
R03,W2946154582,3763
R03,W7171320929,3764
R03,W7214552139,3765
R03,W7156574675,3766
R03,W7172533265,3767
R03,W2470170626,3768
R03,W4416119723,3769
R03,W7127140284,3770
R03,W4294749682,3771
R03,W7135170996,3772
R03,W2468215863,3773
R03,W4415263902,3774
R03,W7131899538,3775
R03,W3111071996,3776
R03,W4312747993,3777
R03,W7213520010,3778
R03,W4388460974,3779
R03,W3154293328,3780
R03,W4292547799,3781
R03,W4312778322,3782
R03,W7128061147,3783
R03,W2584562579,3784
R03,W7127338350,3785
R03,W3183357942,3786
R03,W7127898943,3787
R03,W7125489949,3788
R03,W4413466249,3789
R03,W4214545230,3790
R03,W4379016555,3791
R03,W3105544107,3792
R03,W4400150925,3793
R03,W7214103734,3794
R03,W4313526331,3795
R03,W4415131519,3796
R03,W4384699387,3797
R03,W4412886052,3798
R03,W7126400698,3799
R03,W4385623930,3800
R03,W4383646132,3801
R03,W4404004584,3802
R03,W7133547034,3803
R03,W4295873680,3804
R03,W4287887335,3805
R03,W4400350630,3806
R03,W4415604580,3807
R03,W2908844382,3808
R03,W4407596625,3809
R03,W4407892403,3810
R03,W2901270490,3811
R03,W7204956822,3812
R03,W4383427968,3813
R03,W194165050,3814
R03,W4401029421,3815
R03,W4406456554,3816
R03,W4415368974,3817
R03,W2895708714,3818
R03,W7129237029,3819
R03,W4210955378,3820
R03,W4415777011,3821
R03,W4412683594,3822
R03,W4404501915,3823
R03,W4417401112,3824
R03,W3109830318,3825
R03,W4411460796,3826
R03,W4324367405,3827
R03,W7219226072,3828
R03,W7203450766,3829
R03,W7127954231,3830
R03,W7127067228,3831
R03,W4388705683,3832
R03,W4283375495,3833
R03,W2808193050,3834
R03,W7171558682,3835
R03,W4413240617,3836
R03,W7160603739,3837
R03,W3000053771,3838
R03,W2398543984,3839
R03,W7220293380,3840
R03,W4296904187,3841
R03,W7162579177,3842
R03,W4411660874,3843
R03,W3045081547,3844
R03,W4414705360,3845
R03,W2884743884,3846
R03,W4320069861,3847
R03,W4410158442,3848
R03,W7153998042,3849
R03,W7139132653,3850
R03,W7117250780,3851
R03,W4379230181,3852
R03,W3048509548,3853
R03,W2966282420,3854
R03,W4405093296,3855
R03,W7154022208,3856
R03,W7166535283,3857
R03,W7128539103,3858
R03,W3120566891,3859
R03,W2475995454,3860
R03,W4306165685,3861
R03,W4392254409,3862
R03,W3211241839,3863
R03,W4220702155,3864
R03,W4411451703,3865
R03,W2494322966,3866
R03,W4319222407,3867
R03,W7216131830,3868
R03,W7134982102,3869
R03,W7161964630,3870
R03,W7167252873,3871
R03,W4417453965,3872
R03,W3085864701,3873
R03,W7162627653,3874
R03,W7138313761,3875
R03,W2565090196,3876
R03,W7127189750,3877
R03,W2792219277,3878
R03,W7219662676,3879
R03,W4414181322,3880
R03,W7161693487,3881
R03,W4285049636,3882
R03,W7140512840,3883
R03,W2987630899,3884
R03,W4415340099,3885
R03,W2614178919,3886
R03,W4392543394,3887
R03,W136959936,3888
R03,W7163740161,3889
R03,W4411634217,3890
R03,W7103976599,3891
R03,W4412920958,3892
R03,W3194958837,3893
R03,W4416854711,3894
R03,W7202208879,3895
R03,W4406900146,3896
R03,W4403055627,3897
R03,W4411590393,3898
R03,W3114789927,3899
R03,W4212993417,3900
R03,W4416293819,3901
R03,W4396932856,3902
R03,W2912463734,3903
R03,W4414113355,3904
R03,W4389609744,3905
R03,W7216577827,3906
R03,W4389628242,3907
R03,W4411020450,3908
R03,W7113082025,3909
R03,W2057092861,3910
R03,W7166567875,3911
R03,W2957706792,3912
R03,W2913523316,3913
R03,W4292457922,3914
R03,W4401806226,3915
R03,W7163643819,3916
R03,W7154621913,3917
R03,W4408163037,3918
R03,W3035587417,3919
R03,W7168014193,3920
R03,W2735940044,3921
R03,W7168017316,3922
R03,W7165160421,3923
R03,W7170037941,3924
R03,W4415325436,3925
R03,W4322745047,3926
R03,W7213525044,3927
R03,W4412867612,3928
R03,W2802332885,3929
R03,W7155705325,3930
R03,W4413029065,3931
R03,W4408667749,3932
R03,W4409175826,3933
R03,W4404861711,3934
R03,W7217668744,3935
R03,W3154310073,3936
R03,W4411924641,3937
R03,W2979047544,3938
R03,W3034852580,3939
R03,W4406961501,3940
R03,W7201859672,3941
R03,W7162792293,3942
R03,W3091800294,3943
R03,W7118460189,3944
R03,W4291115206,3945
R03,W2891845268,3946
R03,W7124702861,3947
R03,W3154765603,3948
R03,W4400444815,3949
R03,W2970066481,3950
R03,W3119358080,3951
R03,W7198396810,3952
R03,W7131671473,3953
R03,W2314139513,3954
R03,W3093389009,3955
R03,W2894280286,3956
R03,W3065333852,3957
R03,W4382139364,3958
R03,W7204933502,3959
R03,W7129197111,3960
R03,W7165804577,3961
R03,W7208710118,3962
R03,W4396680606,3963
R03,W4392234865,3964
R03,W4387393011,3965
R03,W3205275311,3966
R03,W2616364925,3967
R03,W7140204626,3968
R03,W4387189657,3969
R03,W4400299540,3970
R03,W4408061697,3971
R03,W7117558908,3972
R03,W7126269840,3973
R03,W7219360962,3974
R03,W4285285940,3975
R03,W7214780920,3976
R03,W7151873750,3977
R03,W7204688482,3978
R03,W7165751413,3979
R03,W3137359078,3980
R03,W2796709486,3981
R03,W2625650735,3982
R03,W7147508291,3983
R03,W4398150252,3984
R03,W4390988589,3985
R03,W4408172202,3986
R03,W4366774602,3987
R03,W4321124411,3988
R03,W4385815978,3989
R03,W7155047036,3990
R03,W7154984921,3991
R03,W4409798770,3992
R03,W7204767279,3993
R03,W3136070111,3994
R03,W7218320824,3995
R03,W4362456600,3996
R03,W3177038672,3997
R03,W7160716540,3998
R03,W7140233536,3999
R03,W4412634416,4000
R03,W4403982815,4001
R03,W3119595702,4002
R03,W7164212108,4003
R03,W4405838661,4004
R03,W4407199094,4005
R03,W2898517878,4006
R03,W7154957635,4007
R03,W4416528163,4008
R03,W7211911883,4009
R03,W4385656603,4010
R03,W4390701130,4011
R03,W4293469487,4012
R03,W4405813397,4013
R03,W7217538639,4014
R03,W4401714260,4015
R03,W4409891832,4016
R03,W4298087480,4017
R03,W7150058125,4018
R03,W3117695783,4019
R03,W4412523870,4020
R03,W7160616848,4021
R03,W4404593842,4022
R03,W3037240953,4023
R03,W7124172555,4024
R03,W4396772472,4025
R03,W3163215443,4026
R03,W4406477512,4027
R03,W7165040798,4028
R03,W4386934085,4029
R03,W4324122854,4030
R03,W7128165159,4031
R03,W7208732181,4032
R03,W4286823318,4033
R03,W7125386335,4034
R03,W7125421653,4035
R03,W7114994768,4036
R03,W4390535171,4037
R03,W4409123181,4038
R03,W7117128504,4039
R03,W4415463113,4040
R03,W2972398993,4041
R03,W4289890827,4042
R03,W7214015965,4043
R03,W2968303102,4044
R03,W7171472170,4045
R03,W2758416232,4046
R03,W3200591702,4047
R03,W2897364501,4048
R03,W4400366901,4049
R03,W4411361373,4050
R03,W4412987812,4051
R03,W7125997460,4052
R03,W4410893636,4053
R03,W7204213615,4054
R03,W7114805051,4055
R03,W7204209324,4056
R03,W7114773055,4057
R03,W3003615554,4058
R03,W2496517090,4059
R03,W7202290614,4060
R03,W7138982807,4061
R03,W2500263353,4062
R03,W4411931518,4063
R03,W7154974980,4064
R03,W7167719180,4065
R03,W7143671940,4066
R03,W2982631533,4067
R03,W7139862326,4068
R03,W7154581121,4069
R03,W7154608237,4070
R03,W4401233341,4071
R03,W4390740940,4072
R03,W7203789844,4073
R03,W7163513684,4074
R03,W7163591816,4075
R03,W7163568643,4076
R03,W4403702660,4077
R03,W7167627490,4078
R03,W7163559907,4079
R03,W4409338176,4080
R03,W4415380215,4081
R03,W4381416330,4082
R03,W4413505535,4083
R03,W2606075727,4084
R03,W2782163196,4085
R03,W4285106425,4086
R03,W4399538206,4087
R03,W4401053665,4088
R03,W7169841199,4089
R03,W3180730186,4090
R03,W7212120462,4091
R03,W7211902161,4092
R03,W7149881100,4093
R03,W7151349249,4094
R03,W7166341708,4095
R03,W7220104197,4096
R03,W2945227745,4097
R03,W7166315063,4098
R03,W4411763486,4099
R03,W4386578729,4100
R03,W7165121021,4101
R03,W4408667081,4102
R03,W7147048763,4103
R03,W4406598702,4104
R03,W7154405072,4105
R03,W4409203058,4106
R03,W7116072663,4107
R03,W3145018806,4108
R03,W4401282943,4109
R03,W4399792283,4110
R03,W3035070816,4111
R03,W4280567687,4112
R03,W4393308863,4113
R03,W7161723559,4114
R03,W3160701462,4115
R03,W3030846076,4116
R03,W2545435838,4117
R03,W2219068474,4118
R03,W7125484295,4119
R03,W4411770442,4120
R03,W4282916113,4121
R03,W2904324823,4122
R03,W2912509286,4123
R03,W4386225665,4124
R03,W4207016095,4125
R03,W3009275931,4126
R03,W7167816663,4127
R03,W7167831448,4128
R03,W3203672884,4129
R03,W3006224964,4130
R03,W3090232677,4131
R03,W4292599000,4132
R03,W3026616943,4133
R03,W4401640953,4134
R03,W4399549999,4135
R03,W3016422838,4136
R03,W7216867723,4137
R03,W4399917141,4138
R03,W4413056161,4139
R03,W4413005452,4140
R03,W4413137389,4141
R03,W4322495560,4142
R03,W7124153697,4143
R03,W3021584855,4144
R03,W3216965805,4145
R03,W2902049789,4146
R03,W1947917560,4147
R03,W4417231127,4148
R03,W3083109923,4149
R03,W4400798081,4150
R03,W4400509385,4151
R03,W3113616911,4152
R03,W7212082574,4153
R03,W3174970994,4154
R03,W4414781572,4155
R03,W2527767996,4156
R03,W7128679078,4157
R03,W3029494155,4158
R03,W4407930802,4159
R03,W2884653722,4160
R03,W3217658368,4161
R03,W2983637177,4162
R03,W4411995360,4163
R03,W4307431328,4164
R03,W4313218470,4165
R03,W7153175099,4166
R03,W4402693024,4167
R03,W4405534382,4168
R03,W2800414571,4169
R03,W4399430479,4170
R03,W4414100226,4171
R03,W3178179578,4172
R03,W2418221717,4173
R04,W4389104990,1
R04,W7214978394,2
R04,W4395065279,3
R04,W3165816055,4
R04,W2066376054,5
R04,W7117586488,6
R04,W2338683762,7
R04,W7138926427,8
R04,W4390534578,9
R04,W4225114535,10
R04,W7154292749,11
R04,W4401915076,12
R04,W7172031376,13
R04,W7164646811,14
R04,W4412422313,15
R04,W4403715792,16
R04,W2754546121,17
R04,W7171740078,18
R04,W2402514617,19
R04,W4399348268,20
R04,W2584565614,21
R04,W4250384610,22
R04,W3116367849,23
R04,W4414083206,24
R04,W2735104871,25
R04,W4388107188,26
R04,W3185032079,27
R04,W1810568167,28
R04,W4416038300,29
R04,W3011589233,30
R04,W2600360308,31
R04,W2922972545,32
R04,W3000094246,33
R04,W7169806198,34
R04,W4381985376,35
R04,W3080202658,36
R04,W2775596269,37
R04,W2732742108,38
R04,W3080445452,39
R04,W2181671944,40
R04,W7203688132,41
R04,W4406736327,42
R04,W3199366395,43
R04,W4213075808,44
R04,W4408321097,45
R04,W2468880419,46
R04,W2753049497,47
R04,W3168350959,48
R04,W2803637825,49
R04,W2362967140,50
R04,W2767944186,51
R04,W7160579944,52
R04,W3048573213,53
R04,W4389032093,54
R04,W7220069697,55
R04,W3013161889,56
R04,W3048880044,57
R04,W4378567068,58
R04,W2913902197,59
R04,W2550850250,60
R04,W2336544236,61
R04,W2944544152,62
R04,W4224077283,63
R04,W3110818521,64
R04,W4292694640,65
R04,W2837966329,66
R04,W4409591667,67
R04,W3092885382,68
R04,W7125781838,69
R04,W4287823473,70
R04,W7206179094,71
R04,W4281733652,72
R04,W4412652200,73
R04,W2485575905,74
R04,W2336762593,75
R04,W2909481331,76
R04,W3136601973,77
R04,W4414718406,78
R04,W4413128035,79
R04,W4412517572,80
R04,W4233360269,81
R04,W4415707045,82
R04,W2333223896,83
R04,W2889527831,84
R04,W4401357392,85
R04,W2605757389,86
R04,W4404527359,87
R04,W3009626385,88
R04,W4404040086,89
R04,W4403553559,90
R04,W2910717451,91
R04,W4406592200,92
R04,W4379539293,93
R04,W3094159489,94
R04,W4396704638,95
R04,W7164538382,96
R04,W4410906370,97
R04,W4409761189,98
R04,W2912082128,99
R04,W4417264627,100
R04,W7171537194,101
R04,W7164408074,102
R04,W2612506043,103
R04,W4406998306,104
R04,W7172407759,105
R04,W2537579142,106
R04,W3023227809,107
R04,W4415452554,108
R04,W2915457185,109
R04,W3203102848,110
R04,W3166675766,111
R04,W4403302338,112
R04,W4366829332,113
R04,W4399654781,114
R04,W2569061431,115
R04,W7108972512,116
R04,W3193744743,117
R04,W2914220023,118
R04,W4386875145,119
R04,W2990268444,120
R04,W7171934479,121
R04,W2668176689,122
R04,W4289518186,123
R04,W7202079634,124
R04,W4405185491,125
R04,W4410556298,126
R04,W2550176494,127
R04,W7155163012,128
R04,W3041405209,129
R04,W3140472043,130
R04,W3197763881,131
R04,W3084930994,132
R04,W2789353585,133
R04,W7143998639,134
R04,W4408157849,135
R04,W4308580603,136
R04,W4409973074,137
R04,W4382792290,138
R04,W4312423202,139
R04,W2912662633,140
R04,W2235922310,141
R04,W2755762896,142
R04,W4415899723,143
R04,W4403534297,144
R04,W3116072296,145
R04,W2734162294,146
R04,W7119560155,147
R04,W7149982877,148
R04,W2941974869,149
R04,W4410358733,150
R04,W7127656367,151
R04,W2010079072,152
R04,W2750407118,153
R04,W3146068150,154
R04,W4415915638,155
R04,W7114767743,156
R04,W7159733960,157
R04,W2935850680,158
R04,W7154586932,159
R04,W2531108227,160
R04,W4414984976,161
R04,W7163139406,162
R04,W7128368718,163
R04,W4416212297,164
R04,W7219796366,165
R04,W2560006470,166
R04,W4362456600,167
R04,W3175652743,168
R04,W2283400280,169
R04,W4416203318,170
R04,W7160932486,171
R04,W4401794537,172
R04,W2765692680,173
R04,W4375944973,174
R04,W3201270834,175
R04,W7170158330,176
R04,W7130835972,177
R04,W4392019244,178
R04,W4389473970,179
R04,W3175316728,180
R04,W2355287736,181
R04,W4417503160,182
R04,W3082314517,183
R04,W2440444438,184
R04,W7165553505,185
R04,W7117366047,186
R04,W4412984930,187
R04,W4236197175,188
R04,W3122789758,189
R04,W2042414722,190
R04,W4282585228,191
R04,W4205529409,192
R04,W2118473901,193
R04,W4404496437,194
R04,W4392756941,195
R04,W4401246368,196
R04,W2531024350,197
R04,W3160148346,198
R04,W4401936703,199
R04,W4403906817,200
R04,W2996481532,201
R04,W4386301320,202
R04,W3048396576,203
R04,W4224316981,204
R04,W2982005829,205
R04,W3210974821,206
R04,W3089857311,207
R04,W4392869555,208
R04,W2890006636,209
R04,W4415405672,210
R04,W4416999336,211
R04,W7202208374,212
R04,W7202209865,213
R04,W7202182629,214
R04,W7202177719,215
R04,W7166433864,216
R04,W4413213360,217
R04,W7117459574,218
R04,W4415037037,219
R04,W2767360604,220
R04,W7113326703,221
R04,W3139433162,222
R04,W4391219298,223
R04,W3172995933,224
R04,W7128741210,225
R04,W4291432338,226
R04,W2620455386,227
R04,W4416997628,228
R04,W4408109085,229
R04,W2182010380,230
R04,W7160521630,231
R04,W4417113917,232
R04,W4253538739,233
R04,W3170813606,234
R04,W7161150987,235
R04,W7161145048,236
R04,W3082442577,237
R05,W4413982600,1
R05,W2772743185,2
R05,W4324382096,3
R05,W3131325274,4
R05,W2898347111,5
R05,W2609026199,6
R05,W2604974201,7
R05,W2912735843,8
R05,W2296856246,9
R05,W2784291237,10
R05,W2560200699,11
R05,W3007671862,12
R05,W2346261720,13
R05,W2346339329,14
R05,W2494882478,15
R05,W2504785941,16
R05,W4410535391,17
R05,W2344683494,18
R05,W3207521945,19
R05,W2300086772,20
R05,W2565237672,21
R05,W2889683641,22
R05,W2604397864,23
R05,W3215733096,24
R05,W3136248339,25
R05,W4321373789,26
R05,W129384423,27
R05,W2924906655,28
R05,W3013982921,29
R05,W3005417809,30
R05,W3049214293,31
R05,W2604912336,32
R05,W4296703673,33
R05,W4224137284,34
R05,W4246717098,35
R05,W2739513403,36
R05,W4414270337,37
R05,W4386950570,38
R05,W4414165686,39
R05,W2971484010,40
R05,W4285258810,41
R05,W2756320464,42
R05,W2767096494,43
R05,W3170370989,44
R05,W4377007980,45
R05,W4390306162,46
R05,W4285232817,47
R05,W2527333391,48
R05,W2949312324,49
R05,W2913502686,50
R05,W2768702678,51
R05,W2803573608,52
R05,W2344348465,53
R05,W4252367767,54
R05,W2794938596,55
R05,W2468189005,56
R05,W4413748649,57
R05,W3013256323,58
R05,W2379944205,59
R05,W2735999735,60
R05,W627284669,61
R05,W7166695709,62
R05,W2965774728,63
R05,W2801749064,64
R05,W2341321189,65
R05,W2468332222,66
R05,W3005005561,67
R05,W2488034164,68
R05,W3125419418,69
R05,W2575934088,70
R05,W4388830763,71
R05,W2566462785,72
R05,W7216104328,73
R05,W2605345512,74
R05,W2970009323,75
R05,W7154618245,76
R05,W4410949787,77
R05,W2551262732,78
R05,W4403995408,79
R05,W4390604781,80
R05,W2490980694,81
R05,W2889887356,82
R05,W4389291904,83
R05,W2563081522,84
R05,W2792282482,85
R05,W2885486646,86
R05,W4220826293,87
R05,W4225884636,88
R05,W2531503516,89
R05,W2801269845,90
R05,W3094032407,91
R05,W3167965195,92
R05,W2904216427,93
R05,W2423499526,94
R05,W3138969443,95
R05,W4285310038,96
R05,W2769328112,97
R05,W4285269227,98
R05,W2797235573,99
R05,W2788697519,100
R05,W3082911273,101
R05,W3207575859,102
R05,W3028472740,103
R05,W4321601146,104
R05,W2803938523,105
R05,W4396854359,106
R05,W1690585433,107
R05,W2900700722,108
R05,W4405194227,109
R05,W4322576408,110
R05,W2950475175,111
R05,W2889772300,112
R05,W4391450640,113
R05,W3025992973,114
R05,W2507432311,115
R05,W2948353926,116
R05,W3006244614,117
R05,W7142719277,118
R05,W2297093835,119
R05,W4391417801,120
R05,W3189823766,121
R05,W2462486538,122
R05,W2808107068,123
R05,W4391182582,124
R05,W4385275201,125
R05,W3193422380,126
R05,W4280617571,127
R05,W3049239013,128
R05,W4413080939,129
R05,W2679465008,130
R05,W4308987986,131
R05,W4405316501,132
R05,W2743660637,133
R05,W3208355903,134
R05,W855170108,135
R05,W4386371037,136
R05,W2910550660,137
R05,W2900769296,138
R05,W4285156908,139
R05,W3194558854,140
R05,W2884744828,141
R05,W7213445327,142
R05,W2626899034,143
R05,W4366979961,144
R05,W1743873083,145
R05,W2794117169,146
R05,W4407825715,147
R05,W3043630076,148
R05,W3037916661,149
R05,W7128470056,150
R05,W2808055372,151
R05,W7128540824,152
R05,W2601017289,153
R05,W4395452958,154
R05,W2580839986,155
R05,W2598671032,156
R05,W7151509276,157
R05,W4413939565,158
R05,W7169562828,159
R05,W4393345772,160
R05,W7219054029,161
R05,W3199156601,162
R05,W4220781810,163
R05,W4399453804,164
R05,W4404630438,165
R05,W4399682943,166
R05,W2469760078,167
R05,W2963909424,168
R05,W2763735622,169
R05,W2340208512,170
R05,W7213461832,171
R05,W7161245605,172
R05,W7161284076,173
R05,W4402351433,174
R05,W4387101018,175
R05,W2762615638,176
R05,W2947545053,177
R05,W2601420118,178
R05,W4241552600,179
R05,W2989952774,180
R05,W3174177416,181
R05,W4392251810,182
R05,W7162783671,183
R05,W7157300047,184
R05,W7156831286,185
R05,W7170030800,186
R05,W2510557125,187
R05,W4414106768,188
R05,W7171532121,189
R05,W4394897027,190
R05,W3164555750,191
R05,W4390205709,192
R05,W3021584992,193
R05,W2592090746,194
R05,W7203763955,195
R05,W4411209530,196
R05,W7203756319,197
R05,W7169870579,198
R05,W4239990989,199
R05,W3026758944,200
R05,W3155448491,201
R05,W3118962670,202
R05,W7118530556,203
R05,W7125376536,204
R05,W2948255544,205
R05,W2509692221,206
R05,W3176169975,207
R05,W7162311574,208
R05,W4200331914,209
R05,W4254384178,210
R05,W2230249753,211
R05,W7117250850,212
R05,W2886699371,213
R05,W7155051545,214
R05,W2767247003,215
R05,W4311343660,216
R05,W4385074056,217
R05,W7153546096,218
R05,W4400905299,219
R05,W2963224664,220
R05,W4281609132,221
R05,W4416544257,222
R05,W7161126694,223
R05,W7160434093,224
R05,W3002252032,225
R05,W4389141402,226
R05,W7154057892,227
R05,W2267702630,228
R05,W3036253920,229
R05,W7131420865,230
R05,W7167487429,231
R05,W7127901686,232
R05,W2499222131,233
R05,W2900483241,234
R05,W3088460683,235
R05,W7167092148,236
R05,W3088899865,237
R05,W3041140497,238
R05,W4410447432,239
R05,W1190894187,240
R05,W3011371344,241
R05,W4396651226,242
R05,W7135030360,243
R05,W3135987877,244
R05,W4405891837,245
R05,W3165425428,246
R05,W4243651007,247
R05,W7134193664,248
R05,W7161652560,249
R05,W7204599795,250
R05,W4417307979,251
R05,W2686750413,252
R05,W4413326071,253
R05,W7153321778,254
R05,W4415701371,255
R05,W2979948742,256
R05,W7204448680,257
R05,W2895858439,258
R05,W7202306184,259
R05,W1857118802,260
R05,W4416530008,261
R05,W4311064247,262
R05,W4205703618,263
R05,W7202292366,264
R05,W4289546686,265
R05,W7204695343,266
R05,W1723880585,267
R05,W3102016355,268
R05,W2809293771,269
R05,W7220289275,270
R05,W4411408508,271
R05,W7116791218,272
R05,W7151584980,273
R05,W7131664566,274
R05,W7138948856,275
R05,W4391938647,276
R05,W7139145115,277
R05,W4281383344,278
R05,W7118590622,279
R05,W4391956946,280
R05,W2554686379,281
R05,W4416261085,282
R05,W4393044113,283
R05,W3179091564,284
R05,W4406736327,285
R05,W4408953980,286
R05,W2803781637,287
R05,W2864087812,288
R05,W4415088039,289
R05,W2298953570,290
R05,W4378376348,291
R05,W4312223064,292
R05,W4404469381,293
R05,W7216600345,294
R05,W4415084469,295
R05,W7213966995,296
R05,W7128207835,297
R05,W3193285609,298
R05,W7213766807,299
R05,W7163652232,300
R05,W2992302007,301
R05,W7213768419,302
R05,W2326502785,303
R05,W2888279948,304
R05,W4415340861,305
R05,W4319996438,306
R05,W3134376293,307
R05,W2388592449,308
R05,W4413887352,309
R05,W4402044990,310
R05,W768287162,311
R05,W4394012013,312
R05,W7160152693,313
R05,W3137510987,314
R05,W2520919594,315
R05,W3205835728,316
R05,W3016674065,317
R05,W3163277588,318
R05,W2905599972,319
R05,W3134494249,320
R05,W2943488170,321
R05,W7220128464,322
R05,W4405790862,323
R05,W2900221209,324
R05,W2905328081,325
R05,W3088675408,326
R05,W4388656582,327
R05,W4398209350,328
R05,W3128187773,329
R05,W3021198625,330
R05,W2895576983,331
R05,W2890015702,332
R05,W4294405926,333
R05,W2857990555,334
R05,W2912368855,335
R05,W2784851227,336
R05,W3008372562,337
R05,W7166538493,338
R05,W3014724987,339
R05,W4409723942,340
R05,W4412666456,341
R05,W2950370838,342
R05,W2807082502,343
R05,W4399506113,344
R05,W2338828827,345
R05,W4404942622,346
R05,W2743566083,347
R05,W7217972573,348
R05,W4412022385,349
R05,W7160620585,350
R05,W7125778131,351
R05,W2604632610,352
R05,W7160025955,353
R05,W4416286494,354
R05,W2557945767,355
R05,W2793638990,356
R05,W6908009934,357
R05,W2736526541,358
R05,W2339108508,359
R05,W4405082035,360
R05,W223491340,361
R05,W7138932562,362
R05,W2793294625,363
R05,W4317895857,364
R05,W2337818024,365
R05,W2766496241,366
R05,W7164735580,367
R05,W2589782238,368
R05,W4214811108,369
R05,W4415821170,370
R05,W3197153805,371
R05,W2907118264,372
R05,W7165688340,373
R05,W2754498280,374
R05,W2796771495,375
R05,W2754484435,376
R05,W7134978183,377
R05,W4386031815,378
R05,W4416078278,379
R05,W7115184139,380
R05,W7140163724,381
R05,W2914199613,382
R05,W3085501803,383
R05,W2767316013,384
R05,W3034036331,385
R05,W3152797698,386
R05,W3038282818,387
R05,W2904786055,388
R05,W3137963285,389
R05,W4252090353,390
R05,W2799343071,391
R05,W4384132110,392
R05,W2913495662,393
R05,W2907139784,394
R05,W7109192011,395
R05,W4416210328,396
R05,W3146320928,397
R05,W2475753476,398
R05,W7212433885,399
R05,W2480932487,400
R05,W3158777354,401
R05,W2383116370,402
R05,W4404853535,403
R05,W3016301727,404
R05,W2893394050,405
R05,W4416820255,406
R05,W3112701050,407
R05,W4415316554,408
R05,W2376901391,409
R05,W3157077627,410
R05,W3133739998,411
R05,W4404390931,412
R05,W4413677560,413
R05,W4206197501,414
R05,W4312285335,415
R05,W7126206360,416
R05,W4405178965,417
R05,W7118946123,418
R05,W7127925837,419
R05,W7127976864,420
R05,W7135779398,421
R05,W3161449747,422
R05,W4417494393,423
R05,W7162115768,424
R05,W7117599810,425
R05,W7161542774,426
R05,W4413059953,427
R05,W7108972512,428
R05,W7125378872,429
R05,W7211913929,430
R05,W7125390982,431
R05,W4400006168,432
R05,W7213961279,433
R05,W4399357406,434
R05,W4367858592,435
R05,W4236906785,436
R05,W3182193085,437
R05,W3162705014,438
R05,W7215063354,439
R05,W7215043345,440
R05,W7168241745,441
R05,W7164874731,442
R05,W7214990047,443
R05,W7163370722,444
R05,W7131061711,445
R05,W7131116109,446
R05,W7167679360,447
R05,W7108348601,448
R05,W4415043060,449
R05,W7108317942,450
R05,W4414569847,451
R05,W4416715064,452
R05,W4396717010,453
R05,W7163051449,454
R05,W2604936120,455
R05,W2590054758,456
R05,W7139064567,457
R05,W3172691957,458
R05,W2998205509,459
R05,W2921921237,460
R05,W4405614705,461
R05,W7129053341,462
R05,W7129013577,463
R05,W2535028299,464
R05,W4313731253,465
R05,W2302104218,466
R05,W4410621442,467
R05,W4409310574,468
R05,W4285136672,469
R05,W2268872282,470
R05,W7219069443,471
R05,W4402281261,472
R05,W7214600417,473
R05,W4388739163,474
R05,W7161795559,475
R05,W4294084849,476
R05,W3201543172,477
R05,W4299436163,478
R05,W2408538474,479
R05,W4413027272,480
R05,W2587133346,481
R05,W4398142132,482
R05,W4205947119,483
R05,W3148531362,484
R05,W4409969842,485
R05,W3042272233,486
R05,W7144061994,487
R05,W3210939040,488
R05,W2540035503,489
R05,W4289866417,490
R05,W4416549867,491
R05,W2937711980,492
R05,W7165387307,493
R05,W7117477619,494
R05,W7117448698,495
R05,W4414114815,496
R05,W4372358219,497
R05,W3122936848,498
R05,W7161123181,499
R05,W214232424,500
R05,W2952581850,501
R05,W2218793854,502
R05,W2750609966,503
R05,W7119495432,504
R05,W3160907949,505
R05,W7117959794,506
R05,W4213448835,507
R05,W7149214732,508
R05,W2521400957,509
R05,W2337120071,510
R05,W7133244348,511
R05,W2952479057,512
R05,W4416078147,513
R05,W7154983122,514
R05,W4385373591,515
R05,W4285295307,516
R05,W3081765306,517
R05,W2731910911,518
R05,W3088181176,519
R05,W4247613116,520
R05,W4391547575,521
R05,W2901037577,522
R05,W2897504693,523
R05,W2899473245,524
R05,W2910923656,525
R05,W7167232823,526
R05,W2606243197,527
R05,W7147521588,528
R05,W7130505418,529
R05,W1561387620,530
R05,W2728068149,531
R05,W2811113622,532
R05,W4407761166,533
R05,W7196989998,534
R05,W2752765169,535
R05,W4245458070,536
R05,W4400120636,537
R05,W4399345856,538
R05,W3194226390,539
R05,W2251833637,540
R05,W4411111703,541
R05,W2890076049,542
R05,W7201841153,543
R05,W4388366381,544
R05,W4312864476,545
R05,W2759241899,546
R05,W4406571085,547
R05,W4416214567,548
R05,W2899923763,549
R05,W2479512862,550
R05,W7161172152,551
R05,W4414682252,552
R05,W7168409663,553
R05,W4406021640,554
R05,W2999277895,555
R05,W2624549842,556
R05,W4372053177,557
R05,W4390532817,558
R05,W7130530465,559
R05,W2910869957,560
R05,W2899331627,561
R05,W4412569305,562
R05,W2152270268,563
R05,W2610859275,564
R05,W4250599931,565
R05,W2519899222,566
R05,W2741841728,567
R05,W2770761695,568
R05,W7115688495,569
R05,W7203839495,570
R05,W2797847515,571
R05,W2898659745,572
R05,W3177001911,573
R05,W4321372981,574
R05,W4410126842,575
R05,W7163418635,576
R05,W4283008697,577
R05,W4200161583,578
R05,W4399955295,579
R05,W2961535368,580
R05,W4399728065,581
R05,W4415971032,582
R05,W7218233912,583
R05,W7128159528,584
R05,W4318147053,585
R05,W3125329019,586
R05,W4412583041,587
R05,W4399403138,588
R05,W4297995884,589
R05,W2184029772,590
R05,W4367333142,591
R05,W4386414132,592
R05,W7104384114,593
R05,W7104372406,594
R05,W7127974467,595
R05,W2951123246,596
R05,W4290099089,597
R05,W7160184562,598
R05,W4319990397,599
R05,W4388739107,600
R05,W7220125504,601
R05,W4417089314,602
R05,W3031270210,603
R05,W7217030339,604
R05,W4413091891,605
R05,W2771182706,606
R05,W4391648960,607
R05,W4407868982,608
R05,W3097934450,609
R05,W3033620900,610
R05,W2551243877,611
R05,W4415044793,612
R05,W4416888792,613
R05,W4402737678,614
R05,W4285278914,615
R05,W7220289225,616
R05,W4413452162,617
R05,W4399437148,618
R05,W2598578911,619
R05,W7171728874,620
R05,W7171699787,621
R05,W7165110556,622
R05,W7168294793,623
R05,W2952903131,624
R05,W4319869012,625
R05,W4412097613,626
R05,W4415457798,627
R05,W4408370142,628
R05,W3004698301,629
R05,W7163134962,630
R05,W7131061930,631
R05,W7108635726,632
R05,W7108620628,633
R05,W7108600535,634
R05,W7108686484,635
R05,W4410151201,636
R05,W4403498345,637
R05,W2802732788,638
R05,W3161374637,639
R05,W4408369035,640
R05,W3017284576,641
R05,W7147592423,642
R05,W7147688767,643
R05,W7143020367,644
R05,W7142683936,645
R05,W4403306321,646
R06,W2315773447,1
R06,W7212400471,2
R06,W3009087685,3
R06,W4389431151,4
R06,W4412033961,5
R06,W2998975905,6
R06,W2549566422,7
R06,W4411114558,8
R06,W4409161054,9
R06,W4410541805,10
R06,W2905346580,11
R06,W2289748648,12
R06,W2998886858,13
R06,W3096319131,14
R06,W2789627709,15
R06,W4410192467,16
R06,W3124084300,17
R06,W2980771320,18
R06,W4409630313,19
R06,W7163578564,20
R06,W4411310017,21
R06,W4402297608,22
R06,W4412871978,23
R06,W7167887939,24
R06,W3021749794,25
R06,W2595054129,26
R06,W7217711765,27
R06,W3081163352,28
R06,W2579282067,29
R06,W4414758125,30
R06,W2049928778,31
R06,W7214244884,32
R06,W4413421373,33
R06,W4307901018,34
R06,W4206363547,35
R06,W4364379060,36
R06,W7122807703,37
R06,W7165109491,38
R06,W3045268839,39
R06,W7131880571,40
R06,W2792887409,41
R06,W4401371636,42
R06,W2061800131,43
R06,W4390987379,44
R06,W4308438349,45
R06,W4414808272,46
R06,W4403372081,47
R06,W3172128833,48
R06,W7154565077,49
R06,W4413269387,50
R06,W7208809391,51
R06,W4399076705,52
R06,W4243776260,53
R06,W4411265542,54
R06,W4407833180,55
R06,W4226426123,56
R06,W3127673436,57
R06,W2994417000,58
R06,W4281623197,59
R06,W7204933097,60
R06,W3123890680,61
R06,W7167579258,62
R06,W4394755718,63
R06,W7171639207,64
R06,W4313585762,65
R06,W4294349527,66
R06,W7204787414,67
R06,W4205430148,68
R06,W7204781547,69
R06,W7204835926,70
R06,W3132152983,71
R06,W3083117176,72
R06,W7114801740,73
R06,W7128520986,74
R06,W2480808494,75
R06,W4412085842,76
R06,W3109181750,77
R06,W7202182453,78
R06,W4238232785,79
R06,W7165860182,80
R06,W7213533150,81
R06,W4220910324,82
R06,W4405586102,83
R06,W7165552830,84
R06,W7165569731,85
R06,W4399280779,86
R06,W4289718205,87
R06,W2997761222,88
R06,W7124257418,89
R06,W4294740525,90
R06,W7160282075,91
R06,W2914163775,92
R06,W7165115283,93
R06,W4396980223,94
R06,W2946167024,95
R06,W7118946507,96
R06,W4408197412,97
R06,W4308079024,98
R06,W7135432687,99
R06,W3173205834,100
R06,W2739457867,101
R06,W4313593484,102
R06,W4210281388,103
R06,W3203302270,104
R06,W4237231673,105
R06,W3216539107,106
R06,W7166332384,107
R06,W4319319825,108
R06,W4249080773,109
R06,W3182262507,110
R06,W7172249910,111
R06,W7172332898,112
R06,W2953282286,113
R06,W7160098562,114
R06,W4413301124,115
R06,W4416795171,116
R06,W3150630789,117
R06,W7135243708,118
R06,W4200441665,119
R06,W2908999217,120
R06,W7204663106,121
R06,W3130461692,122
R06,W4401526820,123
R06,W3002524248,124
R06,W4366278658,125
R06,W7213627089,126
R06,W7214151955,127
R06,W3007005768,128
R06,W7214187280,129
R06,W7140393942,130
R06,W4210758815,131
R06,W3167993930,132
R06,W3104382512,133
R06,W3169431780,134
R06,W4283018661,135
R06,W7166509753,136
R06,W4298148524,137
R06,W2563534880,138
R06,W3185284947,139
R06,W3094770322,140
R06,W4403486396,141
R06,W4387909191,142
R06,W4386200257,143
R06,W2939656072,144
R06,W3126800988,145
R06,W2753874593,146
R06,W3097935718,147
R06,W7131391370,148
R06,W4402231366,149
R06,W7169766471,150
R06,W4399649792,151
R06,W3015449891,152
R06,W7161123404,153
R06,W4396213277,154
R06,W7166838247,155
R06,W2980604396,156
R06,W7156366284,157
R06,W4413095327,158
R06,W4409590213,159
R06,W3037732768,160
R06,W7163901172,161
R06,W4360998807,162
R06,W4206376524,163
R06,W7167611006,164
R06,W7139921671,165
R06,W2793305506,166
R06,W4401001066,167
R06,W7171808862,168
R06,W2294562108,169
R06,W4416377176,170
R06,W4417233300,171
R06,W2788112657,172
R06,W4411482766,173
R06,W2789586837,174
R06,W7140091735,175
R06,W4403802363,176
R06,W7204056384,177
R06,W4389194593,178
R06,W2913843509,179
R06,W4390677356,180
R06,W3127735063,181
R06,W7128394651,182
R06,W2922607490,183
R06,W7202070861,184
R06,W4415641716,185
R06,W4313253627,186
R06,W4214502747,187
R06,W4214926097,188
R06,W4220895593,189
R06,W2280197533,190
R06,W4313419873,191
R06,W4200131110,192
R06,W4367322816,193
R06,W4411869984,194
R06,W4392799771,195
R06,W3033406699,196
R06,W2498598159,197
R06,W3143971373,198
R06,W2106557712,199
R06,W2786493613,200
R06,W4409272216,201
R06,W7172411682,202
R06,W7202095336,203
R06,W7160596558,204
R06,W4200160338,205
R06,W3170929881,206
R06,W2846545020,207
R06,W3008746847,208
R06,W4303444509,209
R06,W2745082550,210
R06,W4365810864,211
R06,W4387472866,212
R06,W2908737016,213
R06,W4391538614,214
R06,W4308867398,215
R06,W3116359394,216
R06,W2789868415,217
R06,W7160254760,218
R06,W3092604429,219
R06,W4408098679,220
R06,W4405665182,221
R06,W4405775231,222
R06,W3198979827,223
R06,W2956379631,224
R06,W7213965656,225
R06,W4415896671,226
R06,W3195332731,227
R06,W4415016853,228
R06,W4401927940,229
R06,W2509392815,230
R06,W4200242848,231
R06,W7106817134,232
R06,W4413395185,233
R06,W7124749242,234
R06,W3094834470,235
R06,W4403165570,236
R06,W4399765352,237
R06,W7138903905,238
R06,W7162012516,239
R06,W3036779043,240
R06,W3044200916,241
R06,W4405336143,242
R06,W4286376807,243
R06,W4401115817,244
R06,W7204789421,245
R06,W4403493778,246
R06,W4396650268,247
R06,W4410979591,248
R06,W7213408823,249
R06,W4407597139,250
R06,W2771548220,251
R06,W3160933298,252
R06,W3008200278,253
R06,W4293576448,254
R06,W7160871400,255
R06,W4210489664,256
R06,W7161253854,257
R06,W7159768639,258
R06,W7159856056,259
R06,W4414139005,260
R06,W2860063565,261
R06,W4406788671,262
R06,W2914847445,263
R06,W4407123935,264
R06,W7161279978,265
R06,W4402005968,266
R06,W4366964013,267
R06,W4294661754,268
R06,W4409823031,269
R06,W4415207110,270
R06,W4411488488,271
R06,W7133528732,272
R06,W7160601806,273
R06,W7156309553,274
R06,W2282255374,275
R06,W4399236906,276
R06,W2935999993,277
R06,W7214019792,278
R06,W7134271051,279
R06,W7202397584,280
R06,W4415296411,281
R06,W2781500129,282
R06,W7214787568,283
R06,W7214121330,284
R06,W7212224502,285
R06,W4396910581,286
R06,W4377013961,287
R06,W7214048450,288
R06,W7214211070,289
R06,W4385737728,290
R06,W3198860412,291
R06,W7155153928,292
R06,W3195827376,293
R06,W4414654603,294
R06,W3212098003,295
R06,W4415833552,296
R06,W7160636295,297
R06,W2521330015,298
R06,W4406622171,299
R06,W4402326960,300
R06,W4284889008,301
R06,W2967353107,302
R06,W2904008125,303
R06,W4321644080,304
R06,W4417466472,305
R06,W4313002037,306
R06,W7164927963,307
R06,W7132840467,308
R06,W7212266137,309
R06,W4396834950,310
R06,W4415436878,311
R06,W3032206867,312
R06,W4385628681,313
R06,W2803130379,314
R06,W4408694053,315
R06,W2345790364,316
R06,W4396926158,317
R06,W3001334175,318
R06,W4395028879,319
R06,W7169846329,320
R06,W7171959597,321
R06,W4297832459,322
R06,W7172536141,323
R06,W4368364891,324
R06,W7157541061,325
R06,W2793264989,326
R06,W3044235962,327
R06,W4410600399,328
R06,W4405309578,329
R06,W4407407669,330
R06,W4313595879,331
R06,W4414890092,332
R06,W7139976694,333
R06,W7106840788,334
R06,W4281667603,335
R06,W4224862898,336
R06,W2898730799,337
R06,W4388942768,338
R06,W4413683952,339
R06,W4206599511,340
R06,W4405847838,341
R06,W7162866621,342
R06,W4406236989,343
R06,W7171950061,344
R06,W2800827736,345
R06,W3193878571,346
R06,W7152102259,347
R06,W4409871513,348
R06,W4403097104,349
R06,W4225271883,350
R06,W7140588792,351
R06,W7155037989,352
R06,W4206274714,353
R06,W4368348107,354
R06,W4392292736,355
R06,W4392594665,356
R06,W2979529873,357
R06,W4414363676,358
R06,W4402680184,359
R06,W2990747732,360
R06,W4405616304,361
R06,W4221105767,362
R06,W3160658567,363
R06,W3160424700,364
R06,W2996375441,365
R06,W4385811365,366
R06,W3206195062,367
R06,W7163713574,368
R06,W4377103405,369
R06,W7160960694,370
R06,W4413166687,371
R06,W7214356712,372
R06,W2605733284,373
R06,W4400850192,374
R06,W7214180059,375
R06,W7130393571,376
R06,W4411006543,377
R06,W2944334798,378
R06,W7155676091,379
R06,W3029247755,380
R06,W2516354522,381
R06,W7133920503,382
R06,W2958850440,383
R06,W3167919551,384
R06,W4407249250,385
R06,W4319312325,386
R06,W4306250122,387
R06,W2790452719,388
R06,W2980798137,389
R06,W4407269839,390
R06,W4312545473,391
R06,W7210280052,392
R06,W4414974597,393
R06,W4406063131,394
R06,W4385301575,395
R06,W4387378809,396
R06,W2475571177,397
R06,W4412996163,398
R06,W4319296504,399
R06,W4414920165,400
R06,W2942039696,401
R06,W4415426588,402
R06,W7209529525,403
R06,W7143419488,404
R06,W7216819182,405
R06,W4401447502,406
R06,W4401924206,407
R06,W4410480755,408
R06,W7154488520,409
R06,W7214085586,410
R06,W7160522312,411
R06,W2922181441,412
R06,W4399712459,413
R06,W4200296199,414
R06,W2439180008,415
R06,W4407074996,416
R06,W2602235908,417
R06,W2261084531,418
R06,W4313314750,419
R06,W4407742994,420
R06,W4234652480,421
R06,W3007926402,422
R06,W7124236082,423
R06,W7168806113,424
R06,W7204868273,425
R06,W2980670556,426
R06,W2791330571,427
R06,W3092405188,428
R06,W7140195181,429
R06,W7213223219,430
R06,W4378527793,431
R06,W4301621003,432
R06,W4285313328,433
R06,W3137903214,434
R06,W7163252466,435
R06,W2800163442,436
R06,W3163272538,437
R06,W7167812264,438
R06,W3109766712,439
R06,W2981261997,440
R06,W7215861872,441
R06,W7154007291,442
R06,W2976525486,443
R06,W7154973247,444
R06,W2252164180,445
R06,W414056748,446
R06,W2058531341,447
R06,W3023366668,448
R06,W7124713037,449
R06,W7124745464,450
R06,W7169660480,451
R06,W3014923399,452
R06,W4396897287,453
R06,W2498824978,454
R06,W7203632879,455
R06,W4404362752,456
R06,W7203473845,457
R06,W4410879254,458
R06,W7109546780,459
R06,W7172221572,460
R06,W7171061091,461
R06,W4390200652,462
R06,W7213637662,463
R06,W7109736608,464
R06,W2929448505,465
R06,W310549867,466
R06,W4412809704,467
R06,W4402653816,468
R06,W3048119575,469
R06,W7166188194,470
R06,W4416273713,471
R06,W4295177403,472
R06,W7202284377,473
R06,W7139141231,474
R06,W7196928640,475
R06,W7125800119,476
R06,W4403512546,477
R06,W4411237642,478
R06,W7203739084,479
R06,W7219993530,480
R06,W2605691627,481
R06,W4404656131,482
R06,W2808626396,483
R06,W3194810025,484
R06,W2546396809,485
R06,W7160899263,486
R06,W4306699759,487
R06,W7125611289,488
R06,W2948704692,489
R06,W4406324479,490
R06,W4413773608,491
R06,W4411020764,492
R06,W4303021237,493
R06,W7211928018,494
R06,W7211941652,495
R06,W7211954601,496
R06,W7203638927,497
R06,W2803061227,498
R06,W2490622268,499
R06,W2787055991,500
R06,W2899469052,501
R06,W1811876963,502
R06,W7214067561,503
R06,W4392581125,504
R06,W4200030197,505
R06,W7127163633,506
R06,W2620581353,507
R06,W3169454706,508
R06,W4403355327,509
R06,W4236697698,510
R06,W4394689234,511
R06,W7128928246,512
R06,W4414873636,513
R06,W4405260266,514
R06,W2917746595,515
R06,W4312545464,516
R06,W7203610372,517
R06,W4388492390,518
R06,W4407835090,519
R06,W2980897376,520
R06,W7214288236,521
R06,W2914523260,522
R06,W7213227951,523
R06,W4416390530,524
R06,W4408121978,525
R06,W3203404143,526
R06,W7156598036,527
R06,W4385990489,528
R06,W4415724244,529
R06,W3081272989,530
R06,W7133307198,531
R06,W7215805900,532
R06,W2603460608,533
R06,W3003978598,534
R06,W4313589384,535
R06,W4417216075,536
R06,W4403279624,537
R06,W4406630125,538
R06,W4403025239,539
R06,W4224255511,540
R06,W4411683128,541
R06,W2468930482,542
R06,W4403998130,543
R06,W7104039741,544
R06,W4402222902,545
R06,W2793452495,546
R06,W7214067177,547
R06,W4416624537,548
R06,W2990263297,549
R06,W4408163193,550
R06,W7129262514,551
R06,W3081796848,552
R06,W4206568608,553
R06,W4385955548,554
R06,W4399489667,555
R06,W3130286016,556
R06,W3187825888,557
R06,W7133132229,558
R06,W4402462433,559
R06,W7148954484,560
R06,W7148855114,561
R06,W7130845207,562
R06,W7112494826,563
R06,W4400177351,564
R06,W4400166538,565
R06,W4313905038,566
R06,W4402638528,567
R06,W3029161262,568
R06,W7168271176,569
R06,W2809515569,570
R06,W2912019621,571
R06,W4403198916,572
R06,W4394815633,573
R06,W4414435736,574
R06,W4387127680,575
R06,W7114940975,576
R06,W4415623709,577
R06,W4245041807,578
R06,W7136546522,579
R06,W7201838996,580
R06,W4412784210,581
R06,W7133327357,582
R06,W3116720880,583
R06,W2469038037,584
R06,W4399594882,585
R06,W7160823446,586
R06,W3047279250,587
R06,W4387725559,588
R06,W2328526021,589
R06,W7112346194,590
R06,W4390145714,591
R06,W4311768812,592
R06,W2944437292,593
R06,W4409375192,594
R06,W4288436162,595
R06,W4281697604,596
R06,W3197853374,597
R06,W7166043947,598
R06,W4388347743,599
R06,W3004981419,600
R06,W2976151281,601
R06,W7134129051,602
R06,W4391918005,603
R06,W4388860601,604
R06,W4411624760,605
R06,W3211655354,606
R06,W4315486430,607
R06,W7119526569,608
R06,W7160654602,609
R06,W4415628400,610
R06,W4410632005,611
R06,W7162140103,612
R06,W4412084479,613
R06,W2975778565,614
R06,W4405356692,615
R06,W7166159388,616
R06,W4414930497,617
R06,W2942995278,618
R06,W7125628934,619
R06,W7160440498,620
R06,W3014098036,621
R06,W2591988285,622
R06,W4328129517,623
R06,W4415833756,624
R06,W7161561504,625
R06,W4400684132,626
R06,W2970157884,627
R06,W4413028746,628
R06,W4409539401,629
R06,W4385439178,630
R06,W4294242612,631
R06,W1834057021,632
R06,W2492330576,633
R06,W2407786575,634
R06,W7163532572,635
R06,W3043868697,636
R06,W2587225368,637
R06,W7118309568,638
R06,W4392123855,639
R06,W2914731700,640
R06,W2945157534,641
R06,W4210266529,642
R06,W4416933404,643
R06,W7148334495,644
R06,W7108214954,645
R06,W4415070193,646
R06,W4396587698,647
R06,W7148845435,648
R06,W7164867022,649
R06,W4400119102,650
R06,W3199222686,651
R06,W2960134720,652
R06,W7215898765,653
R06,W4416118287,654
R06,W4403235159,655
R06,W4412834054,656
R06,W4390013143,657
R06,W7161747718,658
R06,W4388206314,659
R06,W2758172332,660
R06,W2201324514,661
R06,W4402187916,662
R06,W4294031251,663
R06,W7196972062,664
R06,W2790965315,665
R06,W4395051491,666
R06,W4401165209,667
R06,W1008544164,668
R06,W4385836952,669
R06,W4220779306,670
R06,W4416795158,671
R06,W4417209614,672
R06,W7161989220,673
R06,W4408504537,674
R06,W4409510078,675
R06,W7214661327,676
R06,W4386745659,677
R06,W7168038441,678
R06,W3134021934,679
R06,W7208749801,680
R06,W2885742818,681
R06,W4417040124,682
R06,W7208719625,683
R06,W7208748388,684
R06,W4413244346,685
R06,W7208729548,686
R06,W7117930295,687
R06,W4408034097,688
R06,W4388336637,689
R06,W7204805396,690
R06,W2496400615,691
R06,W7167250298,692
R06,W7129665349,693
R06,W2898058206,694
R06,W4234842232,695
R06,W4365452432,696
R06,W4387211950,697
R06,W4409386445,698
R06,W7125784153,699
R06,W4415427044,700
R06,W2973641207,701
R06,W7133492181,702
R06,W4416945694,703
R06,W4319158462,704
R06,W7154740016,705
R06,W2415390059,706
R06,W7124475816,707
R06,W4387015773,708
R06,W4377079723,709
R06,W7134194896,710
R06,W4353044873,711
R06,W7162209479,712
R06,W4400565516,713
R06,W4303438628,714
R06,W7202124769,715
R06,W7162338946,716
R06,W7172416514,717
R06,W3093461052,718
R06,W3015763449,719
R06,W4405690452,720
R06,W7154728706,721
R06,W4414561728,722
R06,W7116852954,723
R06,W3145573337,724
R06,W7169841644,725
R06,W4321767691,726
R06,W3184208341,727
R06,W7124898726,728
R06,W7154473769,729
R06,W7161158716,730
R06,W7202380022,731
R06,W4408479104,732
R06,W4398784024,733
R06,W2611134763,734
R06,W7166074352,735
R06,W7214459073,736
R06,W7140828315,737
R06,W4415259136,738
R06,W7165021099,739
R06,W2748940759,740
R06,W4416466253,741
R06,W7140426164,742
R06,W3084481899,743
R06,W7164876477,744
R06,W4407825444,745
R06,W4404121193,746
R06,W2811946899,747
R06,W4380031084,748
R06,W4389509898,749
R06,W7125930391,750
R06,W3001670941,751
R06,W4386636851,752
R06,W7162319677,753
R06,W4414413909,754
R06,W4388020659,755
R06,W7211976597,756
R06,W4411491576,757
R06,W3211981682,758
R06,W4407766997,759
R06,W4399446767,760
R06,W3138889599,761
R06,W4413908669,762
R06,W7104638238,763
R06,W7172414142,764
R06,W4386745629,765
R06,W2904828099,766
R06,W7134280747,767
R06,W4416535256,768
R06,W4294844279,769
R06,W4409394076,770
R06,W4403730764,771
R06,W4362705701,772
R06,W4402374271,773
R06,W2765687521,774
R06,W7162650741,775
R06,W3182347423,776
R06,W4391529697,777
R06,W7134236926,778
R06,W7167414852,779
R06,W7126103448,780
R06,W4410156858,781
R06,W4388111366,782
R06,W3180393152,783
R06,W4407942397,784
R06,W4410207442,785
R06,W4405842391,786
R06,W4408428953,787
R06,W7164679542,788
R06,W4390910999,789
R06,W7116400075,790
R06,W7161168252,791
R06,W2385052220,792
R06,W7116279133,793
R06,W7133777454,794
R06,W4293162844,795
R06,W7165185716,796
R06,W4410188838,797
R06,W4226103203,798
R06,W7137429758,799
R06,W7167338834,800
R06,W7166444621,801
R06,W4308203859,802
R06,W4281716145,803
R06,W4253849202,804
R06,W2739254043,805
R06,W3193818425,806
R06,W2182298516,807
R06,W3172770717,808
R06,W2763982154,809
R06,W3166757621,810
R06,W4391242937,811
R06,W2461590747,812
R06,W4399124984,813
R06,W3047284070,814
R06,W2977886265,815
R06,W7127045324,816
R06,W4404907202,817
R06,W7127073688,818
R06,W2949983253,819
R06,W7213641113,820
R06,W3127459284,821
R06,W3170350495,822
R06,W7164898436,823
R06,W4394647146,824
R06,W7128505897,825
R06,W2767305818,826
R06,W4401999862,827
R06,W4389071696,828
R06,W2999136186,829
R06,W1107393404,830
R06,W7124898229,831
R06,W4296126592,832
R06,W3153376855,833
R06,W7165016145,834
R06,W4365597364,835
R06,W4387928515,836
R06,W2987119270,837
R06,W4399671419,838
R06,W7160806031,839
R06,W4413123310,840
R06,W4220902758,841
R06,W4388080344,842
R06,W4391678758,843
R06,W7127616274,844
R06,W7128697302,845
R06,W7215106271,846
R06,W7117467083,847
R06,W3212872259,848
R06,W4415828972,849
R06,W3168625640,850
R06,W4415487058,851
R06,W4407058944,852
R06,W4408316192,853
R06,W4377989701,854
R06,W7147482602,855
R06,W7124992244,856
R06,W4290995564,857
R06,W4283751346,858
R06,W2979295433,859
R06,W7163202281,860
R06,W7172289453,861
R06,W7133666142,862
R06,W2972313803,863
R06,W7214368824,864
R06,W7204479969,865
R06,W7151916383,866
R06,W3172039625,867
R06,W7164398438,868
R06,W4403140671,869
R06,W7163000913,870
R06,W4310723173,871
R06,W7170068138,872
R06,W7170072823,873
R06,W7203675339,874
R06,W4409244125,875
R06,W7125780015,876
R06,W7167605470,877
R06,W3045451487,878
R06,W7213557966,879
R06,W7115725907,880
R06,W7115713559,881
R06,W4387770161,882
R06,W4317568723,883
R06,W4392242729,884
R06,W7134180535,885
R06,W7167513966,886
R06,W7161993140,887
R06,W7160632193,888
R06,W2936008328,889
R06,W4406978600,890
R06,W7168880694,891
R06,W7127279226,892
R06,W4407133493,893
R06,W2734384691,894
R06,W7125787854,895
R06,W7167513942,896
R06,W4386860434,897
R06,W4391179374,898
R06,W2944303860,899
R06,W4407795761,900
R06,W4417414912,901
R06,W4296309188,902
R06,W7149343400,903
R06,W2791562591,904
R06,W4396637031,905
R06,W4312889845,906
R06,W2790475279,907
R06,W7166665955,908
R06,W4411260286,909
R06,W7119945021,910
R06,W4385708459,911
R06,W4407677577,912
R06,W2215465075,913
R06,W7213913724,914
R06,W4400054186,915
R06,W4385612172,916
R06,W7162428236,917
R06,W4220795160,918
R06,W4416731667,919
R06,W4223952201,920
R06,W3178538662,921
R06,W7147657370,922
R06,W4220917303,923
R06,W4405701619,924
R06,W7164678640,925
R06,W7140094346,926
R06,W3160110928,927
R06,W2900230514,928
R06,W4289599010,929
R06,W7213977961,930
R06,W4404790070,931
R06,W4385790334,932
R06,W7169718231,933
R06,W7214230896,934
R06,W3146592884,935
R06,W3033678215,936
R06,W7162676698,937
R06,W4385611239,938
R06,W7143379107,939
R06,W4415674259,940
R06,W7172443156,941
R06,W4318543016,942
R06,W2911217379,943
R06,W7161821383,944
R06,W3114734442,945
R06,W7131855886,946
R06,W4404130488,947
R06,W3035242485,948
R06,W3131097369,949
R06,W4385474483,950
R06,W3192943241,951
R06,W4405654816,952
R06,W2961725255,953
R06,W7143644984,954
R06,W4386034381,955
R06,W2594684928,956
R06,W7160108802,957
R06,W7204487075,958
R06,W7215047309,959
R06,W4405731939,960
R06,W2970453571,961
R06,W7204480946,962
R06,W7117733030,963
R06,W7169719760,964
R06,W4396802479,965
R06,W7153893006,966
R06,W4206816343,967
R06,W4292805619,968
R06,W4412095567,969
R06,W7165740614,970
R06,W2362854688,971
R06,W7203728260,972
R06,W7117127296,973
R06,W3128932299,974
R06,W7154942587,975
R06,W7115712811,976
R06,W7140314905,977
R06,W7140189943,978
R06,W4313366509,979
R06,W4410457025,980
R06,W7162431222,981
R06,W3173913662,982
R06,W7207723830,983
R06,W7115729531,984
R06,W7151748198,985
R06,W4396823183,986
R06,W4408387290,987
R06,W4415328262,988
R06,W4403627637,989
R06,W7168015620,990
R06,W4327692328,991
R06,W7161039965,992
R06,W7153346397,993
R06,W4408533821,994
R06,W7117534489,995
R06,W4381334952,996
R06,W7125526239,997
R06,W2201771109,998
R06,W7155375912,999
R06,W2942887103,1000
R06,W4414224194,1001
R06,W4416414911,1002
R06,W7152344409,1003
R06,W4413353617,1004
R06,W4416596631,1005
R06,W2738500304,1006
R06,W3196199535,1007
R06,W4364857009,1008
R06,W3043573314,1009
R06,W4398230841,1010
R06,W1828150945,1011
R06,W7117974262,1012
R06,W7127352324,1013
R06,W7114773010,1014
R06,W4413070547,1015
R06,W7161151706,1016
R06,W7151899097,1017
R06,W4417042643,1018
R06,W7168930480,1019
R06,W7116714378,1020
R06,W4414953092,1021
R06,W3197088630,1022
R06,W7133484572,1023
R06,W4386627812,1024
R06,W4415842898,1025
R06,W4206698259,1026
R06,W4415584367,1027
R06,W3129543700,1028
R06,W4224938364,1029
R06,W2331735118,1030
R06,W2790356621,1031
R06,W7170500825,1032
R06,W7108339892,1033
R06,W2986278312,1034
R06,W7108319781,1035
R06,W4387493008,1036
R06,W7214932145,1037
R06,W7214016409,1038
R06,W4405974960,1039
R06,W4304689992,1040
R06,W4411088396,1041
R06,W4413372911,1042
R06,W2330226281,1043
R06,W3087355411,1044
R06,W7204245311,1045
R06,W4415981562,1046
R06,W7214798470,1047
R06,W7132835603,1048
R06,W3094513304,1049
R06,W4410412020,1050
R06,W7166741022,1051
R06,W7172134000,1052
R06,W2951445868,1053
R06,W4410398682,1054
R06,W3209444751,1055
R06,W7160547367,1056
R06,W4281757828,1057
R06,W4312499464,1058
R06,W4388504734,1059
R06,W3043660032,1060
R06,W7117487629,1061
R06,W7154177711,1062
R06,W3173827175,1063
R06,W7168409139,1064
R06,W7214642189,1065
R06,W4392213928,1066
R06,W7137520479,1067
R06,W7204625341,1068
R06,W7215359455,1069
R06,W4386954451,1070
R06,W3184973267,1071
R06,W4411299060,1072
R06,W3216236248,1073
R06,W4396801504,1074
R06,W2898480465,1075
R06,W4415692280,1076
R06,W2391174321,1077
R06,W4377021610,1078
R06,W7106004898,1079
R06,W4407218961,1080
R06,W2343446127,1081
R06,W4307198152,1082
R06,W4317493496,1083
R06,W7133356219,1084
R06,W2804446733,1085
R06,W7213343809,1086
R06,W4313460015,1087
R06,W7122682977,1088
R06,W4401799272,1089
R06,W4306770002,1090
R06,W4406557355,1091
R06,W4404055284,1092
R06,W7161695470,1093
R06,W4402726612,1094
R06,W2624517459,1095
R06,W4312457451,1096
R06,W7214787009,1097
R06,W4386126812,1098
R06,W4403297627,1099
R06,W2005268280,1100
R06,W4411549317,1101
R06,W4387013695,1102
R06,W7163354898,1103
R06,W4416366403,1104
R06,W7163575955,1105
R06,W7214362008,1106
R06,W4398202465,1107
R06,W4290043029,1108
R06,W7160185394,1109
R06,W2892456153,1110
R06,W3027954067,1111
R06,W7149592112,1112
R06,W2950361497,1113
R06,W4403857085,1114
R06,W2972640880,1115
R06,W7170159351,1116
R06,W7204157491,1117
R06,W1503274954,1118
R06,W4290861522,1119
R06,W2564725628,1120
R06,W2900835345,1121
R06,W4405979683,1122
R06,W4404345099,1123
R06,W7167838171,1124
R06,W4416021993,1125
R06,W7128768281,1126
R06,W7205002999,1127
R06,W7128847267,1128
R06,W7142592297,1129
R06,W7150856187,1130
R06,W4312193302,1131
R06,W3120010260,1132
R06,W3156799282,1133
R06,W4327718599,1134
R06,W4281658798,1135
R06,W2792985930,1136
R06,W7166073228,1137
R06,W4410422019,1138
R06,W7213890111,1139
R06,W4317206683,1140
R06,W4210522914,1141
R06,W3047570338,1142
R06,W4411501095,1143
R06,W7125980020,1144
R06,W7152649959,1145
R06,W7133133446,1146
R06,W7140134784,1147
R06,W7212233193,1148
R06,W2762457063,1149
R06,W4410502563,1150
R06,W4403946453,1151
R06,W4403355518,1152
R06,W3167414935,1153
R06,W7216985602,1154
R06,W7202263797,1155
R06,W4387107920,1156
R06,W4205507274,1157
R06,W4226303008,1158
R06,W7161957489,1159
R06,W7108318214,1160
R06,W3010692103,1161
R06,W7108361831,1162
R06,W2016899713,1163
R06,W4413013457,1164
R06,W4245761239,1165
R06,W2283461338,1166
R06,W7126231937,1167
R06,W4416556249,1168
R06,W7151953433,1169
R06,W7202036248,1170
R06,W4230005756,1171
R06,W2951937969,1172
R06,W7203548867,1173
R06,W7162449022,1174
R06,W7169789228,1175
R06,W2799525082,1176
R06,W7165691417,1177
R06,W2585553223,1178
R06,W7203555923,1179
R06,W7169781555,1180
R06,W4416999014,1181
R06,W2921925757,1182
R06,W7213235596,1183
R06,W4396986096,1184
R06,W2479867711,1185
R06,W4406612287,1186
R06,W3042932492,1187
R06,W4417539216,1188
R06,W2338944029,1189
R06,W4320732646,1190
R06,W2900361572,1191
R06,W4405043363,1192
R06,W7204808334,1193
R06,W7159605425,1194
R06,W4417128616,1195
R06,W4382364179,1196
R06,W2967351337,1197
R06,W7166701453,1198
R06,W2944422353,1199
R06,W7154616964,1200
R06,W7128486304,1201
R06,W7201851264,1202
R06,W2799820518,1203
R06,W4402889941,1204
R06,W4417310753,1205
R06,W4401309301,1206
R06,W4214522118,1207
R06,W7163692216,1208
R06,W7210283172,1209
R06,W3149389905,1210
R06,W4408083060,1211
R06,W4400856293,1212
R06,W2911861096,1213
R06,W7210285820,1214
R06,W4399651738,1215
R06,W2791663669,1216
R06,W7131410986,1217
R06,W4293511957,1218
R06,W4417324967,1219
R06,W4408574769,1220
R06,W3042355071,1221
R06,W4322743109,1222
R06,W4223589989,1223
R06,W3001612715,1224
R06,W7201859739,1225
R06,W4413817050,1226
R06,W3158114614,1227
R06,W4402260368,1228
R06,W2439963633,1229
R06,W4413034139,1230
R06,W7160190028,1231
R06,W2921503409,1232
R06,W7163209111,1233
R06,W4308654206,1234
R06,W7171643664,1235
R06,W4403601446,1236
R06,W4405540273,1237
R06,W7126266770,1238
R06,W4416551454,1239
R06,W4384156222,1240
R06,W2989217900,1241
R06,W4402329266,1242
R06,W4407087975,1243
R06,W4414976730,1244
R06,W7215104916,1245
R06,W3133347148,1246
R06,W7144375270,1247
R06,W7139925814,1248
R06,W7171855354,1249
R06,W4394816719,1250
R06,W4294724311,1251
R06,W4399110717,1252
R06,W4414008023,1253
R06,W7203541214,1254
R06,W4417334412,1255
R06,W7140131847,1256
R06,W7125580956,1257
R06,W7125282030,1258
R06,W7155410624,1259
R06,W4414716673,1260
R06,W4281857326,1261
R06,W7125652472,1262
R06,W7204880283,1263
R06,W7154489032,1264
R06,W4304693996,1265
R06,W4381436000,1266
R06,W3212531902,1267
R06,W2892385376,1268
R06,W7204495731,1269
R06,W7204469014,1270
R06,W7204447435,1271
R06,W4411878293,1272
R06,W4409327933,1273
R06,W7172129779,1274
R06,W3147914027,1275
R06,W4414378125,1276
R06,W7161149331,1277
R06,W4380051463,1278
R06,W4367059122,1279
R06,W4415370479,1280
R06,W4414338556,1281
R06,W7164861252,1282
R06,W4285121146,1283
R06,W7171834979,1284
R06,W4413114107,1285
R06,W7118556277,1286
R06,W7118865645,1287
R06,W4406605004,1288
R06,W4386832180,1289
R06,W4210827075,1290
R06,W4405696627,1291
R06,W4383199245,1292
R06,W4413043817,1293
R06,W7170110531,1294
R06,W4319054442,1295
R06,W2560672397,1296
R06,W4412079050,1297
R06,W4205400127,1298
R06,W4395056675,1299
R06,W7106212557,1300
R06,W7159681950,1301
R06,W7159671191,1302
R06,W7106131076,1303
R06,W1554105459,1304
R06,W3166891685,1305
R06,W7165663285,1306
R06,W4412749472,1307
R06,W4309452646,1308
R06,W4417194765,1309
R06,W7129013577,1310
R06,W4200357022,1311
R06,W7129053341,1312
R06,W4306874149,1313
R06,W7154754843,1314
R06,W2264385432,1315
R06,W4391476133,1316
R06,W4221050191,1317
R06,W7213758292,1318
R06,W4406948175,1319
R06,W3207063546,1320
R06,W3040067017,1321
R06,W7149520375,1322
R06,W3081780997,1323
R06,W7160825680,1324
R06,W2913598861,1325
R06,W7213148303,1326
R06,W7166738559,1327
R06,W7167103658,1328
R06,W7148182383,1329
R06,W4412583132,1330
R06,W7204682286,1331
R06,W7202074721,1332
R06,W4414154675,1333
R06,W4403265053,1334
R06,W7111366933,1335
R06,W4200105383,1336
R06,W3022667244,1337
R06,W4407064587,1338
R06,W2944373880,1339
R06,W4416999450,1340
R06,W7111202825,1341
R06,W4320081744,1342
R06,W4229754054,1343
R06,W4407738810,1344
R06,W2569994613,1345
R06,W4404412608,1346
R06,W4412074987,1347
R06,W2612867803,1348
R06,W4412534841,1349
R06,W7214773187,1350
R06,W4417421075,1351
R06,W4412565048,1352
R06,W7203631922,1353
R06,W4376874619,1354
R06,W4317923958,1355
R06,W4391684036,1356
R06,W4412983842,1357
R06,W7204880653,1358
R06,W2792930962,1359
R06,W7118063853,1360
R06,W4399581597,1361
R06,W4391898844,1362
R06,W4413904274,1363
R06,W4417247009,1364
R06,W7203733598,1365
R06,W7163757125,1366
R06,W4286697439,1367
R06,W4414485954,1368
R06,W7172232321,1369
R06,W4384108690,1370
R06,W4404188452,1371
R06,W2744972885,1372
R06,W4389575234,1373
R06,W4403639371,1374
R06,W3134726762,1375
R06,W4402475303,1376
R06,W4402902472,1377
R06,W2801006762,1378
R06,W4393182730,1379
R06,W7171991816,1380
R06,W7128907247,1381
R06,W4225485766,1382
R06,W7170243388,1383
R06,W7170050907,1384
R06,W7170068621,1385
R06,W4412495552,1386
R06,W4223900072,1387
R06,W7128214013,1388
R06,W4408624041,1389
R06,W7155680790,1390
R06,W7128213250,1391
R06,W7171682120,1392
R06,W4401786404,1393
R06,W2939869977,1394
R06,W4415768434,1395
R06,W4388336413,1396
R06,W7154961845,1397
R06,W3127753921,1398
R06,W4205584342,1399
R06,W4415052654,1400
R06,W1065771981,1401
R06,W7126423465,1402
R06,W4220866910,1403
R06,W7170073454,1404
R06,W7212454383,1405
R06,W4417072387,1406
R06,W4410340704,1407
R06,W7165056632,1408
R06,W7165021162,1409
R06,W7128443435,1410
R06,W2927376841,1411
R06,W4415537046,1412
R06,W7214095665,1413
R06,W2802600925,1414
R06,W4417215842,1415
R06,W7169886483,1416
R06,W4404845369,1417
R06,W7164994703,1418
R06,W4408090901,1419
R06,W7171786377,1420
R06,W3185948047,1421
R06,W3158295421,1422
R06,W4414674771,1423
R06,W4415260642,1424
R06,W3194241639,1425
R06,W4404799705,1426
R06,W7137835654,1427
R06,W7119084888,1428
R06,W7161629896,1429
R06,W7117560422,1430
R06,W4403355106,1431
R06,W4386826609,1432
R06,W4407260798,1433
R06,W3210441833,1434
R06,W7172481992,1435
R06,W4416024440,1436
R06,W4408692856,1437
R06,W4408659954,1438
R06,W7213905139,1439
R06,W4281777389,1440
R06,W3164416922,1441
R06,W7164678456,1442
R06,W4243786100,1443
R06,W2958676254,1444
R06,W4396724123,1445
R06,W4404026385,1446
R06,W4403632732,1447
R06,W4411298356,1448
R06,W4410954304,1449
R06,W3045003757,1450
R06,W7135013540,1451
R06,W7134973191,1452
R06,W7131208568,1453
R06,W4417271809,1454
R06,W4417188682,1455
R06,W4390474598,1456
R06,W7169619051,1457
R06,W3088913139,1458
R06,W2257743781,1459
R06,W7169523138,1460
R06,W4378455000,1461
R06,W7168182177,1462
R06,W4414380431,1463
R06,W7165634690,1464
R06,W4389288446,1465
R06,W3117808822,1466
R06,W7169538628,1467
R06,W4236847249,1468
R06,W4221159480,1469
R06,W4388708527,1470
R06,W4412433797,1471
R06,W7130728364,1472
R06,W4399919150,1473
R06,W4285138023,1474
R06,W7109826884,1475
R06,W7109605075,1476
R06,W2205881108,1477
R06,W2623821849,1478
R06,W4308663447,1479
R06,W3162113450,1480
R06,W4306410409,1481
R06,W2186105400,1482
R06,W7128911853,1483
R06,W4224316938,1484
R06,W4413526979,1485
R06,W4400316979,1486
R06,W7204646378,1487
R06,W7117867845,1488
R06,W7128683722,1489
R06,W2961665225,1490
R06,W4412372098,1491
R06,W4412572100,1492
R06,W7212127977,1493
R06,W4296381456,1494
R06,W2182893050,1495
R06,W4402436646,1496
R06,W7125928347,1497
R06,W7169602601,1498
R06,W4407852055,1499
R06,W2801117491,1500
R06,W4302303882,1501
R06,W7166744914,1502
R06,W7140436962,1503
R06,W4403670314,1504
R06,W7167438136,1505
R06,W4401979935,1506
R06,W7203787246,1507
R06,W4400306925,1508
R06,W4385513799,1509
R06,W4285249658,1510
R06,W3136311755,1511
R06,W2797254275,1512
R06,W7165561103,1513
R06,W4386469157,1514
R06,W7212295147,1515
R06,W4399884592,1516
R06,W2325476485,1517
R06,W4322102236,1518
R06,W4394577229,1519
R06,W3011842520,1520
R06,W4387020421,1521
R06,W2976860749,1522
R06,W7105841171,1523
R06,W7105822090,1524
R06,W4387873406,1525
R06,W4280495383,1526
R06,W4410898885,1527
R06,W2339755997,1528
R06,W4388496199,1529
R06,W7117469196,1530
R06,W4415482735,1531
R06,W2195287593,1532
R06,W7134067722,1533
R06,W4407557231,1534
R06,W4399540009,1535
R06,W4210902460,1536
R06,W7119473400,1537
R06,W4409654789,1538
R06,W2519255209,1539
R06,W3018968611,1540
R06,W4206250503,1541
R06,W4200006151,1542
R06,W4402184038,1543
R06,W7156301205,1544
R06,W4308737249,1545
R06,W4390547765,1546
R06,W3081010157,1547
R06,W4302614228,1548
R06,W4400873766,1549
R06,W3193109095,1550
R06,W4312215261,1551
R06,W4243850644,1552
R06,W4404321432,1553
R06,W7204568961,1554
R06,W3217544750,1555
R06,W4404554375,1556
R06,W4398164359,1557
R06,W4361758138,1558
R06,W2573901738,1559
R06,W4405832328,1560
R06,W2981415452,1561
R06,W7163875653,1562
R06,W7213321901,1563
R06,W7168299776,1564
R06,W2802974701,1565
R06,W4388348194,1566
R06,W7213223411,1567
R06,W7135016218,1568
R06,W4416121820,1569
R06,W7123674586,1570
R06,W4415767151,1571
R06,W4396904708,1572
R06,W7108228144,1573
R06,W7213613750,1574
R06,W2980937398,1575
R06,W2974171736,1576
R06,W2985534647,1577
R06,W4295357639,1578
R06,W2902940826,1579
R06,W4411566360,1580
R06,W2807038198,1581
R06,W3043704210,1582
R06,W3048979558,1583
R06,W2899026301,1584
R06,W7204832886,1585
R06,W7167599741,1586
R06,W7217207784,1587
R06,W7118515236,1588
R06,W7119140429,1589
R06,W7204527841,1590
R06,W4407903328,1591
R06,W2905941277,1592
R06,W7160383917,1593
R06,W4401702960,1594
R06,W4411188097,1595
R06,W4407088117,1596
R06,W4407218419,1597
R06,W4391746027,1598
R06,W2966689007,1599
R06,W2996848963,1600
R06,W7126015721,1601
R06,W4408259676,1602
R06,W2460052663,1603
R06,W3126369691,1604
R06,W3011350871,1605
R06,W7217733579,1606
R06,W4416603167,1607
R06,W7162003447,1608
R06,W4407587555,1609
R06,W7111759505,1610
R06,W7128957704,1611
R06,W4240536563,1612
R06,W4412446907,1613
R06,W3208417221,1614
R06,W2980844978,1615
R06,W4225688890,1616
R06,W4410871277,1617
R06,W2769575538,1618
R06,W3171605866,1619
R06,W4280534916,1620
R06,W7130702395,1621
R06,W3126709466,1622
R06,W4292186734,1623
R06,W4416024764,1624
R06,W4407974724,1625
R06,W4309779048,1626
R06,W4249129238,1627
R06,W7169749811,1628
R06,W4414888637,1629
R06,W7123902084,1630
R06,W2806343197,1631
R06,W4229667887,1632
R06,W4297837814,1633
R06,W4409210021,1634
R06,W2159268153,1635
R06,W3036032707,1636
R06,W4409403962,1637
R06,W2433850994,1638
R06,W4220804454,1639
R06,W3169727715,1640
R06,W4405624709,1641
R06,W4415063601,1642
R06,W4389564834,1643
R06,W4310085516,1644
R06,W2057398181,1645
R06,W7163349483,1646
R06,W7204120047,1647
R06,W4412798909,1648
R06,W2585699041,1649
R06,W4283800740,1650
R06,W7116682036,1651
R06,W4409875929,1652
R06,W4408208815,1653
R06,W7204088196,1654
R06,W7172036593,1655
R06,W4246460381,1656
R06,W4414371410,1657
R06,W3025821105,1658
R06,W4404943718,1659
R06,W4226342210,1660
R06,W4406621054,1661
R06,W3207566997,1662
R06,W4411664943,1663
R06,W3023688055,1664
R06,W4389978051,1665
R06,W7152939605,1666
R06,W2287600707,1667
R06,W7160137028,1668
R06,W2738544939,1669
R06,W4409411547,1670
R06,W4405586266,1671
R06,W7164873941,1672
R06,W7208758479,1673
R06,W4405495794,1674
R06,W2773668544,1675
R06,W4400728407,1676
R06,W4408282570,1677
R06,W4408445360,1678
R06,W4402676791,1679
R06,W4412602538,1680
R06,W7167012561,1681
R06,W7219923455,1682
R06,W7162687156,1683
R06,W4403128054,1684
R06,W7103889712,1685
R06,W7109506384,1686
R06,W7168573978,1687
R06,W7109681798,1688
R06,W4402790260,1689
R06,W7167229956,1690
R06,W7154744528,1691
R06,W2769315656,1692
R06,W4403114334,1693
R06,W2977327198,1694
R06,W7169199756,1695
R06,W4213111669,1696
R06,W4415008237,1697
R06,W7204207359,1698
R06,W4391065974,1699
R06,W3167073362,1700
R06,W4386349050,1701
R06,W7160844073,1702
R06,W4387393931,1703
R06,W3111470134,1704
R06,W3036306834,1705
R06,W2980421034,1706
R06,W3015365813,1707
R06,W7168296636,1708
R06,W7160020407,1709
R06,W7215977053,1710
R06,W7168257768,1711
R06,W4416585181,1712
R06,W7203440214,1713
R06,W7171523811,1714
R06,W4408249793,1715
R06,W2897678198,1716
R06,W7204455699,1717
R06,W4403837035,1718
R06,W4391653320,1719
R06,W4396775669,1720
R06,W4414009564,1721
R06,W4406684123,1722
R06,W7115166552,1723
R06,W4404769380,1724
R06,W7160494168,1725
R06,W7171721233,1726
R06,W7208751507,1727
R06,W4388287877,1728
R06,W3000715367,1729
R06,W7213502515,1730
R06,W7161116021,1731
R06,W4416758563,1732
R06,W4404191719,1733
R06,W4408463611,1734
R06,W4317625852,1735
R06,W7166195603,1736
R06,W2215384807,1737
R06,W4416579366,1738
R06,W7155194589,1739
R06,W4406642637,1740
R06,W2883614009,1741
R06,W7162552663,1742
R06,W7131852408,1743
R06,W4403129211,1744
R06,W7141446967,1745
R06,W4414698840,1746
R06,W7172512737,1747
R06,W4318925938,1748
R06,W2561395001,1749
R06,W4405465496,1750
R06,W7160176545,1751
R06,W7204667827,1752
R06,W2596770751,1753
R06,W4416624181,1754
R06,W7119497523,1755
R06,W4415925255,1756
R06,W4384821922,1757
R06,W7163165690,1758
R06,W7154846096,1759
R06,W2952907865,1760
R06,W7125595806,1761
R06,W7131100488,1762
R06,W7126098752,1763
R06,W7162090841,1764
R06,W7168123053,1765
R06,W3008715483,1766
R06,W7111358195,1767
R06,W7125828336,1768
R06,W7110957249,1769
R06,W4414294626,1770
R06,W7131306765,1771
R06,W4386886763,1772
R06,W7166081093,1773
R06,W7118864905,1774
R06,W7165798030,1775
R06,W4396523248,1776
R06,W4407411590,1777
R06,W4281964897,1778
R06,W4412870465,1779
R06,W4416460303,1780
R06,W4400328795,1781
R06,W7171519329,1782
R06,W4403660759,1783
R06,W2991134175,1784
R06,W4399469178,1785
R06,W4393390074,1786
R06,W4406156018,1787
R06,W4404899549,1788
R06,W7172281175,1789
R06,W7131091704,1790
R06,W4410629613,1791
R06,W4254386362,1792
R06,W4410721164,1793
R06,W7130823951,1794
R06,W7172096189,1795
R06,W4353086502,1796
R06,W1874814444,1797
R06,W7118456577,1798
R06,W4408129149,1799
R06,W2950206870,1800
R06,W7131644318,1801
R06,W4414570957,1802
R06,W4412091391,1803
R06,W4401511352,1804
R06,W7162187607,1805
R06,W7167885597,1806
R06,W7204495079,1807
R06,W4411449125,1808
R06,W7155029402,1809
R06,W7163831626,1810
R06,W7196932336,1811
R06,W7171420018,1812
R06,W4415999310,1813
R06,W2792638594,1814
R06,W7212012010,1815
R06,W7169879766,1816
R06,W7105767363,1817
R06,W7105758050,1818
R06,W4412438606,1819
R06,W7203785094,1820
R06,W7131665112,1821
R06,W4402610840,1822
R06,W4406128830,1823
R06,W4415426985,1824
R06,W4414210597,1825
R06,W4391108844,1826
R06,W2980760265,1827
R06,W7218778101,1828
R06,W4416450383,1829
R06,W7124716270,1830
R06,W7160265393,1831
R06,W2962213712,1832
R06,W7164802907,1833
R06,W7140928246,1834
R06,W7214482693,1835
R06,W7214483199,1836
R06,W3108369310,1837
R06,W4293027803,1838
R06,W4317885436,1839
R06,W7170712262,1840
R06,W7131346807,1841
R06,W4417520912,1842
R06,W3176250070,1843
R06,W3172297066,1844
R06,W4367040795,1845
R06,W7131662092,1846
R06,W7172204771,1847
R06,W7171433748,1848
R06,W4367397099,1849
R06,W7115169249,1850
R06,W4240523383,1851
R06,W2979426254,1852
R06,W3044614406,1853
R06,W4206991974,1854
R06,W4309736106,1855
R06,W7163354719,1856
R06,W7163377411,1857
R06,W7163329641,1858
R06,W3205147691,1859
R06,W4385553547,1860
R06,W4396685811,1861
R06,W7160246370,1862
R06,W7160263632,1863
R06,W4396898501,1864
R06,W4281778427,1865
R06,W4412631147,1866
R06,W4415402286,1867
R06,W2771942742,1868
R06,W3095046155,1869
R06,W4386552478,1870
R06,W4229369047,1871
R06,W2916189731,1872
R06,W3171224171,1873
R06,W2791329751,1874
R06,W3170071203,1875
R06,W4309036918,1876
R06,W2523099606,1877
R06,W4366964015,1878
R06,W4322500742,1879
R06,W4212799125,1880
R06,W3085654193,1881
R06,W3162352402,1882
R06,W7172264343,1883
R06,W2911874853,1884
R06,W7214904021,1885
R06,W3084395870,1886
R06,W4397048581,1887
R06,W7213415308,1888
R06,W7131784631,1889
R06,W3034947199,1890
R06,W4406818110,1891
R06,W7164561967,1892
R06,W1952254360,1893
R06,W4417449316,1894
R06,W4282978332,1895
R06,W7213966286,1896
R06,W4408256266,1897
R06,W7215892072,1898
R06,W2532244293,1899
R06,W4317397640,1900
R06,W4412014029,1901
R06,W4406927396,1902
R06,W3203599701,1903
R06,W4401626765,1904
R06,W7169800182,1905
R06,W4411924236,1906
R06,W7110621066,1907
R06,W4388070938,1908
R06,W4401165854,1909
R06,W4241434302,1910
R06,W7160086622,1911
R06,W1538422615,1912
R06,W4210363723,1913
R06,W4280516869,1914
R06,W4205658102,1915
R06,W7128216873,1916
R06,W7135402285,1917
R06,W4238136995,1918
R06,W7126394078,1919
R06,W4410386090,1920
R06,W2961984560,1921
R06,W7135048041,1922
R06,W7203672053,1923
R06,W3207285119,1924
R06,W4388915000,1925
R06,W4281697936,1926
R06,W4415071952,1927
R06,W4409019285,1928
R06,W3120123145,1929
R06,W7170148017,1930
R06,W4416117160,1931
R06,W7215452425,1932
R06,W3202703179,1933
R06,W2804136255,1934
R06,W4412700615,1935
R06,W4405386206,1936
R06,W2416498917,1937
R06,W4402650078,1938
R06,W7159776816,1939
R06,W2469556561,1940
R06,W2776302861,1941
R06,W4306793337,1942
R06,W4412643626,1943
R06,W4385459002,1944
R06,W2811009618,1945
R06,W4392266621,1946
R06,W2750813084,1947
R06,W7141311074,1948
R06,W4417308572,1949
R06,W4410384576,1950
R06,W4409118119,1951
R06,W2024178908,1952
R06,W4399199734,1953
R06,W7162443365,1954
R06,W4412685087,1955
R06,W3127379707,1956
R06,W4408548323,1957
R06,W4414270619,1958
R06,W2570598963,1959
R06,W4410482161,1960
R06,W2341222387,1961
R06,W4388232348,1962
R06,W4297895715,1963
R06,W7108337918,1964
R06,W4238855668,1965
R06,W7108315345,1966
R06,W7154754703,1967
R06,W3046118841,1968
R06,W3002289963,1969
R06,W4401070826,1970
R06,W4407358888,1971
R06,W3207375732,1972
R06,W4401045589,1973
R06,W7163376002,1974
R06,W4296197421,1975
R06,W4413996993,1976
R06,W2605328274,1977
R06,W4387888757,1978
R06,W4312968340,1979
R06,W4387709834,1980
R06,W7159553071,1981
R06,W4415440331,1982
R06,W7203552740,1983
R06,W2562363382,1984
R06,W6889700916,1985
R06,W4413222846,1986
R06,W2277454119,1987
R06,W2802687422,1988
R06,W2999271226,1989
R06,W4221160719,1990
R06,W4281687425,1991
R06,W3209086301,1992
R06,W4409350571,1993
R06,W2590207545,1994
R06,W4308988944,1995
R06,W4393931340,1996
R06,W2807712080,1997
R06,W4385847612,1998
R06,W4404202115,1999
R06,W4410832777,2000
R06,W3110051867,2001
R06,W3129554955,2002
R06,W7140093200,2003
R06,W4224274766,2004
R06,W4387013811,2005
R06,W2765631212,2006
R06,W4246989941,2007
R06,W4400831342,2008
R06,W4411306489,2009
R06,W7167601519,2010
R06,W3025467775,2011
R06,W4415991204,2012
R06,W4385879461,2013
R06,W2791737485,2014
R06,W7202079870,2015
R06,W7128594939,2016
R06,W4416309648,2017
R06,W4385989189,2018
R06,W4411352507,2019
R06,W4401897960,2020
R06,W4401851205,2021
R06,W4320495166,2022
R06,W7128586406,2023
R06,W4385457385,2024
R06,W4411705766,2025
R06,W2791038383,2026
R06,W4283079447,2027
R06,W2735209772,2028
R06,W3184876534,2029
R06,W7130395384,2030
R06,W3137674754,2031
R06,W4410993730,2032
R06,W7203670742,2033
R06,W4386395260,2034
R06,W7128225347,2035
R06,W7140101124,2036
R06,W7131437158,2037
R06,W1845392057,2038
R06,W4411669665,2039
R06,W7117359248,2040
R06,W4413166215,2041
R06,W4309040608,2042
R06,W2121336607,2043
R06,W7127923085,2044
R06,W7169015525,2045
R06,W7117139235,2046
R06,W7214713798,2047
R06,W4403513079,2048
R06,W3152792211,2049
R06,W1656730976,2050
R06,W7214771385,2051
R06,W4283756293,2052
R06,W4409514212,2053
R06,W4415548309,2054
R06,W2768405195,2055
R06,W2961293213,2056
R06,W7160621282,2057
R06,W3211287507,2058
R06,W4406336847,2059
R06,W4413279233,2060
R06,W7160062439,2061
R06,W4392119500,2062
R06,W7216542276,2063
R06,W4392139160,2064
R06,W7217807049,2065
R06,W7161305071,2066
R06,W7160288169,2067
R06,W4388087575,2068
R06,W4387787716,2069
R06,W2779232802,2070
R06,W7148007438,2071
R06,W3119341662,2072
R06,W4386444993,2073
R06,W4200212703,2074
R06,W4410082283,2075
R06,W2741407182,2076
R06,W7128209335,2077
R06,W4412458682,2078
R06,W7167347140,2079
R06,W7162024644,2080
R06,W7202088446,2081
R06,W4317039334,2082
R06,W4323662759,2083
R06,W7162206369,2084
R06,W7160657945,2085
R06,W4399856293,2086
R06,W7140191867,2087
R06,W2747189027,2088
R06,W4318617833,2089
R06,W7204101576,2090
R06,W1925078374,2091
R06,W4416899980,2092
R06,W3202475135,2093
R06,W4410396951,2094
R06,W2794504349,2095
R06,W4409334631,2096
R06,W3080866135,2097
R06,W2595419189,2098
R06,W4387244723,2099
R06,W7144081524,2100
R06,W7141352183,2101
R06,W4406561246,2102
R06,W4416136857,2103
R06,W4288272727,2104
R06,W7162035990,2105
R06,W7128233416,2106
R06,W4411207351,2107
R06,W2130174401,2108
R06,W4396510101,2109
R06,W2968267231,2110
R06,W4402042153,2111
R06,W7214942134,2112
R06,W4229458875,2113
R06,W4417045895,2114
R06,W4285076434,2115
R06,W328755955,2116
R06,W3212095633,2117
R06,W2336497289,2118
R06,W4407358172,2119
R06,W3101824982,2120
R06,W7153220645,2121
R06,W2346667802,2122
R06,W4401509003,2123
R06,W4412683440,2124
R06,W4416663056,2125
R06,W4411194708,2126
R06,W2345034605,2127
R06,W3206646117,2128
R06,W3011314802,2129
R06,W4388962235,2130
R06,W4292566382,2131
R06,W2267879809,2132
R06,W3216336145,2133
R06,W4402611839,2134
R06,W7210288913,2135
R06,W4285200053,2136
R06,W7204276760,2137
R06,W4409190041,2138
R06,W4402836213,2139
R06,W4390410611,2140
R06,W3195811394,2141
R06,W2763160961,2142
R06,W7161033634,2143
R06,W3196592318,2144
R06,W7112027662,2145
R06,W7127072025,2146
R06,W7201883891,2147
R06,W7214534327,2148
R06,W3044625080,2149
R06,W2979802391,2150
R06,W4399311378,2151
R06,W4225123195,2152
R06,W2946297356,2153
R06,W2737680171,2154
R06,W7213414588,2155
R06,W4410997520,2156
R06,W4413133478,2157
R06,W4297464608,2158
R06,W3087676330,2159
R06,W3037699269,2160
R06,W2983688854,2161
R06,W7208735844,2162
R06,W7160294099,2163
R06,W2891878915,2164
R06,W1981034958,2165
R06,W7161550102,2166
R06,W611596792,2167
R06,W4413099806,2168
R06,W4388534674,2169
R06,W4416833758,2170
R06,W7162998941,2171
R06,W4399367524,2172
R06,W2581932326,2173
R06,W4416300581,2174
R06,W7140043221,2175
R06,W4285007275,2176
R06,W7118166221,2177
R06,W4392050449,2178
R06,W7140033019,2179
R06,W7124925632,2180
R06,W4308593398,2181
R06,W4390462170,2182
R06,W2986039755,2183
R06,W4386863274,2184
R06,W4407162790,2185
R06,W2963483907,2186
R06,W7212010346,2187
R06,W3103832685,2188
R06,W3169382580,2189
R06,W4387734522,2190
R06,W4407186580,2191
R06,W4221008055,2192
R06,W2969773005,2193
R06,W4409224720,2194
R06,W7212444363,2195
R06,W4390658789,2196
R06,W4411378437,2197
R06,W7212443799,2198
R06,W7212443832,2199
R06,W4391272208,2200
R06,W4416058486,2201
R06,W7135038712,2202
R06,W3194888536,2203
R06,W4399884062,2204
R06,W4405242389,2205
R06,W4391002310,2206
R06,W4248070045,2207
R06,W4200592697,2208
R06,W2936795231,2209
R06,W4400778932,2210
R06,W3134962917,2211
R06,W2752910989,2212
R06,W2017521607,2213
R06,W7211951924,2214
R06,W2905366853,2215
R06,W4409700249,2216
R06,W4388823178,2217
R06,W7160937387,2218
R06,W7163163631,2219
R06,W7129010606,2220
R06,W4252368135,2221
R06,W2761663688,2222
R06,W4390639357,2223
R06,W4410843746,2224
R06,W2948512758,2225
R06,W7165737899,2226
R06,W4292969945,2227
R06,W7140289945,2228
R06,W4386996612,2229
R06,W4414333325,2230
R06,W4211240603,2231
R06,W3108911828,2232
R06,W2071902444,2233
R06,W4414362544,2234
R06,W4405985882,2235
R06,W4417263976,2236
R06,W4285821670,2237
R06,W4402497319,2238
R06,W4409954820,2239
R06,W7128443499,2240
R06,W2740181418,2241
R06,W2999772316,2242
R06,W2999540872,2243
R06,W2914918268,2244
R06,W4399377708,2245
R06,W4417012403,2246
R06,W7165043011,2247
R06,W4379055031,2248
R06,W4400907673,2249
R06,W4286698834,2250
R06,W4226443428,2251
R06,W4392181031,2252
R06,W4391795793,2253
R06,W4408672366,2254
R06,W7133535262,2255
R06,W4312286030,2256
R06,W4410745042,2257
R06,W4225243477,2258
R06,W2403124853,2259
R06,W2623476840,2260
R06,W4360934878,2261
R06,W7117991474,2262
R06,W3042408054,2263
R06,W4225120445,2264
R06,W4407636269,2265
R06,W2591518818,2266
R06,W4361001777,2267
R06,W4380853312,2268
R06,W7203831823,2269
R06,W4406255821,2270
R06,W4414216709,2271
R06,W4417150208,2272
R06,W4311046484,2273
R06,W4383065886,2274
R06,W2985744267,2275
R06,W4416441703,2276
R06,W4384928526,2277
R06,W2930302290,2278
R06,W2496091760,2279
R06,W3042829846,2280
R06,W4296028488,2281
R06,W7163513512,2282
R06,W4366272860,2283
R06,W4311039921,2284
R06,W7165617448,2285
R06,W2898553681,2286
R06,W3216639404,2287
R06,W3205694144,2288
R06,W4410328260,2289
R06,W7169670741,2290
R06,W7163883234,2291
R06,W4383913319,2292
R06,W4412974920,2293
R06,W4289549398,2294
R06,W7162552638,2295
R06,W7140719546,2296
R06,W4200167643,2297
R06,W884500312,2298
R06,W3187480419,2299
R06,W2971556685,2300
R06,W4389245402,2301
R06,W4388617371,2302
R06,W4411728515,2303
R06,W7128800566,2304
R06,W4228999464,2305
R06,W2741750511,2306
R06,W4409912050,2307
R06,W2754874728,2308
R06,W7117254163,2309
R06,W7214025165,2310
R06,W4405756947,2311
R06,W7108470218,2312
R06,W3210643276,2313
R06,W4408330475,2314
R06,W7213454041,2315
R06,W4400370917,2316
R06,W7130387431,2317
R06,W2591316901,2318
R06,W4407312597,2319
R06,W4414135282,2320
R06,W7162839828,2321
R06,W7214726778,2322
R06,W4225001151,2323
R06,W2748096064,2324
R06,W2974979210,2325
R06,W4392146541,2326
R06,W3214256859,2327
R06,W4392663224,2328
R06,W2890763599,2329
R06,W2792085924,2330
R06,W7169810405,2331
R06,W2572471054,2332
R06,W3043817995,2333
R06,W7140192872,2334
R06,W7131263734,2335
R06,W2748956481,2336
R06,W4391487666,2337
R06,W4285388310,2338
R06,W3093212656,2339
R06,W7213648494,2340
R06,W2959072073,2341
R06,W7152443083,2342
R06,W4308901860,2343
R06,W4400122010,2344
R06,W4306318479,2345
R06,W7129016638,2346
R06,W4407739897,2347
R06,W4398181272,2348
R06,W7118169515,2349
R06,W4405146088,2350
R06,W7154488375,2351
R06,W2283178548,2352
R06,W4403085812,2353
R06,W7154969242,2354
R06,W3166098686,2355
R06,W1172435811,2356
R06,W2356622509,2357
R06,W7154734089,2358
R06,W7207819919,2359
R06,W792615047,2360
R06,W7214214417,2361
R06,W3013141381,2362
R06,W3012264483,2363
R06,W1978286861,2364
R06,W4416642943,2365
R06,W3169298889,2366
R06,W2473187025,2367
R06,W2540219378,2368
R06,W2734982402,2369
R06,W4286432779,2370
R06,W4311995367,2371
R06,W4310068427,2372
R06,W4311160369,2373
R06,W4410949616,2374
R06,W4224063961,2375
R06,W3166412135,2376
R06,W3205892829,2377
R06,W4312379986,2378
R06,W7160713895,2379
R06,W4416737526,2380
R06,W4409474188,2381
R06,W2977150919,2382
R06,W7147046682,2383
R06,W4302157198,2384
R06,W4411328390,2385
R06,W4210893196,2386
R06,W4413116025,2387
R06,W3148543082,2388
R06,W7160497514,2389
R06,W7134175001,2390
R06,W7204765589,2391
R06,W4308599717,2392
R06,W2901339602,2393
R06,W4226516284,2394
R06,W2883935282,2395
R06,W4391309531,2396
R06,W4416338132,2397
R06,W7125245468,2398
R06,W7220027009,2399
R06,W3200233747,2400
R06,W2980986465,2401
R06,W4399594690,2402
R06,W3206991172,2403
R06,W4400709637,2404
R06,W4200069276,2405
R06,W4407410949,2406
R06,W4413319016,2407
R06,W2950793222,2408
R06,W7164029006,2409
R06,W7206196945,2410
R06,W7166869398,2411
R06,W4404476056,2412
R06,W4321349024,2413
R06,W4391889959,2414
R06,W3202372061,2415
R06,W4411089090,2416
R06,W7167728958,2417
R06,W4401018555,2418
R06,W3210046519,2419
R06,W2947724989,2420
R06,W7124276350,2421
R06,W2769571772,2422
R06,W2011784152,2423
R06,W7196947158,2424
R06,W7160697837,2425
R06,W4411090359,2426
R06,W3175571572,2427
R06,W2915350869,2428
R06,W7135403817,2429
R06,W7135089737,2430
R06,W2790360969,2431
R06,W4387559583,2432
R06,W7162679564,2433
R06,W4411917849,2434
R06,W2347189785,2435
R06,W3081606527,2436
R06,W4396238960,2437
R06,W4414589742,2438
R06,W4394759462,2439
R06,W7165126423,2440
R06,W4214634408,2441
R06,W2911794894,2442
R06,W2899419747,2443
R06,W4386745544,2444
R06,W2472860510,2445
R06,W4385973369,2446
R06,W7215056808,2447
R06,W4403410940,2448
R06,W4307478651,2449
R06,W3004433568,2450
R06,W4383068479,2451
R06,W4406805777,2452
R06,W2605496212,2453
R06,W4406113528,2454
R06,W3155184436,2455
R06,W3161676579,2456
R06,W3124069945,2457
R06,W3041963106,2458
R06,W3047657090,2459
R06,W7125959344,2460
R06,W7133322861,2461
R06,W4413143510,2462
R06,W4415419741,2463
R06,W3196322445,2464
R06,W2740976074,2465
R06,W2588064357,2466
R06,W4412728447,2467
R06,W4328125126,2468
R06,W4220891952,2469
R06,W4401568402,2470
R06,W4410960688,2471
R06,W7165396210,2472
R06,W2942817824,2473
R06,W7164126850,2474
R06,W4376269273,2475
R06,W4386250628,2476
R06,W7127626163,2477
R06,W4416578549,2478
R06,W7217193194,2479
R06,W7167429192,2480
R06,W4406047762,2481
R06,W7163747271,2482
R06,W2925026146,2483
R06,W7127576421,2484
R06,W3136368473,2485
R06,W7196924585,2486
R06,W7163198290,2487
R06,W7163147861,2488
R06,W2467693397,2489
R06,W4387701910,2490
R06,W7169841602,2491
R06,W4319443206,2492
R06,W4206497257,2493
R06,W7164166080,2494
R06,W3172296377,2495
R06,W4416039012,2496
R06,W2566931360,2497
R06,W7139969136,2498
R06,W4415076102,2499
R06,W3081361221,2500
R06,W7118171283,2501
R06,W3044700726,2502
R06,W7214776056,2503
R06,W4297360961,2504
R06,W2794058829,2505
R06,W3212120806,2506
R06,W3216580378,2507
R06,W3157895745,2508
R06,W4408821195,2509
R06,W7110658041,2510
R06,W4415154747,2511
R06,W7118128688,2512
R06,W7214984880,2513
R06,W3215301988,2514
R06,W4293096112,2515
R06,W4385070962,2516
R06,W4404194061,2517
R06,W4410331208,2518
R06,W7154730323,2519
R06,W7111165299,2520
R06,W3135892896,2521
R06,W7139190270,2522
R06,W2553917877,2523
R06,W4410849756,2524
R06,W7161761052,2525
R06,W4409904855,2526
R06,W2990955313,2527
R06,W4404353424,2528
R06,W7143782961,2529
R06,W4407598288,2530
R06,W2907079645,2531
R06,W7160544467,2532
R06,W4408029641,2533
R06,W7202024964,2534
R06,W4402156688,2535
R06,W4403204586,2536
R06,W3081242357,2537
R06,W7138956939,2538
R06,W7162327392,2539
R06,W2912602055,2540
R06,W3208930331,2541
R06,W4410900598,2542
R06,W4407187326,2543
R06,W3034020743,2544
R06,W3110992272,2545
R06,W7147238694,2546
R06,W7140176950,2547
R06,W7213474683,2548
R06,W4313443187,2549
R06,W4408414002,2550
R06,W2941359898,2551
R06,W4402479717,2552
R06,W7202243694,2553
R06,W4410311911,2554
R06,W4417106667,2555
R06,W4376057378,2556
R06,W7165552879,2557
R06,W4415635828,2558
R06,W7139512300,2559
R06,W2194077766,2560
R06,W2293796983,2561
R06,W4391282643,2562
R06,W4405583725,2563
R06,W7117869409,2564
R06,W7143451259,2565
R06,W7172027210,2566
R06,W4226161896,2567
R06,W4385755709,2568
R06,W4405610785,2569
R06,W3025180105,2570
R06,W7214008513,2571
R06,W7171730118,2572
R06,W7213980041,2573
R06,W2603089877,2574
R06,W7124918351,2575
R06,W4413984317,2576
R06,W4405760943,2577
R06,W4414826677,2578
R06,W4408275490,2579
R06,W4391188296,2580
R06,W4408524861,2581
R06,W4312707914,2582
R06,W4399898285,2583
R06,W3120682697,2584
R06,W7154399174,2585
R06,W4313300640,2586
R06,W7171945843,2587
R06,W4290096733,2588
R06,W7214163724,2589
R06,W4389941138,2590
R06,W2892572526,2591
R06,W4412906392,2592
R06,W3148743318,2593
R06,W4296934875,2594
R06,W7160787512,2595
R06,W4392040821,2596
R06,W7118400074,2597
R06,W4384993197,2598
R06,W3139318393,2599
R06,W4410774073,2600
R06,W7156278579,2601
R06,W4415534094,2602
R06,W2966875910,2603
R06,W4396693005,2604
R06,W4387539675,2605
R06,W7162853495,2606
R06,W7135177357,2607
R06,W7160293561,2608
R06,W7204037992,2609
R06,W4412136223,2610
R06,W7153538235,2611
R06,W4408460576,2612
R06,W2468192903,2613
R06,W2284719834,2614
R06,W4402074211,2615
R06,W3006473374,2616
R06,W4406874391,2617
R06,W4283168068,2618
R06,W4401249253,2619
R06,W4224318325,2620
R06,W4401592614,2621
R06,W3196615490,2622
R06,W7130649750,2623
R06,W7167918294,2624
R06,W7128740286,2625
R06,W4412591306,2626
R06,W7111538271,2627
R06,W4401244617,2628
R06,W4413738347,2629
R06,W4408503658,2630
R06,W4376113147,2631
R06,W4387129643,2632
R06,W4297022791,2633
R06,W4406074182,2634
R06,W4200553905,2635
R06,W7161172152,2636
R06,W7170132044,2637
R06,W3126950319,2638
R06,W7124163264,2639
R06,W3186587734,2640
R06,W7164569043,2641
R06,W7169857233,2642
R06,W2884238503,2643
R06,W4320725215,2644
R06,W4385947702,2645
R06,W4404363019,2646
R06,W7161178856,2647
R06,W4393110535,2648
R06,W3032286565,2649
R06,W3136331208,2650
R06,W4407396976,2651
R06,W4416591554,2652
R06,W4411158979,2653
R06,W7204154006,2654
R06,W7207656008,2655
R06,W4291237963,2656
R06,W2904245269,2657
R06,W2920140234,2658
R06,W7204761170,2659
R06,W7166546540,2660
R06,W4387601771,2661
R06,W3083401213,2662
R06,W4402960576,2663
R06,W4417116217,2664
R06,W7115598350,2665
R06,W3046298176,2666
R06,W7204783744,2667
R06,W4250683317,2668
R06,W7154241946,2669
R06,W4395017427,2670
R06,W4399718119,2671
R06,W4402824413,2672
R06,W7119489382,2673
R06,W2887638833,2674
R06,W3082035257,2675
R06,W2915658134,2676
R06,W4417420080,2677
R06,W2503421285,2678
R06,W4402938387,2679
R06,W3170922749,2680
R06,W4407399234,2681
R06,W4390742488,2682
R06,W4310593694,2683
R06,W4390044217,2684
R06,W7171721511,2685
R06,W7203840791,2686
R06,W7148422037,2687
R06,W7148424920,2688
R06,W3040831854,2689
R06,W4308512569,2690
R06,W4410404014,2691
R06,W4417529240,2692
R06,W7151084414,2693
R06,W2737949558,2694
R06,W7149030002,2695
R06,W7143399812,2696
R06,W2913752206,2697
R06,W3208411620,2698
R06,W4405462876,2699
R06,W7159569429,2700
R06,W7212144517,2701
R06,W7196953181,2702
R06,W2753856586,2703
R06,W4415555731,2704
R06,W4381682901,2705
R06,W2515994435,2706
R06,W7160264254,2707
R06,W4394563942,2708
R06,W4280595415,2709
R06,W2748271905,2710
R06,W7203666182,2711
R06,W4411509848,2712
R06,W2885223044,2713
R06,W4410845545,2714
R06,W4404114768,2715
R06,W4402747556,2716
R06,W3093422909,2717
R06,W4382362903,2718
R06,W4410094437,2719
R06,W4400412725,2720
R06,W7214728427,2721
R06,W7214781254,2722
R06,W4417442325,2723
R06,W7166569278,2724
R06,W7126071992,2725
R06,W3133558269,2726
R06,W4404090789,2727
R06,W4415717725,2728
R06,W7117367338,2729
R06,W7155458056,2730
R06,W4412362005,2731
R06,W4415283754,2732
R06,W3124924260,2733
R06,W4284962852,2734
R06,W7164770684,2735
R06,W3180622046,2736
R06,W4415173426,2737
R06,W4409986577,2738
R06,W2740648415,2739
R06,W2800427195,2740
R06,W4387774043,2741
R06,W4416440370,2742
R06,W7167899199,2743
R06,W3011317641,2744
R06,W4410919053,2745
R06,W4213103465,2746
R06,W4309452473,2747
R06,W2577853986,2748
R06,W7166310973,2749
R06,W7164576553,2750
R06,W7160906113,2751
R06,W4283398810,2752
R06,W2883655537,2753
R06,W4415337873,2754
R06,W7155045159,2755
R06,W3120504808,2756
R06,W7118887242,2757
R06,W7154946500,2758
R06,W4229336092,2759
R06,W3085595951,2760
R06,W7166852425,2761
R06,W4413959346,2762
R06,W4393122531,2763
R06,W3210856204,2764
R06,W4416238343,2765
R06,W3183516484,2766
R06,W3195262193,2767
R06,W4322709888,2768
R06,W7131363071,2769
R06,W4415944785,2770
R06,W4414610094,2771
R06,W4297015017,2772
R06,W7143371496,2773
R06,W2983354261,2774
R06,W7106795891,2775
R06,W4304099177,2776
R06,W7115023160,2777
R06,W7106799819,2778
R06,W4384133642,2779
R06,W2996164553,2780
R06,W7166826171,2781
R06,W7216710163,2782
R06,W2312682434,2783
R06,W7163524058,2784
R06,W4309516363,2785
R06,W7171401090,2786
R06,W3139670012,2787
R06,W4395017434,2788
R06,W2767254471,2789
R06,W3128078147,2790
R06,W7172292376,2791
R06,W4405654890,2792
R06,W4387703406,2793
R06,W7167818629,2794
R06,W4401505848,2795
R06,W7122598579,2796
R06,W7154695137,2797
R06,W4416730420,2798
R06,W3093615875,2799
R06,W3197472881,2800
R06,W7166666141,2801
R06,W4387272114,2802
R06,W7160857051,2803
R06,W3058056766,2804
R06,W3021255492,2805
R06,W4287249278,2806
R06,W7219952357,2807
R06,W7169829329,2808
R06,W7128595053,2809
R06,W7214163836,2810
R06,W4377691839,2811
R06,W4411803349,2812
R06,W4415241826,2813
R06,W7134201065,2814
R06,W2770487778,2815
R06,W7128541591,2816
R06,W4416554374,2817
R06,W4404587688,2818
R06,W7203946552,2819
R06,W3181270861,2820
R06,W7204249421,2821
R06,W7203620683,2822
R06,W3166168016,2823
R06,W2985604625,2824
R06,W7128323160,2825
R06,W4401142593,2826
R06,W4403626775,2827
R06,W4296199309,2828
R06,W4386746118,2829
R06,W7172519502,2830
R06,W4412651312,2831
R06,W7167698494,2832
R06,W4417122613,2833
R06,W4400578429,2834
R06,W3029617115,2835
R06,W4389949036,2836
R06,W7169552927,2837
R06,W7140032138,2838
R06,W2976820099,2839
R06,W2896806319,2840
R06,W7165931291,2841
R06,W4414145546,2842
R06,W3200231189,2843
R06,W2949631157,2844
R06,W4252039196,2845
R06,W7127133019,2846
R06,W1605850756,2847
R06,W4386481583,2848
R06,W4205947106,2849
R06,W4393382780,2850
R06,W2907738558,2851
R06,W7167061302,2852
R06,W3191784443,2853
R06,W4308209817,2854
R06,W4408378951,2855
R06,W3097184928,2856
R06,W4283377813,2857
R06,W2584716897,2858
R06,W4413932909,2859
R06,W4400370843,2860
R06,W4410134357,2861
R06,W4377985616,2862
R06,W4411338278,2863
R06,W4407718420,2864
R06,W2482588909,2865
R06,W4415930962,2866
R06,W2965554367,2867
R06,W4410328444,2868
R06,W7213974951,2869
R06,W2990476177,2870
R06,W4399419651,2871
R06,W7152729152,2872
R06,W4408956075,2873
R06,W7215329690,2874
R06,W3171567498,2875
R06,W7161258647,2876
R06,W4402932118,2877
R06,W2749492412,2878
R06,W4247132535,2879
R06,W4409393041,2880
R06,W4380684490,2881
R06,W4200598747,2882
R06,W7136244044,2883
R06,W7172441962,2884
R06,W4386779877,2885
R06,W2906201494,2886
R06,W4415461827,2887
R06,W7166716196,2888
R06,W4406383984,2889
R06,W2316534997,2890
R06,W4417027842,2891
R06,W2911686443,2892
R06,W7124833214,2893
R06,W3094555229,2894
R06,W4407861211,2895
R06,W4281258682,2896
R06,W4283074008,2897
R06,W4380758593,2898
R06,W4413883363,2899
R06,W7202290614,2900
R06,W4417068974,2901
R06,W7154591742,2902
R06,W4311936590,2903
R06,W3188447165,2904
R06,W2465067572,2905
R06,W4416955553,2906
R06,W7125561353,2907
R06,W7135168889,2908
R06,W7218591565,2909
R06,W2967747570,2910
R06,W7150930458,2911
R06,W7165572969,2912
R06,W7107943557,2913
R06,W3137679746,2914
R06,W7172147612,2915
R06,W7161483609,2916
R06,W7151053850,2917
R06,W7106817095,2918
R06,W7161634910,2919
R06,W3146692514,2920
R06,W2907629701,2921
R06,W2560245723,2922
R06,W4409441314,2923
R06,W3204595058,2924
R06,W4414260439,2925
R06,W2176924081,2926
R06,W4406950031,2927
R06,W7154586819,2928
R06,W4415116479,2929
R06,W7156965578,2930
R06,W3134760452,2931
R06,W7203934421,2932
R06,W4392014958,2933
R06,W4375864979,2934
R06,W7204699350,2935
R06,W4405108231,2936
R06,W4411470375,2937
R06,W4412421171,2938
R06,W4413883626,2939
R06,W4393408126,2940
R06,W4394597644,2941
R06,W7122498343,2942
R06,W2800498215,2943
R06,W7203831262,2944
R06,W4365517529,2945
R06,W2396721883,2946
R06,W4388537793,2947
R06,W2885151096,2948
R06,W4414677701,2949
R06,W3151402280,2950
R06,W4411116968,2951
R06,W4212805886,2952
R06,W2995925571,2953
R06,W4323349112,2954
R06,W2971194591,2955
R06,W4411606946,2956
R06,W4221124759,2957
R06,W4376055051,2958
R06,W4391671057,2959
R06,W7213948606,2960
R06,W7108326379,2961
R06,W4407105790,2962
R06,W4414588927,2963
R06,W7108323440,2964
R06,W3206355288,2965
R06,W7171971171,2966
R06,W4405842442,2967
R06,W7214244546,2968
R06,W7218490662,2969
R06,W3142913616,2970
R06,W7130533350,2971
R06,W4285011608,2972
R06,W4392683079,2973
R06,W4409977505,2974
R06,W4414446873,2975
R06,W4283275526,2976
R06,W4287678133,2977
R06,W4390741838,2978
R06,W7204201593,2979
R06,W7161986202,2980
R06,W7165000966,2981
R06,W4415547830,2982
R06,W7165028875,2983
R06,W7150783953,2984
R06,W4412569473,2985
R06,W7128168019,2986
R06,W7128946874,2987
R06,W3085000724,2988
R06,W4281912494,2989
R06,W7162319550,2990
R06,W4211021699,2991
R06,W7167827176,2992
R06,W3174354801,2993
R06,W4399362109,2994
R06,W4416689529,2995
R06,W4416689446,2996
R06,W3194004389,2997
R06,W4360998403,2998
R06,W3185055170,2999
R06,W2257406975,3000
R06,W4220901469,3001
R06,W7203894922,3002
R06,W4200206537,3003
R06,W4403604154,3004
R06,W2788030341,3005
R06,W4386520483,3006
R06,W7172316973,3007
R06,W7145485592,3008
R06,W7168258064,3009
R06,W2781989834,3010
R06,W7124939609,3011
R06,W7140042189,3012
R06,W7140051817,3013
R06,W7138082937,3014
R06,W7124876262,3015
R06,W2811082680,3016
R06,W4366176072,3017
R06,W7161013642,3018
R06,W4281928439,3019
R06,W7160957919,3020
R06,W7170177644,3021
R06,W7213267315,3022
R06,W7162433033,3023
R06,W4408702006,3024
R06,W4308280455,3025
R06,W4293101569,3026
R06,W3202419180,3027
R06,W3158597936,3028
R06,W7119480610,3029
R06,W1496818474,3030
R06,W7169761628,3031
R06,W7169757934,3032
R06,W3027499462,3033
R06,W7160333937,3034
R06,W4410849611,3035
R06,W4408635995,3036
R06,W4390307198,3037
R06,W4409634825,3038
R06,W2760862697,3039
R06,W7124470811,3040
R06,W3203720824,3041
R06,W2775051669,3042
R06,W7165773268,3043
R06,W4312786085,3044
R06,W7163326600,3045
R06,W1945794378,3046
R06,W7212540904,3047
R06,W3170445286,3048
R06,W4213165117,3049
R06,W7160265114,3050
R06,W2901457817,3051
R06,W7133188038,3052
R06,W4378591109,3053
R06,W2894599165,3054
R06,W7201962438,3055
R06,W4409205189,3056
R06,W7133213688,3057
R06,W7202165555,3058
R06,W7167936121,3059
R06,W7201980683,3060
R06,W4415999186,3061
R06,W4408960653,3062
R06,W4416527688,3063
R06,W4402480127,3064
R06,W7126120004,3065
R06,W4404789408,3066
R06,W7204455425,3067
R06,W7201873630,3068
R06,W4416258284,3069
R06,W7110056071,3070
R06,W4404923783,3071
R06,W7110363898,3072
R06,W7213938600,3073
R06,W4390714177,3074
R06,W4387920003,3075
R06,W7164412814,3076
R06,W1605399924,3077
R06,W7204275526,3078
R06,W2883077815,3079
R06,W4415566271,3080
R06,W3080421231,3081
R06,W7212109946,3082
R06,W7135376255,3083
R06,W4310791255,3084
R06,W7135412920,3085
R06,W7163151964,3086
R06,W7166333294,3087
R06,W7108478430,3088
R06,W7104045238,3089
R06,W7167572143,3090
R06,W7169734579,3091
R06,W2773623701,3092
R06,W3111006524,3093
R06,W4400015254,3094
R06,W4417198410,3095
R06,W2734923141,3096
R06,W7214065053,3097
R06,W3133685101,3098
R06,W3200548925,3099
R06,W7165036434,3100
R06,W4411352311,3101
R06,W4362713493,3102
R06,W2771182706,3103
R06,W7167151023,3104
R06,W7118192488,3105
R06,W4407762581,3106
R06,W7172453385,3107
R06,W7167035847,3108
R06,W2965690175,3109
R06,W2998772058,3110
R06,W7171728682,3111
R06,W7128299260,3112
R06,W7129653744,3113
R06,W7117281866,3114
R06,W7171843527,3115
R06,W7171635429,3116
R06,W4392641584,3117
R06,W4381599234,3118
R06,W3036690860,3119
R06,W7171348853,3120
R06,W4416745176,3121
R06,W2617509184,3122
R06,W4399464087,3123
R06,W4388983465,3124
R06,W4417356998,3125
R06,W2924172182,3126
R06,W4311497434,3127
R06,W7216598102,3128
R06,W3134454940,3129
R06,W7160647382,3130
R06,W4319452417,3131
R06,W4247376254,3132
R06,W4385765777,3133
R06,W4391677869,3134
R06,W7163700472,3135
R06,W7168416607,3136
R06,W4402746459,3137
R06,W4402608235,3138
R06,W2909552789,3139
R06,W4405168311,3140
R06,W7137669312,3141
R06,W4380143028,3142
R06,W7130716764,3143
R06,W7130734536,3144
R06,W7160945271,3145
R06,W4292504454,3146
R06,W7160183511,3147
R06,W4402628089,3148
R06,W3094957924,3149
R06,W4409635923,3150
R06,W4410866219,3151
R06,W7171294216,3152
R06,W7161830776,3153
R06,W7172462517,3154
R06,W3135793401,3155
R06,W4390534307,3156
R06,W4403145797,3157
R06,W7207538564,3158
R06,W4417506837,3159
R06,W4409151898,3160
R06,W3196256009,3161
R06,W7160512364,3162
R06,W3159420139,3163
R06,W7163476773,3164
R06,W7163510341,3165
R06,W7164359557,3166
R06,W4403157835,3167
R06,W4200329654,3168
R06,W4411112674,3169
R06,W4388569963,3170
R06,W7154500185,3171
R06,W4414144513,3172
R06,W4410976796,3173
R06,W4383865432,3174
R06,W2764275128,3175
R06,W7117323501,3176
R06,W3191757859,3177
R06,W7140137462,3178
R06,W7211959794,3179
R06,W4399730103,3180
R06,W3095053594,3181
R06,W3094614345,3182
R06,W7215401137,3183
R06,W4402064379,3184
R06,W4411021855,3185
R06,W4414686654,3186
R06,W7130569516,3187
R06,W7171536400,3188
R06,W4214852707,3189
R06,W4366815366,3190
R06,W7161827753,3191
R06,W2808389759,3192
R06,W4410593659,3193
R06,W3166965201,3194
R06,W2342127164,3195
R06,W2587392985,3196
R06,W7118446249,3197
R06,W4221161026,3198
R06,W3092376787,3199
R06,W4362698563,3200
R06,W7126014303,3201
R06,W3004919620,3202
R06,W4414616086,3203
R06,W7130645388,3204
R06,W7171991759,3205
R06,W4415641509,3206
R06,W4403792217,3207
R06,W7131778820,3208
R06,W2757938175,3209
R06,W7147179475,3210
R06,W7106569960,3211
R06,W7109962328,3212
R06,W7134122753,3213
R06,W7134121293,3214
R06,W4293100591,3215
R06,W4281714782,3216
R06,W4221076011,3217
R06,W7160606843,3218
R06,W4205641892,3219
R06,W7166552893,3220
R06,W7164934976,3221
R06,W7128991052,3222
R06,W7124956959,3223
R06,W7167787049,3224
R06,W4412434843,3225
R06,W7169651558,3226
R06,W7152999758,3227
R06,W7159913694,3228
R06,W7203441390,3229
R06,W7208762133,3230
R06,W3209642911,3231
R06,W7213288661,3232
R06,W7133232452,3233
R06,W4210346192,3234
R06,W4386917560,3235
R06,W7215971821,3236
R06,W4389445879,3237
R06,W4281293212,3238
R06,W7135030448,3239
R06,W4394576433,3240
R06,W3083960868,3241
R06,W4379798692,3242
R06,W4400781569,3243
R06,W7213406324,3244
R06,W4210713052,3245
R06,W4385254736,3246
R06,W7170581390,3247
R06,W7172402845,3248
R06,W7212139153,3249
R06,W4224282695,3250
R06,W7169677015,3251
R06,W7169674395,3252
R06,W4408718086,3253
R06,W4406318705,3254
R06,W7202355594,3255
R06,W7199049288,3256
R06,W7213757244,3257
R06,W3086036592,3258
R06,W7167050172,3259
R06,W7160755586,3260
R06,W7160780593,3261
R06,W4414803071,3262
R06,W4312971530,3263
R06,W7201848745,3264
R06,W4411680480,3265
R06,W4402964345,3266
R06,W4409716487,3267
R06,W4409319190,3268
R06,W4309136649,3269
R06,W4386148288,3270
R06,W7213762062,3271
R06,W7213767010,3272
R06,W7213782223,3273
R06,W7167685170,3274
R06,W3014875569,3275
R06,W7109509191,3276
R06,W7213764998,3277
R06,W7109845075,3278
R06,W7212110037,3279
R06,W7164911410,3280
R06,W7208755097,3281
R06,W7166505905,3282
R06,W7131124907,3283
R06,W3092037077,3284
R06,W4414022172,3285
R06,W4405151217,3286
R06,W7161541129,3287
R06,W7128546179,3288
R06,W4410200789,3289
R06,W7166519292,3290
R06,W4408360026,3291
R06,W3011523991,3292
R06,W4309099026,3293
R06,W7204487121,3294
R06,W7164297381,3295
R06,W3162064865,3296
R06,W2967392341,3297
R06,W3033453064,3298
R06,W4417148549,3299
R06,W7130693711,3300
R06,W7163081818,3301
R06,W7117553952,3302
R06,W7171521288,3303
R06,W7155156333,3304
R06,W4415885527,3305
R06,W7204571963,3306
R06,W7133306689,3307
R06,W4411047675,3308
R06,W7163571681,3309
R06,W7163494482,3310
R06,W7116865788,3311
R06,W4406127289,3312
R06,W7170437582,3313
R06,W3029568251,3314
R06,W4410036515,3315
R06,W4413324853,3316
R06,W3080403695,3317
R06,W3194202661,3318
R06,W2466007299,3319
R06,W4386585807,3320
R06,W7212175053,3321
R06,W4405559501,3322
R06,W4366606873,3323
R06,W7128959378,3324
R06,W7215116464,3325
R06,W7204074118,3326
R06,W7204141192,3327
R06,W3109131840,3328
R06,W7169548221,3329
R06,W7128976566,3330
R06,W4392093649,3331
R06,W7213917230,3332
R06,W4386133458,3333
R06,W3049768084,3334
R06,W4405019488,3335
R06,W4385485824,3336
R06,W2992476428,3337
R06,W7128711086,3338
R06,W7154565946,3339
R06,W7140279671,3340
R06,W2589345439,3341
R06,W3217332928,3342
R06,W7165533252,3343
R06,W7214317125,3344
R06,W4206491378,3345
R06,W4388475685,3346
R06,W4417065016,3347
R06,W7171083086,3348
R06,W7171107327,3349
R06,W7138457796,3350
R06,W7213802657,3351
R06,W7138908069,3352
R06,W7117373801,3353
R06,W7203979067,3354
R06,W7203973718,3355
R06,W7116287136,3356
R06,W4403331661,3357
R06,W3211279974,3358
R06,W2202357849,3359
R06,W7127114679,3360
R06,W3196892460,3361
R06,W7162823312,3362
R06,W2921177034,3363
R06,W7216918781,3364
R06,W3170167768,3365
R06,W7106289032,3366
R06,W7106339201,3367
R06,W4300980161,3368
R06,W4392858662,3369
R06,W4407589429,3370
R06,W7140132949,3371
R06,W4414201167,3372
R06,W3035070816,3373
R06,W4409016738,3374
R06,W4402209511,3375
R06,W3040743688,3376
R06,W2967448358,3377
R06,W3143755164,3378
R06,W2922242478,3379
R06,W3091703107,3380
R06,W4390602900,3381
R06,W4410768542,3382
R06,W4214710288,3383
R06,W7155721184,3384
R06,W4415214570,3385
R06,W7115572800,3386
R06,W7115571161,3387
R06,W7117128704,3388
R06,W4415904976,3389
R06,W4289529660,3390
R06,W3038142082,3391
R06,W4405603216,3392
R06,W4384407444,3393
R06,W4414036560,3394
R06,W4417477650,3395
R06,W4232692700,3396
R06,W4414100226,3397
R06,W3024753597,3398
R06,W2951544291,3399
R06,W7133484904,3400
R06,W7167390947,3401
R06,W4320724010,3402
R06,W4417415799,3403
R06,W4224073977,3404
R06,W4381054498,3405
R06,W7212297546,3406
R06,W4281827404,3407
R06,W4386405653,3408
R06,W7161396578,3409
R06,W7161406094,3410
R06,W7133983050,3411
R06,W7133894502,3412
R06,W4400073140,3413
R06,W3034717352,3414
R06,W3116985866,3415
R06,W4389427202,3416
R06,W3022240587,3417
R06,W7152746470,3418
R06,W2338302360,3419
R07,W4381386136,1
R07,W7167339291,2
R07,W4400788411,3
R07,W4406785539,4
R07,W4400582102,5
R07,W4382631297,6
R07,W7140162884,7
R07,W4380591155,8
R07,W2580454793,9
R07,W7163648049,10
R07,W4407194364,11
R07,W3081104883,12
R07,W4303622068,13
R07,W7171775110,14
R07,W4414190470,15
R07,W7168251859,16
R07,W4410012398,17
R07,W4403604122,18
R07,W4403589260,19
R07,W7214244884,20
R07,W3008150001,21
R07,W7154751771,22
R07,W4321483870,23
R07,W3216542025,24
R07,W7162406356,25
R07,W2753344461,26
R07,W4412913448,27
R07,W4415148368,28
R07,W4389410624,29
R07,W4413037387,30
R07,W4414977263,31
R07,W4399441313,32
R07,W4414801938,33
R07,W4229069247,34
R07,W3035154534,35
R07,W4380789543,36
R07,W3080213850,37
R07,W4410503060,38
R07,W2075306591,39
R07,W7130510404,40
R07,W4417195475,41
R07,W7212151003,42
R07,W4390730648,43
R07,W4220667577,44
R07,W4211111745,45
R07,W4413245576,46
R07,W4408963507,47
R07,W4403402450,48
R07,W4385414888,49
R07,W4410439964,50
R07,W4296082406,51
R07,W3044008079,52
R07,W4416916799,53
R07,W4406028317,54
R07,W4376640245,55
R07,W7169756272,56
R07,W7214065465,57
R07,W4411693747,58
R07,W7214095012,59
R07,W2745024523,60
R07,W4295678847,61
R07,W7202373570,62
R07,W7213730281,63
R07,W4412448516,64
R07,W7125202230,65
R07,W4321500001,66
R07,W4410077209,67
R07,W7124918700,68
R07,W2969093751,69
R07,W4409580992,70
R07,W4410815932,71
R07,W7125152348,72
R07,W4403655550,73
R07,W7169865045,74
R07,W4407825672,75
R07,W3156078560,76
R07,W4406133914,77
R07,W769973221,78
R07,W4415098190,79
R07,W7105580820,80
R07,W4405269999,81
R07,W3155967209,82
R07,W7161574494,83
R07,W7212427360,84
R07,W4408378289,85
R07,W3145217148,86
R07,W4414458687,87
R07,W4286007529,88
R07,W4403810626,89
R07,W7165681312,90
R07,W4410698779,91
R07,W7167480275,92
R07,W4312100263,93
R07,W4405218184,94
R07,W7131303773,95
R07,W4413132096,96
R07,W7125927531,97
R07,W4413867513,98
R07,W7117298089,99
R07,W845512547,100
R07,W7116692905,101
R07,W7106688024,102
R07,W7161129846,103
R07,W4362563735,104
R07,W7212073038,105
R07,W7170044676,106
R07,W2175657233,107
R07,W4410083705,108
R07,W4406250004,109
R07,W2744278467,110
R07,W4402504573,111
R07,W7154972830,112
R07,W2906927796,113
R07,W4380551059,114
R07,W3189127157,115
R07,W4280575224,116
R07,W7204880653,117
R07,W2905194581,118
R07,W7131783200,119
R07,W4327620130,120
R07,W7196963393,121
R07,W4411556429,122
R07,W7106715793,123
R07,W4399359140,124
R07,W7166847455,125
R07,W7160949379,126
R07,W4402304952,127
R07,W4409133775,128
R07,W4390197074,129
R07,W7163824840,130
R07,W4386452652,131
R07,W7204766719,132
R07,W7134837239,133
R07,W4407213767,134
R07,W4410572497,135
R07,W4206690490,136
R07,W4409403022,137
R07,W4404867203,138
R07,W3204868648,139
R07,W4406001788,140
R07,W4286602926,141
R07,W7217869148,142
R07,W7171414016,143
R07,W4416193550,144
R07,W7204863216,145
R07,W7140088267,146
R07,W4307629553,147
R07,W7116852954,148
R07,W2744316982,149
R07,W4281478450,150
R07,W3088705073,151
R07,W7128068562,152
R07,W4384206880,153
R07,W4402649208,154
R07,W4399659628,155
R07,W7151012319,156
R07,W4411373158,157
R07,W4214565630,158
R07,W4415288188,159
R07,W7155747940,160
R07,W3163032678,161
R07,W7167487429,162
R07,W4405114265,163
R07,W4416096210,164
R07,W2981256834,165
R07,W7202202574,166
R07,W7204448680,167
R07,W7172023449,168
R07,W4293008981,169
R07,W4400770671,170
R07,W2708015072,171
R07,W7204702941,172
R07,W4293733635,173
R07,W4415685016,174
R07,W4386783350,175
R07,W4413304113,176
R07,W4398758555,177
R07,W4386522185,178
R07,W7160520156,179
R07,W7214768629,180
R07,W7214777973,181
R07,W7160225679,182
R07,W4405611918,183
R07,W4405650941,184
R07,W7115934336,185
R07,W4410989549,186
R07,W3015738952,187
R07,W3095473336,188
R07,W7169571740,189
R07,W3042362571,190
R07,W7134051159,191
R07,W7203688132,192
R07,W4285736036,193
R07,W4408149737,194
R07,W4206503836,195
R07,W2620678361,196
R07,W4408177763,197
R07,W3082257650,198
R07,W4400525128,199
R07,W4388895914,200
R07,W4366777781,201
R07,W4409686434,202
R07,W3088412845,203
R07,W7212356876,204
R07,W4386929603,205
R07,W4283808749,206
R07,W7116401843,207
R07,W7162257226,208
R07,W3127413902,209
R07,W7162246552,210
R07,W7211941363,211
R07,W3004250139,212
R07,W3032393785,213
R07,W4413379355,214
R07,W7213440547,215
R07,W4319795325,216
R07,W3094739199,217
R07,W4225538066,218
R07,W7129027177,219
R07,W3037907514,220
R07,W4415540292,221
R07,W4405388876,222
R07,W4220856815,223
R07,W4414006817,224
R07,W2551502590,225
R07,W7135044284,226
R07,W4411697826,227
R07,W4415207635,228
R07,W7149958620,229
R07,W7150061065,230
R07,W4380990887,231
R07,W4405636294,232
R07,W4388513663,233
R07,W4402459890,234
R07,W4294253345,235
R07,W7162254344,236
R07,W7162246412,237
R07,W7125423350,238
R07,W7171431956,239
R07,W7143459847,240
R07,W4399665801,241
R07,W3037491151,242
R07,W4225278820,243
R07,W4408853477,244
R07,W7106770204,245
R07,W3208401707,246
R07,W7134125369,247
R07,W7134108018,248
R07,W2900265072,249
R07,W4368367372,250
R07,W3077420696,251
R07,W3123859009,252
R07,W4406240877,253
R07,W3170385836,254
R07,W2349589454,255
R07,W7160069925,256
R07,W7168247637,257
R07,W4408971161,258
R07,W4379012035,259
R07,W3153352167,260
R07,W3028189078,261
R07,W4399929527,262
R07,W4386509223,263
R07,W4407393572,264
R07,W7154503258,265
R07,W3128567141,266
R07,W4411159706,267
R07,W4308722889,268
R07,W3043381437,269
R07,W7213553506,270
R07,W4412751347,271
R07,W7163372297,272
R07,W4399543650,273
R07,W4392244908,274
R07,W7202045572,275
R07,W3199265481,276
R07,W7196951856,277
R07,W4379539590,278
R07,W4410784994,279
R07,W4409684877,280
R07,W3148535553,281
R07,W4410004185,282
R07,W7125011913,283
R07,W4328119327,284
R07,W3193925218,285
R07,W2901224182,286
R07,W7115002502,287
R07,W2991716497,288
R07,W7151414955,289
R07,W4281896406,290
R07,W7114995368,291
R07,W4415944263,292
R07,W4416953312,293
R07,W7133359797,294
R07,W4403215015,295
R07,W4387350606,296
R07,W7117126760,297
R07,W4206553819,298
R07,W2973055534,299
R07,W4311910646,300
R07,W4390453922,301
R07,W4389072558,302
R07,W4320921019,303
R07,W4368275964,304
R07,W3042711573,305
R07,W4362472060,306
R07,W2976518917,307
R07,W4414826681,308
R07,W4414038332,309
R07,W4405675957,310
R07,W7212432054,311
R07,W4395041931,312
R07,W7136063012,313
R07,W7136070706,314
R07,W2908428058,315
R07,W4363647947,316
R07,W3010388135,317
R07,W3170104927,318
R07,W7143756282,319
R07,W7168930480,320
R07,W4416192216,321
R07,W4405944101,322
R07,W2892624882,323
R07,W4388179166,324
R07,W4402138072,325
R07,W3116169485,326
R07,W7166708777,327
R07,W7213444649,328
R07,W7153519044,329
R07,W7165005305,330
R07,W4402247616,331
R07,W4226481934,332
R07,W4318481151,333
R07,W4367369108,334
R07,W4388694458,335
R07,W4234501646,336
R07,W7215492103,337
R07,W4403304700,338
R07,W4386301799,339
R07,W7130413818,340
R07,W4403225483,341
R07,W4313123064,342
R07,W4385555498,343
R07,W7215645476,344
R07,W4380136994,345
R07,W7125602742,346
R07,W4411582387,347
R07,W3175751298,348
R07,W2911375751,349
R07,W7213658992,350
R07,W4404662639,351
R07,W3003208319,352
R07,W4322730932,353
R07,W7160043996,354
R07,W7124830300,355
R07,W7160450553,356
R07,W7159833343,357
R07,W4381149310,358
R07,W4367311082,359
R07,W7220139035,360
R07,W4379520468,361
R07,W4403579924,362
R07,W7117303487,363
R07,W2893263387,364
R07,W7153035136,365
R07,W7160159586,366
R07,W4221061567,367
R07,W3091831720,368
R07,W4392694047,369
R07,W2782514598,370
R07,W4409993675,371
R07,W4417114069,372
R07,W4401430847,373
R07,W3106875196,374
R07,W7158846261,375
R07,W7167677052,376
R07,W4407736378,377
R07,W4381432684,378
R07,W7124727057,379
R07,W7117259899,380
R07,W3116814254,381
R07,W4306941897,382
R07,W4413276958,383
R07,W4411919646,384
R07,W7160856796,385
R07,W7158786862,386
R07,W4224282013,387
R07,W7144230352,388
R07,W4410857101,389
R07,W4406866311,390
R07,W4416515920,391
R07,W7117457366,392
R07,W4385259717,393
R07,W4200187408,394
R07,W4411415403,395
R07,W2343422464,396
R07,W4405217818,397
R07,W4376123795,398
R07,W4402247383,399
R07,W4235994984,400
R07,W4408323902,401
R07,W4416841758,402
R07,W7133549372,403
R07,W4280522588,404
R07,W3156676947,405
R07,W4367678592,406
R07,W4211032583,407
R07,W7161581466,408
R07,W4386250251,409
R07,W4220823450,410
R07,W4389505863,411
R07,W7164532873,412
R07,W4377139138,413
R07,W2790829300,414
R07,W7134271803,415
R07,W7161030729,416
R07,W4394922345,417
R07,W7154947764,418
R07,W4404512982,419
R07,W4406087677,420
R07,W4410991497,421
R07,W4391155025,422
R07,W7207582344,423
R07,W7118261021,424
R07,W7135169259,425
R07,W4304687407,426
R07,W4400768359,427
R07,W4404392460,428
R07,W3126368354,429
R07,W4285555075,430
R07,W3005040888,431
R07,W4412666229,432
R07,W4311969601,433
R07,W3083006200,434
R07,W7162149463,435
R07,W4409356433,436
R07,W4284664380,437
R07,W7118014124,438
R07,W7128371154,439
R07,W7155353485,440
R07,W7161975953,441
R07,W2895197967,442
R07,W2964430649,443
R07,W7133240271,444
R07,W3033117456,445
R07,W7117479240,446
R07,W3021448296,447
R07,W4385968223,448
R07,W3093872963,449
R07,W4380447296,450
R07,W7117478435,451
R07,W4388380187,452
R07,W4416543047,453
R07,W4410855454,454
R07,W4390430471,455
R07,W4297825313,456
R07,W7134961929,457
R07,W4414099429,458
R07,W4312637236,459
R07,W7163075940,460
R07,W4220908164,461
R07,W4390284221,462
R07,W4406103127,463
R07,W7170489544,464
R07,W7170739248,465
R07,W4415681936,466
R07,W4405953703,467
R07,W4401069859,468
R07,W7118118546,469
R07,W4413744279,470
R07,W7169767573,471
R07,W2800288384,472
R07,W4409124958,473
R07,W4408030015,474
R07,W4406340309,475
R07,W4400871900,476
R07,W4413953584,477
R07,W4403775452,478
R07,W4392295436,479
R07,W4412617595,480
R07,W7220273717,481
R07,W4416334062,482
R07,W4410243778,483
R07,W4394939814,484
R07,W4407897327,485
R07,W7117996549,486
R07,W7203557984,487
R07,W7166836911,488
R07,W4410923512,489
R07,W4417131307,490
R07,W4232816108,491
R07,W4411157444,492
R07,W4313894819,493
R07,W2990765082,494
R07,W4252032722,495
R07,W4301431348,496
R07,W4402612941,497
R07,W4410385189,498
R07,W4415720355,499
R07,W4232017462,500
R07,W4288096288,501
R07,W7164034442,502
R07,W4414804055,503
R07,W4409835002,504
R07,W4404569146,505
R07,W4414485256,506
R07,W7212392208,507
R07,W4403398179,508
R07,W3200632135,509
R07,W4383653737,510
R07,W4287658408,511
R07,W4382619861,512
R07,W7163016856,513
R07,W4411133844,514
R07,W4415288142,515
R07,W4399310775,516
R07,W4415719731,517
R07,W7213632916,518
R07,W4414556014,519
R07,W4413986399,520
R07,W4367182517,521
R07,W2976367468,522
R07,W4221103681,523
R07,W7218129159,524
R07,W7202170834,525
R07,W4220842540,526
R07,W7150982969,527
R07,W4401934145,528
R07,W4406931817,529
R07,W7168022015,530
R07,W7160853373,531
R07,W4304761972,532
R07,W4391404217,533
R07,W2886248458,534
R07,W2974594474,535
R07,W4403777583,536
R07,W7137845592,537
R07,W4391407218,538
R07,W4367316138,539
R07,W7202378333,540
R07,W4392538841,541
R07,W4403448200,542
R07,W4401717575,543
R07,W4379055780,544
R07,W4389345108,545
R07,W4401706948,546
R07,W4393861446,547
R07,W3202976803,548
R07,W4287063954,549
R07,W2929877424,550
R07,W4206261350,551
R07,W4224228937,552
R07,W3015417935,553
R07,W4411686765,554
R07,W4416915195,555
R07,W7162571195,556
R07,W4406247500,557
R07,W4285105021,558
R07,W7203715668,559
R07,W4367624668,560
R07,W4416657893,561
R07,W3195988957,562
R07,W7203443780,563
R07,W4410959394,564
R07,W2965716428,565
R07,W4413880647,566
R07,W4391522718,567
R07,W3201357118,568
R07,W4401908374,569
R07,W4297539926,570
R07,W2765618533,571
R07,W7127149038,572
R07,W4403589227,573
R07,W7163741054,574
R07,W2462581664,575
R07,W4413379478,576
R07,W7172339907,577
R07,W7214737251,578
R07,W2964036258,579
R07,W4413953548,580
R07,W3209670775,581
R07,W4415933720,582
R07,W4410844717,583
R07,W4381548158,584
R07,W4322743747,585
R07,W7164175121,586
R07,W7163708412,587
R07,W2963360436,588
R07,W7129017553,589
R07,W4394647209,590
R07,W3116405631,591
R07,W2922793845,592
R07,W4403150604,593
R07,W3014541387,594
R07,W7159681950,595
R07,W7117165239,596
R07,W7159671191,597
R07,W3170723631,598
R07,W3160529450,599
R07,W7128470485,600
R07,W3096012419,601
R07,W4221146588,602
R07,W4405208794,603
R07,W4416380551,604
R07,W4416392592,605
R07,W3091764914,606
R07,W4406069385,607
R07,W4402664194,608
R07,W4391972284,609
R07,W4297607484,610
R07,W4382446561,611
R07,W4409173827,612
R07,W7154754843,613
R07,W4247544860,614
R07,W4387350587,615
R07,W4400607362,616
R07,W4401456297,617
R07,W4416386457,618
R07,W7164842805,619
R07,W4415238215,620
R07,W7208810154,621
R07,W4401926253,622
R07,W4313069694,623
R07,W7125498347,624
R07,W7117545402,625
R07,W4399513220,626
R07,W4413100765,627
R07,W4412479370,628
R07,W7160039345,629
R07,W4410226923,630
R07,W7215855411,631
R07,W7114916188,632
R07,W4220674706,633
R07,W3209423077,634
R07,W7165792092,635
R07,W4415729041,636
R07,W2375826869,637
R07,W3216639404,638
R07,W4406976481,639
R07,W4388311129,640
R07,W7124785298,641
R07,W7168405956,642
R07,W2965496000,643
R07,W4411345694,644
R07,W7124695098,645
R07,W4407913672,646
R07,W7124817630,647
R07,W4417038897,648
R07,W7161785544,649
R07,W4409370071,650
R07,W7152076218,651
R07,W4399257722,652
R07,W4414222358,653
R07,W4293250593,654
R07,W7160644247,655
R07,W4403139431,656
R07,W4385814617,657
R07,W7131882556,658
R07,W4381199109,659
R07,W4416192495,660
R07,W4395035093,661
R07,W3202674902,662
R07,W7114796694,663
R07,W4405642173,664
R07,W7123396805,665
R07,W7114786018,666
R07,W7114768457,667
R07,W4404507125,668
R07,W4392043793,669
R07,W4288540519,670
R07,W3169297916,671
R07,W4392628218,672
R07,W4396665658,673
R07,W4399659280,674
R07,W4413246917,675
R07,W4388049805,676
R07,W7114795359,677
R07,W4416959397,678
R07,W4410960099,679
R07,W4410036297,680
R07,W3136234041,681
R07,W4404419626,682
R07,W2503050511,683
R07,W7152721784,684
R07,W3166447604,685
R07,W4408889520,686
R07,W7114795538,687
R07,W7114803748,688
R07,W4283761352,689
R07,W4402327999,690
R07,W4408707315,691
R07,W7123536466,692
R07,W7128638745,693
R07,W4409852994,694
R07,W7162942818,695
R07,W7162947400,696
R07,W4413543553,697
R07,W4319987480,698
R07,W4415148620,699
R07,W7203606550,700
R07,W3087306757,701
R07,W4391568984,702
R07,W7213983334,703
R07,W7161641646,704
R07,W7142322466,705
R07,W4415926841,706
R07,W7117875732,707
R07,W4406187720,708
R07,W4414330832,709
R07,W4406670513,710
R07,W7136859576,711
R07,W4200294782,712
R07,W7203547220,713
R07,W2996821722,714
R07,W4412346530,715
R07,W4410298731,716
R07,W4410334151,717
R07,W7164323309,718
R07,W4412705727,719
R07,W4377107342,720
R07,W4416736556,721
R07,W7164377686,722
R07,W4385525790,723
R07,W4409637725,724
R07,W4308420480,725
R07,W4379053950,726
R07,W4402480430,727
R07,W4407421683,728
R07,W3158152401,729
R07,W4396811678,730
R07,W4405942081,731
R07,W4221144364,732
R07,W7156737600,733
R07,W7160872482,734
R07,W3166344614,735
R07,W7172308434,736
R07,W7216611913,737
R07,W7143342218,738
R07,W4392016015,739
R07,W7163708653,740
R07,W4410773629,741
R07,W4401497556,742
R07,W7154701461,743
R07,W7166874027,744
R07,W7166521767,745
R07,W4404952186,746
R07,W4411491320,747
R07,W7169721957,748
R07,W7155642997,749
R07,W7125645366,750
R07,W7123923317,751
R07,W4408807870,752
R07,W4405123142,753
R07,W4412580243,754
R07,W4403486834,755
R07,W4407029570,756
R07,W4399867424,757
R07,W7118246782,758
R07,W7147145872,759
R07,W4415469164,760
R07,W4413157774,761
R07,W7160891640,762
R07,W4386779133,763
R07,W4403889880,764
R07,W4317617283,765
R07,W4409191580,766
R07,W2892211632,767
R07,W4401760744,768
R07,W4416548694,769
R07,W7171805844,770
R07,W4210616223,771
R07,W7169209515,772
R07,W7214175943,773
R07,W4415314810,774
R07,W4408859261,775
R07,W4413268531,776
R07,W4407808424,777
R07,W3178313040,778
R07,W4392138826,779
R07,W4416358894,780
R07,W4291221819,781
R07,W3120936784,782
R07,W4414056121,783
R07,W4390823896,784
R07,W4393992289,785
R07,W4408399368,786
R07,W4394944567,787
R07,W4285005467,788
R07,W7169545993,789
R07,W4405956397,790
R07,W4411659500,791
R07,W4412433820,792
R07,W3045154301,793
R07,W4398202128,794
R07,W4415488860,795
R07,W4285302980,796
R07,W7167898047,797
R07,W4408747644,798
R07,W4396716085,799
R07,W4407098500,800
R07,W4411678505,801
R07,W7204815821,802
R07,W4417039342,803
R07,W4406890578,804
R07,W7164822073,805
R07,W4400263677,806
R07,W7110828959,807
R07,W4412995707,808
R07,W7170968594,809
R07,W3214506038,810
R07,W7142462573,811
R07,W7116473085,812
R07,W4387559924,813
R07,W7160027720,814
R07,W4388452520,815
R07,W7125191829,816
R07,W4414179224,817
R07,W7204268320,818
R07,W4406983283,819
R07,W4406935697,820
R07,W7114810978,821
R07,W4298124666,822
R07,W4405032630,823
R07,W4417101078,824
R07,W4407139094,825
R07,W7162541708,826
R07,W7147675304,827
R07,W4413286044,828
R07,W7163409068,829
R07,W7218050234,830
R07,W4410234449,831
R07,W4407400805,832
R07,W4396899372,833
R07,W7106174114,834
R07,W7131654517,835
R07,W4313197297,836
R07,W4416668120,837
R07,W7118127860,838
R07,W4402852675,839
R07,W4322502958,840
R07,W7134186662,841
R07,W4401108968,842
R07,W4393303700,843
R07,W4412376074,844
R07,W7155183245,845
R07,W7161136459,846
R07,W4405595991,847
R07,W7218010199,848
R07,W7162341997,849
R07,W4415716045,850
R07,W4385707499,851
R07,W4402951756,852
R07,W4394711286,853
R07,W4396840933,854
R07,W4410005323,855
R07,W7124426791,856
R07,W2921901593,857
R07,W7214479901,858
R07,W4224243785,859
R07,W7217880106,860
R07,W4416148813,861
R07,W4414997457,862
R07,W4407578473,863
R07,W4403344188,864
R07,W4405844833,865
R07,W7165788366,866
R07,W7125919164,867
R07,W7220289275,868
R07,W4409921514,869
R07,W2940632420,870
R07,W7160414711,871
R07,W4390501299,872
R07,W4407145556,873
R07,W4393993714,874
R07,W4281715299,875
R07,W7162311239,876
R07,W4401839808,877
R07,W7140922257,878
R07,W7135025726,879
R07,W7130505854,880
R07,W4410082079,881
R07,W7170133667,882
R07,W7120076220,883
R07,W4414240674,884
R07,W4411142761,885
R07,W4400905633,886
R07,W4417214654,887
R07,W4403209746,888
R07,W4386602104,889
R07,W2760441416,890
R07,W3098410787,891
R07,W4403042974,892
R07,W4413807609,893
R07,W7130548879,894
R07,W4400679247,895
R07,W7160956196,896
R07,W7214648039,897
R07,W7130532272,898
R07,W4386541585,899
R07,W4291915783,900
R07,W4416155156,901
R07,W7153474246,902
R07,W4417513162,903
R07,W4415496586,904
R07,W3124361421,905
R07,W7128712721,906
R07,W3215082180,907
R07,W7172521517,908
R07,W4411171843,909
R07,W3159266700,910
R07,W7165526668,911
R07,W4285384575,912
R07,W4417327282,913
R07,W4399976741,914
R07,W7127088702,915
R07,W2330494093,916
R07,W4416401035,917
R07,W7204988126,918
R07,W4403486557,919
R07,W7133121677,920
R07,W4414937642,921
R07,W7217822050,922
R07,W4399724943,923
R07,W7133629452,924
R07,W7155687709,925
R07,W4390773990,926
R07,W7212447352,927
R07,W4385839877,928
R07,W4412006859,929
R07,W4414394199,930
R07,W4386228592,931
R07,W4416334989,932
R07,W4414795194,933
R07,W4386871069,934
R07,W4405253396,935
R07,W4414348466,936
R07,W4405086232,937
R07,W7142075120,938
R07,W4404288653,939
R07,W4412984930,940
R07,W4415296704,941
R07,W7216077981,942
R07,W7162934080,943
R07,W7104013831,944
R07,W4411045040,945
R07,W7208781103,946
R07,W7118133355,947
R07,W7164389115,948
R07,W3080234944,949
R07,W7133692774,950
R07,W4323569160,951
R07,W7153489801,952
R07,W7140307600,953
R07,W7128586779,954
R07,W4403729185,955
R07,W7161770521,956
R07,W4409473876,957
R07,W4406666154,958
R07,W7130849931,959
R07,W7163533929,960
R07,W4404408118,961
R07,W7163151907,962
R07,W4413456390,963
R07,W7129062845,964
R07,W4411337130,965
R07,W7211916088,966
R07,W2952634155,967
R07,W7213542692,968
R07,W7118311281,969
R07,W7153987506,970
R07,W4416551357,971
R07,W4391323428,972
R07,W7106038765,973
R07,W4401010340,974
R07,W2408799872,975
R07,W4381989542,976
R07,W4395048768,977
R07,W3164119658,978
R07,W7202157853,979
R07,W7128923305,980
R07,W7131901414,981
R07,W7131350958,982
R07,W4379883204,983
R07,W4411429056,984
R07,W7133315249,985
R07,W7139080507,986
R07,W4394005983,987
R07,W7220249971,988
R07,W4416608076,989
R07,W7155416718,990
R07,W7158232512,991
R07,W7157596049,992
R07,W7126232953,993
R07,W7213278941,994
R07,W4416590352,995
R07,W7204191954,996
R07,W4221140093,997
R07,W2897954135,998
R07,W7166725195,999
R07,W7160544437,1000
R07,W7155220126,1001
R07,W7149609376,1002
R07,W7203942022,1003
R07,W3083485727,1004
R07,W7125820060,1005
R07,W7129079252,1006
R07,W7204228713,1007
R07,W7204257025,1008
R07,W3208546952,1009
R07,W7117775387,1010
R07,W7204267848,1011
R07,W4403815806,1012
R07,W3186743108,1013
R07,W7203913247,1014
R07,W7203554343,1015
R07,W7212158803,1016
R07,W4387799496,1017
R07,W4294703502,1018
R07,W2766198778,1019
R07,W3096026418,1020
R07,W7214806921,1021
R07,W7203495644,1022
R07,W4413056440,1023
R07,W4404321975,1024
R07,W4210391670,1025
R07,W4320342268,1026
R07,W4415196233,1027
R07,W4403721818,1028
R07,W7125140081,1029
R07,W7218058449,1030
R07,W4412034880,1031
R07,W7171777784,1032
R07,W4403209717,1033
R07,W7162334085,1034
R07,W7162321974,1035
R07,W4417275861,1036
R07,W4414900883,1037
R07,W4417369106,1038
R07,W4410467824,1039
R07,W4412940117,1040
R07,W7153815428,1041
R07,W4389883023,1042
R07,W4399382987,1043
R07,W7153853593,1044
R07,W4322506505,1045
R07,W4411609509,1046
R07,W4417185172,1047
R07,W4280552316,1048
R07,W4405458701,1049
R07,W4409598918,1050
R07,W4415992948,1051
R07,W4409145008,1052
R07,W4390814039,1053
R07,W3137828579,1054
R07,W7160183435,1055
R07,W3144723902,1056
R07,W7140574815,1057
R07,W7106032511,1058
R07,W4294789336,1059
R07,W4401534700,1060
R07,W4411162698,1061
R07,W7171560196,1062
R07,W4408380641,1063
R07,W4387206258,1064
R07,W4410801805,1065
R07,W7118565715,1066
R07,W7125781031,1067
R07,W7165575024,1068
R07,W4416941826,1069
R07,W4401633510,1070
R07,W7118193729,1071
R07,W4411599243,1072
R07,W7162335557,1073
R07,W4393977080,1074
R07,W4415557048,1075
R07,W3043449900,1076
R07,W7160875517,1077
R07,W4224037364,1078
R07,W4410199834,1079
R07,W4407866355,1080
R07,W4403976912,1081
R07,W4416231776,1082
R07,W7147007189,1083
R07,W4412978303,1084
R07,W2661407393,1085
R07,W4397288909,1086
R07,W7147208221,1087
R07,W7213448504,1088
R07,W7216943670,1089
R07,W7163392100,1090
R07,W7125498621,1091
R07,W4403192247,1092
R07,W4410774030,1093
R07,W4410153126,1094
R07,W7156598036,1095
R07,W7119060832,1096
R07,W7125208109,1097
R07,W4413329552,1098
R07,W4385346838,1099
R07,W4411036096,1100
R07,W4411534638,1101
R07,W7148911154,1102
R07,W7213414721,1103
R07,W7205014965,1104
R07,W4400935875,1105
R07,W7207834300,1106
R07,W4417035121,1107
R07,W4380682614,1108
R07,W4283660239,1109
R07,W4414469216,1110
R07,W7214297962,1111
R07,W2900440610,1112
R07,W7163248226,1113
R07,W4417439092,1114
R07,W7196950995,1115
R07,W7117960519,1116
R07,W4389501412,1117
R07,W7140517194,1118
R07,W7167045188,1119
R07,W7203614422,1120
R07,W7203617519,1121
R07,W7167804096,1122
R07,W7124557704,1123
R07,W7134167975,1124
R07,W7201868595,1125
R07,W7140328974,1126
R07,W4392183672,1127
R07,W4405790810,1128
R07,W4414092087,1129
R07,W4411440956,1130
R07,W7135223842,1131
R07,W4411028840,1132
R07,W4404341141,1133
R07,W7140296711,1134
R07,W4415639298,1135
R07,W7161642669,1136
R07,W7167271561,1137
R07,W4412963943,1138
R07,W4398132799,1139
R07,W7213546899,1140
R07,W4392507800,1141
R07,W7168245755,1142
R07,W4385714193,1143
R07,W4402249456,1144
R07,W7204039367,1145
R07,W7204056538,1146
R07,W3000443341,1147
R07,W7118135984,1148
R07,W7118118067,1149
R07,W7135065148,1150
R07,W4416366513,1151
R07,W7171705815,1152
R07,W7215415906,1153
R07,W4387068175,1154
R07,W7219933162,1155
R07,W7120966296,1156
R07,W7167741261,1157
R07,W7138890642,1158
R07,W4387459041,1159
R07,W4282923065,1160
R07,W7160511992,1161
R07,W7167467811,1162
R07,W7217370311,1163
R07,W2313545748,1164
R07,W7165476508,1165
R07,W7127923630,1166
R07,W7128822269,1167
R07,W2604630284,1168
R07,W7167670188,1169
R07,W3154029560,1170
R07,W4410833551,1171
R07,W7166582872,1172
R07,W7106585158,1173
R07,W4297407435,1174
R07,W4375951599,1175
R07,W7216695774,1176
R07,W7128538352,1177
R07,W4395666123,1178
R07,W7169866853,1179
R07,W4415902704,1180
R07,W4392261125,1181
R07,W4412779612,1182
R07,W4406085188,1183
R07,W4385465838,1184
R07,W4417477647,1185
R07,W4404459504,1186
R07,W7117308584,1187
R07,W7170451683,1188
R07,W3046040081,1189
R07,W7214540001,1190
R07,W4403312080,1191
R07,W7158608256,1192
R07,W7214516782,1193
R07,W7214538920,1194
R07,W7115700987,1195
R07,W4225672700,1196
R07,W3093643609,1197
R07,W7218901723,1198
R07,W7169685420,1199
R07,W7140189762,1200
R07,W7140189762,1201
R07,W4416075090,1202
R07,W4400732915,1203
R07,W7125637391,1204
R07,W4214775244,1205
R07,W4407755319,1206
R07,W3176635617,1207
R07,W7117250345,1208
R07,W4302759882,1209
R07,W4408535777,1210
R07,W7155210816,1211
R07,W4408074980,1212
R07,W4399755893,1213
R07,W7204467962,1214
R07,W7155196094,1215
R07,W4411384980,1216
R07,W7119162617,1217
R07,W4415617357,1218
R07,W4399881122,1219
R07,W7169622616,1220
R07,W7125906787,1221
R07,W7169598363,1222
R07,W4322102297,1223
R07,W4306755661,1224
R07,W7164363235,1225
R07,W4410146085,1226
R07,W4412714301,1227
R07,W7169562434,1228
R07,W4387559290,1229
R07,W7202255825,1230
R07,W4396731886,1231
R07,W7135186424,1232
R07,W7165963567,1233
R07,W7220143916,1234
R07,W7138839545,1235
R07,W3095828351,1236
R07,W4410130116,1237
R07,W4416770080,1238
R07,W4402739075,1239
R07,W7171740078,1240
R07,W7212258825,1241
R07,W4414757177,1242
R07,W7122466277,1243
R07,W4385237819,1244
R07,W4416807326,1245
R07,W7125616304,1246
R07,W4396767580,1247
R07,W7161162571,1248
R07,W4402690197,1249
R07,W4210516234,1250
R07,W4414363381,1251
R07,W7147370103,1252
R07,W7125709161,1253
R07,W7160701688,1254
R07,W7154907125,1255
R07,W4399500410,1256
R07,W4415986821,1257
R07,W7165047838,1258
R07,W4385380295,1259
R07,W4414495296,1260
R07,W4389819516,1261
R07,W7125581293,1262
R07,W4407761161,1263
R07,W7125472080,1264
R07,W4415624224,1265
R07,W7133186373,1266
R07,W7160220820,1267
R07,W7129742356,1268
R07,W7131651012,1269
R07,W7144306907,1270
R07,W7214781140,1271
R07,W7212178519,1272
R07,W7134910088,1273
R07,W4411866796,1274
R07,W7204890377,1275
R07,W4404583387,1276
R07,W7216223691,1277
R07,W7153494964,1278
R07,W4407909892,1279
R07,W4388685678,1280
R07,W7135185052,1281
R07,W7116656776,1282
R07,W7108972512,1283
R07,W4403128054,1284
R07,W4406885942,1285
R07,W4403836518,1286
R07,W4400682634,1287
R07,W4387191274,1288
R07,W4412031662,1289
R07,W4414229796,1290
R07,W4416987834,1291
R07,W7217275922,1292
R07,W4409693813,1293
R07,W4407035149,1294
R07,W7167488775,1295
R07,W4391004019,1296
R07,W4412824327,1297
R07,W7215307488,1298
R07,W4412920514,1299
R07,W4407879704,1300
R07,W3044105413,1301
R07,W4416746809,1302
R07,W7115166552,1303
R07,W4407757841,1304
R07,W7126028344,1305
R07,W7172093708,1306
R07,W4316015792,1307
R07,W7170079877,1308
R07,W7168183697,1309
R07,W7162661012,1310
R07,W7131290164,1311
R07,W7131310960,1312
R07,W3212725801,1313
R07,W7164527777,1314
R07,W4406310231,1315
R07,W4392736365,1316
R07,W4221145411,1317
R07,W4293789046,1318
R07,W7214124400,1319
R07,W4410452282,1320
R07,W7162429781,1321
R07,W3166146731,1322
R07,W4409978917,1323
R07,W7113914775,1324
R07,W4415513321,1325
R07,W7117482555,1326
R07,W4410192127,1327
R07,W7160944585,1328
R07,W7163675344,1329
R07,W3211244687,1330
R07,W7204174615,1331
R07,W4280585398,1332
R07,W7106531518,1333
R07,W4393182154,1334
R07,W7106572816,1335
R07,W7164021799,1336
R07,W7127128148,1337
R07,W7116690151,1338
R07,W4411645342,1339
R07,W7138386990,1340
R07,W7202128644,1341
R07,W4411682480,1342
R07,W2986213078,1343
R07,W4400944435,1344
R07,W4401589044,1345
R07,W4413006837,1346
R07,W4385422530,1347
R07,W4400643191,1348
R07,W7128775184,1349
R07,W7204131329,1350
R07,W4411136171,1351
R07,W7168248124,1352
R07,W7171128879,1353
R07,W7171065808,1354
R07,W7140379057,1355
R07,W7126104744,1356
R07,W7134194765,1357
R07,W7131646408,1358
R07,W7127121338,1359
R07,W7154572826,1360
R07,W7154602143,1361
R07,W4385227006,1362
R07,W4403870610,1363
R07,W7213775826,1364
R07,W7162828720,1365
R07,W2339466696,1366
R07,W7125398728,1367
R07,W7129013941,1368
R07,W4394823113,1369
R07,W7204253402,1370
R07,W4313334096,1371
R07,W7117775599,1372
R07,W7147697747,1373
R07,W4392781690,1374
R07,W7117747836,1375
R07,W7127918586,1376
R07,W3024878145,1377
R07,W4417066874,1378
R07,W4408905780,1379
R07,W4414269336,1380
R07,W7152677819,1381
R07,W4410631285,1382
R07,W7169810122,1383
R07,W7139944860,1384
R07,W4412859822,1385
R07,W4415988261,1386
R07,W7154716248,1387
R07,W7164209592,1388
R07,W4415838812,1389
R07,W4293153303,1390
R07,W4395018169,1391
R07,W4382048933,1392
R07,W7163648836,1393
R07,W4416003803,1394
R07,W7216992641,1395
R07,W7202201137,1396
R07,W7159604680,1397
R07,W7217678821,1398
R07,W4415705805,1399
R07,W4405450831,1400
R07,W7114926585,1401
R07,W7213426548,1402
R07,W7204224554,1403
R07,W7172293443,1404
R07,W7164002200,1405
R07,W4405197085,1406
R07,W4407123402,1407
R07,W7160142560,1408
R07,W7213436508,1409
R07,W7162448439,1410
R07,W4417113487,1411
R07,W7115567756,1412
R07,W7214379507,1413
R07,W7160073653,1414
R07,W7115600438,1415
R07,W4404291316,1416
R07,W7154726244,1417
R07,W7152022940,1418
R07,W4405261634,1419
R07,W7169659442,1420
R07,W7169675129,1421
R07,W4415706433,1422
R07,W7129286216,1423
R07,W7212086354,1424
R07,W7214080323,1425
R07,W4416163647,1426
R07,W3090976852,1427
R07,W7202172898,1428
R07,W7210283172,1429
R07,W7210285820,1430
R07,W7154501680,1431
R07,W7165634115,1432
R07,W7204999639,1433
R07,W7203872968,1434
R07,W7203931276,1435
R07,W7203920359,1436
R07,W4385938206,1437
R07,W7162493842,1438
R07,W7203856272,1439
R07,W7203915128,1440
R07,W7159674332,1441
R07,W7159587358,1442
R07,W7203868118,1443
R07,W7142353762,1444
R07,W7170638743,1445
R07,W4416287268,1446
R07,W7171565412,1447
R07,W7124255251,1448
R07,W4411035095,1449
R07,W7211990852,1450
R07,W7212030768,1451
R07,W4403609026,1452
R07,W4417226794,1453
R07,W4410983944,1454
R07,W4399849928,1455
R07,W7151626126,1456
R07,W7151467414,1457
R07,W2548693551,1458
R07,W4382011849,1459
R07,W4229055194,1460
R07,W4382025844,1461
R07,W7156179121,1462
R07,W2746876326,1463
R07,W7167787948,1464
R07,W7172264343,1465
R07,W2984748012,1466
R07,W7165672456,1467
R07,W7165628466,1468
R07,W4402366541,1469
R07,W3080261964,1470
R07,W3014419119,1471
R07,W4308866127,1472
R07,W7218982753,1473
R07,W3147559761,1474
R07,W4413943986,1475
R07,W3012243516,1476
R07,W7128216873,1477
R07,W4416282671,1478
R07,W4390746070,1479
R07,W4385492113,1480
R07,W4411665788,1481
R07,W7118777930,1482
R07,W7125097131,1483
R07,W3201534376,1484
R07,W4283318837,1485
R07,W7171434422,1486
R07,W7203993438,1487
R07,W4414093329,1488
R07,W2902721831,1489
R07,W7154649047,1490
R07,W7154613524,1491
R07,W4318752829,1492
R07,W4319054776,1493
R07,W4392782145,1494
R07,W3157845665,1495
R07,W4411965414,1496
R07,W7118159105,1497
R07,W4244899163,1498
R07,W7127100605,1499
R07,W4411688289,1500
R07,W4417432214,1501
R07,W2102448871,1502
R07,W3204541262,1503
R07,W4388001944,1504
R07,W2954766499,1505
R07,W4410593816,1506
R07,W7141234183,1507
R07,W7171532121,1508
R07,W4415029406,1509
R07,W4410788441,1510
R07,W7116735020,1511
R07,W4412990086,1512
R07,W7152651380,1513
R07,W3209799103,1514
R07,W7204159680,1515
R07,W4386713238,1516
R07,W7135042498,1517
R07,W4415503278,1518
R07,W7125699773,1519
R07,W4391819556,1520
R07,W3182325861,1521
R07,W3110677091,1522
R07,W4413400747,1523
R07,W4403950884,1524
R07,W2791182213,1525
R07,W7213740473,1526
R07,W4412773335,1527
R07,W7153156046,1528
R07,W7161166006,1529
R07,W3208993845,1530
R07,W4402608371,1531
R07,W4412494877,1532
R07,W4393988280,1533
R07,W4414139827,1534
R07,W4409546248,1535
R07,W4392143690,1536
R07,W4323662759,1537
R07,W4408576205,1538
R07,W3217431339,1539
R07,W7109114912,1540
R07,W7117108031,1541
R07,W4405283041,1542
R07,W7164314145,1543
R07,W4415084367,1544
R07,W4390535647,1545
R07,W4412676165,1546
R07,W7213659620,1547
R07,W4406320573,1548
R07,W3216317706,1549
R07,W4417231491,1550
R07,W4409086632,1551
R07,W4416382174,1552
R07,W3169309352,1553
R07,W7125188356,1554
R07,W4400471543,1555
R07,W4412495336,1556
R07,W7165491736,1557
R07,W7165483518,1558
R07,W4295678831,1559
R07,W4413465384,1560
R07,W4410253514,1561
R07,W4402311908,1562
R07,W7117292733,1563
R07,W7213953986,1564
R07,W4404796814,1565
R07,W7167698428,1566
R07,W4416409472,1567
R07,W7134131745,1568
R07,W4413343149,1569
R07,W7134115915,1570
R07,W7119823047,1571
R07,W3095301045,1572
R07,W3093468414,1573
R07,W7126401536,1574
R07,W7204196357,1575
R07,W3121657912,1576
R07,W4407978563,1577
R07,W4205463788,1578
R07,W7128902350,1579
R07,W4414520549,1580
R07,W4402666486,1581
R07,W7204165153,1582
R07,W4410074378,1583
R07,W7171304497,1584
R07,W4309022651,1585
R07,W4321094032,1586
R07,W7128436413,1587
R07,W2896489444,1588
R07,W4395004862,1589
R07,W7133328149,1590
R07,W7133363712,1591
R07,W4395005660,1592
R07,W7130761884,1593
R07,W2918121084,1594
R07,W7165114519,1595
R07,W7165188352,1596
R07,W4416682733,1597
R07,W2338400251,1598
R07,W4413264478,1599
R07,W7141831787,1600
R07,W4412641148,1601
R07,W7160909351,1602
R07,W4412619407,1603
R07,W7165557936,1604
R07,W4405982872,1605
R07,W4406782399,1606
R07,W3015183510,1607
R07,W7106702964,1608
R07,W4285585675,1609
R07,W2793739652,1610
R07,W7162959783,1611
R07,W7124433047,1612
R07,W4416008030,1613
R07,W7128701504,1614
R07,W4414475372,1615
R07,W4410524339,1616
R07,W7162629564,1617
R07,W4385664721,1618
R07,W4402449435,1619
R07,W7203784480,1620
R07,W4411471022,1621
R07,W4411101581,1622
R07,W4390929616,1623
R07,W4307629726,1624
R07,W4413932641,1625
R07,W4396953795,1626
R07,W4399210433,1627
R07,W4415427055,1628
R07,W7155201740,1629
R07,W7172388739,1630
R07,W7127072025,1631
R07,W7164841977,1632
R07,W7159689311,1633
R07,W4409359237,1634
R07,W4415222092,1635
R07,W4412413527,1636
R07,W7165361179,1637
R07,W7208776439,1638
R07,W2770131292,1639
R07,W4413120030,1640
R07,W4392207595,1641
R07,W7133520224,1642
R07,W4391815472,1643
R07,W2586063011,1644
R07,W4377971984,1645
R07,W4410560567,1646
R07,W4406837767,1647
R07,W4285295307,1648
R07,W7125014388,1649
R07,W4378575308,1650
R07,W4393990806,1651
R07,W7168017859,1652
R07,W4409269210,1653
R07,W4409144417,1654
R07,W4285062384,1655
R07,W7162461999,1656
R07,W4412517314,1657
R07,W7161383191,1658
R07,W7171690692,1659
R07,W4412831139,1660
R07,W4411417526,1661
R07,W3034567317,1662
R07,W7154711311,1663
R07,W2377264473,1664
R07,W7130395948,1665
R07,W4415963297,1666
R07,W4409989524,1667
R07,W4404216455,1668
R07,W7143474171,1669
R07,W7139088695,1670
R07,W4414498078,1671
R07,W4410942723,1672
R07,W4413612278,1673
R07,W4416967771,1674
R07,W4239732030,1675
R07,W7213257894,1676
R07,W4415166553,1677
R07,W7135180438,1678
R07,W4313330504,1679
R07,W4285413548,1680
R07,W4409989592,1681
R07,W4241373332,1682
R07,W4413275491,1683
R07,W4406450003,1684
R07,W4401892037,1685
R07,W7106507232,1686
R07,W7169647897,1687
R07,W7127573253,1688
R07,W7169648594,1689
R07,W4414512401,1690
R07,W3191749541,1691
R07,W7127656367,1692
R07,W4390848212,1693
R07,W4389481725,1694
R07,W7212970069,1695
R07,W7213012593,1696
R07,W4407189365,1697
R07,W4387514604,1698
R07,W4410561388,1699
R07,W7162766257,1700
R07,W4413902624,1701
R07,W7202040503,1702
R07,W7164399415,1703
R07,W4416436052,1704
R07,W4411640189,1705
R07,W4296450946,1706
R07,W4411218010,1707
R07,W7210288675,1708
R07,W4387067666,1709
R07,W4403410482,1710
R07,W4282041029,1711
R07,W7129583321,1712
R07,W4407635967,1713
R07,W7161635503,1714
R07,W2122219027,1715
R07,W7203629622,1716
R07,W4212880102,1717
R07,W7203647519,1718
R07,W4415980932,1719
R07,W4416731307,1720
R07,W4414989069,1721
R07,W7155521966,1722
R07,W4416763319,1723
R07,W4390848649,1724
R07,W4410153468,1725
R07,W7216805928,1726
R07,W4414930851,1727
R07,W4410350172,1728
R07,W4416607340,1729
R07,W4412021973,1730
R07,W4281690008,1731
R07,W7171647509,1732
R07,W7117483571,1733
R07,W4386059583,1734
R07,W7161149376,1735
R07,W4405037387,1736
R07,W4408991805,1737
R07,W7125962633,1738
R07,W4410795231,1739
R07,W4412592104,1740
R07,W7167570905,1741
R07,W4281667180,1742
R07,W4408104906,1743
R07,W2413274849,1744
R07,W4408739012,1745
R07,W4411882299,1746
R07,W3188054917,1747
R07,W7154217670,1748
R07,W4416987914,1749
R07,W7213745878,1750
R07,W4410711998,1751
R07,W7154368336,1752
R07,W4406822345,1753
R07,W7125694787,1754
R07,W4417157961,1755
R07,W4416787559,1756
R07,W7167844884,1757
R07,W7117542700,1758
R07,W7147356138,1759
R07,W7147698190,1760
R07,W4410562069,1761
R07,W4239242634,1762
R07,W4366772969,1763
R07,W3175277057,1764
R07,W4280620229,1765
R07,W7165728367,1766
R07,W4409449240,1767
R07,W4410216231,1768
R07,W4406220165,1769
R07,W4400682240,1770
R07,W4415427434,1771
R07,W7169723930,1772
R07,W4316813399,1773
R07,W4401388440,1774
R07,W4394840162,1775
R07,W4412630119,1776
R07,W7214070414,1777
R07,W4384785326,1778
R07,W4411455968,1779
R07,W3194930326,1780
R07,W7152596916,1781
R07,W7161021453,1782
R07,W3014050130,1783
R07,W7169662713,1784
R07,W3178103354,1785
R07,W7215471637,1786
R07,W7165666526,1787
R07,W4409856846,1788
R07,W7212330327,1789
R07,W7170149393,1790
R07,W7215074530,1791
R07,W7161739228,1792
R07,W7215092554,1793
R07,W7214683935,1794
R07,W7165206460,1795
R07,W7154608350,1796
R07,W7215115028,1797
R07,W7214626540,1798
R07,W4403375525,1799
R07,W7215084711,1800
R07,W4416097412,1801
R07,W4405790864,1802
R07,W4399233928,1803
R07,W3205420457,1804
R07,W2476078029,1805
R07,W7161018101,1806
R07,W223715257,1807
R07,W4366550368,1808
R07,W1583106483,1809
R07,W4392666055,1810
R07,W4415591286,1811
R07,W7160720786,1812
R07,W4402254045,1813
R07,W7125905494,1814
R07,W4409563414,1815
R07,W2765308781,1816
R07,W7160719785,1817
R07,W3122380385,1818
R07,W7118071842,1819
R07,W4409897206,1820
R07,W4415092329,1821
R07,W4406376182,1822
R07,W7125918493,1823
R07,W7164857731,1824
R07,W7203617531,1825
R07,W7169832505,1826
R07,W4411870532,1827
R07,W7115195648,1828
R07,W7203617193,1829
R07,W2521459680,1830
R07,W2298833372,1831
R07,W3094159489,1832
R07,W7215090880,1833
R07,W4408325138,1834
R07,W4389352505,1835
R07,W4404918682,1836
R07,W4415735266,1837
R07,W4407337832,1838
R07,W4413720106,1839
R07,W4406250442,1840
R07,W7163660030,1841
R07,W7170080757,1842
R07,W4287864787,1843
R07,W7108230497,1844
R07,W4415377605,1845
R07,W4396809811,1846
R07,W3128484727,1847
R07,W4402471174,1848
R07,W4200024392,1849
R07,W4417449533,1850
R07,W4412647162,1851
R07,W2374713769,1852
R07,W4391699481,1853
R07,W7130380892,1854
R07,W4413433512,1855
R07,W4408993438,1856
R07,W4392619951,1857
R07,W4285220706,1858
R07,W4417358234,1859
R07,W7152983567,1860
R07,W4406320886,1861
R07,W4396594898,1862
R07,W4412083045,1863
R07,W7214448638,1864
R07,W7172390753,1865
R07,W7161548329,1866
R07,W4416096656,1867
R07,W4229040399,1868
R07,W3128242218,1869
R07,W4389650333,1870
R07,W7138946605,1871
R07,W4415364926,1872
R07,W4408861481,1873
R07,W4406843377,1874
R07,W4407986935,1875
R07,W7106237624,1876
R07,W7126013700,1877
R07,W7165528249,1878
R07,W7167408878,1879
R07,W4408550091,1880
R07,W7116988732,1881
R07,W4409391327,1882
R07,W7154724419,1883
R07,W4402313947,1884
R07,W4287604792,1885
R07,W7143488417,1886
R07,W7165919943,1887
R07,W7104572098,1888
R07,W3118036970,1889
R07,W7104571254,1890
R07,W2564060673,1891
R07,W7117718947,1892
R07,W4408357965,1893
R07,W4399480550,1894
R07,W4400104626,1895
R07,W7171036193,1896
R07,W2906787514,1897
R07,W4404425839,1898
R07,W4411819003,1899
R07,W4413554783,1900
R07,W7171044555,1901
R07,W4387607115,1902
R07,W7217132833,1903
R07,W7168146132,1904
R07,W7131077381,1905
R07,W4410909488,1906
R07,W7213536677,1907
R07,W4366992770,1908
R07,W7131122687,1909
R07,W4390492394,1910
R07,W4408482362,1911
R07,W7126187427,1912
R07,W7152748288,1913
R07,W4411403036,1914
R07,W7166569278,1915
R07,W4416756233,1916
R07,W2553581168,1917
R07,W4403153699,1918
R07,W4414120385,1919
R07,W3204369957,1920
R07,W7166733782,1921
R07,W4412645237,1922
R07,W2382644512,1923
R07,W7129034102,1924
R07,W4414207436,1925
R07,W4413236961,1926
R07,W7154323869,1927
R07,W7117139925,1928
R07,W7147421894,1929
R07,W7203977215,1930
R07,W7165059552,1931
R07,W4413958268,1932
R07,W7169854042,1933
R07,W3114936454,1934
R07,W7147673689,1935
R07,W4408054418,1936
R07,W4297675834,1937
R07,W4404856045,1938
R07,W7154039925,1939
R07,W7153538235,1940
R07,W7108471410,1941
R07,W4410238722,1942
R07,W7166805189,1943
R07,W7108483277,1944
R07,W4389364505,1945
R07,W7128724092,1946
R07,W4402960526,1947
R07,W4404060057,1948
R07,W4406387965,1949
R07,W4248133529,1950
R07,W7217945783,1951
R07,W4411979065,1952
R07,W4221152583,1953
R07,W7161515833,1954
R07,W7151742118,1955
R07,W7109831396,1956
R07,W7133612782,1957
R07,W7216185226,1958
R07,W7109798656,1959
R07,W7151746969,1960
R07,W4224055757,1961
R07,W4417058941,1962
R07,W4385261880,1963
R07,W4401705557,1964
R07,W4289334950,1965
R07,W4411633924,1966
R07,W4412108162,1967
R07,W4414847266,1968
R07,W4319007861,1969
R07,W4414906627,1970
R07,W4417290646,1971
R07,W7154586954,1972
R07,W4302025111,1973
R07,W4412198931,1974
R07,W4408983010,1975
R07,W7114914505,1976
R07,W3184401274,1977
R07,W2883574923,1978
R07,W3210985014,1979
R07,W4416028566,1980
R07,W4405525924,1981
R07,W4302025110,1982
R07,W3197701220,1983
R07,W7126015436,1984
R07,W4406035938,1985
R07,W3153454949,1986
R07,W4409839897,1987
R07,W7216510698,1988
R07,W7134189764,1989
R07,W2969950285,1990
R07,W7155600287,1991
R07,W4388679865,1992
R07,W4390204950,1993
R07,W7118911547,1994
R07,W7154208819,1995
R07,W4399999976,1996
R07,W4327632773,1997
R07,W4407900566,1998
R07,W4404840334,1999
R07,W4409567693,2000
R07,W7148439429,2001
R07,W4404251782,2002
R07,W7164006374,2003
R07,W4414935697,2004
R07,W4415492916,2005
R07,W4403764844,2006
R07,W4416102795,2007
R07,W4401843567,2008
R07,W4414501779,2009
R07,W4401834543,2010
R07,W4400086222,2011
R07,W7147364632,2012
R07,W3088611441,2013
R07,W7216619700,2014
R07,W7131632845,2015
R07,W7162678612,2016
R07,W7168099388,2017
R07,W4386954851,2018
R07,W7154292708,2019
R07,W4415035323,2020
R07,W4307291163,2021
R07,W4416826318,2022
R07,W7154687741,2023
R07,W7220018803,2024
R07,W4226535643,2025
R07,W7117159343,2026
R07,W7163660781,2027
R07,W4292451820,2028
R07,W7171366336,2029
R07,W4303983241,2030
R07,W4411353728,2031
R07,W4390956148,2032
R07,W7165643979,2033
R07,W4221146624,2034
R07,W4412579199,2035
R07,W7151876095,2036
R07,W7109555599,2037
R07,W7166513859,2038
R07,W7109746426,2039
R07,W7211928103,2040
R07,W4406041029,2041
R07,W4379929548,2042
R07,W4410259125,2043
R07,W7154909924,2044
R07,W7124471328,2045
R07,W4414287358,2046
R07,W7124470252,2047
R07,W4410633268,2048
R07,W4415748360,2049
R07,W4386999714,2050
R07,W4283771737,2051
R07,W4396836224,2052
R07,W7125155749,2053
R07,W4410239058,2054
R07,W4417286756,2055
R07,W4406185264,2056
R07,W3008084722,2057
R07,W7170051840,2058
R07,W3199802877,2059
R07,W7128293856,2060
R07,W4310631362,2061
R07,W4406096083,2062
R07,W7213391017,2063
R07,W4400200520,2064
R07,W7147498336,2065
R07,W7148178928,2066
R07,W7213394061,2067
R07,W7160317260,2068
R07,W4415845502,2069
R07,W7108914466,2070
R07,W7167831332,2071
R07,W7125984436,2072
R07,W7131857156,2073
R07,W4303614182,2074
R07,W7208758693,2075
R07,W4406214290,2076
R07,W7167352667,2077
R07,W4401354743,2078
R07,W7167796741,2079
R07,W4414690057,2080
R07,W7131904036,2081
R07,W7215270851,2082
R07,W7214014218,2083
R07,W3211641369,2084
R07,W3214713757,2085
R07,W7171382111,2086
R07,W7154586932,2087
R07,W7165556856,2088
R07,W4413919638,2089
R07,W4416889654,2090
R07,W7118119231,2091
R07,W7125616427,2092
R07,W7155089339,2093
R07,W4400025118,2094
R07,W7116872914,2095
R07,W7130820160,2096
R07,W7126172285,2097
R07,W7171367551,2098
R07,W7160641507,2099
R07,W7167942114,2100
R07,W7204960571,2101
R07,W7167917300,2102
R07,W4366434559,2103
R07,W4405102336,2104
R07,W3216104715,2105
R07,W4410599316,2106
R07,W7167926291,2107
R07,W4411629526,2108
R07,W4410729294,2109
R07,W4376132841,2110
R07,W7216927760,2111
R07,W7171367943,2112
R07,W4409599639,2113
R07,W4400095727,2114
R07,W4409583089,2115
R07,W4401752437,2116
R07,W7203501543,2117
R07,W7166016190,2118
R07,W4388793458,2119
R07,W7154488141,2120
R07,W4412170372,2121
R07,W7212766683,2122
R07,W7163911573,2123
R07,W4403256709,2124
R07,W4413847417,2125
R07,W7212109043,2126
R07,W7163868936,2127
R07,W4414484474,2128
R07,W4412536711,2129
R07,W4412165360,2130
R07,W7218268606,2131
R07,W7135026551,2132
R07,W4410631452,2133
R07,W7218432694,2134
R07,W4388686509,2135
R07,W7220260741,2136
R07,W4416084806,2137
R07,W4398793516,2138
R07,W4396814608,2139
R07,W4414520642,2140
R07,W4413277860,2141
R07,W4294225171,2142
R07,W4406618511,2143
R07,W4224311064,2144
R07,W7125835039,2145
R07,W3135295699,2146
R07,W4407595751,2147
R07,W2782572382,2148
R07,W4411589864,2149
R07,W4415819933,2150
R07,W7169780422,2151
R07,W7128596949,2152
R07,W4399340778,2153
R07,W4412195203,2154
R07,W7163866369,2155
R07,W7163882441,2156
R07,W4405252871,2157
R07,W4410976311,2158
R07,W4412818881,2159
R07,W3209549749,2160
R07,W7171798141,2161
R07,W3003341680,2162
R07,W7124265177,2163
R07,W4414396532,2164
R07,W4365812959,2165
R07,W4404985457,2166
R07,W4410918765,2167
R07,W4205439517,2168
R07,W7167530725,2169
R07,W4416574860,2170
R07,W4415821360,2171
R07,W7211988946,2172
R07,W4403657844,2173
R07,W7129254351,2174
R07,W4412622678,2175
R07,W3110648995,2176
R07,W4416039466,2177
R07,W7213333444,2178
R07,W4414609565,2179
R07,W4404708713,2180
R07,W7127118850,2181
R07,W4415088435,2182
R07,W7164408213,2183
R07,W7107874485,2184
R07,W4412518845,2185
R07,W7170401083,2186
R07,W4400121331,2187
R07,W4416111498,2188
R07,W4412133622,2189
R07,W7166504246,2190
R07,W7171240934,2191
R07,W4417491399,2192
R07,W7117374517,2193
R07,W7107866194,2194
R07,W4400346234,2195
R07,W7217773787,2196
R07,W7214433951,2197
R07,W7114992729,2198
R07,W4408690862,2199
R07,W7139045855,2200
R07,W4285265556,2201
R07,W4283366644,2202
R07,W7218304590,2203
R07,W4380990679,2204
R07,W4404238475,2205
R07,W7162820896,2206
R07,W4387609326,2207
R07,W4407235351,2208
R07,W4313582012,2209
R07,W7215112306,2210
R07,W2913385702,2211
R07,W7151999103,2212
R07,W4399198574,2213
R07,W4401534786,2214
R07,W7165926635,2215
R07,W4413242478,2216
R07,W4414876274,2217
R07,W4409780791,2218
R07,W4214524515,2219
R07,W4411491593,2220
R07,W4408851983,2221
R07,W3004975793,2222
R07,W7155864016,2223
R07,W7161396262,2224
R07,W7167639074,2225
R07,W4410007821,2226
R07,W7161386549,2227
R07,W4403260805,2228
R07,W4408886198,2229
R07,W4413847029,2230
R07,W2807381500,2231
R07,W4413008440,2232
R07,W4399011243,2233
R07,W4413552283,2234
R07,W7105741972,2235
R07,W7220338760,2236
R07,W4410207262,2237
R07,W7214439563,2238
R07,W4320718692,2239
R07,W4392965379,2240
R07,W4414365975,2241
R07,W4200382747,2242
R07,W7122790211,2243
R07,W4415782653,2244
R07,W7122735014,2245
R07,W4403842630,2246
R07,W4403194453,2247
R07,W4413915519,2248
R07,W4396810028,2249
R07,W4306658768,2250
R07,W3207056978,2251
R07,W4412737378,2252
R07,W4319035125,2253
R07,W4411739113,2254
R07,W4409990168,2255
R07,W7155048335,2256
R07,W7117672394,2257
R07,W4406150932,2258
R07,W7155058329,2259
R07,W7107968378,2260
R07,W7107952628,2261
R07,W7117764750,2262
R07,W4409549950,2263
R07,W4417314030,2264
R07,W7164644502,2265
R07,W4415687523,2266
R07,W4411487989,2267
R07,W4402400123,2268
R07,W4405740436,2269
R07,W4410707395,2270
R07,W7153980545,2271
R07,W4411486357,2272
R07,W7160300381,2273
R07,W2765448391,2274
R07,W7140107099,2275
R07,W3205216551,2276
R07,W7117735742,2277
R07,W7125958244,2278
R07,W7216438856,2279
R07,W4415455089,2280
R07,W4402977802,2281
R07,W4394879798,2282
R07,W4415809586,2283
R07,W7126001135,2284
R07,W7128310349,2285
R07,W2733440981,2286
R07,W7134262133,2287
R07,W7128913013,2288
R07,W4417075637,2289
R07,W4415008005,2290
R07,W7216256255,2291
R07,W7166514235,2292
R07,W7128310731,2293
R07,W7214028684,2294
R07,W7140217039,2295
R07,W7126039809,2296
R07,W7128304993,2297
R07,W4384284564,2298
R07,W7140476191,2299
R07,W4311364093,2300
R07,W7125962747,2301
R07,W7121651951,2302
R07,W4415629142,2303
R07,W7163707432,2304
R07,W7217170495,2305
R07,W7131209783,2306
R07,W7164859385,2307
R07,W4408221716,2308
R07,W4412911243,2309
R07,W7154890569,2310
R07,W7128308738,2311
R07,W7164571513,2312
R07,W7126040746,2313
R07,W4412202034,2314
R07,W7171390820,2315
R07,W2997453706,2316
R07,W4403402334,2317
R07,W4415248450,2318
R07,W7155205906,2319
R07,W7167589563,2320
R07,W2516715272,2321
R07,W4411803444,2322
R07,W7143426259,2323
R07,W7154205567,2324
R07,W4408505747,2325
R07,W7143440785,2326
R07,W4408691237,2327
R07,W7108202139,2328
R07,W4388691978,2329
R07,W4236908073,2330
R07,W7164193779,2331
R07,W4407039939,2332
R07,W4406218882,2333
R07,W7172018384,2334
R07,W4412975031,2335
R07,W7172004749,2336
R07,W4412862769,2337
R07,W4415328010,2338
R07,W4410521047,2339
R07,W2924877180,2340
R07,W4378078386,2341
R07,W4200535305,2342
R07,W4319590739,2343
R07,W4385221619,2344
R07,W4407755428,2345
R07,W4408654588,2346
R07,W4410721804,2347
R07,W4410176267,2348
R07,W7160621282,2349
R07,W4407677840,2350
R07,W4412643863,2351
R07,W4415348692,2352
R07,W7139957322,2353
R07,W7163592224,2354
R07,W4416252666,2355
R07,W4414333800,2356
R07,W3178297955,2357
R07,W7219981252,2358
R07,W2803835963,2359
R07,W7130519824,2360
R07,W3215864571,2361
R07,W2980602384,2362
R07,W4292416057,2363
R07,W4409090634,2364
R07,W7140316763,2365
R07,W4416170015,2366
R07,W4390111458,2367
R07,W7118216735,2368
R07,W7163511897,2369
R07,W2792947308,2370
R07,W4415917723,2371
R07,W4415026120,2372
R07,W7163413338,2373
R07,W4415166534,2374
R07,W7129055778,2375
R07,W7216783767,2376
R07,W4379388353,2377
R07,W2117262957,2378
R07,W4414263050,2379
R07,W4409316383,2380
R07,W4417270151,2381
R07,W7131232114,2382
R07,W7163398819,2383
R07,W4364861595,2384
R07,W2287967456,2385
R07,W7162139569,2386
R07,W4414031507,2387
R07,W4411358525,2388
R07,W3037621478,2389
R07,W7123789304,2390
R07,W4411721453,2391
R07,W7118070531,2392
R07,W7166529546,2393
R07,W7167500061,2394
R07,W7213884199,2395
R07,W4400488132,2396
R07,W4293171129,2397
R07,W7208813973,2398
R07,W7164754403,2399
R07,W7155533425,2400
R07,W7128360932,2401
R07,W4414477976,2402
R07,W7201972156,2403
R07,W7214705059,2404
R07,W4285819099,2405
R07,W7155162318,2406
R07,W4319069206,2407
R07,W4200015318,2408
R07,W4403371040,2409
R07,W7169539612,2410
R07,W7201957463,2411
R07,W7201990305,2412
R07,W7165408886,2413
R07,W7154315075,2414
R07,W7201954204,2415
R07,W7107950335,2416
R07,W7166530667,2417
R07,W7107940664,2418
R07,W7220317068,2419
R07,W7160499093,2420
R07,W3007401976,2421
R07,W4220665367,2422
R07,W4388781073,2423
R07,W4411232384,2424
R07,W7170766726,2425
R07,W7172318136,2426
R07,W4387844986,2427
R07,W7204764237,2428
R07,W7165751212,2429
R07,W4407305662,2430
R07,W4401884605,2431
R07,W4402500668,2432
R07,W7128435437,2433
R07,W4399500931,2434
R07,W4376600264,2435
R07,W7165621366,2436
R07,W4386457058,2437
R07,W4200205167,2438
R07,W4413130887,2439
R07,W7217194672,2440
R07,W7215035861,2441
R07,W4310787317,2442
R07,W4407817340,2443
R07,W7124322023,2444
R07,W4244735263,2445
R07,W7135418764,2446
R07,W7125931216,2447
R07,W2969864035,2448
R07,W4416722479,2449
R07,W4416159987,2450
R07,W7166547151,2451
R07,W7138907863,2452
R07,W7217697782,2453
R07,W4387513275,2454
R07,W4214620660,2455
R07,W7109990036,2456
R07,W3186671103,2457
R07,W4413905128,2458
R07,W4407899920,2459
R07,W4406093177,2460
R07,W7215542886,2461
R07,W4387958965,2462
R07,W4416534810,2463
R07,W7165116778,2464
R07,W7133358605,2465
R07,W7165202430,2466
R07,W4410003706,2467
R07,W7164345531,2468
R07,W7127433617,2469
R07,W3198620812,2470
R07,W7160164996,2471
R07,W4406625508,2472
R07,W7106651105,2473
R07,W4411675509,2474
R07,W4411094860,2475
R07,W7106663490,2476
R07,W7203572971,2477
R07,W7203586268,2478
R07,W4226058946,2479
R07,W4404577694,2480
R07,W4400457521,2481
R07,W3092878743,2482
R07,W4235974758,2483
R07,W7162406759,2484
R07,W4243612354,2485
R07,W4379647318,2486
R07,W7171056001,2487
R07,W4408456036,2488
R07,W3003400218,2489
R07,W4414731377,2490
R07,W3088199196,2491
R07,W7159579315,2492
R07,W4402480698,2493
R07,W7171145461,2494
R07,W4415193141,2495
R07,W7152697284,2496
R07,W7217349728,2497
R07,W4414928832,2498
R07,W7166730674,2499
R07,W4407677834,2500
R07,W7217260289,2501
R07,W7163351082,2502
R07,W7167739627,2503
R07,W4404489914,2504
R07,W4400582241,2505
R07,W4413094771,2506
R07,W7219738270,2507
R07,W4318484514,2508
R07,W4313474785,2509
R07,W4389934617,2510
R07,W7160176738,2511
R07,W7130503055,2512
R07,W7212222512,2513
R07,W4414494446,2514
R07,W7168177996,2515
R07,W7219637780,2516
R07,W3145924387,2517
R07,W4403108570,2518
R07,W4401163751,2519
R07,W4394717836,2520
R07,W4393118513,2521
R07,W4401029421,2522
R07,W7117667045,2523
R07,W4414625502,2524
R07,W7214656854,2525
R07,W7214604331,2526
R07,W3170089617,2527
R07,W2986269641,2528
R07,W7124530931,2529
R07,W4200149754,2530
R07,W3177698119,2531
R07,W4401364804,2532
R07,W4411894707,2533
R07,W4405216249,2534
R07,W7218255666,2535
R07,W7124612514,2536
R07,W7163053648,2537
R07,W4399668342,2538
R07,W4200456212,2539
R07,W4400064467,2540
R07,W4408724086,2541
R07,W7167516085,2542
R07,W7140272988,2543
R07,W4408941905,2544
R07,W4306295254,2545
R07,W4409526921,2546
R07,W2922359247,2547
R07,W7159670785,2548
R07,W4413379050,2549
R07,W7138924364,2550
R07,W4402725178,2551
R07,W4408173953,2552
R07,W4416843250,2553
R07,W7128589615,2554
R07,W7202394673,2555
R07,W4408363608,2556
R07,W2904327363,2557
R07,W4385235832,2558
R07,W4404121544,2559
R07,W4412812527,2560
R07,W4414225080,2561
R07,W4389795394,2562
R07,W7153561152,2563
R07,W4309485338,2564
R07,W4414615197,2565
R07,W4411214859,2566
R07,W7171934019,2567
R07,W4400645512,2568
R07,W7214934469,2569
R07,W3134964108,2570
R07,W7142012500,2571
R07,W7212182918,2572
R07,W4393443231,2573
R07,W4386961278,2574
R07,W7133335536,2575
R07,W4412007718,2576
R07,W7220282311,2577
R07,W7216920457,2578
R07,W7127418408,2579
R07,W7163652232,2580
R07,W4404535328,2581
R07,W4417107548,2582
R07,W4405242602,2583
R07,W4405559144,2584
R07,W4391560331,2585
R07,W7160932927,2586
R07,W2507230881,2587
R07,W7215790078,2588
R07,W7160146711,2589
R07,W4212827171,2590
R07,W7219784696,2591
R07,W7171853486,2592
R07,W7205709125,2593
R07,W3124377604,2594
R07,W4408167378,2595
R07,W7128712055,2596
R07,W4400576739,2597
R07,W4407632467,2598
R07,W3158706742,2599
R07,W4409258205,2600
R07,W3023644873,2601
R07,W7161823181,2602
R07,W7169772727,2603
R07,W7163557756,2604
R07,W4391944208,2605
R07,W7163758196,2606
R07,W4402124066,2607
R07,W4414747880,2608
R07,W7169834619,2609
R07,W7116859523,2610
R07,W7202349433,2611
R07,W7117475753,2612
R07,W7217722509,2613
R07,W7166156458,2614
R07,W4391925099,2615
R07,W4404976378,2616
R07,W4405355395,2617
R07,W7147182323,2618
R07,W4409185833,2619
R07,W7147035104,2620
R07,W4410492268,2621
R07,W4391102279,2622
R07,W7172432481,2623
R07,W7164358647,2624
R07,W7217030339,2625
R07,W7172382752,2626
R07,W7166516014,2627
R07,W7163174513,2628
R07,W3030626291,2629
R07,W4408292263,2630
R07,W4414116437,2631
R07,W7123338511,2632
R07,W4410068618,2633
R07,W4414781662,2634
R07,W7167591014,2635
R07,W4407360207,2636
R07,W7147465876,2637
R07,W4407253627,2638
R07,W7147310175,2639
R07,W4411243921,2640
R07,W7148565251,2641
R07,W7160965079,2642
R07,W7125160491,2643
R07,W4415917733,2644
R07,W4404493794,2645
R07,W4386639583,2646
R07,W4411833967,2647
R07,W4376280173,2648
R07,W7153447551,2649
R07,W7135204918,2650
R07,W7153636268,2651
R07,W4409143786,2652
R07,W7153514983,2653
R07,W3038018143,2654
R07,W7171924800,2655
R07,W4414538125,2656
R07,W7136080630,2657
R07,W2988825379,2658
R07,W4401440551,2659
R07,W4397002406,2660
R07,W7143284797,2661
R07,W4407216424,2662
R07,W4401279595,2663
R07,W7162205354,2664
R07,W7128738882,2665
R07,W4402168608,2666
R07,W4225421433,2667
R07,W7172252868,2668
R07,W4410037553,2669
R07,W4415546947,2670
R07,W7124705727,2671
R07,W7172258954,2672
R07,W4412736154,2673
R07,W4388571565,2674
R07,W2889433648,2675
R07,W4414116107,2676
R07,W3206860272,2677
R07,W4408301870,2678
R07,W4392813809,2679
R07,W7204881781,2680
R07,W7204988369,2681
R07,W7129012355,2682
R07,W4392120616,2683
R07,W7147505003,2684
R07,W2953072840,2685
R07,W4220887019,2686
R07,W4388821810,2687
R07,W4391447781,2688
R07,W4415099718,2689
R07,W7213360383,2690
R07,W7124755870,2691
R07,W4412874482,2692
R07,W4304606820,2693
R07,W4398783508,2694
R07,W7128614709,2695
R07,W7204876461,2696
R07,W4416381689,2697
R07,W4417329894,2698
R07,W7154474970,2699
R07,W4417229085,2700
R07,W4413902967,2701
R07,W4414510304,2702
R07,W7151381292,2703
R07,W7124456960,2704
R07,W7131346841,2705
R07,W4311389707,2706
R07,W7214669824,2707
R07,W7168360791,2708
R07,W7165769640,2709
R07,W7115596306,2710
R07,W4405624835,2711
R07,W7204953213,2712
R07,W2587385928,2713
R07,W7147078859,2714
R07,W7207858037,2715
R07,W4244181142,2716
R07,W7147154902,2717
R07,W4367627167,2718
R07,W7162600943,2719
R07,W7141007452,2720
R07,W7160521630,2721
R07,W4402136528,2722
R07,W4405041885,2723
R07,W3184824817,2724
R07,W7140220744,2725
R07,W3198026507,2726
R07,W4403433301,2727
R07,W4412837941,2728
R07,W4309785585,2729
R07,W7117357995,2730
R07,W7165200329,2731
R07,W7167271981,2732
R07,W7167208876,2733
R07,W7215028426,2734
R07,W7130714292,2735
R07,W7202205315,2736
R07,W7202210294,2737
R07,W7160066981,2738
R07,W3130416586,2739
R07,W7217595524,2740
R07,W4410153713,2741
R07,W4385676370,2742
R07,W7125800429,2743
R07,W7163685656,2744
R07,W7105598696,2745
R07,W7217846008,2746
R07,W7155380056,2747
R07,W4416679794,2748
R07,W7171265356,2749
R07,W7170090880,2750
R07,W7171077185,2751
R07,W7160643755,2752
R07,W4401089308,2753
R07,W7154993002,2754
R07,W7170139890,2755
R07,W7163024599,2756
R07,W4388822020,2757
R07,W7168332508,2758
R07,W4392902117,2759
R07,W4399167850,2760
R07,W4412525514,2761
R07,W7154957280,2762
R07,W7219541097,2763
R07,W4321617067,2764
R07,W7172293445,2765
R07,W4378527990,2766
R07,W7163033351,2767
R07,W4376481087,2768
R07,W4415614316,2769
R07,W7155691865,2770
R07,W4416399153,2771
R07,W3044964533,2772
R07,W4416788064,2773
R07,W4389363587,2774
R07,W4386781411,2775
R07,W7171502143,2776
R07,W3112125312,2777
R07,W7172274642,2778
R07,W7172315590,2779
R07,W4309880619,2780
R07,W4386416157,2781
R07,W2890920912,2782
R07,W4404340299,2783
R07,W4409466366,2784
R07,W4366424691,2785
R07,W2853856345,2786
R07,W7117357695,2787
R07,W4412102860,2788
R07,W7214235015,2789
R07,W7171640557,2790
R07,W7196963337,2791
R07,W4399692618,2792
R07,W7202259984,2793
R07,W4404681312,2794
R07,W7172379968,2795
R07,W7172401905,2796
R07,W7163880001,2797
R07,W7123813215,2798
R07,W3085712311,2799
R07,W4413858043,2800
R07,W7135404940,2801
R07,W7166292004,2802
R07,W7135384648,2803
R07,W7217292532,2804
R07,W4411863855,2805
R07,W7124417024,2806
R07,W4405766597,2807
R07,W4413939419,2808
R07,W7163572841,2809
R07,W4393097637,2810
R07,W7160855900,2811
R07,W7162776751,2812
R07,W7212226308,2813
R07,W4403810370,2814
R07,W4394928452,2815
R07,W4415526030,2816
R07,W3201621928,2817
R07,W7168027636,2818
R07,W4396881673,2819
R07,W7115013627,2820
R07,W7163195198,2821
R07,W4394729804,2822
R07,W4407947654,2823
R07,W4378528264,2824
R07,W4206724718,2825
R07,W4394872084,2826
R07,W4411438377,2827
R07,W3210608329,2828
R07,W4411177877,2829
R07,W4416721069,2830
R07,W4399912497,2831
R07,W7125983271,2832
R07,W3115630455,2833
R07,W7150030063,2834
R07,W4391153396,2835
R07,W7202161544,2836
R07,W7161261546,2837
R07,W4417279409,2838
R07,W4298146021,2839
R07,W7168155483,2840
R07,W7168335636,2841
R07,W7123767477,2842
R07,W4410454976,2843
R07,W4415820085,2844
R07,W4414755857,2845
R07,W7202199473,2846
R07,W7160919296,2847
R07,W7166529037,2848
R07,W7123396843,2849
R07,W4413092136,2850
R07,W3154125402,2851
R07,W4416534617,2852
R07,W4406052304,2853
R07,W7131617425,2854
R07,W7133329731,2855
R07,W4405983787,2856
R07,W7163047337,2857
R07,W4401251174,2858
R07,W4404401028,2859
R07,W7166667974,2860
R07,W7167697735,2861
R07,W4414098392,2862
R07,W7116866103,2863
R07,W7163991609,2864
R07,W7160931706,2865
R07,W4415787879,2866
R07,W2969497867,2867
R07,W4308482467,2868
R07,W7162260450,2869
R07,W4414579035,2870
R07,W7162997227,2871
R07,W4404767552,2872
R07,W4402328390,2873
R07,W7142638372,2874
R07,W7172094482,2875
R07,W7167909264,2876
R07,W7172270425,2877
R07,W7129329630,2878
R07,W7130716764,2879
R07,W7129712905,2880
R07,W4413582365,2881
R07,W7161627596,2882
R07,W7129598847,2883
R07,W7135209007,2884
R07,W7130734536,2885
R07,W4294059892,2886
R07,W7111114186,2887
R07,W4410801732,2888
R07,W4403192456,2889
R07,W3115726171,2890
R07,W7212397562,2891
R07,W7129705321,2892
R07,W4411659426,2893
R07,W4414020238,2894
R07,W4406803767,2895
R07,W4393213738,2896
R07,W3028491297,2897
R07,W7165871545,2898
R07,W7140123906,2899
R07,W7141430215,2900
R07,W7160513747,2901
R07,W7214015369,2902
R07,W7215266672,2903
R07,W7166660660,2904
R07,W4389581448,2905
R07,W7134229256,2906
R07,W4413421187,2907
R07,W4415952703,2908
R07,W4390458784,2909
R07,W4321372196,2910
R07,W4380317978,2911
R07,W7203576398,2912
R07,W7203571083,2913
R07,W3182714444,2914
R07,W4414056168,2915
R07,W4412920030,2916
R07,W7163321387,2917
R07,W4411620389,2918
R07,W7128440827,2919
R07,W4411122110,2920
R07,W4404776801,2921
R07,W7208760871,2922
R07,W4380356895,2923
R07,W7162819472,2924
R07,W7215401137,2925
R07,W4389476665,2926
R07,W7117297824,2927
R07,W4414882915,2928
R07,W4409765710,2929
R07,W4407021010,2930
R07,W3135495209,2931
R07,W4416196207,2932
R07,W3178093560,2933
R07,W7162033925,2934
R07,W7162426453,2935
R07,W4405923978,2936
R07,W7149806337,2937
R07,W7216351099,2938
R07,W4410801604,2939
R07,W4415012057,2940
R07,W7204882175,2941
R07,W7171321147,2942
R07,W7142819928,2943
R07,W7142987612,2944
R07,W4408406394,2945
R07,W7128915906,2946
R07,W4411485546,2947
R07,W7130818453,2948
R07,W3174373938,2949
R07,W7164826725,2950
R07,W7161377353,2951
R07,W7167908410,2952
R07,W7156018556,2953
R07,W4415602667,2954
R07,W4388731630,2955
R07,W7167683220,2956
R07,W7117544430,2957
R07,W7165667208,2958
R07,W7139997323,2959
R07,W7170365802,2960
R07,W7211909965,2961
R07,W7138858195,2962
R07,W7123343167,2963
R07,W7204259858,2964
R07,W7117154667,2965
R07,W4396941452,2966
R07,W7160045125,2967
R07,W4399928306,2968
R07,W7161181125,2969
R07,W7167813885,2970
R07,W4411406508,2971
R07,W7127049047,2972
R07,W7161129001,2973
R07,W7125180790,2974
R07,W7128703158,2975
R07,W4391672940,2976
R07,W7133496217,2977
R07,W7133233392,2978
R07,W7117140165,2979
R07,W7162011093,2980
R07,W7130818528,2981
R07,W4322775556,2982
R07,W7133241294,2983
R07,W4407702581,2984
R07,W7117560361,2985
R07,W4412721930,2986
R07,W4416582817,2987
R07,W4408134784,2988
R07,W7125613161,2989
R07,W7162571050,2990
R07,W3211753181,2991
R07,W4413715783,2992
R07,W7167234119,2993
R07,W7171864149,2994
R07,W4386438933,2995
R07,W7215038639,2996
R07,W4416776409,2997
R07,W4417120971,2998
R07,W3171175214,2999
R07,W4380994470,3000
R07,W4402589966,3001
R07,W7217597516,3002
R07,W7108451625,3003
R07,W4414931766,3004
R07,W7162824931,3005
R07,W7134164837,3006
R07,W4284975318,3007
R07,W4417172215,3008
R07,W7129490768,3009
R07,W7165024617,3010
R07,W7129331637,3011
R07,W4412615566,3012
R07,W7217541794,3013
R07,W7162141588,3014
R07,W7165640566,3015
R07,W4402203021,3016
R07,W7213972477,3017
R07,W7108484195,3018
R07,W7168663428,3019
R07,W7128389586,3020
R07,W7162987706,3021
R07,W7171661077,3022
R07,W4416959329,3023
R07,W7140304539,3024
R07,W7141663372,3025
R07,W7202285431,3026
R07,W7128382188,3027
R07,W7127080594,3028
R07,W7125503545,3029
R07,W7125522300,3030
R07,W7118146020,3031
R07,W7127107335,3032
R07,W7125484034,3033
R07,W7214925794,3034
R07,W7104062934,3035
R07,W4410304226,3036
R07,W3036214222,3037
R07,W4414444115,3038
R07,W4403620343,3039
R07,W4400409698,3040
R07,W2941296996,3041
R07,W7167081936,3042
R07,W7169219965,3043
R07,W4406120827,3044
R07,W4361298263,3045
R07,W7167794214,3046
R07,W7168710775,3047
R07,W4414192062,3048
R07,W7172516748,3049
R07,W7165727654,3050
R07,W4414289410,3051
R07,W7170434246,3052
R07,W7218650689,3053
R07,W4414225005,3054
R07,W7139046455,3055
R07,W4401358358,3056
R07,W7124770217,3057
R07,W7124732862,3058
R07,W2969891950,3059
R07,W7124300102,3060
R07,W7215884159,3061
R07,W4413120122,3062
R07,W7147270171,3063
R07,W7110062701,3064
R07,W2791198182,3065
R07,W4402903952,3066
R07,W4415015541,3067
R07,W4385857754,3068
R07,W7172205271,3069
R07,W2903305469,3070
R07,W7172207080,3071
R07,W7161829171,3072
R07,W7153316573,3073
R07,W7124696797,3074
R07,W2926087960,3075
R07,W7212072968,3076
R07,W7110177148,3077
R07,W7167483280,3078
R07,W4411056612,3079
R07,W7165619274,3080
R07,W4417097979,3081
R07,W7147391687,3082
R07,W4416427068,3083
R07,W7135236636,3084
R07,W4417142764,3085
R07,W7160860687,3086
R07,W4402939598,3087
R07,W7140873060,3088
R07,W4403433605,3089
R07,W7123353925,3090
R07,W4409870974,3091
R07,W4415884510,3092
R07,W7151237236,3093
R07,W3139200809,3094
R07,W7117894233,3095
R07,W7162398920,3096
R07,W7171368679,3097
R07,W4281939555,3098
R07,W7125528323,3099
R07,W7216676131,3100
R07,W7127580231,3101
R07,W7115558897,3102
R07,W7127633689,3103
R07,W7162411573,3104
R07,W7128005419,3105
R07,W7213987427,3106
R07,W7202297118,3107
R07,W4312255948,3108
R07,W7220350579,3109
R07,W7117580320,3110
R07,W4409821086,3111
R07,W4388086944,3112
R07,W7140302307,3113
R07,W7160637171,3114
R07,W4393234264,3115
R07,W4399207463,3116
R07,W7162408304,3117
R07,W3129059548,3118
R07,W7136708778,3119
R07,W4410088953,3120
R07,W4411182996,3121
R07,W7208790989,3122
R07,W4412647087,3123
R07,W7218223220,3124
R07,W7171333030,3125
R07,W4414953707,3126
R07,W7211972120,3127
R07,W7128435394,3128
R07,W7211966564,3129
R07,W7213561147,3130
R07,W7118140156,3131
R07,W7196949137,3132
R07,W7171316052,3133
R07,W7202362455,3134
R07,W4409634268,3135
R07,W4410074866,3136
R07,W7131638650,3137
R07,W4407541673,3138
R07,W7122813403,3139
R07,W7134134757,3140
R07,W7163528826,3141
R07,W7203653646,3142
R07,W7108226745,3143
R07,W4409243521,3144
R07,W4409696166,3145
R07,W7108211700,3146
R07,W4403223412,3147
R07,W4401216810,3148
R07,W7167910232,3149
R07,W7153498162,3150
R07,W7140083325,3151
R07,W7169529319,3152
R07,W4409778365,3153
R07,W3163817232,3154
R07,W7215619352,3155
R07,W4408761477,3156
R07,W7167920367,3157
R07,W3212924690,3158
R07,W7154841394,3159
R07,W4415362287,3160
R07,W7117123982,3161
R07,W7208835814,3162
R07,W7136514068,3163
R07,W7170151005,3164
R07,W4416807233,3165
R07,W7124732675,3166
R07,W7136254491,3167
R07,W7203859596,3168
R07,W4417412532,3169
R07,W4416939926,3170
R07,W7117978293,3171
R07,W4413835804,3172
R07,W4402698933,3173
R07,W4407046585,3174
R07,W4407777005,3175
R07,W4402634243,3176
R07,W7151407956,3177
R07,W7204456393,3178
R07,W4412475507,3179
R07,W7118843734,3180
R07,W7161963692,3181
R07,W4412844434,3182
R07,W4411690971,3183
R07,W7143476743,3184
R07,W7217343212,3185
R07,W4414365328,3186
R07,W7164142548,3187
R07,W4415317023,3188
R07,W4408350323,3189
R07,W4403864097,3190
R07,W7172521691,3191
R07,W7119504559,3192
R07,W4416393567,3193
R07,W7203617487,3194
R07,W7217441983,3195
R07,W4385387607,3196
R07,W7124459994,3197
R07,W7216715460,3198
R07,W7204198670,3199
R07,W7214218851,3200
R07,W7214218851,3201
R07,W7204202474,3202
R07,W4395701545,3203
R07,W7125780563,3204
R07,W4415384765,3205
R07,W4390754344,3206
R07,W3145602054,3207
R07,W4415194557,3208
R07,W4408039568,3209
R07,W7117996046,3210
R07,W7128728008,3211
R07,W7140376652,3212
R07,W4406212939,3213
R07,W7148638653,3214
R07,W4410311816,3215
R07,W7163000403,3216
R07,W4414922586,3217
R07,W4378468668,3218
R07,W7117472355,3219
R07,W7214178702,3220
R07,W4415694086,3221
R07,W7214576168,3222
R07,W7162800452,3223
R07,W4404278635,3224
R07,W7131123038,3225
R07,W7131670300,3226
R07,W7126394003,3227
R07,W7214630413,3228
R07,W4408924568,3229
R07,W7151744492,3230
R07,W7117484825,3231
R07,W7215118615,3232
R07,W4408907807,3233
R07,W7152106142,3234
R07,W7163228316,3235
R07,W7215057357,3236
R07,W4414150247,3237
R07,W7215041810,3238
R07,W7131065751,3239
R07,W7164550407,3240
R07,W7214826831,3241
R07,W7171876035,3242
R07,W4292013659,3243
R07,W7219819965,3244
R07,W7163712277,3245
R07,W3186902272,3246
R07,W7214067609,3247
R07,W4416353676,3248
R07,W4213415925,3249
R07,W7108635726,3250
R07,W7204457869,3251
R07,W7108620628,3252
R07,W7171808278,3253
R07,W7161490272,3254
R07,W7131207416,3255
R07,W7108686484,3256
R07,W7166833385,3257
R07,W7131226100,3258
R07,W7116843637,3259
R07,W7161486186,3260
R07,W7108600535,3261
R07,W7117078801,3262
R07,W4406170188,3263
R07,W7205709082,3264
R07,W7127627962,3265
R07,W4405363376,3266
R07,W7134903781,3267
R07,W7210269087,3268
R07,W4408978246,3269
R07,W4389001028,3270
R07,W4413988384,3271
R07,W3214913965,3272
R07,W4417187582,3273
R07,W4415039969,3274
R07,W4401974240,3275
R07,W4401819128,3276
R07,W4391385336,3277
R07,W7117487934,3278
R07,W4410981276,3279
R07,W4414649091,3280
R07,W7160521915,3281
R07,W4412638314,3282
R07,W7130958554,3283
R07,W4416238645,3284
R07,W4404635960,3285
R07,W7157594900,3286
R07,W7128726642,3287
R07,W4407213053,3288
R07,W7117878480,3289
R07,W3120709231,3290
R07,W7170050017,3291
R07,W7204912496,3292
R07,W7214317534,3293
R07,W7129375672,3294
R07,W7216730944,3295
R07,W4407903193,3296
R07,W7140807627,3297
R07,W7117486488,3298
R07,W7128202446,3299
R07,W7128203876,3300
R07,W7164803202,3301
R07,W2809650048,3302
R07,W4413969734,3303
R07,W7199072425,3304
R07,W7161936244,3305
R07,W4411078264,3306
R07,W4407669796,3307
R07,W4200155293,3308
R07,W7128711168,3309
R07,W4408845163,3310
R07,W7169509123,3311
R07,W7154744291,3312
R07,W4379203826,3313
R07,W4415885002,3314
R07,W3047969938,3315
R07,W7170086278,3316
R07,W7168556382,3317
R07,W7167416260,3318
R07,W4413795157,3319
R07,W4390413610,3320
R07,W7132993131,3321
R07,W7165736151,3322
R07,W7169721899,3323
R07,W4413290485,3324
R07,W7163296186,3325
R07,W7134252473,3326
R07,W7167428888,3327
R07,W7167477939,3328
R07,W4414949592,3329
R07,W7201835174,3330
R07,W7161590713,3331
R07,W7163556115,3332
R07,W7166876784,3333
R07,W4416580110,3334
R07,W4406589182,3335
R07,W7135054420,3336
R07,W7215093754,3337
R07,W4409877557,3338
R07,W7216478974,3339
R07,W4414683363,3340
R07,W7211898661,3341
R07,W4415454725,3342
R07,W3184321164,3343
R07,W7213540538,3344
R07,W4403876601,3345
R07,W7220202503,3346
R07,W4408733894,3347
R07,W4404088372,3348
R07,W7125398082,3349
R07,W4205199082,3350
R07,W7154580797,3351
R07,W7167023693,3352
R07,W4414374994,3353
R07,W7172101747,3354
R07,W7154245693,3355
R07,W7215291648,3356
R07,W7172129296,3357
R07,W4398766501,3358
R07,W3018896863,3359
R07,W4399023134,3360
R07,W4410314050,3361
R07,W7169765538,3362
R07,W7165118757,3363
R07,W4407963796,3364
R07,W4413929826,3365
R07,W4416917033,3366
R07,W4396895014,3367
R07,W7128920054,3368
R07,W4414272665,3369
R07,W4411879563,3370
R07,W4416291938,3371
R07,W4410909319,3372
R07,W4387078603,3373
R07,W7165035713,3374
R07,W7214790389,3375
R07,W7170035115,3376
R07,W7172098358,3377
R07,W7163914147,3378
R07,W2523623091,3379
R07,W7214244276,3380
R07,W7172094868,3381
R07,W4396683145,3382
R07,W7203580760,3383
R07,W7207819225,3384
R07,W7162993746,3385
R07,W4413985812,3386
R07,W7165779986,3387
R07,W4415772950,3388
R07,W7204000482,3389
R07,W7214274533,3390
R07,W7213351567,3391
R07,W7133631896,3392
R07,W4415986615,3393
R07,W7214486687,3394
R07,W7161790105,3395
R07,W4416535287,3396
R07,W4381490968,3397
R07,W7212029700,3398
R07,W7163191601,3399
R07,W7162649547,3400
R07,W7163125469,3401
R07,W7167221624,3402
R07,W4414310778,3403
R07,W4410014304,3404
R07,W4396920681,3405
R07,W7138911959,3406
R07,W7153203520,3407
R07,W7219516641,3408
R07,W4406834022,3409
R07,W4411097014,3410
R07,W7204927552,3411
R07,W7131400617,3412
R07,W7197050464,3413
R07,W7204874501,3414
R07,W7218028566,3415
R07,W7169728629,3416
R07,W4413958973,3417
R07,W4410036515,3418
R07,W7165454177,3419
R07,W7202210794,3420
R07,W7165449946,3421
R07,W7130521711,3422
R07,W4414531441,3423
R07,W7125404301,3424
R07,W4412824387,3425
R07,W7160181640,3426
R07,W2909279128,3427
R07,W7207649408,3428
R07,W7166187273,3429
R07,W7204252036,3430
R07,W7167204590,3431
R07,W7170064605,3432
R07,W7128440930,3433
R07,W7171448541,3434
R07,W7167698606,3435
R07,W7149192530,3436
R07,W7219765867,3437
R07,W4399552658,3438
R07,W7143328531,3439
R07,W4412199146,3440
R07,W4409584924,3441
R07,W7130357210,3442
R07,W4417305514,3443
R07,W7138013546,3444
R07,W7171639459,3445
R07,W7171651763,3446
R07,W4413872349,3447
R07,W4413884401,3448
R07,W7218012653,3449
R07,W7118252099,3450
R07,W4293011235,3451
R07,W4283012566,3452
R07,W4412159034,3453
R07,W7134917772,3454
R07,W7204894796,3455
R07,W4413803942,3456
R07,W7171623382,3457
R07,W7128422429,3458
R07,W7138057992,3459
R07,W7133884774,3460
R07,W7165629956,3461
R07,W7139978412,3462
R07,W7131799040,3463
R07,W7139098485,3464
R07,W4415937946,3465
R07,W4410121602,3466
R07,W7172499018,3467
R07,W7160050350,3468
R07,W7129487998,3469
R07,W4416943557,3470
R07,W4387021030,3471
R07,W3048861572,3472
R07,W7172137059,3473
R07,W4406362086,3474
R07,W7130352336,3475
R07,W7172095284,3476
R07,W4412815333,3477
R07,W4411371812,3478
R07,W3156501778,3479
R07,W7147496495,3480
R07,W7147486744,3481
R07,W7214702394,3482
R07,W7143584129,3483
R07,W7160698429,3484
R07,W7171546374,3485
R07,W3213915266,3486
R07,W7214217413,3487
R07,W7152610332,3488
R07,W7165668250,3489
R07,W7165612314,3490
R07,W4399401701,3491
R07,W7161772904,3492
R07,W7162688749,3493
R07,W7162285282,3494
R07,W3178142270,3495
R07,W7159790693,3496
R07,W7213299506,3497
R07,W7136309340,3498
R07,W7106325756,3499
R07,W7136668274,3500
R07,W4408410909,3501
R07,W7106322655,3502
R07,W7155394821,3503
R07,W7160409749,3504
R07,W7125162989,3505
R07,W7162288584,3506
R07,W7211912834,3507
R07,W7162424026,3508
R07,W7170140043,3509
R07,W7162092284,3510
R07,W7218159294,3511
R07,W7170157472,3512
R07,W7154838451,3513
R07,W7160406290,3514
R07,W2573251993,3515
R07,W4415962146,3516
R07,W4416780879,3517
R07,W4399164619,3518
R07,W4414930695,3519
R07,W7170063460,3520
R07,W7125777468,3521
R07,W4408187614,3522
R07,W7105614842,3523
R07,W7134958808,3524
R07,W4385740837,3525
R07,W7162664347,3526
R07,W7201885313,3527
R07,W4409953858,3528
R07,W3047099136,3529
R07,W7204528264,3530
R07,W7154909476,3531
R07,W7154914747,3532
R07,W7211873166,3533
R07,W3029442632,3534
R07,W7212303112,3535
R07,W7164555048,3536
R07,W7151346950,3537
R07,W7207677389,3538
R07,W4378673684,3539
R07,W4386609327,3540
R07,W4405641068,3541
R07,W7140164016,3542
R07,W7154681861,3543
R07,W7204945793,3544
R07,W2799734952,3545
R07,W7203486139,3546
R07,W4388934162,3547
R07,W4287243574,3548
R07,W7104004028,3549
R07,W7103990491,3550
R07,W7169597997,3551
R07,W7163410075,3552
R07,W4409175826,3553
R07,W7171308592,3554
R07,W4319458764,3555
R07,W7171304110,3556
R07,W7163890870,3557
R07,W7207866905,3558
R07,W7207610141,3559
R07,W7204275698,3560
R07,W7204250849,3561
R07,W7167255515,3562
R07,W7202291255,3563
R07,W7167273477,3564
R07,W4417444401,3565
R07,W7166674210,3566
R07,W4416639880,3567
R07,W7216918781,3568
R07,W7120432014,3569
R07,W4409348850,3570
R07,W7167512347,3571
R07,W7160759037,3572
R07,W2964716844,3573
R07,W7160753314,3574
R07,W4412102279,3575
R07,W7127285779,3576
R07,W4403604995,3577
R07,W7212373428,3578
R07,W4414574314,3579
R07,W7161605968,3580
R07,W7203949903,3581
R07,W7152028441,3582
R07,W7160274059,3583
R07,W4317617491,3584
R07,W7162771359,3585
R07,W7167286458,3586
R07,W7168361161,3587
R07,W7165683226,3588
R07,W7216672835,3589
R07,W7216416828,3590
R07,W7215950021,3591
R07,W4407590334,3592
R07,W4386472056,3593
R07,W7161058694,3594
R07,W4415920513,3595
R07,W3192507158,3596
R07,W7148703310,3597
R07,W7148812636,3598
R07,W7203903328,3599
R07,W7163135273,3600
R07,W7161783619,3601
R07,W2493854393,3602
R07,W4413799287,3603
R07,W7201867136,3604
R07,W4413005452,3605
R07,W7201862242,3606
R07,W7201869747,3607
R07,W7147231671,3608
R07,W7167573778,3609
R07,W7167789164,3610
R07,W7167408636,3611
R07,W4385312037,3612
R07,W7106270623,3613
R07,W7106334408,3614
R07,W7214549561,3615
R07,W4412379163,3616
R07,W7213802657,3617
R07,W4403817516,3618
R07,W7212171577,3619
R07,W7212148124,3620
R07,W7143396341,3621
R07,W7143504232,3622
R07,W7166552456,3623
R07,W4297965370,3624
R07,W4400133098,3625
R07,W7118068119,3626
R07,W7118080618,3627
R07,W2288419329,3628
R07,W7128474186,3629
R07,W4285500625,3630
R07,W7159817018,3631
R07,W7159821452,3632
R07,W7138839457,3633
R07,W4391463814,3634
R07,W7167733232,3635
R07,W2967571403,3636
R07,W7155703628,3637
R07,W7155694578,3638
R07,W4324017680,3639
R07,W7166301071,3640
R07,W2791563363,3641
R07,W4412556611,3642
R07,W7152798166,3643
R07,W4416890651,3644
R07,W4406639558,3645
R07,W4408140514,3646
R07,W4410183135,3647
R07,W2782606626,3648
R07,W4403647077,3649
R07,W4289780944,3650
R07,W4414782266,3651
R07,W4406481437,3652
R07,W4406480877,3653
R08,W2403221623,1
R08,W2948020592,2
R08,W4387211724,3
R08,W4321074722,4
R08,W4415022337,5
R08,W4313423737,6
R08,W2418578343,7
R08,W7139776548,8
R08,W7202339756,9
R08,W4405102810,10
R08,W3116056310,11
R08,W4383860829,12
R08,W7143644984,13
R08,W4410602927,14
R08,W4402508278,15
R08,W4353047030,16
R08,W7127118004,17
R08,W4396867903,18
R08,W7127637751,19
R08,W3044683453,20
R08,W4414292868,21
R08,W7168397979,22
R08,W7168299007,23
R08,W2227911728,24
R08,W2190832554,25
R08,W3194970295,26
R08,W3197871502,27
R08,W2464236921,28
R08,W4285539250,29
R08,W7151231670,30
R08,W4375852239,31
R08,W7161603837,32
R08,W7216991453,33
R08,W7160283389,34
R08,W2259641510,35
R08,W3006127722,36
R08,W2973289821,37
R08,W4409169423,38
R08,W7214916864,39
R08,W4318486280,40
R08,W3163081069,41
R08,W3118727317,42
R08,W7217701746,43
R08,W2919841114,44
R08,W7132815807,45
R08,W2985525694,46
R08,W3082029044,47
R08,W4386940273,48
R08,W4411805390,49
R08,W4402144895,50
R08,W2921883697,51
R08,W2981988423,52
R08,W3034102283,53
R08,W4283730584,54
R08,W2907495907,55
R08,W2793310798,56
R08,W4410706281,57
R08,W4413028359,58
R08,W1989294455,59
R08,W2951311407,60
R08,W4223614374,61
R08,W7162953596,62
R08,W7169806193,63
R08,W4377221003,64
R08,W2923927723,65
R08,W7162941084,66
R08,W3097715661,67
R08,W2507333996,68
R08,W2318428472,69
R08,W3127593759,70
R08,W2183182625,71
R08,W2220650831,72
R08,W2906692359,73
R08,W4220828598,74
R08,W4210432432,75
R08,W4211085125,76
R08,W4319003757,77
R08,W4416718163,78
R08,W4416556717,79
R08,W2548326858,80
R08,W3036164725,81
R08,W4281690690,82
R08,W2072377426,83
R08,W2604774950,84
R08,W4323340242,85
R08,W4387225886,86
R08,W4407632819,87
R08,W7215047309,88
R08,W2617144958,89
R08,W2617636983,90
R08,W4408025427,91
R08,W4396219592,92
R08,W4220912149,93
R08,W7161052215,94
R08,W4288727354,95
R08,W2941886324,96
R08,W4399846894,97
R08,W4402321006,98
R08,W4403356417,99
R08,W7217901378,100
R08,W3010212250,101
R08,W7167892992,102
R08,W7213450426,103
R08,W4381806131,104
R08,W7164736133,105
R08,W2808159905,106
R08,W4379472329,107
R08,W3169007893,108
R08,W4413377325,109
R08,W4414555006,110
R08,W3133346652,111
R08,W4404260439,112
R08,W2594880985,113
R08,W3174023486,114
R08,W4402446095,115
R08,W1665452530,116
R08,W4395485278,117
R08,W2775995374,118
R08,W2899831755,119
R08,W4405431177,120
R08,W2745692438,121
R08,W7213348458,122
R08,W7150919318,123
R08,W2772246595,124
R08,W4379419466,125
R08,W3001242941,126
R08,W2917164153,127
R08,W3018392932,128
R08,W4412768885,129
R08,W7212246944,130
R08,W4378981287,131
R08,W4413842446,132
R08,W4392772770,133
R08,W2402396723,134
R08,W2899006573,135
R08,W2950045180,136
R08,W7208222483,137
R08,W7167832101,138
R08,W2751094664,139
R08,W4378575709,140
R08,W2759179030,141
R08,W4388981041,142
R08,W4412839498,143
R08,W2364711820,144
R08,W3088974839,145
R08,W2781570162,146
R08,W4389814921,147
R08,W2993439836,148
R08,W4323360574,149
R08,W4408025418,150
R08,W3138053746,151
R08,W4402135712,152
R08,W4407958688,153
R08,W2506971477,154
R08,W7203598978,155
R08,W2955335029,156
R08,W2283027854,157
R08,W2922454744,158
R08,W7133357829,159
R08,W4299547942,160
R08,W4414258593,161
R08,W3087427540,162
R08,W3111589518,163
R08,W4388976663,164
R08,W2256478094,165
R08,W3045874828,166
R08,W4280548781,167
R08,W3101955835,168
R08,W7167261131,169
R08,W4388152664,170
R08,W4316623126,171
R08,W7171618688,172
R08,W3197497876,173
R08,W3016461665,174
R08,W3012180733,175
R08,W2290980649,176
R08,W4386969553,177
R08,W7161597788,178
R08,W7171718375,179
R08,W2926013322,180
R08,W4380357639,181
R08,W4386758543,182
R08,W2772947437,183
R08,W3048343754,184
R08,W7163037772,185
R08,W4297337773,186
R08,W2625912858,187
R08,W2281031924,188
R08,W7164925953,189
R08,W2980575467,190
R08,W2507690527,191
R08,W2921982802,192
R08,W2809752264,193
R08,W2606028202,194
R08,W3040573956,195
R08,W2884033095,196
R08,W2763640653,197
R08,W2569595051,198
R08,W7165174417,199
R08,W1921904273,200
R08,W2971040265,201
R08,W7170039777,202
R08,W7117493918,203
R08,W2414072040,204
R08,W4387141151,205
R08,W4389289029,206
R08,W2989721531,207
R08,W2345512604,208
R08,W2998717071,209
R08,W7115700702,210
R08,W4412035174,211
R08,W2319477217,212
R08,W2944250979,213
R08,W4242518965,214
R08,W2568921824,215
R08,W2980018545,216
R08,W7124722325,217
R08,W2915738254,218
R08,W2981262536,219
R08,W4405502414,220
R08,W2917998449,221
R08,W2795069281,222
R08,W2624140444,223
R08,W4321437296,224
R08,W3175447384,225
R08,W7164852238,226
R08,W2808324765,227
R08,W4386619631,228
R08,W2583176930,229
R08,W2263781872,230
R08,W4362595824,231
R08,W3047810749,232
R08,W7204808334,233
R08,W4403916897,234
R08,W4289211360,235
R08,W2997221188,236
R08,W3157554610,237
R08,W4361029500,238
R08,W4285746325,239
R08,W3193840990,240
R08,W4397019908,241
R08,W3015974511,242
R08,W4393393873,243
R08,W7139005511,244
R08,W4383560082,245
R08,W3171419260,246
R08,W4393950479,247
R08,W2265840526,248
R08,W7110826440,249
R08,W4407372208,250
R08,W3005564457,251
R08,W4399972957,252
R08,W4409903471,253
R08,W2592205830,254
R08,W3207647093,255
R08,W2967606136,256
R08,W3135281617,257
R08,W3005044026,258
R08,W4415757802,259
R08,W7072274795,260
R08,W4285217395,261
R08,W3198152473,262
R08,W2273040704,263
R08,W2504287038,264
R08,W7214706249,265
R08,W3189882196,266
R08,W2552495240,267
R08,W2924206577,268
R08,W7204935018,269
R08,W4413112110,270
R08,W3013142891,271
R08,W1554154296,272
R08,W4406931360,273
R08,W7167792588,274
R08,W4210496873,275
R08,W2799852733,276
R08,W802254252,277
R08,W4223433975,278
R08,W7167666913,279
R08,W7214682831,280
R08,W2109713036,281
R08,W4206262110,282
R08,W2995019507,283
R08,W2810794113,284
R08,W7167208512,285
R08,W2767016398,286
R08,W7131124907,287
R08,W4408489569,288
R08,W4248448317,289
R08,W4411779041,290
R08,W2883951072,291
R08,W3198171799,292
R08,W2195522692,293
R08,W2374415223,294
R08,W3021396355,295
R08,W4399560005,296
R08,W4406513128,297
R08,W3087659073,298
R08,W2256606012,299
R08,W108511941,300
R08,W4385550265,301
R08,W4323923248,302
R08,W4407684286,303
R08,W2798083495,304
R08,W3021697953,305
R08,W7169653667,306
R08,W2803283481,307
R08,W2794965219,308
R08,W7118124072,309
R08,W4389329868,310
R08,W7212404416,311
R08,W4206480475,312
R08,W4388043838,313
R08,W2550681095,314
R08,W7171471406,315
R08,W7171400946,316
R08,W3138603702,317
R08,W1516527445,318
R08,W3037005139,319
R08,W4394726709,320
R08,W7140364045,321
R08,W7147634379,322
R08,W4410166771,323
R08,W3013672672,324
R08,W7172332388,325
R08,W2792930962,326
R08,W4403452349,327
R08,W7172490417,328
R08,W4414689725,329
R08,W4389849433,330
R08,W2435384760,331
R08,W3010011443,332
R08,W7152550516,333
R08,W3167138959,334
R08,W2529110443,335
R08,W4403909971,336
R08,W7202180729,337
R08,W7162421766,338
R08,W4391230083,339
R08,W7171984084,340
R08,W4401324203,341
R08,W3104354191,342
R08,W7214599080,343
R08,W4401626860,344
R08,W4391115316,345
R08,W3193615791,346
R08,W3112334843,347
R08,W4361273159,348
R08,W4413984317,349
R08,W4402170476,350
R08,W4386604195,351
R08,W4246044770,352
R08,W4410279252,353
R08,W3142035349,354
R08,W7134196535,355
R08,W4414711018,356
R08,W7172446029,357
R08,W4414060226,358
R08,W7166535303,359
R08,W7125789746,360
R08,W7165177757,361
R08,W4290473313,362
R08,W4411926156,363
R08,W3197224133,364
R08,W4413234747,365
R08,W7125780350,366
R08,W4412188238,367
R08,W7168396113,368
R08,W3174947636,369
R08,W4386993832,370
R08,W7165143905,371
R08,W4408969043,372
R08,W4294442468,373
R08,W4407141394,374
R08,W7170104501,375
R08,W7133223008,376
R08,W7128921969,377
R08,W7138899000,378
R08,W7133187332,379
R08,W7165572727,380
R08,W4415679806,381
R08,W4392028801,382
R08,W4200154694,383
R08,W7167897070,384
R08,W4413807080,385
R08,W7129205133,386
R08,W2992224369,387
R08,W2533010365,388
R08,W4416091317,389
R08,W4417058628,390
R08,W3008182600,391
R08,W4206439877,392
R08,W4415042419,393
R08,W7131672451,394
R08,W7159586602,395
R08,W7171548104,396
R08,W7159677789,397
R08,W4406685159,398
R08,W2923337565,399
R08,W4399319161,400
R08,W7171937255,401
R08,W7148208325,402
R08,W7133485096,403
R08,W7153076369,404
R08,W7171080994,405
R08,W2255824898,406
R08,W2738289457,407
R08,W4415861948,408
R08,W4412088649,409
R08,W4399215747,410
R08,W2976927777,411
R08,W4388673967,412
R08,W4408284992,413
R08,W4416145122,414
R08,W4410416232,415
R08,W4401427911,416
R08,W2381676756,417
R08,W7171641357,418
R08,W2343993703,419
R08,W4414556499,420
R08,W4297915403,421
R08,W3082587887,422
R08,W2154317628,423
R08,W4297627646,424
R08,W7166045613,425
R08,W4285142434,426
R08,W4408808788,427
R08,W4382981529,428
R08,W4415596510,429
R08,W7204918606,430
R08,W4285153036,431
R08,W3037356118,432
R08,W2803582155,433
R08,W4280572301,434
R08,W2774934896,435
R08,W3188274917,436
R08,W4220765368,437
R08,W7172443964,438
R08,W7172441937,439
R08,W7113556815,440
R08,W2957303644,441
R08,W4400249691,442
R08,W4402354677,443
R08,W4416827765,444
R08,W3129620901,445
R08,W7217525986,446
R08,W7213079405,447
R08,W2513802982,448
R08,W2339085313,449
R08,W4229977680,450
R08,W2959051791,451
R08,W7135404634,452
R08,W7135399044,453
R08,W7130590404,454
R08,W4407762967,455
R08,W4402883650,456
R08,W4366455708,457
R08,W4393988650,458
R08,W7171055976,459
R08,W2297290392,460
R08,W3096770012,461
R08,W7134973197,462
R08,W7140187991,463
R08,W3199461235,464
R08,W4206923048,465
R08,W3092443326,466
R08,W2801415271,467
R08,W3026880853,468
R08,W3124304979,469
R08,W3046881231,470
R08,W3206045526,471
R08,W4281628786,472
R08,W2895356990,473
R08,W2791009590,474
R08,W2560536016,475
R08,W4416770181,476
R08,W2702100557,477
R08,W4410146085,478
R08,W4413817903,479
R08,W7131283438,480
R08,W2244711047,481
R08,W4225307822,482
R08,W2979443982,483
R08,W7169660895,484
R08,W2803641009,485
R08,W7214084615,486
R08,W4304757214,487
R08,W7161826342,488
R08,W7131316382,489
R08,W4403256681,490
R08,W3114137265,491
R08,W4414879859,492
R08,W7220281573,493
R08,W7161580555,494
R08,W7171675608,495
R08,W7171731046,496
R08,W4416287068,497
R08,W3096972853,498
R08,W4400614866,499
R08,W4403483037,500
R08,W2921452995,501
R08,W4200220451,502
R08,W4409274796,503
R08,W4404364914,504
R08,W7172130310,505
R08,W2548344827,506
R08,W3142815406,507
R08,W7172167964,508
R08,W2980168177,509
R08,W7204096556,510
R08,W3039143827,511
R08,W3039461025,512
R08,W4413002493,513
R08,W2587194448,514
R08,W2562613132,515
R08,W2936293417,516
R08,W2282534574,517
R08,W4395681432,518
R08,W4403483331,519
R08,W4303984104,520
R08,W4408065425,521
R08,W7216730921,522
R08,W4380151635,523
R08,W7213651688,524
R08,W2003992942,525
R08,W2961644522,526
R08,W4411221267,527
R08,W4402425824,528
R08,W3095775843,529
R08,W2531669438,530
R08,W2901569205,531
R08,W7133334557,532
R08,W3013512920,533
R08,W4300617662,534
R08,W3105303945,535
R08,W4289891072,536
R08,W4211000520,537
R08,W4320480642,538
R08,W4304889352,539
R08,W2766114057,540
R08,W4283270389,541
R08,W4391947887,542
R08,W2255883386,543
R08,W7172266084,544
R08,W4293120061,545
R08,W4392285587,546
R08,W2991355791,547
R08,W2883345846,548
R08,W4413148920,549
R08,W3131455977,550
R08,W2724443946,551
R08,W4246316011,552
R08,W2947109348,553
R08,W7212399252,554
R08,W7204500041,555
R08,W4413950605,556
R08,W7151513908,557
R08,W7135100997,558
R08,W4417499275,559
R08,W4416735461,560
R08,W4221019569,561
R08,W7132822242,562
R08,W4220654475,563
R08,W4378575401,564
R08,W2598769269,565
R08,W4282921422,566
R08,W2928051689,567
R08,W7214626342,568
R08,W4366501551,569
R08,W4361028523,570
R08,W4392479142,571
R08,W7171925906,572
R08,W2560103415,573
R08,W7117327236,574
R08,W7141453331,575
R08,W7163591934,576
R08,W7166704428,577
R08,W2944528643,578
R08,W2589702986,579
R08,W7117700390,580
R08,W2805033650,581
R08,W2473254694,582
R08,W2131631334,583
R08,W4293428228,584
R08,W7125649224,585
R08,W4385601968,586
R08,W4389492075,587
R08,W3162468930,588
R08,W4221019607,589
R08,W3112733659,590
R08,W7162699107,591
R08,W4401398669,592
R08,W7196963393,593
R08,W2319799419,594
R08,W4280553038,595
R08,W4409722824,596
R08,W2991302410,597
R08,W7168296209,598
R08,W4412647365,599
R08,W4309109900,600
R08,W7128721983,601
R08,W4254714697,602
R08,W2752651531,603
R08,W4294185512,604
R08,W2324395859,605
R08,W4385568556,606
R08,W7213551971,607
R08,W3042134147,608
R08,W3117843121,609
R08,W2891148630,610
R08,W2889098026,611
R08,W4411856541,612
R08,W3001099245,613
R08,W7163362484,614
R08,W2573201918,615
R08,W2921043841,616
R08,W7160324385,617
R08,W7160289006,618
R08,W4409359687,619
R08,W4404884408,620
R08,W4391404104,621
R08,W2153185864,622
R08,W2887786670,623
R08,W7163782476,624
R08,W3182465993,625
R08,W4412457589,626
R08,W2952461882,627
R08,W7214664273,628
R08,W3190255305,629
R08,W4415096647,630
R08,W4213000252,631
R08,W4307977530,632
R08,W4386624208,633
R08,W3045008081,634
R08,W7134926530,635
R08,W3112628108,636
R08,W4405531433,637
R08,W4307922284,638
R08,W3119297064,639
R08,W7116679182,640
R08,W1926228267,641
R08,W4312490391,642
R08,W7135229661,643
R08,W7213429823,644
R08,W2042640811,645
R08,W4384338956,646
R08,W7135238901,647
R08,W4285119584,648
R08,W2740333898,649
R08,W2800315551,650
R08,W2910083338,651
R08,W7125795063,652
R08,W7171421457,653
R08,W7149229270,654
R08,W4385258008,655
R08,W4353061664,656
R08,W4380786890,657
R08,W7154891078,658
R08,W3198085201,659
R08,W7168390276,660
R08,W3164732382,661
R08,W7134046346,662
R08,W4313255396,663
R08,W4225156901,664
R08,W2581590629,665
R08,W4404650887,666
R08,W4388832277,667
R08,W3180209969,668
R08,W2989892686,669
R08,W4386139539,670
R08,W3043823888,671
R08,W4255419732,672
R08,W2904322188,673
R08,W3123268217,674
R08,W4416105965,675
R08,W2509932333,676
R08,W7153550120,677
R08,W2222126545,678
R08,W2766705465,679
R08,W2977994576,680
R08,W4295935600,681
R08,W2462680764,682
R08,W2904413997,683
R08,W4392841356,684
R08,W2781843851,685
R08,W4399404358,686
R08,W4406797224,687
R08,W3216580378,688
R08,W7214895819,689
R08,W4402461929,690
R08,W4308526959,691
R08,W4415954146,692
R08,W3197468465,693
R08,W3170285504,694
R08,W7124424722,695
R08,W4235695033,696
R08,W4402189919,697
R08,W3161491186,698
R08,W7127331921,699
R08,W4233902931,700
R08,W2973086168,701
R08,W4390533281,702
R08,W7125047780,703
R08,W4415427055,704
R08,W4401252541,705
R08,W7155602970,706
R08,W4408129868,707
R08,W3163976573,708
R08,W7213038139,709
R08,W4396913253,710
R08,W2494199885,711
R08,W7124295020,712
R08,W7162870557,713
R08,W7162856823,714
R08,W7124259900,715
R08,W2985348101,716
R08,W4281684165,717
R08,W4414151928,718
R08,W3024616113,719
R08,W4417513084,720
R08,W4312343360,721
R08,W7131794101,722
R08,W2745351831,723
R08,W4405150698,724
R08,W7213453129,725
R08,W7163184561,726
R08,W2260510661,727
R08,W3209973109,728
R08,W7155720890,729
R08,W7155721626,730
R08,W3096682058,731
R08,W4391072221,732
R08,W2753725209,733
R08,W4244422143,734
R08,W7203892747,735
R08,W4409196536,736
R08,W4407871741,737
R08,W4393143161,738
R08,W4413936859,739
R08,W4407387689,740
R08,W3025589553,741
R08,W4322710175,742
R08,W7220174332,743
R08,W2763877031,744
R08,W4388440948,745
R08,W7135180438,746
R08,W4402841570,747
R08,W4289821035,748
R08,W7130657848,749
R08,W7217613689,750
R08,W4387411040,751
R08,W4386779877,752
R08,W4409246841,753
R08,W2996818111,754
R08,W7215214391,755
R08,W4224133843,756
R08,W4416907877,757
R08,W2600145570,758
R08,W2946879106,759
R08,W4205428967,760
R08,W7216889051,761
R08,W4322710082,762
R08,W7211927658,763
R08,W2805771039,764
R08,W3130333405,765
R08,W4296755162,766
R08,W3172781507,767
R08,W3118805110,768
R08,W4238890775,769
R08,W4392210239,770
R08,W7165780070,771
R08,W7220281806,772
R08,W2228273617,773
R08,W2997890651,774
R08,W2799357468,775
R08,W7124461217,776
R08,W7165575097,777
R08,W3035706295,778
R08,W2926011797,779
R08,W4323360585,780
R08,W2212478508,781
R08,W7132852011,782
R08,W7218161314,783
R08,W4413775236,784
R08,W2895658579,785
R08,W3095428909,786
R08,W7165206460,787
R08,W7164670061,788
R08,W7164685735,789
R08,W7118911547,790
R08,W7217464171,791
R08,W2535327525,792
R08,W7203642725,793
R08,W7203638551,794
R08,W4417284239,795
R08,W7205005275,796
R08,W4256415891,797
R08,W2904885148,798
R08,W7218422215,799
R08,W2763482876,800
R08,W4254079059,801
R08,W4289455459,802
R08,W2969288514,803
R08,W3129992370,804
R08,W7113581830,805
R08,W4408953475,806
R08,W4409533504,807
R08,W4412416198,808
R08,W7104017436,809
R08,W7104040434,810
R08,W7171302081,811
R08,W4249870788,812
R08,W1260226320,813
R08,W7214067561,814
R08,W4388282119,815
R08,W7201925175,816
R08,W4407914216,817
R08,W4417093224,818
R08,W7211964906,819
R08,W2201975765,820
R08,W3216123297,821
R08,W7214463846,822
R08,W2944918215,823
R08,W7214459238,824
R08,W7214467529,825
R08,W7170195552,826
R08,W7214467495,827
R08,W4288253291,828
R08,W2740195285,829
R08,W3139380747,830
R08,W2741971391,831
R08,W4385278844,832
R08,W4385128041,833
R08,W4393934689,834
R08,W2768917038,835
R08,W4415988832,836
R08,W4406766665,837
R08,W7213417950,838
R08,W7211974308,839
R08,W4389105034,840
R08,W2979822085,841
R08,W2922043849,842
R08,W2983674207,843
R08,W4250224510,844
R08,W4310758423,845
R08,W2897643455,846
R08,W4226169312,847
R08,W7207854682,848
R08,W2768768622,849
R08,W7128452301,850
R08,W3184198041,851
R08,W1845444993,852
R08,W4283767031,853
R08,W4210830905,854
R08,W7117259346,855
R08,W3113346884,856
R08,W4413352168,857
R08,W3208100612,858
R08,W2460291981,859
R08,W4361270302,860
R08,W7164040459,861
R08,W7160267325,862
R08,W4413179356,863
R08,W4294024573,864
R08,W7208832665,865
R08,W4312383273,866
R08,W4323360551,867
R08,W7123344953,868
R08,W7160448084,869
R08,W3205129418,870
R08,W2970414942,871
R08,W4210510112,872
R08,W1932640386,873
R08,W7207722395,874
R08,W4399862220,875
R08,W2562466236,876
R08,W4409588048,877
R08,W4304193996,878
R08,W4313681562,879
R08,W2979897463,880
R08,W3172875582,881
R08,W7165549712,882
R08,W4417307585,883
R08,W3134961263,884
R08,W2346694697,885
R08,W7218759498,886
R08,W7160718609,887
R08,W3110875458,888
R08,W4412886352,889
R08,W4400891169,890
R08,W7168400168,891
R08,W7140301278,892
R08,W2599685908,893
R08,W2913742461,894
R08,W2133920451,895
R08,W2803560458,896
R08,W7218275248,897
R08,W2768893947,898
R08,W2501054392,899
R08,W7162522198,900
R08,W3101230442,901
R08,W4316040156,902
R08,W4408140585,903
R08,W4406926200,904
R08,W7216393835,905
R08,W7154681910,906
R08,W7171784061,907
R08,W4410280316,908
R08,W7165563405,909
R08,W4379881935,910
R08,W7159810258,911
R08,W2809337648,912
R08,W4403793922,913
R08,W4403764516,914
R08,W7160204082,915
R08,W7160150114,916
R08,W2770147157,917
R08,W3150552959,918
R08,W2994210394,919
R08,W7214762860,920
R08,W2336544236,921
R08,W3208765768,922
R08,W4312458562,923
R08,W1886288271,924
R08,W3155763652,925
R08,W4298055462,926
R08,W7217036919,927
R08,W4414691630,928
R08,W4414204081,929
R08,W4392805825,930
R08,W2960407059,931
R08,W4242528385,932
R08,W2971763339,933
R08,W4407396142,934
R08,W7152999735,935
R08,W3156685327,936
R08,W4399081242,937
R08,W4391025752,938
R08,W2799697529,939
R08,W2134952573,940
R08,W3108771440,941
R08,W3186226731,942
R08,W4249340191,943
R08,W1481520975,944
R08,W2805754575,945
R08,W4387465529,946
R08,W2983255501,947
R08,W7141805566,948
R08,W7213655957,949
R08,W4417520042,950
R08,W4403735607,951
R08,W7215270851,952
R08,W2594235056,953
R08,W7148600520,954
R08,W4414475937,955
R08,W2981122490,956
R08,W3157720733,957
R08,W7160435340,958
R08,W4388152588,959
R08,W4221127818,960
R08,W2115410503,961
R08,W7210288675,962
R08,W4411555036,963
R08,W4411205652,964
R08,W7217527883,965
R08,W4288063525,966
R08,W100099690,967
R08,W4408748396,968
R08,W2610885570,969
R08,W4255345469,970
R08,W2802243722,971
R08,W4226419079,972
R08,W7154689389,973
R08,W7133189200,974
R08,W4407078283,975
R08,W7147436253,976
R08,W4297513339,977
R08,W4389675021,978
R08,W7164815380,979
R08,W4408813854,980
R08,W7103893385,981
R08,W4292264027,982
R08,W4415296707,983
R08,W3080768714,984
R08,W4412972557,985
R08,W4210687304,986
R08,W4403865803,987
R08,W7126119365,988
R08,W3044177077,989
R08,W7103896271,990
R08,W4225117313,991
R08,W4363650343,992
R08,W3160774894,993
R08,W2344185349,994
R08,W2487836445,995
R08,W4396808870,996
R08,W7204799503,997
R08,W2922809386,998
R08,W2966504732,999
R08,W7163036357,1000
R08,W2961100597,1001
R08,W3210436140,1002
R08,W4384281791,1003
R08,W2314195466,1004
R08,W2211541821,1005
R08,W3013222460,1006
R08,W2231743691,1007
R08,W2989856974,1008
R08,W2945672857,1009
R08,W3177791279,1010
R08,W2861344700,1011
R08,W7133305098,1012
R08,W7170591276,1013
R08,W3217463910,1014
R08,W7140678253,1015
R08,W4412627344,1016
R08,W4229933601,1017
R08,W7214496220,1018
R08,W4415246376,1019
R08,W7134936836,1020
R08,W4412627448,1021
R08,W3202465950,1022
R08,W4415618409,1023
R08,W3132677113,1024
R08,W4297513332,1025
R08,W7160753333,1026
R08,W7119550340,1027
R08,W4411465253,1028
R08,W3174645785,1029
R08,W4410289606,1030
R08,W3198323307,1031
R08,W2749690286,1032
R08,W1249367100,1033
R08,W2500631116,1034
R08,W4413964594,1035
R08,W4303696337,1036
R08,W4409076699,1037
R08,W7202248262,1038
R08,W4229006362,1039
R08,W4400519381,1040
R08,W2941033365,1041
R08,W7171561506,1042
R08,W4405081938,1043
R08,W7125479647,1044
R08,W4404289101,1045
R08,W3028510929,1046
R08,W7214675270,1047
R08,W4214942953,1048
R08,W2759372537,1049
R08,W7119511753,1050
R08,W2899497039,1051
R08,W2996823955,1052
R08,W4410217663,1053
R08,W2944170368,1054
R08,W4414857326,1055
R08,W3141950839,1056
R08,W1907346837,1057
R08,W4415674109,1058
R08,W4289527821,1059
R08,W2958561375,1060
R08,W7162095617,1061
R08,W7106328574,1062
R08,W7204586936,1063
R08,W7128434941,1064
R08,W4415263878,1065
R08,W3197424202,1066
R08,W3178350675,1067
R08,W7155045061,1068
R08,W7161766274,1069
R08,W2036114499,1070
R08,W4401908936,1071
R08,W3094333752,1072
R08,W7140024105,1073
R08,W2979833146,1074
R08,W3134374354,1075
R08,W3139495268,1076
R08,W2607145227,1077
R08,W7139913403,1078
R08,W7214194226,1079
R08,W4410093382,1080
R08,W3013363791,1081
R08,W4412909345,1082
R08,W2899988042,1083
R08,W4416087195,1084
R08,W2889188153,1085
R08,W7163913021,1086
R08,W2602725130,1087
R08,W2990588339,1088
R08,W2888825851,1089
R08,W2757626280,1090
R08,W7171845651,1091
R08,W4293528091,1092
R08,W7171827469,1093
R08,W2275945470,1094
R08,W4318615246,1095
R08,W4253791765,1096
R08,W4398174062,1097
R08,W7214700154,1098
R08,W7202298240,1099
R08,W4415672717,1100
R08,W4389086294,1101
R08,W4245415178,1102
R08,W2570749709,1103
R08,W2123133728,1104
R08,W7159804925,1105
R08,W7105685698,1106
R08,W2979408201,1107
R08,W7163349435,1108
R08,W4402781894,1109
R08,W2484305625,1110
R08,W2792638136,1111
R08,W3012544405,1112
R08,W7161116915,1113
R08,W2803382104,1114
R08,W4318830543,1115
R08,W7212061514,1116
R08,W4406765501,1117
R08,W4390123090,1118
R08,W2633829404,1119
R08,W2745116956,1120
R08,W7143895966,1121
R08,W7204634425,1122
R08,W2341450425,1123
R08,W2342352178,1124
R08,W7120444723,1125
R08,W7156830233,1126
R08,W3133718340,1127
R08,W4397290369,1128
R08,W4285585682,1129
R08,W3133257583,1130
R08,W2508358606,1131
R08,W2941121627,1132
R08,W7131089337,1133
R08,W4214903293,1134
R08,W4408253198,1135
R08,W4417121936,1136
R08,W2755179518,1137
R08,W4401097387,1138
R08,W2336382866,1139
R08,W7155528767,1140
R08,W7117776439,1141
R08,W4414269290,1142
R08,W7172109603,1143
R08,W4403198438,1144
R08,W4414771607,1145
R08,W7172128062,1146
R08,W4405513795,1147
R08,W4366339852,1148
R08,W4380904816,1149
R08,W4390726931,1150
R08,W2522393098,1151
R08,W2568809483,1152
R08,W2900771415,1153
R08,W4389045737,1154
R08,W7154947443,1155
R08,W7160439565,1156
R08,W7171700395,1157
R08,W2997598475,1158
R08,W3049603201,1159
R08,W4415908498,1160
R08,W2604790694,1161
R08,W4214937142,1162
R08,W4312422886,1163
R08,W7216537861,1164
R08,W2942114749,1165
R08,W7162960068,1166
R08,W7167266076,1167
R08,W7216159358,1168
R08,W4410138327,1169
R08,W2497333859,1170
R08,W4361007289,1171
R08,W4323074994,1172
R08,W4412805854,1173
R08,W4414204321,1174
R08,W4411795805,1175
R08,W4246500684,1176
R08,W4401843940,1177
R08,W4416933530,1178
R08,W3016699015,1179
R08,W4403132186,1180
R08,W7164860009,1181
R08,W2346042050,1182
R08,W2912313958,1183
R08,W4410888219,1184
R08,W4285156500,1185
R08,W4411535932,1186
R08,W2595495550,1187
R08,W4392631369,1188
R08,W2280552836,1189
R08,W7132842582,1190
R08,W3104163365,1191
R08,W7151380030,1192
R08,W4328021861,1193
R08,W3202522170,1194
R08,W2112110862,1195
R08,W7220313080,1196
R08,W7167412959,1197
R08,W3138219750,1198
R08,W2789833428,1199
R08,W4245184798,1200
R08,W7217938599,1201
R08,W4409810622,1202
R08,W2595507191,1203
R08,W7117968862,1204
R08,W3080406058,1205
R08,W4412476398,1206
R08,W3133870054,1207
R08,W2994413940,1208
R08,W2976078395,1209
R08,W4320483672,1210
R08,W4410284674,1211
R08,W3092200150,1212
R08,W4412609670,1213
R08,W3112129628,1214
R08,W4413973103,1215
R08,W7213472057,1216
R08,W2147962118,1217
R08,W4400658828,1218
R08,W4239281376,1219
R08,W2600585237,1220
R08,W3090994343,1221
R08,W7125779880,1222
R08,W3138067828,1223
R08,W7167701147,1224
R08,W4312896429,1225
R08,W2255357878,1226
R08,W4283728642,1227
R08,W4389109036,1228
R08,W4214635974,1229
R08,W7167467114,1230
R08,W3012699369,1231
R08,W2792038098,1232
R08,W752711589,1233
R08,W7125492127,1234
R08,W4414926942,1235
R08,W4293078301,1236
R08,W7214885719,1237
R08,W7217363132,1238
R08,W7214961171,1239
R08,W4231424146,1240
R08,W3164366295,1241
R08,W2952468032,1242
R08,W4414476353,1243
R08,W2291307669,1244
R08,W2954125512,1245
R08,W1999764447,1246
R08,W2891725207,1247
R08,W2477440928,1248
R08,W4400562962,1249
R08,W2990240592,1250
R08,W2592646647,1251
R08,W3092122986,1252
R08,W4413131008,1253
R08,W2928564694,1254
R08,W4386560375,1255
R08,W7170218196,1256
R08,W7119469857,1257
R08,W4399366276,1258
R08,W4386647543,1259
R08,W7161610208,1260
R08,W7124317723,1261
R08,W4280630478,1262
R08,W2977348036,1263
R08,W3201224643,1264
R08,W2302280973,1265
R08,W4408752864,1266
R08,W4409713922,1267
R08,W4409698806,1268
R08,W4416666124,1269
R08,W2539036224,1270
R08,W7203478843,1271
R08,W2810426100,1272
R08,W2911194093,1273
R08,W4395110685,1274
R08,W7168246663,1275
R08,W2617217743,1276
R08,W7168251931,1277
R08,W3036469063,1278
R08,W2956571395,1279
R08,W7130335069,1280
R08,W4404845294,1281
R08,W4383295422,1282
R08,W2803239141,1283
R08,W7117732503,1284
R08,W4389704636,1285
R08,W7117730003,1286
R08,W7167503333,1287
R08,W7162755933,1288
R08,W7171822069,1289
R08,W7220263056,1290
R08,W7167479174,1291
R08,W7201981065,1292
R08,W2967879583,1293
R08,W7148369745,1294
R08,W2886339176,1295
R08,W4225115607,1296
R08,W3136892090,1297
R08,W3046843200,1298
R08,W7123345678,1299
R08,W7204115502,1300
R08,W4412927271,1301
R08,W7153278058,1302
R08,W2559324030,1303
R08,W7167041233,1304
R08,W2775697656,1305
R08,W3119558192,1306
R08,W7213915730,1307
R08,W3127297463,1308
R08,W4249242042,1309
R08,W7218996487,1310
R08,W7170143350,1311
R08,W4224945257,1312
R08,W7125917072,1313
R08,W4376117295,1314
R08,W4286980209,1315
R08,W2207927599,1316
R08,W4316020287,1317
R08,W7162956181,1318
R08,W7218596067,1319
R08,W7219138154,1320
R08,W7165728367,1321
R08,W7208714450,1322
R08,W7132826070,1323
R08,W3212341620,1324
R08,W3083326252,1325
R08,W4404642876,1326
R08,W7153968800,1327
R08,W4387146465,1328
R08,W4410017518,1329
R08,W2515154593,1330
R08,W7131286999,1331
R08,W2914492602,1332
R08,W7131218451,1333
R08,W4416160871,1334
R08,W4393309564,1335
R08,W4399500749,1336
R08,W2910757759,1337
R08,W7168122932,1338
R08,W2228422000,1339
R08,W2968797094,1340
R08,W4297370924,1341
R08,W7160374373,1342
R08,W4411516468,1343
R08,W4295836995,1344
R08,W7140145938,1345
R08,W1756601631,1346
R08,W4417448583,1347
R08,W4406212295,1348
R08,W4387638748,1349
R08,W7130607780,1350
R08,W3018726567,1351
R08,W4391196380,1352
R08,W2921165766,1353
R08,W7119504559,1354
R08,W7162950273,1355
R08,W7167740337,1356
R08,W4410328017,1357
R08,W7204236572,1358
R08,W7204110169,1359
R08,W4409349648,1360
R08,W2344384459,1361
R08,W4414715797,1362
R08,W7130330193,1363
R08,W7212010571,1364
R08,W7201889901,1365
R08,W4414157112,1366
R08,W3128023518,1367
R08,W7196927295,1368
R08,W4401909448,1369
R08,W2161382132,1370
R08,W2799960995,1371
R08,W7213440489,1372
R08,W4400690789,1373
R08,W4386825389,1374
R08,W1996611384,1375
R08,W3139539867,1376
R08,W4392287259,1377
R08,W7213464452,1378
R08,W7171631677,1379
R08,W2793506388,1380
R08,W4399534467,1381
R08,W3113447855,1382
R08,W2915041983,1383
R08,W4236772911,1384
R08,W4402374358,1385
R08,W2999394981,1386
R08,W4214866044,1387
R08,W4313220607,1388
R08,W4402056026,1389
R08,W7217577202,1390
R08,W4308339246,1391
R08,W4404424544,1392
R08,W4417034201,1393
R08,W4405536856,1394
R08,W4297496148,1395
R08,W4404724162,1396
R08,W4200047787,1397
R08,W7117992397,1398
R08,W4389404845,1399
R08,W7162420233,1400
R08,W2799968785,1401
R08,W7167811484,1402
R08,W2593104891,1403
R08,W4250374023,1404
R08,W657234850,1405
R08,W4214952197,1406
R08,W7220206541,1407
R08,W7140089150,1408
R08,W7130642568,1409
R08,W2984571329,1410
R08,W4307747620,1411
R08,W2286384154,1412
R08,W7140183848,1413
R08,W7217509578,1414
R08,W2735121175,1415
R08,W3122978326,1416
R08,W4410443181,1417
R08,W7139132653,1418
R08,W7117248407,1419
R08,W2945861108,1420
R08,W2337391392,1421
R08,W7165672582,1422
R08,W7161703161,1423
R08,W4407241690,1424
R08,W4282933236,1425
R08,W4416866987,1426
R08,W4394766054,1427
R08,W4310611288,1428
R08,W1577989530,1429
R08,W4403838595,1430
R08,W4415505957,1431
R08,W7215755492,1432
R08,W3183323226,1433
R08,W4327954164,1434
R08,W7131256801,1435
R08,W7215619352,1436
R08,W2342925409,1437
R08,W7131252655,1438
R08,W7124567651,1439
R08,W7117235122,1440
R08,W4391885267,1441
R08,W4295249443,1442
R08,W4382788271,1443
R08,W4395956459,1444
R08,W4415723845,1445
R08,W4409162961,1446
R08,W7132835889,1447
R08,W7161697911,1448
R08,W4296615528,1449
R08,W7207543633,1450
R08,W7207740583,1451
R08,W2056953702,1452
R08,W7167093279,1453
R08,W3091962957,1454
R08,W3175347223,1455
R08,W2742974127,1456
R08,W3114894653,1457
R08,W4390282486,1458
R08,W7204736133,1459
R08,W7215274527,1460
R08,W2983529162,1461
R08,W2704840849,1462
R08,W7204684719,1463
R08,W7143426259,1464
R08,W3085344611,1465
R08,W4404832055,1466
R08,W4414261051,1467
R08,W4402674987,1468
R08,W3035541381,1469
R08,W3187288090,1470
R08,W2800181731,1471
R08,W3034297569,1472
R08,W7130924281,1473
R08,W7143301742,1474
R08,W881786405,1475
R08,W4412172957,1476
R08,W3180550733,1477
R08,W3203371090,1478
R08,W7154593032,1479
R08,W3018788856,1480
R08,W7117307406,1481
R08,W2912341183,1482
R08,W7171491370,1483
R08,W4303446476,1484
R08,W7163538444,1485
R08,W7171445624,1486
R08,W7170219636,1487
R08,W7167729630,1488
R08,W7163749801,1489
R08,W7122414143,1490
R08,W7213551308,1491
R08,W2995014810,1492
R08,W2535990532,1493
R08,W3081589344,1494
R08,W7201868148,1495
R08,W7202075468,1496
R08,W7164023800,1497
R08,W7126190223,1498
R08,W7162426415,1499
R08,W4394855203,1500
R08,W7164517088,1501
R08,W7214236577,1502
R08,W7213862206,1503
R08,W2548552955,1504
R08,W7160177855,1505
R08,W7135135791,1506
R08,W7171667850,1507
R08,W4408186134,1508
R08,W2922769578,1509
R08,W2917716001,1510
R08,W2886816954,1511
R08,W4416774674,1512
R08,W3136555473,1513
R08,W3156661679,1514
R08,W7159773344,1515
R08,W2275424014,1516
R08,W4414382214,1517
R08,W4392204315,1518
R08,W7170158873,1519
R08,W7163704041,1520
R08,W7155377225,1521
R08,W2952630363,1522
R08,W7118867043,1523
R08,W7214523404,1524
R08,W2955118256,1525
R08,W7124455266,1526
R08,W4297876333,1527
R08,W2756861172,1528
R08,W4366150697,1529
R08,W4388104480,1530
R08,W2180274924,1531
R08,W3094173439,1532
R08,W2792154935,1533
R08,W4396853269,1534
R08,W7154493632,1535
R08,W2129221115,1536
R08,W7125392271,1537
R08,W4298062223,1538
R08,W7163702080,1539
R08,W4321459260,1540
R08,W4380288113,1541
R08,W4323927194,1542
R08,W4386579707,1543
R08,W3015225636,1544
R08,W7160923173,1545
R08,W7217409992,1546
R08,W7220193699,1547
R08,W4389279504,1548
R08,W4253109527,1549
R08,W7161581212,1550
R08,W7116918393,1551
R08,W4317567795,1552
R08,W3173038164,1553
R08,W7214815865,1554
R08,W4221019182,1555
R08,W4386660262,1556
R08,W3173600863,1557
R08,W4396761742,1558
R08,W4407876724,1559
R08,W4400170060,1560
R08,W7165632386,1561
R08,W7212731764,1562
R08,W7133336842,1563
R08,W2996061318,1564
R08,W7165670074,1565
R08,W2802339121,1566
R08,W7138896848,1567
R08,W2600369442,1568
R08,W4391452751,1569
R08,W4416149323,1570
R08,W7220103264,1571
R08,W4220766369,1572
R08,W4408706740,1573
R08,W2179654636,1574
R08,W7154856297,1575
R08,W4411396493,1576
R08,W7118529905,1577
R08,W4390106349,1578
R08,W4366069028,1579
R08,W2512383519,1580
R08,W4411346758,1581
R08,W7147036772,1582
R08,W4414578652,1583
R08,W7203826965,1584
R08,W4220779730,1585
R08,W7166861444,1586
R08,W4386565431,1587
R08,W7216543999,1588
R08,W1599162806,1589
R08,W4206668374,1590
R08,W4386594957,1591
R08,W4415046518,1592
R08,W4415690837,1593
R08,W7147242433,1594
R08,W4405544464,1595
R08,W4401752041,1596
R08,W7218320860,1597
R08,W2888914715,1598
R08,W7204036379,1599
R08,W7160530391,1600
R08,W7162527002,1601
R08,W7128433128,1602
R08,W7162565866,1603
R08,W7161041932,1604
R08,W4416713369,1605
R08,W4406220014,1606
R08,W2897218621,1607
R08,W4316670343,1608
R08,W4399827824,1609
R08,W2999183315,1610
R08,W4361831325,1611
R08,W3045468704,1612
R08,W7160702002,1613
R08,W4205160240,1614
R08,W4285307796,1615
R08,W7220180606,1616
R08,W4299397934,1617
R08,W3097287307,1618
R08,W7116984451,1619
R08,W7131617440,1620
R08,W7213539195,1621
R08,W4408611501,1622
R08,W7171384997,1623
R08,W7171446313,1624
R08,W2105957264,1625
R08,W4399725018,1626
R08,W4416306703,1627
R08,W3176819884,1628
R08,W4412625706,1629
R08,W2806802472,1630
R08,W7164341677,1631
R08,W7197042074,1632
R08,W4408230796,1633
R08,W7159821061,1634
R08,W4409729554,1635
R08,W4382584980,1636
R08,W7152518164,1637
R08,W7201835174,1638
R08,W7212634098,1639
R08,W7170040028,1640
R08,W7160603739,1641
R08,W2954317596,1642
R08,W4210723441,1643
R08,W4411865267,1644
R08,W4411926193,1645
R08,W7203985379,1646
R08,W7154614928,1647
R08,W4407296947,1648
R08,W2935312422,1649
R08,W7154572979,1650
R08,W7171649703,1651
R08,W4408312662,1652
R08,W2571867310,1653
R08,W2693270666,1654
R08,W2983023851,1655
R08,W2593525205,1656
R08,W4388595810,1657
R08,W4289209524,1658
R08,W3111631110,1659
R08,W7170783966,1660
R08,W4389933857,1661
R08,W4404502349,1662
R08,W7171910272,1663
R08,W4317939438,1664
R08,W7138147880,1665
R08,W7135210434,1666
R08,W7161691422,1667
R08,W4416540695,1668
R08,W4410189523,1669
R08,W7166559713,1670
R08,W7166528001,1671
R08,W2994864532,1672
R08,W7117547589,1673
R08,W7128946727,1674
R08,W7161547708,1675
R08,W4400882401,1676
R08,W7113363658,1677
R08,W4401483362,1678
R08,W4416918695,1679
R08,W2885764411,1680
R08,W7154143861,1681
R08,W7172137059,1682
R08,W7172095284,1683
R08,W2621061815,1684
R08,W2319784168,1685
R08,W2731577444,1686
R08,W3036359804,1687
R08,W4414716101,1688
R08,W4226070477,1689
R08,W7212021513,1690
R08,W2509137224,1691
R08,W2914552734,1692
R08,W2523565715,1693
R08,W2795478346,1694
R08,W7155605554,1695
R08,W7155640175,1696
R08,W3213636554,1697
R08,W2787107952,1698
R08,W4407845751,1699
R08,W4396551724,1700
R08,W2979038850,1701
R08,W2618917931,1702
R08,W2566280872,1703
R08,W4411354488,1704
R08,W4409585486,1705
R08,W4399818967,1706
R08,W2094100258,1707
R08,W7216272755,1708
R08,W4381988311,1709
R08,W4387375506,1710
R08,W4392517675,1711
R08,W7171766899,1712
R08,W4409444856,1713
R08,W7167860281,1714
R08,W3000905717,1715
R08,W7202292115,1716
R08,W2283039022,1717
R08,W7133215023,1718
R08,W4362569487,1719
R08,W4416208776,1720
R08,W4220689244,1721
R08,W4386579097,1722
R08,W3033685164,1723
R08,W4392292869,1724
R08,W7166655274,1725
R08,W7213309530,1726
R08,W2598036908,1727
R08,W2801599159,1728
R08,W4403861920,1729
R08,W3082597553,1730
R08,W2754157354,1731
R08,W4415295638,1732
R08,W2335490352,1733
R08,W3081523880,1734
R08,W4387268322,1735
R08,W7162771885,1736
R08,W2991014405,1737
R08,W7212403911,1738
R08,W2921034603,1739
R08,W7161308443,1740
R08,W4413374524,1741
R08,W2769471058,1742
R08,W3213024826,1743
R08,W7128907979,1744
R08,W7128928395,1745
R08,W4383736663,1746
R08,W4320481462,1747
R08,W4409863986,1748
R08,W7133316813,1749
R08,W7154988110,1750
R08,W7152464041,1751
R08,W3045344802,1752
R08,W7152659102,1753
R08,W2935809140,1754
R08,W4239744054,1755
R08,W4417275007,1756
R08,W2512480652,1757
R08,W2914749237,1758
R08,W4212789142,1759
R08,W7172428835,1760
R08,W7172387361,1761
R08,W7214164160,1762
R08,W7214617721,1763
R08,W2342514115,1764
R08,W4399142885,1765
R08,W2537249365,1766
R08,W2437521712,1767
R08,W4283118867,1768
R08,W7163668369,1769
R08,W4281898069,1770
R08,W4225667782,1771
R08,W2900507620,1772
R08,W4206074541,1773
R08,W4387249729,1774
R08,W4281683221,1775
R08,W4379375694,1776
R08,W7106325227,1777
R08,W4309102050,1778
R08,W7155365325,1779
R08,W4234560862,1780
R08,W4406302421,1781
R08,W2768138058,1782
R08,W3013912599,1783
R08,W2772087259,1784
R08,W7203589777,1785
R08,W7203585618,1786
R08,W1914010631,1787
R08,W7139999175,1788
R08,W3016141161,1789
R08,W7161783619,1790
R08,W4415098647,1791
R08,W2754332651,1792
R08,W7154458082,1793
R08,W7154491105,1794
R08,W2896559906,1795
R08,W4415193458,1796
R08,W4353046348,1797
R08,W7164314752,1798
R08,W4410089473,1799
R08,W2945034935,1800
R08,W4410442631,1801
R08,W7149258627,1802
R08,W4306403701,1803
R08,W4387002360,1804
R08,W7166477936,1805
R08,W7166456062,1806
R08,W4407720806,1807
R08,W2547750411,1808
R08,W4205104376,1809
R08,W4205855329,1810
R08,W4288050193,1811
R08,W7220010254,1812
R08,W4388518295,1813
R08,W2501033068,1814
R08,W2996171327,1815
R08,W4310957491,1816
R08,W4291509604,1817
R08,W2158287688,1818
R08,W7168125518,1819
R08,W2742858075,1820
R08,W3045212699,1821
R08,W4236383985,1822
R08,W7133598637,1823
R08,W3024792100,1824
R08,W2513170853,1825
R08,W3092865923,1826
R08,W4377291466,1827
R08,W2768333503,1828
R08,W342357044,1829
R08,W4413996496,1830
R08,W4392112128,1831
R08,W4414248346,1832
R08,W7139112917,1833
R08,W2296255937,1834
R08,W2979744556,1835
R08,W4313218470,1836
R08,W2936487203,1837
R08,W2948761277,1838
R08,W2513606726,1839
R08,W4311062741,1840
R08,W2971625290,1841
R08,W4211158953,1842
R08,W4417332389,1843
R08,W3134488446,1844
R08,W4389609657,1845
R08,W4406274007,1846
R08,W4399615637,1847
R08,W2418296402,1848
R08,W4384345123,1849
R08,W2513140135,1850
R08,W4379052360,1851
R08,W4390952355,1852
R08,W4323049588,1853
R08,W4280522577,1854
R08,W2737832012,1855
R08,W2737346496,1856
R09,W2768411227,1
R09,W2313813248,2
R09,W3173454610,3
R09,W4220743202,4
R09,W7172012734,5
R09,W4391929473,6
R09,W2303028925,7
R09,W4248995735,8
R09,W2691828159,9
R09,W4412098236,10
R09,W4285368613,11
R09,W2462893948,12
R09,W3097452550,13
R09,W7171344332,14
R09,W2997416453,15
R09,W4389035651,16
R09,W2938450528,17
R09,W3171667484,18
R09,W2923655156,19
R09,W2294772716,20
R09,W2556499499,21
R09,W4415300765,22
R09,W2995856101,23
R09,W7152116235,24
R09,W3165156981,25
R09,W4313308658,26
R09,W4308159410,27
R09,W3097224447,28
R09,W2995099255,29
R09,W4300520013,30
R09,W3176641391,31
R09,W4390113479,32
R09,W4405884533,33
R09,W7161976852,34
R09,W2962122015,35
R09,W7162728258,36
R09,W2990930712,37
R09,W7215015659,38
R09,W4292295331,39
R09,W7161957139,40
R09,W3176470109,41
R09,W3206871075,42
R09,W2809250184,43
R09,W2998640710,44
R09,W3138169710,45
R09,W3006708106,46
R09,W2767002738,47
R09,W3036490751,48
R09,W4414347429,49
R09,W3187243297,50
R09,W4410858550,51
R09,W2996564209,52
R09,W7128374059,53
R09,W2809282503,54
R09,W7128591632,55
R09,W4225153982,56
R09,W7204697057,57
R09,W2217649408,58
R09,W2177452078,59
R09,W7160071898,60
R09,W7138867586,61
R09,W3115285534,62
R09,W2541743912,63
R09,W7154502480,64
R09,W2933280122,65
R09,W4407636900,66
R09,W4410907453,67
R09,W2997022102,68
R09,W7116915790,69
R09,W4213183691,70
R09,W2980771320,71
R09,W2887564420,72
R09,W7110489761,73
R09,W7119541622,74
R09,W7145179670,75
R09,W4409212309,76
R09,W4380323760,77
R09,W4319787982,78
R09,W3135425750,79
R09,W4411231916,80
R09,W4406547980,81
R09,W4206804716,82
R09,W2889082380,83
R09,W7212075777,84
R09,W2609760600,85
R09,W2461161118,86
R09,W3121492932,87
R09,W4306828699,88
R09,W4307120632,89
R09,W4407871920,90
R09,W2912864869,91
R09,W3007277994,92
R09,W7213311978,93
R09,W3036167976,94
R09,W4289725717,95
R09,W4313566910,96
R09,W2602518607,97
R09,W7202161742,98
R09,W2742738824,99
R09,W2508036349,100
R09,W7203868397,101
R09,W7202377096,102
R09,W2888193559,103
R09,W7167236968,104
R09,W2804833113,105
R09,W7167251839,106
R09,W7169849251,107
R09,W7167238828,108
R09,W7131102755,109
R09,W4306827187,110
R09,W2767910816,111
R09,W3185973057,112
R09,W2324958373,113
R09,W3171839272,114
R09,W4244384257,115
R09,W3003186618,116
R09,W3025871073,117
R09,W4285246248,118
R09,W3193017501,119
R09,W7133570164,120
R09,W4293316195,121
R09,W4312476453,122
R09,W2951394859,123
R09,W4206609174,124
R09,W4390221722,125
R09,W2916871718,126
R09,W4414920800,127
R09,W2953527858,128
R09,W2782611661,129
R09,W4366288324,130
R09,W4385881782,131
R09,W4206558201,132
R09,W4213018661,133
R09,W3087444242,134
R09,W2571260473,135
R09,W2549867517,136
R09,W3058097386,137
R09,W2943956783,138
R09,W3057191674,139
R09,W7161727801,140
R09,W4309708596,141
R09,W7162444255,142
R09,W3137822885,143
R09,W7124894346,144
R09,W7208611044,145
R09,W4387769389,146
R09,W7120787138,147
R09,W3181462617,148
R09,W4200234520,149
R09,W7144457883,150
R09,W2462278955,151
R09,W3155495771,152
R09,W2885644165,153
R09,W2600552917,154
R09,W2576664818,155
R09,W7207778872,156
R09,W2911269281,157
R09,W2593428902,158
R09,W2297726268,159
R09,W4241062290,160
R09,W2965356794,161
R09,W4321349439,162
R09,W4243994541,163
R09,W4238496439,164
R09,W4404156110,165
R09,W4245488515,166
R09,W4410904167,167
R09,W3015267431,168
R09,W3027808582,169
R09,W2887433681,170
R09,W2770163794,171
R09,W2235084440,172
R09,W2800136645,173
R09,W4282913853,174
R09,W3044161869,175
R09,W3195471893,176
R09,W2475164822,177
R09,W2409092483,178
R09,W7203676256,179
R09,W7203672826,180
R09,W2750006190,181
R09,W2940762553,182
R09,W3000055996,183
R09,W4283762651,184
R09,W2469294437,185
R09,W3171704373,186
R09,W4256116348,187
R09,W2986270518,188
R09,W7153321778,189
R09,W7140866258,190
R09,W3048838534,191
R09,W4399796734,192
R09,W7162505460,193
R09,W4403694175,194
R09,W4412879373,195
R09,W2726870049,196
R09,W7162254171,197
R09,W2045785796,198
R09,W3084177298,199
R09,W2201335476,200
R09,W4405698536,201
R09,W3035656952,202
R09,W4313856587,203
R09,W2524480904,204
R09,W3104858334,205
R09,W3113136925,206
R09,W2904898194,207
R09,W2792111757,208
R09,W3138262718,209
R09,W2756862926,210
R09,W4387211207,211
R09,W4380838599,212
R09,W4403342134,213
R09,W7211881341,214
R09,W2972005707,215
R09,W7211906401,216
R09,W3195334697,217
R09,W2885816804,218
R09,W4307899836,219
R09,W4382197304,220
R09,W4407658198,221
R09,W7167483759,222
R09,W7211905523,223
R09,W2331740927,224
R09,W7167525413,225
R09,W2341095836,226
R09,W4405184373,227
R09,W4280580023,228
R09,W4242274727,229
R09,W7219652417,230
R09,W2319930153,231
R09,W2809568241,232
R09,W2734594319,233
R09,W2320227583,234
R09,W4223983797,235
R09,W2238319932,236
R09,W7213904089,237
R09,W2979662426,238
R09,W2606822093,239
R09,W4387707247,240
R09,W4385191141,241
R09,W4396842928,242
R09,W4205624324,243
R09,W3081146706,244
R09,W3109373429,245
R09,W4399830831,246
R09,W7155549848,247
R09,W7172528706,248
R09,W4312419471,249
R09,W4417259113,250
R09,W3042755160,251
R09,W3008607400,252
R09,W3111535039,253
R09,W4389281157,254
R09,W2607906657,255
R09,W4281921441,256
R09,W7163563544,257
R09,W7204606326,258
R09,W2476816829,259
R09,W2952511808,260
R09,W2948514555,261
R09,W2939405963,262
R09,W4407866643,263
R09,W4409016757,264
R09,W2590528963,265
R09,W3166976065,266
R09,W4364382652,267
R09,W2884695121,268
R09,W4386435522,269
R09,W4290928199,270
R09,W4416897069,271
R09,W4281388794,272
R09,W2763489149,273
R09,W2333193083,274
R09,W2758073877,275
R09,W2252915428,276
R09,W1913943242,277
R09,W4226356661,278
R09,W3157709465,279
R09,W4410907422,280
R09,W3159359162,281
R09,W2995501443,282
R09,W4365815447,283
R09,W2766181070,284
R09,W4411485893,285
R09,W7143917728,286
R09,W2884751742,287
R09,W4320006444,288
R09,W2952714330,289
R09,W2729390899,290
R09,W4250270998,291
R09,W4361221296,292
R09,W3032985700,293
R09,W3196660103,294
R09,W7166838707,295
R09,W4386047202,296
R09,W2304118828,297
R09,W4404202608,298
R09,W4406794843,299
R09,W2209883081,300
R09,W4413097480,301
R09,W2981641358,302
R09,W7117884911,303
R09,W4403562536,304
R09,W3193197903,305
R09,W3095665826,306
R09,W4408986949,307
R09,W4406130968,308
R09,W2535480397,309
R09,W4387524821,310
R09,W4281486958,311
R09,W2805758270,312
R09,W2901510190,313
R09,W2796465019,314
R09,W4399083893,315
R09,W4224236748,316
R09,W4417132568,317
R09,W2971408429,318
R09,W2790139786,319
R09,W2585373295,320
R09,W3088880584,321
R09,W4210294974,322
R09,W4416692531,323
R09,W4413247127,324
R09,W1472539344,325
R09,W7160117415,326
R09,W4407587590,327
R09,W4385718539,328
R09,W2601464226,329
R09,W7117731573,330
R09,W7154842231,331
R09,W3172398664,332
R09,W4393232496,333
R09,W3150356197,334
R09,W2979810469,335
R09,W4320040267,336
R09,W2769000718,337
R09,W4406215951,338
R09,W2606064155,339
R09,W7125679221,340
R09,W2791977815,341
R09,W4313391619,342
R09,W4387769219,343
R09,W2802889171,344
R09,W4415089430,345
R09,W7148885634,346
R09,W4390176522,347
R09,W4214915622,348
R09,W7160210552,349
R09,W7163338153,350
R09,W4313140128,351
R09,W4381949805,352
R09,W7127052387,353
R09,W7152051639,354
R09,W3082440146,355
R09,W3025758369,356
R09,W4391073628,357
R09,W4200480946,358
R09,W3082382822,359
R09,W2675917885,360
R09,W2412724584,361
R09,W3006718767,362
R09,W4322621121,363
R09,W4408931930,364
R09,W3140393088,365
R09,W1802346893,366
R09,W4387771394,367
R09,W7117898018,368
R09,W4243665470,369
R09,W2915449263,370
R09,W7216200687,371
R09,W4378714880,372
R09,W7119611652,373
R09,W7202098140,374
R09,W2810259880,375
R09,W7172222129,376
R09,W7115586300,377
R09,W4400264972,378
R09,W4378214928,379
R09,W4205751162,380
R09,W4405404830,381
R09,W2777821301,382
R09,W4210565882,383
R09,W2975440137,384
R09,W4294390785,385
R09,W4417027066,386
R09,W4388590952,387
R09,W4410235561,388
R09,W7124240116,389
R09,W4212968953,390
R09,W4401675271,391
R09,W4403344310,392
R09,W4382984063,393
R09,W3213601032,394
R09,W4321792614,395
R09,W7140081589,396
R09,W2794338883,397
R09,W2540293911,398
R09,W3040217498,399
R09,W7160320890,400
R09,W4405718409,401
R09,W3191873272,402
R09,W4412188772,403
R09,W2509146850,404
R09,W4416343124,405
R09,W2224078140,406
R09,W4386278207,407
R09,W2801063956,408
R09,W2735278233,409
R09,W4408850765,410
R09,W7165002540,411
R09,W2947247632,412
R09,W3083753373,413
R09,W2557799200,414
R09,W7204844227,415
R09,W2988627819,416
R09,W2163472617,417
R09,W4391468009,418
R09,W4401813953,419
R09,W7161562989,420
R09,W4392940165,421
R09,W4408384133,422
R09,W2890802834,423
R09,W4413231915,424
R09,W7144264959,425
R09,W3171724673,426
R09,W3174825890,427
R09,W3043300921,428
R09,W4308318108,429
R09,W7167578557,430
R09,W2620307656,431
R09,W7216756410,432
R09,W4226330619,433
R09,W2801674096,434
R09,W4389447866,435
R09,W4412110276,436
R09,W7172254349,437
R09,W7172335403,438
R09,W7165847381,439
R09,W7160453428,440
R09,W7202086602,441
R09,W2897823144,442
R09,W3002093552,443
R09,W4395699725,444
R09,W7171629734,445
R09,W3201104594,446
R09,W4415855265,447
R09,W4285300210,448
R09,W4404811583,449
R09,W4386525446,450
R09,W4387404949,451
R09,W4415390691,452
R09,W4416773455,453
R09,W4318692595,454
R09,W4404523409,455
R09,W3201270439,456
R09,W7202360778,457
R09,W3005261727,458
R09,W3122279755,459
R09,W7166880720,460
R09,W2885243591,461
R09,W4221133128,462
R09,W4361293041,463
R09,W3215986687,464
R09,W3090007358,465
R09,W7123336467,466
R09,W4414531266,467
R09,W4388270668,468
R09,W3214001790,469
R09,W4401604915,470
R09,W3012082680,471
R09,W2063042956,472
R09,W4226458283,473
R09,W7117405686,474
R09,W7106242874,475
R09,W7163079463,476
R09,W2921261424,477
R09,W2606447609,478
R09,W2607194542,479
R09,W1876573419,480
R09,W2944229689,481
R09,W3133717676,482
R09,W4367678518,483
R09,W3185626032,484
R09,W7147004925,485
R09,W3140453721,486
R09,W3093090504,487
R09,W3121755153,488
R09,W3128366335,489
R09,W7214911678,490
R09,W4416515114,491
R09,W2591824568,492
R09,W4405266414,493
R09,W4402584680,494
R09,W4414499451,495
R09,W4391297062,496
R09,W4309006993,497
R09,W4367319130,498
R09,W3168081004,499
R09,W2884947587,500
R09,W7135412308,501
R09,W7168276563,502
R09,W4295539698,503
R09,W4400428083,504
R09,W2570579705,505
R09,W7214113166,506
R09,W4406699710,507
R09,W4385703075,508
R09,W7162225316,509
R09,W4385368720,510
R09,W3048289798,511
R09,W4399913901,512
R09,W7196928640,513
R09,W7127421613,514
R09,W4408501149,515
R09,W4406862719,516
R09,W4401074040,517
R09,W2925816331,518
R09,W3016951908,519
R09,W2403443839,520
R09,W4404759476,521
R09,W2966029999,522
R09,W2769202963,523
R09,W2992694155,524
R09,W4406970692,525
R09,W7160521011,526
R09,W4281484294,527
R09,W7154942587,528
R09,W4403681804,529
R09,W2963405016,530
R09,W4247365427,531
R09,W3205359806,532
R09,W7172537791,533
R09,W7164808834,534
R09,W7131354295,535
R09,W7207767081,536
R09,W4292451990,537
R09,W4317234037,538
R09,W7218397313,539
R09,W4317561493,540
R09,W2941827941,541
R09,W4285008962,542
R09,W4412423212,543
R09,W2408679403,544
R09,W4205697269,545
R09,W2257754175,546
R09,W7208477823,547
R09,W2754241783,548
R09,W7146489389,549
R09,W4317499936,550
R09,W4414656356,551
R09,W4414886658,552
R09,W4200319170,553
R09,W2746111330,554
R09,W3026803149,555
R09,W2582084393,556
R09,W2984873793,557
R09,W7208539630,558
R09,W2808608764,559
R09,W7199032373,560
R09,W4313316179,561
R09,W2566319001,562
R09,W2921770365,563
R09,W7207915340,564
R09,W7204460293,565
R09,W4399274191,566
R09,W3217801936,567
R09,W2884052302,568
R09,W7108607010,569
R09,W7145171016,570
R09,W2611185816,571
R09,W4401105205,572
R09,W4409114817,573
R09,W2398766639,574
R09,W7202356195,575
R09,W7208678706,576
R09,W4385403710,577
R09,W4416515175,578
R09,W3046477880,579
R09,W3013573764,580
R09,W3157566110,581
R09,W4401614787,582
R09,W7143328430,583
R09,W3084535430,584
R09,W7217049908,585
R09,W7214757042,586
R09,W3139914931,587
R09,W4393028915,588
R09,W2121817961,589
R09,W4377028042,590
R09,W3208262686,591
R09,W7125021409,592
R09,W7144993717,593
R09,W4411256886,594
R09,W4206969874,595
R09,W2796000244,596
R09,W4392616079,597
R09,W3175519294,598
R09,W2737535337,599
R09,W4409506232,600
R09,W3022986933,601
R09,W4283770975,602
R09,W2965868755,603
R09,W7216644727,604
R09,W2261102363,605
R09,W4241889031,606
R09,W3212564549,607
R09,W2772372704,608
R09,W7162830060,609
R09,W3035636144,610
R09,W2735458725,611
R09,W3028200795,612
R09,W4401714686,613
R09,W2906486067,614
R09,W2349705489,615
R09,W7145854153,616
R09,W7161940564,617
R09,W4280599893,618
R09,W7146214131,619
R09,W3042886300,620
R09,W2515671784,621
R09,W4401105738,622
R09,W4394576178,623
R09,W7161171778,624
R09,W3024105036,625
R09,W2345949459,626
R09,W7144729889,627
R09,W4409361953,628
R09,W3135568884,629
R09,W2618209302,630
R09,W4401120749,631
R09,W4398244629,632
R09,W4245197852,633
R09,W4413180184,634
R09,W4308458641,635
R09,W4401927424,636
R09,W2554105678,637
R09,W7144404197,638
R09,W4240602636,639
R09,W4241855031,640
R09,W4236281916,641
R09,W3203265781,642
R09,W3173965310,643
R09,W3007614096,644
R09,W2895780478,645
R09,W3205581172,646
R09,W4399868931,647
R09,W3083654246,648
R09,W2808365548,649
R09,W1850958647,650
R09,W4413994933,651
R09,W3035518726,652
R09,W7143951380,653
R09,W7145720622,654
R09,W2734496757,655
R09,W4407421349,656
R09,W3134345313,657
R09,W2959607784,658
R09,W3216526545,659
R09,W4214532790,660
R09,W2055344621,661
R09,W3126245976,662
R09,W4403236977,663
R09,W2538457829,664
R09,W4391580323,665
R09,W4214811813,666
R09,W2284736684,667
R09,W4386191688,668
R09,W7153132146,669
R09,W4411472114,670
R09,W4232864239,671
R09,W3010640800,672
R09,W2572480449,673
R09,W4416955839,674
R09,W4400552798,675
R09,W1890626592,676
R09,W2991727682,677
R09,W2318920527,678
R09,W7163709542,679
R09,W4402473560,680
R09,W4414258537,681
R09,W2748172205,682
R09,W2177406843,683
R09,W4248533070,684
R09,W7130866403,685
R09,W4390887347,686
R09,W7201851559,687
R09,W7130516507,688
R09,W7118018205,689
R09,W4379647772,690
R09,W4408463339,691
R09,W4205399176,692
R09,W2472860185,693
R09,W7153748458,694
R09,W4405968246,695
R09,W4401725661,696
R09,W4386126027,697
R09,W2873449973,698
R09,W2769587223,699
R09,W2734589107,700
R09,W4416884625,701
R09,W7212311829,702
R09,W4410358687,703
R09,W7134222253,704
R09,W2783038516,705
R09,W4281702036,706
R09,W7165854158,707
R09,W7154587675,708
R09,W4404362274,709
R09,W4288073916,710
R09,W4381786440,711
R09,W7217387761,712
R09,W3176258494,713
R09,W3121648369,714
R09,W3009684965,715
R09,W7140217149,716
R09,W7131792967,717
R09,W4200259428,718
R09,W2974232228,719
R09,W4406864826,720
R09,W2807337496,721
R09,W2788756456,722
R09,W3035237393,723
R09,W4366712383,724
R09,W2565863954,725
R09,W3035230692,726
R09,W4416587574,727
R09,W4409594804,728
R09,W2778560341,729
R09,W4313331313,730
R09,W2548096288,731
R09,W2264479085,732
R09,W7165802321,733
R09,W4210851062,734
R09,W2300516386,735
R09,W7164371309,736
R09,W3002291779,737
R09,W4413054230,738
R09,W7213925435,739
R09,W3021067414,740
R09,W4315489780,741
R09,W7144534932,742
R09,W7136703498,743
R09,W7208215367,744
R09,W4402035848,745
R09,W7127637744,746
R09,W7164521425,747
R09,W3134296442,748
R09,W2256218001,749
R09,W4394978934,750
R09,W2799411582,751
R09,W4316371391,752
R09,W4313482546,753
R09,W4401247163,754
R09,W7161008665,755
R09,W7165607891,756
R09,W7169492560,757
R09,W4388140021,758
R09,W4206069938,759
R09,W4414165010,760
R09,W3214026005,761
R09,W7160515813,762
R09,W2556005989,763
R09,W4408320436,764
R09,W7161111812,765
R09,W4412473476,766
R09,W4416775396,767
R09,W7124142672,768
R09,W2999453906,769
R09,W2967681488,770
R09,W2558319858,771
R09,W4236588404,772
R09,W4372349932,773
R09,W4416515212,774
R09,W7163896223,775
R09,W4327940583,776
R09,W2776411420,777
R09,W2993390881,778
R09,W4296339017,779
R09,W3216691584,780
R09,W2511307257,781
R09,W2512027167,782
R09,W7131674122,783
R09,W3175724694,784
R09,W4416515109,785
R09,W7133525734,786
R09,W4415735266,787
R09,W4411850909,788
R09,W7160868331,789
R09,W3125550366,790
R09,W4295775530,791
R09,W3117541834,792
R09,W7163011586,793
R09,W2609770040,794
R09,W4306753792,795
R09,W7167622468,796
R09,W4415499121,797
R09,W2346670479,798
R09,W3080812627,799
R09,W3082009774,800
R09,W3082009774,801
R09,W4313566985,802
R09,W4410975465,803
R09,W4384159721,804
R09,W7160313342,805
R09,W7206196945,806
R09,W7213406985,807
R09,W4388224119,808
R09,W4283726651,809
R09,W4411725222,810
R09,W3163371388,811
R09,W4390204572,812
R09,W4416370538,813
R09,W7133946594,814
R09,W4410907454,815
R09,W2626275236,816
R09,W4414420057,817
R09,W4382786720,818
R09,W7203680018,819
R09,W4296439435,820
R09,W4321456906,821
R09,W4283218557,822
R09,W2264166708,823
R09,W4244395143,824
R09,W3209962680,825
R09,W7160606843,826
R09,W2511380633,827
R09,W2735410639,828
R09,W4408501114,829
R09,W2973939648,830
R09,W4417526000,831
R09,W7160877702,832
R09,W7116754438,833
R09,W4410040560,834
R09,W7214208651,835
R09,W7203940720,836
R09,W7154585014,837
R09,W2809345259,838
R09,W2998704057,839
R09,W3120666667,840
R09,W4392854776,841
R09,W2543330661,842
R09,W4313515837,843
R09,W4408968893,844
R09,W4200350854,845
R09,W7202236429,846
R09,W4417134509,847
R09,W7169797913,848
R09,W4412780101,849
R09,W4285124828,850
R09,W7122607375,851
R09,W2983354261,852
R09,W7133487296,853
R09,W2935797051,854
R09,W4414450711,855
R09,W3162017161,856
R09,W3199799456,857
R09,W2789397486,858
R09,W4409893259,859
R09,W7119508803,860
R09,W2942333792,861
R09,W3048286985,862
R09,W2964338843,863
R09,W4291247528,864
R09,W4291655639,865
R09,W4410258388,866
R09,W2896813440,867
R09,W2411156191,868
R09,W4399193096,869
R09,W4409819345,870
R09,W4213451008,871
R09,W7129078528,872
R09,W1509680242,873
R09,W7114895965,874
R09,W7216157554,875
R09,W2761029315,876
R09,W2908713313,877
R09,W7208762133,878
R09,W4416296530,879
R09,W7123338511,880
R09,W3108659966,881
R09,W3160724079,882
R09,W2740462870,883
R09,W7202299591,884
R09,W3119840743,885
R09,W4322624844,886
R09,W3118318146,887
R09,W2774244144,888
R09,W4366068494,889
R09,W4404506514,890
R09,W4388085899,891
R09,W3146592884,892
R09,W3111854493,893
R09,W2949983253,894
R09,W7211913284,895
R09,W7159984062,896
R09,W4394765633,897
R09,W2139541970,898
R09,W4302025063,899
R09,W7161259296,900
R09,W4206511447,901
R09,W7213460611,902
R09,W7165921906,903
R09,W4414541303,904
R09,W7106812144,905
R09,W2903630092,906
R09,W3081455243,907
R09,W7153725358,908
R09,W7153719237,909
R09,W2782359374,910
R09,W4318305365,911
R09,W4407372029,912
R09,W4226264703,913
R09,W4324379378,914
R09,W2982403769,915
R09,W4288062987,916
R09,W2974468806,917
R09,W2758109838,918
R09,W4283257076,919
R09,W3136267832,920
R09,W3153344532,921
R09,W4386584512,922
R09,W3208802497,923
R09,W4388491150,924
R09,W4386224273,925
R09,W7214772406,926
R09,W7168246980,927
R09,W7168269828,928
R09,W7117667058,929
R09,W7166655720,930
R09,W2808867358,931
R09,W4389030299,932
R09,W7219325817,933
R09,W3196182301,934
R09,W7165165712,935
R09,W7165157362,936
R09,W7210293185,937
R09,W7210294014,938
R09,W3199481170,939
R09,W3014971526,940
R09,W826363384,941
R09,W4387738821,942
R09,W2937124058,943
R09,W3015810636,944
R09,W2407400301,945
R09,W4386565298,946
R09,W2162497688,947
R09,W7112163581,948
R09,W3030723236,949
R09,W3110000250,950
R09,W4309297073,951
R09,W3126504003,952
R09,W3173901889,953
R09,W3118279624,954
R10,W4283643601,1
R10,W4206474340,2
R10,W4205383329,3
R10,W3092103319,4
R10,W3082290938,5
R10,W2740600364,6
R10,W3089053996,7
R10,W4400745348,8
R10,W3205330119,9
R10,W4414148111,10
R10,W7215172874,11
R10,W4214509927,12
R10,W3128864850,13
R10,W2396881235,14
R10,W4404728067,15
R10,W4411903173,16
R10,W7216150151,17
R10,W2944170560,18
R10,W4362500057,19
R10,W2375414319,20
R10,W3011286443,21
R10,W4220794424,22
R10,W4247095997,23
R10,W7139632260,24
R10,W7127880667,25
R10,W4200062428,26
R10,W3004150238,27
R10,W3044936885,28
R10,W4309971331,29
R10,W4284711597,30
R10,W2996802084,31
R10,W4381386241,32
R10,W3206871163,33
R10,W2850710862,34
R10,W2890317616,35
R10,W4399037073,36
R10,W3163144405,37
R10,W2909735862,38
R10,W2402137221,39
R10,W4382073801,40
R10,W2783113022,41
R10,W2353100208,42
R10,W3028673806,43
R10,W2741625407,44
R10,W2528311948,45
R10,W3009978351,46
R10,W2890722319,47
R10,W2933691204,48
R10,W7128697180,49
R10,W2783557465,50
R10,W2943717893,51
R10,W2606324332,52
R10,W4387246853,53
R10,W4283688986,54
R10,W2738085625,55
R10,W4290931316,56
R10,W1954048411,57
R10,W3200957893,58
R10,W4311172421,59
R10,W4280605279,60
R10,W3085776709,61
R10,W2194935394,62
R10,W2489657000,63
R10,W4406852172,64
R10,W3086903312,65
R10,W2900043531,66
R10,W2956969810,67
R10,W4361271430,68
R10,W4391658563,69
R10,W4282826863,70
R10,W7163579010,71
R10,W4411832636,72
R10,W2776287455,73
R10,W2306235757,74
R10,W4366083892,75
R10,W4389616052,76
R10,W2944025049,77
R10,W4282564744,78
R10,W4408936377,79
R10,W3169622804,80
R10,W3039408168,81
R10,W4388001565,82
R10,W4391472947,83
R10,W4402757528,84
R10,W4397046658,85
R10,W4414395956,86
R10,W7134814594,87
R10,W7217065224,88
R10,W4220933032,89
R10,W2574495374,90
R10,W2937604753,91
R10,W4226343476,92
R10,W2035518313,93
R10,W7160056981,94
R10,W4401787014,95
R10,W4384834100,96
R10,W7215944198,97
R10,W7140142245,98
R10,W2574254587,99
R10,W2433090225,100
R10,W3019858781,101
R10,W4234224037,102
R10,W2901623107,103
R10,W2804821935,104
R10,W4250451943,105
R10,W2573170091,106
R10,W7216341948,107
R10,W2500170982,108
R10,W2994489385,109
R10,W4230156177,110
R10,W3038584426,111
R10,W2584190473,112
R10,W4403947526,113
R10,W2593481236,114
R10,W2591937525,115
R10,W4415909937,116
R10,W4388536951,117
R10,W3009489030,118
R10,W2970096544,119
R10,W7108336290,120
R10,W3015601306,121
R10,W7140139866,122
R10,W3201950533,123
R10,W3091054478,124
R10,W4400263658,125
R10,W2571045650,126
R10,W4372346402,127
R10,W4399571580,128
R10,W4404021670,129
R10,W7106679580,130
R10,W2898910351,131
R10,W4412075099,132
R10,W4409233523,133
R10,W3109599814,134
R10,W1863782347,135
R10,W2572327201,136
R10,W2950661971,137
R10,W7160540275,138
R10,W856865106,139
R10,W7203556679,140
R10,W3034173194,141
R10,W4384702544,142
R10,W4321456404,143
R10,W7171293186,144
R10,W7133335290,145
R10,W2578665327,146
R10,W3154423279,147
R10,W2572547171,148
R10,W2891548690,149
R10,W2888779922,150
R10,W2953989319,151
R10,W4387043551,152
R10,W4414224370,153
R10,W4239631917,154
R10,W4409716036,155
R10,W2591902243,156
R10,W7213908990,157
R10,W2606189541,158
R10,W3162060578,159
R10,W4396593947,160
R10,W3090762548,161
R10,W2980260252,162
R10,W4296885011,163
R10,W4409608343,164
R10,W3000801233,165
R10,W4225995507,166
R10,W7155566694,167
R10,W2562489740,168
R10,W4249197328,169
R10,W2566077178,170
R10,W7134238138,171
R10,W3193890794,172
R10,W4386696101,173
R10,W2739779158,174
R10,W4200454568,175
R10,W3016242753,176
R10,W2593697506,177
R10,W2575686865,178
R10,W2743640728,179
R10,W3009699446,180
R10,W2965693665,181
R10,W2754585800,182
R10,W2644751116,183
R10,W7207629081,184
R10,W3081034558,185
R10,W3107673186,186
R10,W4403690929,187
R10,W3214026069,188
R10,W4245880696,189
R10,W3104558568,190
R10,W7170192636,191
R10,W2922733336,192
R10,W4379469483,193
R10,W2575491860,194
R10,W7165564746,195
R10,W7163305936,196
R10,W2257032643,197
R10,W2664338322,198
R10,W4413060928,199
R10,W2971891874,200
R10,W4316035348,201
R10,W4416333678,202
R10,W3157276143,203
R10,W7172014910,204
R10,W4388414620,205
R10,W7217444278,206
R10,W2535598598,207
R10,W4229448663,208
R10,W4283657180,209
R10,W4403815490,210
R10,W3080074463,211
R10,W3002124571,212
R10,W4367039904,213
R10,W3038894993,214
R10,W7117492210,215
R10,W4409964567,216
R10,W3155507279,217
R10,W4414912464,218
R10,W7112222034,219
R10,W3205344587,220
R10,W3022203662,221
R10,W4401350234,222
R10,W3155229248,223
R10,W7148416118,224
R10,W3106570328,225
R10,W4410421313,226
R10,W4380360966,227
R10,W4308042183,228
R10,W4391333899,229
R10,W2468091789,230
R10,W4383216469,231
R10,W2550997300,232
R10,W2167259340,233
R10,W4239312884,234
R10,W2569406681,235
R10,W3024089574,236
R10,W2601155391,237
R10,W2605437431,238
R10,W2576594561,239
R10,W2943537381,240
R10,W2565646698,241
R10,W7140199929,242
R10,W2573375737,243
R10,W4411583318,244
R10,W3125620993,245
R10,W4411165491,246
R10,W2976864406,247
R10,W4415721811,248
R10,W7132835603,249
R10,W2752020929,250
R10,W4322723700,251
R10,W4411128854,252
R10,W4415443680,253
R10,W4393147489,254
R10,W3021614491,255
R10,W4410092926,256
R10,W7203572303,257
R10,W2594919319,258
R10,W3103631768,259
R10,W7141046603,260
R10,W4416765920,261
R10,W2604058300,262
R10,W4281972963,263
R10,W2881330771,264
R10,W7163805624,265
R10,W4389322043,266
R10,W4405635856,267
R10,W4283465298,268
R10,W4411987810,269
R10,W4386849978,270
R10,W3190029652,271
R10,W2805373368,272
R10,W3214830460,273
R10,W2890167164,274
R10,W3092391311,275
R10,W2902275143,276
R10,W3166799277,277
R10,W7115084067,278
R10,W2765588361,279
R10,W3024295686,280
R10,W4412860790,281
R10,W7128532796,282
R10,W4292575673,283
R10,W3015726751,284
R10,W4200544732,285
R10,W2995115735,286
R10,W3173401208,287
R10,W7172024255,288
R10,W7214063118,289
R10,W4389314371,290
R10,W4414401426,291
R10,W4404962246,292
R10,W2913089225,293
R10,W3089273346,294
R10,W4406340032,295
R10,W2469340449,296
R10,W2946762902,297
R10,W2980292013,298
R10,W2476540208,299
R10,W3124498859,300
R10,W4409335046,301
R10,W7171496709,302
R10,W7164583226,303
R10,W4389938759,304
R10,W4407299325,305
R10,W4315797282,306
R10,W2899891195,307
R10,W7164336479,308
R10,W3196480644,309
R10,W4384692775,310
R10,W2749365563,311
R10,W4294645736,312
R10,W4288066941,313
R10,W3006223937,314
R10,W7119536559,315
R10,W3207905456,316
R10,W7154384396,317
R10,W4223943844,318
R10,W4415385824,319
R10,W1489947640,320
R10,W2338351440,321
R10,W4401475136,322
R10,W2605707660,323
R10,W1960934470,324
R10,W7165899919,325
R10,W4282054056,326
R10,W2440578947,327
R10,W4381386654,328
R10,W4404724657,329
R10,W4402892695,330
R10,W2899814871,331
R10,W7149603920,332
R10,W4317390647,333
R10,W3106746146,334
R10,W4225486982,335
R10,W4297729865,336
R10,W7130695826,337
R10,W2769245995,338
R10,W4414156158,339
R10,W7163880940,340
R10,W7111099554,341
R10,W7203611367,342
R10,W7216041174,343
R10,W7144566063,344
R10,W4407993855,345
R10,W4408238826,346
R10,W4389639842,347
R10,W3167840725,348
R10,W4401497630,349
R10,W3190891349,350
R10,W2508209999,351
R10,W4206332272,352
R10,W2999488792,353
R10,W4388737043,354
R10,W4322623366,355
R10,W4399205759,356
R10,W7118292850,357
R10,W2307682654,358
R10,W2979698685,359
R10,W2759122655,360
R10,W2755534893,361
R10,W3013533043,362
R10,W4313313034,363
R10,W4384832422,364
R10,W4412800966,365
R10,W2523839616,366
R10,W2588484970,367
R10,W2594513927,368
R10,W3030187520,369
R10,W2530397721,370
R10,W2916290264,371
R10,W2755799836,372
R10,W2374730551,373
R10,W2573008645,374
R10,W7134127422,375
R10,W2975111532,376
R10,W4254831889,377
R10,W4411805537,378
R10,W4379390386,379
R10,W2793565336,380
R10,W7202050206,381
R10,W2618141425,382
R10,W7140130777,383
R10,W2770490170,384
R10,W2258570321,385
R10,W3026226103,386
R10,W3012653622,387
R10,W4302275111,388
R10,W2937009611,389
R10,W3133511963,390
R10,W7172502891,391
R10,W7128502382,392
R10,W4386771632,393
R10,W4399308407,394
R10,W2608057463,395
R10,W4403899843,396
R10,W7170074551,397
R10,W3033976091,398
R10,W3142304936,399
R10,W7160267673,400
R10,W3136475868,401
R10,W7138314202,402
R10,W4400597880,403
R10,W3016396892,404
R10,W3029061549,405
R10,W4387163428,406
R10,W3162348242,407
R10,W3217266954,408
R10,W7202198643,409
R10,W7128923611,410
R10,W7164921267,411
R10,W4289232551,412
R10,W2765745463,413
R10,W7138260802,414
R10,W3045489162,415
R10,W4386465212,416
R10,W7203470155,417
R10,W2790483397,418
R10,W4387301480,419
R10,W3182591494,420
R10,W7171447131,421
R10,W2956159359,422
R10,W3134521092,423
R10,W4213442177,424
R10,W3114294701,425
R10,W2508960202,426
R10,W2501918758,427
R10,W4320888067,428
R10,W4321334701,429
R10,W2509471459,430
R10,W2272773198,431
R10,W7112368391,432
R10,W3215238593,433
R10,W7171695746,434
R10,W4407146533,435
R10,W3004283005,436
R10,W4406186804,437
R10,W4233720605,438
R10,W2939240878,439
R10,W3093462720,440
R10,W4255006439,441
R10,W4385362965,442
R10,W3095347301,443
R10,W4416767683,444
R10,W3162418910,445
R10,W4290518702,446
R10,W4414560191,447
R10,W2374987696,448
R10,W4377987484,449
R10,W3177028594,450
R10,W2599489260,451
R10,W2944472922,452
R10,W4404506000,453
R10,W2941418479,454
R10,W7154495120,455
R10,W4313490213,456
R10,W7154470671,457
R10,W7166324548,458
R10,W3093251933,459
R10,W2606195623,460
R10,W2915648207,461
R10,W7219955605,462
R10,W2552212846,463
R10,W4308476441,464
R10,W2955814157,465
R10,W3217786687,466
R10,W2297469160,467
R10,W7158119555,468
R10,W3115628026,469
R10,W2780163089,470
R10,W4413410577,471
R10,W3148582138,472
R10,W7140848772,473
R10,W7117472892,474
R10,W4389280632,475
R10,W4385623953,476
R10,W3174802657,477
R10,W4323032118,478
R10,W2335016882,479
R10,W7147202378,480
R10,W3120242480,481
R10,W4408136936,482
R10,W3012451806,483
R10,W7155490820,484
R10,W4392024259,485
R10,W2944281356,486
R10,W7154985767,487
R10,W2802021139,488
R10,W7159938702,489
R10,W4406276939,490
R10,W7140411949,491
R10,W2848152492,492
R10,W7117445375,493
R10,W7196926299,494
R10,W7138836716,495
R10,W2797851029,496
R10,W4313208746,497
R10,W4410948916,498
R10,W4404457447,499
R10,W4417305233,500
R10,W2533183581,501
R10,W2914372826,502
R10,W3192740215,503
R10,W7119512042,504
R10,W2432229720,505
R10,W4415185127,506
R10,W4319334352,507
R10,W3198773852,508
R10,W4412675327,509
R10,W2003124226,510
R10,W7140127101,511
R10,W3049607896,512
R10,W2594899109,513
R10,W4206679058,514
R10,W7171123576,515
R10,W4414126422,516
R10,W4385211904,517
R10,W7196945966,518
R10,W4396806292,519
R10,W2606703541,520
R10,W7171250757,521
R10,W7220095470,522
R10,W2335261782,523
R10,W4403437586,524
R10,W2531241205,525
R10,W3156609656,526
R10,W2760455892,527
R10,W4409909908,528
R10,W2593361586,529
R10,W2972557015,530
R10,W2944682724,531
R10,W4416213553,532
R10,W7107866470,533
R10,W2563535144,534
R10,W4375863287,535
R10,W2805858540,536
R10,W4285728513,537
R10,W2734661881,538
R10,W2751990427,539
R10,W2890775924,540
R10,W2733387984,541
R10,W2944713968,542
R10,W7140106057,543
R10,W4283785109,544
R10,W4387678120,545
R10,W7213447152,546
R10,W7119130208,547
R10,W7166555324,548
R10,W3038345004,549
R10,W7163573511,550
R10,W3199691798,551
R10,W4392746009,552
R10,W2531179286,553
R10,W4402511448,554
R10,W7216414386,555
R10,W2269615035,556
R10,W7214127891,557
R10,W4393174237,558
R10,W7127978678,559
R10,W2911951887,560
R10,W2937834366,561
R10,W3030869283,562
R10,W2607281070,563
R10,W2606437468,564
R10,W7151897010,565
R10,W4401913140,566
R10,W4410425822,567
R10,W4414868760,568
R10,W2941886324,569
R10,W2944626912,570
R10,W3081173793,571
R10,W4310515476,572
R10,W4403218395,573
R10,W3047251441,574
R10,W2726868205,575
R10,W4400745342,576
R10,W4408029890,577
R10,W2605866946,578
R10,W2757703527,579
R10,W4408935995,580
R10,W4410813356,581
R10,W7168338521,582
R10,W4389131143,583
R10,W2499210435,584
R10,W4412710111,585
R10,W3217373213,586
R10,W3203546286,587
R10,W4411218684,588
R10,W4408911783,589
R10,W2340420135,590
R10,W7140077146,591
R10,W2346509498,592
R10,W2796000244,593
R10,W3031933519,594
R10,W4381386453,595
R10,W3049214293,596
R10,W3049202517,597
R10,W7171430188,598
R10,W3102077450,599
R10,W2903410165,600
R10,W4237525731,601
R10,W4411448115,602
R10,W7214155379,603
R10,W3169102959,604
R10,W4402482721,605
R10,W2888985051,606
R10,W4410499148,607
R10,W2167521375,608
R10,W7208829711,609
R10,W4322720330,610
R10,W4381386132,611
R10,W4226096597,612
R10,W7127312414,613
R10,W2977458715,614
R10,W3113685236,615
R10,W3033656072,616
R10,W4389356530,617
R10,W3138863072,618
R10,W4410565894,619
R10,W3045843655,620
R10,W7130250542,621
R10,W2754622395,622
R10,W7162104397,623
R10,W7168239898,624
R10,W2429442229,625
R10,W2895238699,626
R10,W4409118635,627
R10,W7217252709,628
R10,W4200047212,629
R10,W4413866736,630
R10,W4402913233,631
R10,W2560874257,632
R10,W4413024924,633
R10,W4402075433,634
R10,W3003837119,635
R10,W2624409818,636
R10,W7117460717,637
R10,W3177894882,638
R10,W4383429012,639
R10,W7203476307,640
R10,W7169161636,641
R10,W7125814015,642
R10,W4413075175,643
R10,W2915580273,644
R10,W4404196794,645
R10,W4407221187,646
R10,W2609451499,647
R10,W2606080781,648
R10,W7208222483,649
R10,W4381386958,650
R10,W4410189813,651
R10,W2982667038,652
R10,W4382489502,653
R10,W4412188005,654
R10,W7219052153,655
R10,W3204863677,656
R10,W4372055077,657
R10,W4319293834,658
R10,W4385541056,659
R10,W4407450839,660
R10,W7172036593,661
R10,W4402067380,662
R10,W4406892298,663
R10,W3016683102,664
R10,W2891352584,665
R10,W4408051323,666
R10,W2473588649,667
R10,W7140148238,668
R10,W3071370208,669
R10,W3038600588,670
R10,W2793002663,671
R10,W3088368962,672
R10,W4388513455,673
R10,W3033713694,674
R10,W2330478285,675
R10,W2795644847,676
R10,W4210261284,677
R10,W4383302748,678
R10,W4290798555,679
R10,W7122599796,680
R10,W4312766935,681
R10,W2891472144,682
R10,W3097406829,683
R10,W7172443156,684
R10,W3191770919,685
R10,W4292552175,686
R10,W2509981782,687
R10,W4328129323,688
R10,W3194968765,689
R10,W2963830202,690
R10,W3207885715,691
R10,W4284679596,692
R10,W4221129298,693
R10,W4324027821,694
R10,W4322124094,695
R10,W3170769739,696
R10,W3003786284,697
R10,W3211009297,698
R10,W2791591471,699
R10,W4391242644,700
R10,W7110649001,701
R10,W2142805809,702
R10,W4411051137,703
R10,W4200527005,704
R10,W4365461877,705
R10,W2997520672,706
R10,W2916681891,707
R10,W7167035428,708
R10,W7214969464,709
R10,W4408296880,710
R10,W2944692436,711
R10,W2520760330,712
R10,W3019030445,713
R10,W2534939766,714
R10,W7140221543,715
R10,W4416176899,716
R10,W4285387170,717
R10,W4415593449,718
R10,W7146283781,719
R10,W7165165640,720
R10,W1421606693,721
R10,W3200042234,722
R10,W4406139541,723
R10,W2809920846,724
R10,W3035393639,725
R10,W4393910223,726
R10,W4411991314,727
R10,W4417448956,728
R10,W4381386446,729
R10,W3083689319,730
R10,W2921730389,731
R10,W7140232883,732
R10,W7163866120,733
R10,W7128489730,734
R10,W7128526471,735
R10,W2892376859,736
R10,W4390468658,737
R10,W2602470255,738
R10,W2742333154,739
R10,W4212888232,740
R10,W7140182239,741
R10,W3128404486,742
R10,W3154335910,743
R10,W3033295587,744
R10,W4413907152,745
R10,W4408272840,746
R10,W2029214473,747
R10,W4318754270,748
R10,W7216470392,749
R10,W2918094669,750
R10,W3178636487,751
R10,W3017334447,752
R10,W1876845680,753
R10,W7123457106,754
R10,W4392837763,755
R10,W2901966960,756
R10,W2957309554,757
R10,W4411399076,758
R10,W2898480465,759
R10,W2523170838,760
R10,W7140642594,761
R10,W4394819876,762
R10,W4398163281,763
R10,W4408503363,764
R10,W4407203748,765
R10,W3157158764,766
R10,W4289517733,767
R10,W2533221880,768
R10,W3112192525,769
R10,W7214946546,770
R10,W2600198253,771
R10,W4317658925,772
R10,W4402350560,773
R10,W3140393088,774
R10,W7163334702,775
R10,W4367551472,776
R10,W7213975646,777
R10,W7168046427,778
R10,W3015954422,779
R10,W4417081229,780
R10,W2241921820,781
R10,W7154472541,782
R10,W7215221057,783
R10,W4285139870,784
R10,W7203763277,785
R10,W3091415996,786
R10,W3144363848,787
R10,W2612869610,788
R10,W2944628489,789
R10,W7208766186,790
R10,W4322632168,791
R10,W4212930571,792
R10,W7133137057,793
R10,W7125419684,794
R10,W4225373650,795
R10,W4205154880,796
R10,W2943884634,797
R10,W2526284155,798
R10,W4415775556,799
R10,W4396935748,800
R10,W4404360938,801
R10,W7140130795,802
R10,W4414748455,803
R10,W4407006277,804
R10,W4386609026,805
R10,W2892364193,806
R10,W2510395711,807
R10,W7165017942,808
R10,W3207726328,809
R10,W4381387008,810
R10,W3194244664,811
R10,W4376225672,812
R10,W3195227282,813
R10,W3128618570,814
R10,W4297688931,815
R10,W7162525752,816
R10,W4414104769,817
R10,W7136733826,818
R10,W2905526837,819
R10,W7116900078,820
R10,W2971301333,821
R10,W2994413501,822
R10,W4385396071,823
R10,W7140079398,824
R10,W4407654384,825
R10,W7129515229,826
R10,W4401725109,827
R10,W3162210939,828
R10,W3196053212,829
R10,W4381386663,830
R10,W7164034442,831
R10,W3095842956,832
R10,W4318701982,833
R10,W2284178629,834
R10,W4408881455,835
R10,W4407630603,836
R10,W4400967027,837
R10,W4405758946,838
R10,W3017947204,839
R10,W3122911347,840
R10,W7164579211,841
R10,W2996545156,842
R10,W4381052974,843
R10,W3215363939,844
R10,W4389038963,845
R10,W7123405393,846
R10,W7216690937,847
R10,W4383550466,848
R10,W4317233316,849
R10,W7218970848,850
R10,W2977402676,851
R10,W7214956340,852
R10,W2963751358,853
R10,W4406331390,854
R10,W3197971899,855
R10,W4392030449,856
R10,W7212499663,857
R10,W4220845124,858
R10,W7214371322,859
R10,W7213868374,860
R10,W3201270249,861
R10,W3202729557,862
R10,W3120098331,863
R10,W4408758442,864
R10,W7218062952,865
R10,W2023796779,866
R10,W3157743901,867
R10,W7128484448,868
R10,W7217807271,869
R10,W4312723068,870
R10,W4408009861,871
R10,W4381386314,872
R10,W7160244006,873
R10,W7142781071,874
R10,W7140136214,875
R10,W7196940344,876
R10,W7204996885,877
R10,W4389514383,878
R10,W7128615201,879
R10,W4401852398,880
R10,W7154890742,881
R10,W2902105242,882
R10,W4391464446,883
R10,W7165477241,884
R10,W4402822179,885
R10,W4389834297,886
R10,W4417103497,887
R10,W7211867060,888
R10,W4254052825,889
R10,W3195706760,890
R10,W7112002876,891
R10,W3106045165,892
R10,W4404825440,893
R10,W7160294021,894
R10,W3183386521,895
R10,W7169885121,896
R10,W4404208622,897
R10,W3116248843,898
R10,W7169878465,899
R10,W7117526669,900
R10,W4293109324,901
R10,W7160114744,902
R10,W4413439995,903
R10,W4400788802,904
R10,W7214982184,905
R10,W4404498753,906
R10,W2996239041,907
R10,W4287773679,908
R10,W4386124693,909
R10,W4410908522,910
R10,W7117463579,911
R10,W4404376163,912
R10,W4388572220,913
R10,W2528748753,914
R10,W7127595714,915
R10,W4412064332,916
R10,W7218124552,917
R10,W4407175536,918
R10,W4414340643,919
R10,W4391379080,920
R10,W1248695572,921
R10,W4402544436,922
R10,W4410409207,923
R10,W7135101299,924
R10,W3127107473,925
R10,W4410512884,926
R10,W2898697447,927
R10,W4200490608,928
R10,W4410566096,929
R10,W7151940189,930
R10,W7123921022,931
R10,W4401302911,932
R10,W4409728533,933
R10,W7117256121,934
R10,W3004913173,935
R10,W7165885921,936
R10,W4220722552,937
R10,W4310127398,938
R10,W4213096875,939
R10,W2883610706,940
R10,W7219400730,941
R10,W4383893025,942
R10,W4407598044,943
R10,W2971982971,944
R10,W2773129636,945
R10,W3045178667,946
R10,W2345285546,947
R10,W4401863814,948
R10,W4408569532,949
R10,W2913490402,950
R10,W7204783521,951
R10,W7172429154,952
R10,W3180059515,953
R10,W4255295868,954
R10,W7215707860,955
R10,W4307679491,956
R10,W4391220303,957
R10,W7214482083,958
R10,W4294030723,959
R10,W4323339017,960
R10,W7140142080,961
R10,W2794058829,962
R10,W4360939381,963
R10,W7122854503,964
R10,W3081355040,965
R10,W4410032539,966
R10,W4407065170,967
R10,W4414523966,968
R10,W3047176778,969
R10,W3217046651,970
R10,W2951336433,971
R10,W4413139780,972
R10,W7198396932,973
R10,W3174282045,974
R10,W4401864477,975
R10,W7214685645,976
R10,W2783723768,977
R10,W7125416658,978
R10,W4312186291,979
R10,W2591516545,980
R10,W4393858336,981
R10,W7138920515,982
R10,W4409351359,983
R10,W4415599210,984
R10,W4410331726,985
R10,W4388737306,986
R10,W4300081008,987
R10,W4309976929,988
R10,W4401756470,989
R10,W3043455597,990
R10,W2947346193,991
R10,W7171675608,992
R10,W7171731046,993
R10,W2310919569,994
R10,W4413117727,995
R10,W2472556447,996
R10,W4281708945,997
R10,W4307118012,998
R10,W7053389885,999
R10,W3036691230,1000
R10,W1020349882,1001
R10,W4381386339,1002
R10,W2969093751,1003
R10,W3043223907,1004
R10,W4401224755,1005
R10,W4211006940,1006
R10,W2810576891,1007
R10,W3095901029,1008
R10,W2580805625,1009
R10,W3115887948,1010
R10,W7128165803,1011
R10,W2799321486,1012
R10,W3009179629,1013
R10,W4409141660,1014
R10,W2890199902,1015
R10,W4404201073,1016
R10,W4391276445,1017
R10,W2900744444,1018
R10,W3036521206,1019
R10,W2239717774,1020
R10,W4295419301,1021
R10,W4416245024,1022
R10,W4377819694,1023
R10,W4286926004,1024
R10,W7114793001,1025
R10,W2989834135,1026
R10,W7132836758,1027
R10,W4410565895,1028
R10,W4385727778,1029
R10,W7131283438,1030
R10,W1977488475,1031
R10,W4415087548,1032
R10,W4405111735,1033
R10,W2618004478,1034
R10,W3184454069,1035
R10,W4411616505,1036
R10,W2768760678,1037
R10,W4408230343,1038
R10,W4396216636,1039
R10,W2889003163,1040
R10,W4383556697,1041
R10,W7112687922,1042
R10,W4415879493,1043
R10,W4408873714,1044
R10,W4413986685,1045
R10,W2108935015,1046
R10,W4413991614,1047
R10,W4410050979,1048
R10,W2775381396,1049
R10,W3094101683,1050
R10,W7172130310,1051
R10,W4391242511,1052
R10,W7172167964,1053
R10,W2437180640,1054
R10,W7134910992,1055
R10,W7205256859,1056
R10,W4414187893,1057
R10,W7127985558,1058
R10,W4403581220,1059
R10,W7204583704,1060
R10,W3088157385,1061
R10,W4410565865,1062
R10,W7152053260,1063
R10,W4408387806,1064
R10,W4403751972,1065
R10,W3017441906,1066
R10,W2520016545,1067
R10,W7161259139,1068
R10,W7204135675,1069
R10,W7131369544,1070
R10,W3041591186,1071
R10,W7125472411,1072
R10,W4411973641,1073
R10,W4394728568,1074
R10,W4416158885,1075
R10,W7123529785,1076
R10,W3198076726,1077
R10,W3196031033,1078
R10,W7123460580,1079
R10,W3197297158,1080
R10,W2937431769,1081
R10,W4381387235,1082
R10,W4402497937,1083
R10,W2607118525,1084
R10,W3092165847,1085
R10,W7217988744,1086
R10,W2200615707,1087
R10,W4404854583,1088
R10,W4386887070,1089
R10,W2939994584,1090
R10,W4225094286,1091
R10,W2519752691,1092
R10,W3117771318,1093
R10,W4401871609,1094
R10,W7148471990,1095
R10,W4312408100,1096
R10,W7213745769,1097
R10,W3088116154,1098
R10,W2774339801,1099
R10,W1861959519,1100
R10,W4309703398,1101
R10,W4401872587,1102
R10,W4412506984,1103
R10,W7125789876,1104
R10,W4408848775,1105
R10,W3213803129,1106
R10,W2756055516,1107
R10,W7125598182,1108
R10,W7125613601,1109
R10,W7166654948,1110
R10,W2617817952,1111
R10,W3039518404,1112
R10,W7204966690,1113
R10,W7136087883,1114
R10,W7136075031,1115
R10,W4406872315,1116
R10,W7138890178,1117
R10,W2123708846,1118
R10,W2737612968,1119
R10,W7215382540,1120
R10,W7135236918,1121
R10,W4409646091,1122
R10,W7220288463,1123
R10,W4253390959,1124
R10,W7163877162,1125
R10,W2561329921,1126
R10,W3202603853,1127
R10,W7216277294,1128
R10,W4413919888,1129
R10,W3012924950,1130
R10,W4386082865,1131
R10,W7217499533,1132
R10,W7214909403,1133
R10,W7169844127,1134
R10,W2972465599,1135
R10,W4417306273,1136
R10,W2921963374,1137
R10,W7219635237,1138
R10,W7131793331,1139
R10,W4414864286,1140
R10,W7144111307,1141
R10,W2752129967,1142
R10,W2915685974,1143
R10,W4399780911,1144
R10,W3088762565,1145
R10,W2564227004,1146
R10,W4403004491,1147
R10,W7216240298,1148
R10,W4225128897,1149
R10,W2743020073,1150
R10,W7163747752,1151
R10,W4401889905,1152
R10,W7214797201,1153
R10,W4385660290,1154
R10,W4228998392,1155
R10,W4403004731,1156
R10,W4404128581,1157
R10,W3117641332,1158
R10,W3128374208,1159
R10,W4313611927,1160
R10,W2793299677,1161
R10,W7125902296,1162
R10,W4409827199,1163
R10,W4399545833,1164
R10,W7217586232,1165
R10,W4384565864,1166
R10,W7145783921,1167
R10,W2779450863,1168
R10,W2261351411,1169
R10,W2964120462,1170
R10,W4292184480,1171
R10,W7167840622,1172
R10,W4391297104,1173
R10,W7215259916,1174
R10,W7139444418,1175
R10,W4315702403,1176
R10,W7139669314,1177
R10,W7139603952,1178
R10,W4401893136,1179
R10,W7139521976,1180
R10,W7145056313,1181
R10,W4401316103,1182
R10,W7217083238,1183
R10,W3046431594,1184
R10,W3157418399,1185
R10,W7146731251,1186
R10,W3083038592,1187
R10,W7166695036,1188
R10,W2944583679,1189
R10,W4395673987,1190
R10,W3194471356,1191
R10,W3142498133,1192
R10,W4280638388,1193
R10,W7215811316,1194
R10,W4405809246,1195
R10,W7213320622,1196
R10,W7220230562,1197
R10,W3176817254,1198
R10,W3124199616,1199
R10,W7212032239,1200
R10,W4410591653,1201
R10,W2787717884,1202
R10,W7203827705,1203
R10,W7144781901,1204
R10,W4412875305,1205
R10,W2766585626,1206
R10,W2997882489,1207
R10,W4401863835,1208
R10,W2956236105,1209
R10,W936634285,1210
R10,W7216446784,1211
R10,W7218123222,1212
R10,W4293768427,1213
R10,W7162299021,1214
R10,W4389143048,1215
R10,W4406134284,1216
R10,W1774729477,1217
R10,W4295875100,1218
R10,W7219410622,1219
R10,W4401864504,1220
R10,W2891498556,1221
R10,W2944248236,1222
R10,W7162337679,1223
R10,W4414240698,1224
R10,W7143765138,1225
R10,W2942357806,1226
R10,W2439565655,1227
R10,W2969966941,1228
R10,W7159735952,1229
R10,W2795470767,1230
R10,W4396898086,1231
R10,W2887922570,1232
R10,W3199337760,1233
R10,W4403601621,1234
R10,W4386140826,1235
R10,W4413082067,1236
R10,W2996898811,1237
R10,W4415010633,1238
R10,W4205864631,1239
R10,W7155300804,1240
R10,W2895575302,1241
R10,W7164929283,1242
R10,W3150397262,1243
R10,W2729025013,1244
R10,W4381386721,1245
R10,W7216209609,1246
R10,W4414675942,1247
R10,W3120546136,1248
R10,W2389322845,1249
R10,W2903070565,1250
R10,W3094391141,1251
R10,W4388718337,1252
R10,W2411262348,1253
R10,W3183101760,1254
R10,W3190681822,1255
R10,W4229378750,1256
R10,W4402205471,1257
R10,W3086503198,1258
R10,W3160310048,1259
R10,W7219549386,1260
R10,W2340461852,1261
R10,W7204272010,1262
R10,W3008921485,1263
R10,W2752400184,1264
R10,W4232200925,1265
R10,W4401747744,1266
R10,W7197021906,1267
R10,W2757401016,1268
R10,W4412773335,1269
R10,W4323791003,1270
R10,W3165579965,1271
R10,W4389340020,1272
R10,W4393365248,1273
R10,W3195272508,1274
R10,W7138903526,1275
R10,W7169760876,1276
R10,W2952731820,1277
R10,W2210179347,1278
R10,W4389516236,1279
R10,W7131263098,1280
R10,W7217554347,1281
R10,W3014998672,1282
R10,W4393120000,1283
R10,W7204274840,1284
R10,W3030896733,1285
R10,W7208588054,1286
R10,W4388519687,1287
R10,W4414739723,1288
R10,W3214733446,1289
R10,W2574998217,1290
R10,W4246836403,1291
R10,W4402546809,1292
R10,W2890896754,1293
R10,W2462946697,1294
R10,W7216231550,1295
R10,W2178044183,1296
R10,W7116629673,1297
R10,W4407923541,1298
R10,W7217375271,1299
R10,W7215765318,1300
R10,W4416563889,1301
R10,W7133225965,1302
R10,W7127055980,1303
R10,W3129554955,1304
R10,W4404865655,1305
R10,W4235749105,1306
R10,W4409514140,1307
R10,W4401995754,1308
R10,W4412544396,1309
R10,W2894171640,1310
R10,W4239645714,1311
R10,W3127720933,1312
R10,W2991579217,1313
R10,W7166880369,1314
R10,W4220724466,1315
R10,W4405735020,1316
R10,W7162430706,1317
R10,W4414138762,1318
R10,W7172504568,1319
R10,W4391667595,1320
R10,W7219317505,1321
R10,W7162344789,1322
R10,W4396704767,1323
R10,W2954931515,1324
R10,W4415151352,1325
R10,W4406036824,1326
R10,W4296004309,1327
R10,W4406184615,1328
R10,W4250723099,1329
R10,W2116226399,1330
R10,W4407257826,1331
R10,W7220239481,1332
R10,W2954605921,1333
R10,W4409474187,1334
R10,W3010575986,1335
R10,W7162324867,1336
R10,W2559768639,1337
R10,W4280564533,1338
R10,W4410269112,1339
R10,W2807033862,1340
R10,W2927314564,1341
R10,W4414020097,1342
R10,W7214944581,1343
R10,W3092803480,1344
R10,W2519123884,1345
R10,W4406068946,1346
R10,W4401725055,1347
R10,W3194319904,1348
R10,W3011492470,1349
R10,W2922749370,1350
R10,W2991046663,1351
R10,W4313505645,1352
R10,W4414201063,1353
R10,W4401102590,1354
R10,W2976750099,1355
R10,W2164199743,1356
R10,W2774163241,1357
R10,W4413222913,1358
R10,W4387656171,1359
R10,W2336901131,1360
R10,W4387970860,1361
R10,W3204042647,1362
R10,W3151070009,1363
R10,W4409111400,1364
R10,W3034215436,1365
R10,W4410523054,1366
R10,W3085979824,1367
R10,W7170604725,1368
R10,W4413858561,1369
R10,W4407558741,1370
R10,W4417426988,1371
R10,W3109566729,1372
R10,W7162246958,1373
R10,W2990616985,1374
R10,W7166823877,1375
R10,W4386272507,1376
R10,W7160720034,1377
R10,W7215142006,1378
R10,W3173175388,1379
R10,W4387274897,1380
R10,W2964867615,1381
R10,W7169157227,1382
R10,W4312638546,1383
R10,W4410565989,1384
R10,W4415917216,1385
R10,W7219974088,1386
R10,W7146529024,1387
R10,W3185644751,1388
R10,W7133508425,1389
R10,W2269532361,1390
R10,W3176805578,1391
R10,W2529173644,1392
R10,W2509558838,1393
R10,W2235190678,1394
R10,W7219277886,1395
R10,W4295008362,1396
R10,W7204445234,1397
R10,W1996733509,1398
R10,W4414120445,1399
R10,W4414937595,1400
R10,W2418164648,1401
R10,W2964380847,1402
R10,W2595044270,1403
R10,W4415543970,1404
R10,W3169998289,1405
R10,W7167594142,1406
R10,W1867464060,1407
R10,W7213673872,1408
R10,W7216820572,1409
R10,W4283587069,1410
R10,W2560752457,1411
R10,W4410150384,1412
R10,W7171797236,1413
R10,W2294898773,1414
R10,W4414818311,1415
R10,W4390456053,1416
R10,W2131819087,1417
R10,W4404217959,1418
R10,W3038859436,1419
R10,W2997849800,1420
R10,W7164208589,1421
R10,W7164129339,1422
R10,W4396707739,1423
R10,W3141761971,1424
R10,W2573296020,1425
R10,W4413655755,1426
R10,W7162786767,1427
R10,W4386535914,1428
R10,W2783148296,1429
R10,W2783473766,1430
R10,W4403145689,1431
R10,W7213928802,1432
R10,W7165533561,1433
R10,W3217391420,1434
R10,W3217602858,1435
R10,W7216950783,1436
R10,W4307727482,1437
R10,W4415780808,1438
R10,W1170894890,1439
R10,W3112286436,1440
R10,W7154971532,1441
R10,W2603676555,1442
R10,W2468895820,1443
R10,W7217362892,1444
R10,W4391141081,1445
R10,W3092103934,1446
R10,W3199760688,1447
R10,W7218151940,1448
R10,W4223477669,1449
R10,W7220236855,1450
R10,W7219200278,1451
R10,W2971696300,1452
R10,W3135201390,1453
R10,W7165555768,1454
R10,W4392790098,1455
R10,W7140138979,1456
R10,W7115176232,1457
R10,W4406147033,1458
R10,W4405508890,1459
R10,W2980784832,1460
R10,W4398219770,1461
R10,W2943221638,1462
R10,W4387101531,1463
R10,W4220842190,1464
R10,W2124317765,1465
R10,W3022352087,1466
R10,W4311273270,1467
R10,W2392882690,1468
R10,W4408176747,1469
R10,W4413257650,1470
R10,W4411328495,1471
R10,W2754477204,1472
R10,W2799656941,1473
R10,W3011895081,1474
R10,W2620666624,1475
R10,W2946927578,1476
R10,W3204043714,1477
R10,W2089448565,1478
R10,W7128038188,1479
R10,W4413802621,1480
R10,W7128016955,1481
R10,W7128034497,1482
R10,W2942460195,1483
R10,W7135051676,1484
R10,W4405501434,1485
R10,W4247057079,1486
R10,W4410949616,1487
R10,W4402871379,1488
R10,W3016077591,1489
R10,W7218168014,1490
R10,W7139190270,1491
R10,W4229451900,1492
R10,W7140079635,1493
R10,W7153979382,1494
R10,W3019797067,1495
R10,W4403135084,1496
R10,W7164653820,1497
R10,W7164649374,1498
R10,W7215784205,1499
R10,W4396895049,1500
R10,W4406289373,1501
R10,W7172520599,1502
R10,W3124681343,1503
R10,W2949594115,1504
R10,W3166227400,1505
R10,W2900937106,1506
R10,W7162908603,1507
R10,W7220041782,1508
R10,W4391556984,1509
R10,W4402971091,1510
R10,W1539397298,1511
R10,W7171793022,1512
R10,W4320013674,1513
R10,W4309081340,1514
R10,W7115070546,1515
R10,W2765923591,1516
R10,W4293147025,1517
R10,W7165741841,1518
R10,W4248284567,1519
R10,W3205942585,1520
R10,W7124690270,1521
R10,W4408520350,1522
R10,W2145942919,1523
R10,W4361246940,1524
R10,W2597846646,1525
R10,W7148618550,1526
R10,W2809986043,1527
R10,W2951044105,1528
R10,W3157956051,1529
R10,W7160267325,1530
R10,W7148307304,1531
R10,W4213043866,1532
R10,W7203579133,1533
R10,W4408954090,1534
R10,W2262198082,1535
R10,W4413202518,1536
R10,W4310399217,1537
R10,W4411805310,1538
R10,W2341619806,1539
R10,W2982295260,1540
R10,W7161785848,1541
R10,W7169563707,1542
R10,W3198100735,1543
R10,W4391389069,1544
R10,W4378676404,1545
R10,W2913412766,1546
R10,W2757595781,1547
R10,W4414697443,1548
R10,W4408693110,1549
R10,W4323310732,1550
R10,W7167634496,1551
R10,W3177171197,1552
R10,W7171826974,1553
R10,W4387654563,1554
R10,W4394778674,1555
R10,W2614220471,1556
R10,W4409185796,1557
R10,W2789304210,1558
R10,W1996991000,1559
R10,W7152009291,1560
R10,W4415328550,1561
R10,W4402922716,1562
R10,W4413027980,1563
R10,W3030554088,1564
R10,W3140238143,1565
R10,W4283797666,1566
R10,W7203923696,1567
R10,W7220253383,1568
R10,W7215926988,1569
R10,W2469794297,1570
R10,W4280637765,1571
R10,W2904349942,1572
R10,W7168146132,1573
R10,W3038999568,1574
R10,W2975932036,1575
R10,W4415031567,1576
R10,W2484795817,1577
R10,W4416529778,1578
R10,W7154159712,1579
R10,W7203626005,1580
R10,W2967312290,1581
R10,W4415666038,1582
R10,W4415658999,1583
R10,W3097518637,1584
R10,W2230249753,1585
R10,W2990453549,1586
R10,W2996288806,1587
R10,W7139059595,1588
R10,W4299614495,1589
R10,W2785851743,1590
R10,W7207640384,1591
R10,W2755253400,1592
R10,W2738154324,1593
R10,W2617275510,1594
R10,W7215134253,1595
R10,W7104685822,1596
R10,W7104622223,1597
R10,W2893046512,1598
R10,W7118627455,1599
R10,W4220724654,1600
R10,W2979099749,1601
R10,W4366247646,1602
R10,W7128767749,1603
R10,W4287876247,1604
R10,W4408693661,1605
R10,W4394840175,1606
R10,W3110783647,1607
R10,W7170195552,1608
R10,W3033287735,1609
R10,W4412765924,1610
R10,W4401852360,1611
R10,W4408535981,1612
R10,W7172489114,1613
R10,W4316467221,1614
R10,W4287981116,1615
R10,W4403816385,1616
R10,W4405918648,1617
R10,W4399725396,1618
R10,W7128999282,1619
R10,W4415914027,1620
R10,W4396588906,1621
R10,W3212995731,1622
R10,W3107567182,1623
R10,W7140105890,1624
R10,W2801056863,1625
R10,W4395013441,1626
R10,W7143348988,1627
R10,W3048780162,1628
R10,W4414124456,1629
R10,W4397007609,1630
R10,W2743493153,1631
R10,W7128998388,1632
R10,W7152749871,1633
R10,W7216019052,1634
R10,W3203747598,1635
R10,W7129200917,1636
R10,W7164310387,1637
R10,W2793857370,1638
R10,W2756309743,1639
R10,W3046967650,1640
R10,W4403872030,1641
R10,W7165557936,1642
R10,W3081547309,1643
R10,W4382624076,1644
R10,W2792119391,1645
R10,W7202357258,1646
R10,W7140008361,1647
R10,W3035048821,1648
R10,W4411581255,1649
R10,W3037634778,1650
R10,W7220250309,1651
R10,W2885491800,1652
R10,W2290123766,1653
R10,W2764199041,1654
R10,W4412762467,1655
R10,W3017904856,1656
R10,W4415837178,1657
R10,W2570734815,1658
R10,W2847868834,1659
R10,W4410972548,1660
R10,W4313424073,1661
R10,W3015054569,1662
R10,W7203769884,1663
R10,W7219558274,1664
R10,W4394007689,1665
R10,W4377240710,1666
R10,W7171544224,1667
R10,W7202075206,1668
R10,W4407745705,1669
R10,W7140073094,1670
R10,W7155396776,1671
R10,W2979773462,1672
R10,W4381386653,1673
R10,W3124845272,1674
R10,W4411460338,1675
R10,W4327730843,1676
R10,W4409676583,1677
R10,W7220343643,1678
R10,W2902470099,1679
R10,W7154898183,1680
R10,W7128313016,1681
R10,W4398147208,1682
R10,W2970469777,1683
R10,W2965734479,1684
R10,W2758902977,1685
R10,W7214887113,1686
R10,W7216912381,1687
R10,W3136957290,1688
R10,W4386656850,1689
R10,W7203803375,1690
R10,W4400570253,1691
R10,W4310527917,1692
R10,W4416249195,1693
R10,W3130154494,1694
R10,W3033645844,1695
R10,W4232922388,1696
R10,W7212320370,1697
R10,W7212319183,1698
R10,W2885510427,1699
R10,W4411465515,1700
R10,W2518271870,1701
R10,W4306818256,1702
R10,W4375826641,1703
R10,W4412023958,1704
R10,W3035724819,1705
R10,W3017093575,1706
R10,W4281703694,1707
R10,W4406335894,1708
R10,W7219504049,1709
R10,W614042317,1710
R10,W7216139068,1711
R10,W2611794671,1712
R10,W3120836630,1713
R10,W4238756772,1714
R10,W4233204683,1715
R10,W4413253584,1716
R10,W2314686412,1717
R10,W4386565093,1718
R10,W2803168461,1719
R10,W7204971887,1720
R10,W4287075258,1721
R10,W4399330795,1722
R10,W7119680562,1723
R10,W2944485775,1724
R10,W4313821006,1725
R10,W2753573443,1726
R10,W2291496763,1727
R10,W4205339398,1728
R10,W2890173520,1729
R10,W4239552011,1730
R10,W3172008930,1731
R10,W4378602130,1732
R10,W2583567769,1733
R10,W4381742007,1734
R10,W4210970171,1735
R10,W4395081106,1736
R10,W7197011594,1737
R10,W3094438227,1738
R10,W2946256605,1739
R10,W7160831426,1740
R10,W4236071187,1741
R10,W4387712354,1742
R10,W3034852580,1743
R10,W3210739157,1744
R10,W7218285199,1745
R10,W7202195899,1746
R10,W7138908069,1747
R10,W4310157892,1748
R10,W3155906727,1749
R10,W7167719180,1750
R10,W4403323467,1751
R10,W4239792814,1752
R10,W7134622266,1753
R10,W7217321626,1754
R10,W3190457872,1755
R10,W4388019264,1756
R10,W4224239814,1757
R10,W2147962118,1758
R10,W4400041646,1759
R10,W7124697127,1760
R10,W7124741849,1761
R10,W4416571145,1762
R10,W2767178043,1763
R10,W4365934679,1764
R10,W7172478008,1765
R10,W4200173838,1766
R10,W4387094729,1767
R10,W2809747423,1768
R10,W7202254698,1769
R10,W2971021773,1770
R10,W4416571155,1771
R10,W3025940319,1772
R10,W4382982975,1773
R10,W4386588547,1774
R10,W4375810141,1775
R10,W2557264812,1776
R10,W7207739474,1777
R10,W4200537647,1778
R10,W3021145361,1779
R10,W3110283704,1780
R10,W2944264548,1781
R10,W4391319916,1782
R10,W4405779908,1783
R10,W4408136956,1784
R10,W2796037387,1785
R10,W4414384835,1786
R10,W4206406295,1787
R10,W4234133367,1788
R10,W2998744059,1789
R10,W4408330451,1790
R10,W4380872726,1791
R10,W4407764565,1792
R10,W4324295779,1793
R10,W2213391483,1794
R10,W4250035970,1795
R10,W2778011189,1796
R10,W4313453845,1797
R10,W2345628665,1798
R10,W7154475881,1799
R10,W3130473643,1800
R10,W2991470566,1801
R10,W2580928458,1802
R10,W2477281397,1803
R10,W3034717352,1804
R10,W2998073047,1805
R10,W2802633806,1806
R10,W4388975213,1807
R10,W4310449152,1808
R10,W7154574716,1809
R10,W2991771774,1810
R10,W4402741262,1811
R10,W2884149572,1812
R10,W3014579404,1813
R10,W4414339517,1814
R10,W3020410655,1815
R10,W2471366038,1816
R10,W3029420112,1817
R10,W4408810446,1818
R10,W4403544392,1819
R10,W4387799390,1820
R10,W4214495352,1821
R10,W2941662629,1822
R10,W2758792824,1823
R10,W7213555533,1824
R10,W4319299451,1825
R10,W4403929161,1826
R10,W3090556617,1827
R10,W3021186915,1828
R10,W3118168076,1829
R10,W4406739373,1830
R10,W4413963683,1831
R10,W3160035152,1832
R10,W2487948895,1833
R10,W7130370713,1834
R10,W2767853728,1835
R10,W3052221107,1836
R10,W3055385830,1837
R10,W3198660037,1838
R10,W4296805755,1839
R10,W2594566108,1840
R10,W4210792853,1841
R10,W4381512918,1842
R10,W2440123195,1843
R10,W7125099733,1844
R10,W2915053225,1845
R10,W3166267811,1846
R10,W4414781654,1847
R10,W3003506689,1848
R10,W4401153192,1849
R10,W2525997849,1850
R10,W3174732192,1851
R10,W4395113827,1852
R10,W3012258751,1853
R10,W4315490731,1854
R10,W4416077902,1855
R10,W7151525092,1856
R10,W7151595091,1857
R10,W7150795511,1858
R10,W4410009811,1859
R10,W4290636044,1860
R10,W4414540316,1861
R10,W3126795547,1862
R10,W4367395440,1863
R10,W4413107199,1864
R10,W2556625032,1865
R10,W4296916469,1866
R10,W4252151274,1867
