publication_number,application_number,country_code,kind_code,family_id,filing_date,priority_date,publication_date,grant_date,title_en,title_ko,abstract_en,abstract_ko,claims_en,cpc_codes,ipc_codes,assignees,assignee_countries,hit_context,hit_cpc
CN-120810942-A,CN-202511093029-A,CN,A,97328317,20250806,20250806,20251017,0,Micro inverter supervision control method and system based on Internet of things data,,"The invention relates to the technical field of micro-inverters, and discloses a micro-inverter supervision control method and a micro-inverter supervision control system based on Internet of things data, wherein the operation situation is judged by acquiring multidimensional environment parameters such as temperature, illumination intensity, power grid load and the like, extracting characteristics and identifying modes; the method comprises the steps of carrying out weighted fusion on heterogeneous data by adopting multivariate time sequence analysis and Kalman filtering, determining the credibility of a data source through information entropy calculation, carrying out anomaly detection, dynamically adjusting data fusion weights according to anomaly scores, constructing a control decision matrix based on operation scenes and anomaly degrees, carrying out intelligent adjustment on inverter output by adopting a fuzzy logic controller, and continuously optimizing operation parameters through feedback control to realize efficient and stable operation of the micro inverter. The invention can effectively cope with complex and changeable photovoltaic power generation environments, and improves the system reliability and the power generation efficiency.",,,G06F18/2433;G06F18/25;G06F18/213;G06F18/20;H02J3/381;H02S50/00,H02S50/00;H02J3/38;G06F18/25;G06F18/2433;G06F18/213;G06F18/20;H02J13/00,SHENZHEN JINSICHENG TECH CO LTD,,False,True
CN-121350991-A,CN-202511539747-A,CN,A,98411100,20251027,20251027,20260116,0,Multi-source public opinion data processing method and system,,"The invention discloses a multi-source public opinion data processing method and system, wherein the method comprises the steps of collecting public opinion data from at least two heterogeneous data sources, and obtaining source credibility weight and dynamic transmission heat index of each piece of data; the method comprises the steps of generating comprehensive priority scores based on a multidimensional fusion strategy of an attention mechanism, dividing data into a plurality of priority processing queues according to the scores, configuring an adaptive sampling rate for each queue, extracting multi-modal characteristics from representative samples in each queue, inputting a multi-modal analysis model, outputting emotion polarity, topic labels and credibility estimation values, deducing a plurality of indexes of non-sampled data by adopting a graph neural network semantic propagation model based on analysis results of the representative samples, and finally generating a multi-source public opinion situation map and outputting early warning signals. The invention can realize the efficient, accurate and self-adaptive processing of the multi-source public opinion data, and remarkably improve the efficiency and decision support capability of public opinion analysis.",,,,G06N5/04;G06N3/045;G06N3/042;G06F40/30;G06F18/213;G06F18/25,INSTITUTE OF RADIN AMERICAS CHINESE ACADEMY OF SOC,,False,True
CN-120180014-B,CN-202510643954-A,CN,B,96040674,20250519,20250519,20250812,20250812,Medical data multisource fusion checking and correcting method and system,,"The invention belongs to the technical field of medical data processing, and discloses a medical data multisource fusion checking and correcting method and system, wherein the method comprises the steps of obtaining multisource data; the method comprises the steps of establishing a dynamic baseline model of emergency departments, ICUs and general wards, responding to and checking abnormal conditions of patient data and early warning, establishing a term library, carrying out multi-source fusion on the patient data acquired by a plurality of sources and carrying out data correction, generating multi-source data quality evaluation tables of different departments based on full-flow data, and updating the term library and fusion correction weights based on feedback of the quality evaluation tables. The invention can timely find and correct the quality problem in the data by the real-time monitoring and intelligent early warning mechanism, reduce human errors and greatly reduce the data management cost. Through multi-source data fusion and consistency verification, the system can ensure seamless docking of data from different data sources, and realize cross-system and cross-platform data consistency and collaborative work, so that the accuracy of medical decision and the reliability of data are improved.",,,G16H50/70;G16H10/60;G06F16/2468;G06F16/215;G06N3/0442;G06N5/022;G06F16/367;G06F40/30;G06F18/22;G06F18/251;G06F18/15,G16H50/70;G16H10/60;G06N5/022;G06N3/0442;G06F40/30;G06F18/25;G06F18/22;G06F16/36;G06F16/2458;G06F16/215;G06F18/15,,,False,True
CN-119649587-A,CN-202510153600-A,CN,A,94956798,20250212,20250212,20250318,0,Open-air geological survey monitoring system based on remote sensing data,,"The invention relates to the technical field of geological disaster prediction, in particular to a field geological investigation monitoring system based on remote sensing data, which comprises a data acquisition module, a data preprocessing module, a multi-source data fusion module, a deep learning model module and an early warning module, wherein the data acquisition module, the data preprocessing module, the multi-source data fusion module, the deep learning model module and the early warning module are sequentially connected. Through the sequential connection of the modules, the system realizes the closed loop from data acquisition to analysis to early warning, and ensures the integrity, real-time performance and accuracy of the data. The data preprocessing module eliminates the interference of the source data while guaranteeing the data quality, and the fusion module promotes the synergistic effect of the multi-source data through an intelligent algorithm. The high-precision prediction of the deep learning model module ensures the timeliness and effectiveness of disaster early warning. Timely response of the early warning module helps related departments to do disaster prevention and reduction work, and risks brought by geological disasters are effectively reduced.",,,Y02A90/10,G08B29/18;G08B21/10;G08B31/00,GEOPHYSICAL SURVEY TEAM SHANDONG BUREAU OF COAL GEOLOGY,,True,False
CN-120822197-A,CN-202510628178-A,CN,A,97368870,20250515,20250515,20251021,0,Mountain fire spreading dynamic prediction method based on meteorological data and geographic information,,"The invention discloses a mountain fire spreading dynamic prediction method based on meteorological data and geographic information, which relates to the technical field of dynamic monitoring, and comprises the steps of acquiring real-time meteorological data through a meteorological station and a satellite, acquiring geographic information by utilizing a GIS technology to form a real-time meteorological information group, then denoising, outlier processing and normalizing preprocessing the data to ensure data quality and consistency, establishing an ARIMA model to predict time sequence meteorological data, calculating the gradient, slope direction and roughness of the terrain by a digital elevation model, predicting flame spreading speed related information through a Rothermel fire spreading model, finally fusing multi-source information by using a Bayesian network to acquire fire spreading probability P (F|X, Y), dividing and iterating training a training set and a testing set, and accurately predicting the spreading path and risk level of the mountain fire in real time, and providing a detailed spreading path diagram, risk early warning information, a resource allocation scheme and an emergency plan.",,,G06F2123/02;G08B31/00;G08B17/00;G06N20/00;G06Q50/26;G06F16/29;G06F18/22;G06T17/05;G06F18/29;G06F18/25;G06F18/15;G06F18/10;G06F18/27;Y02A90/10,G08B31/00;G08B17/00;G06T17/05;G06Q50/26;G06N20/00;G06F123/02;G06F18/25;G06F18/22;G06F18/20;G06F18/15;G06F18/10;G06F16/29;G06F18/27,STATE GRID POWER SPACE TECH CO LTD;STATE GRID CORP CHINA,,False,True
CN-121684942-A,CN-202511748670-A,CN,A,99017124,20251126,20251126,20260317,0,Chinese herbal medicine full-link tracing anomaly detection method based on graph propagation and trust score,,"The invention relates to the technical field of data processing and tracing, and discloses a traditional Chinese medicine full-link tracing anomaly detection method based on graph propagation and trust grading, which comprises the following steps of obtaining multi-source heterogeneous data of a traditional Chinese medicine full-link, and constructing a tracing map containing traditional Chinese medicine circulation entity nodes and association side relations; and carrying out parallel detection on the nodes to be detected in the traceability map by utilizing a sub-model library to obtain original anomaly scores of multiple dimensions, and calculating self-adaptive fusion weights according to the characteristic adaptation degree of the sub-model and the nodes to be detected. By introducing the self-adaptive fusion weight in the local abnormal refining step, the system can automatically promote the weight of the sub-model sensitive to the high risk features, so that the system can dynamically identify and preferentially acquire the optimal model aiming at the current data features, and the problem of insufficient robustness of the traditional static fusion method in the face of diversified abnormal modes is avoided.",,,Y02P90/30,G06F18/25;G06F18/2433;G06F18/20;G06Q30/018,GUANGDONG PAOHE CHINESE HERBAL MEDICINE E COMMERCE CO LTD,,False,True
CN-121257865-B,CN-202511804587-A,CN,B,98189075,20251203,20251203,20260303,20260303,Trans-regional flood risk prediction management system and method based on federal learning,,"The invention discloses a federal learning-based trans-regional flood risk prediction management system and a federal learning-based trans-regional flood risk prediction management method, which relate to the technical field of flood risk prediction and comprise a trans-regional data acquisition module for acquiring multi-source flood observation data in a distributed mode and attaching a credibility label; the system comprises a coherent analysis clustering module, a joint prediction analysis module, a decision write-back module and a decision write-back module, wherein the coherent analysis clustering module calculates coherent correlation coefficients among monitoring stations based on weighted Pearson correlation coefficients, performs topological consistency clustering by combining physical connectivity and relationship stability, the joint prediction analysis module adopts a federal learning mode to train a flood risk prediction model based on clustering results, fuses a statistical channel and a physical channel to perform joint prediction, judges and optimizes simulation input through a leading boundary, and the decision write-back module generates multi-level early warning and targeted scheduling suggestions according to predicted values and writes back execution data to realize closed loop optimization. The problem of insufficient flood prediction precision under the heterogeneous and privacy protection of the trans-regional data is solved, and precise, efficient and safe trans-regional flood risk prediction management is realized.",,,Y02A10/40,G06Q50/26;G06Q10/0635;G06N20/00;G06N3/098;G06N3/0464;G06N3/042;G06Q10/04,,,True,True
CN-119832704-A,CN-202510304143-A,CN,A,95303094,20250314,20250314,20250415,0,"Intelligent airport periphery safety monitoring method, system, equipment and storage medium",,"The application relates to the technical field of safety precaution, and discloses a method, a system, equipment and a storage medium for monitoring the security of an intelligent airport enclosure. The method comprises the steps of collecting monitoring information through a multi-type sensor array, carrying out time synchronization processing to obtain multi-source synchronous monitoring data, carrying out space registration and noise reduction processing on the data, generating situation fusion data according to sensor reliability configuration weights, extracting space-time characteristics to construct intrusion characteristic features to obtain threat assessment results, determining early warning grades and matching response measures to form a treatment scheme, obtaining an optimal prevention and control scheme through situation deduction, optimizing monitoring parameters according to execution data, and generating an updated monitoring strategy. The application realizes accurate identification and quick response to the security threat of the periphery through intelligent analysis and fusion processing of the multi-source data.",,,,G08B31/00;G08B13/00;G06Q50/26;G06Q10/0631;G08B29/18,GUANGZHOU BAIYUN INT AIRPORT CONSTRUCTION AND DEVELOPMENT CO LTD,,False,True
CN-121009291-A,CN-202510932088-A,CN,A,97724613,20250707,20250707,20251125,0,Geological survey data analysis system and method based on multi-source data fusion,,"The invention discloses a geological survey data analysis system and a geological survey data analysis method based on multi-source data fusion, and relates to the technical field of data analysis; the method comprises the steps of calculating similarity of a real-time environment feature matrix and each type of geological data in a knowledge base, selecting and judging to obtain a real-time survey geological type, calculating data fusion weights of the real-time survey geological type by using quality scores and correlations, carrying out weighted fusion on real-time data streams when surveying geology by using the calculated data fusion weights, calculating abnormal thresholds of different types of geology according to different types of geological historical survey data and carrying out standardization to generate an abnormal threshold database, extracting the abnormal threshold of the real-time survey geological type from the abnormal threshold database, judging the fusion data by using the abnormal threshold to obtain whether the real-time survey geology is abnormal or not and carrying out early warning.",,,G06F18/22;G06F18/213;G06F18/253;G06F18/2433;G06F18/20,G06F18/25;G06F18/2433;G06F18/22;G06F18/213;G06F18/20,SHANDONG GOLD GROUP INT MINING DEVELOPMENT CO LTD,,False,True
CN-120952587-A,CN-202511492873-A,CN,A,97606282,20251020,20251020,20251114,0,Multisource data fusion supervision system for geological disaster management engineering,,"The invention belongs to the technical field of geological disaster engineering supervision, and particularly discloses a multi-source data fusion supervision system for geological disaster management engineering, which is characterized in that the real-time acquisition, multi-protocol analysis, high-precision time synchronization, advanced denoising, missing value interpolation, outlier filtering and preliminary feature extraction of data are realized at a data source end, so that the data quality and the real-time performance are remarkably improved, and the processing load of a central platform is reduced; the real-time state mapping of the physical world and the virtual space and the recognition and correction scheme matching of the abnormal result of the disaster management project realize the matching of the multistage early warning linkage and the automatic emergency plan, provide visual and comprehensive visual display and decision support, greatly improve the supervision efficiency, early warning accuracy and emergency response speed, provide reliable technical guarantee for the safe and stable operation of the geological disaster management project, and effectively reduce the disaster risk and economic loss.",,,G01D21/02;G06F16/256;G06F16/2228;G06F16/215;G06N5/04;G06F30/27;G06Q10/06316;G06Q10/0637,G06Q10/0631;G06N5/04;G06F30/27;G06F16/25;G06F16/22;G06F16/215;G01D21/02;G06Q10/0637,CHINA NUCLEAR DADI ECOLOGICAL TECH CO LTD,,True,True
CN-116561705-B,CN-202310827022-A,CN,B,87496844,20230707,20230707,20231020,20231020,"Three rainfall sensor data fusion calculation method, system and terminal",,"The application relates to a data fusion calculation method, a system and a terminal of three rainfall sensors, which are implemented by the following steps: acquiring minute rainfall values and hour rainfall values of three rainfall sensors, judging and calculating effective hour rainfall values according to four conditions, calculating reliable effective minute rainfall, and respectively outputting corresponding states of the three rainfall sensors; the observation data quality is greatly improved through the multi-sensor fusion observation practice of rainfall, more accurate rainfall observation data is provided for early warning and forecasting service, and the continuity of the data is ensured; on the other hand, the data state is identified through the computer background program, so that timely guidance is provided for equipment fault processing, the comprehensive popularization value is realized, meanwhile, experience is accumulated for next-step intelligent observation, the comprehensive intelligent direction is observed on the ground, and the method is worthy of further research of observation business personnel.",,,Y02A90/10;G06F18/25;G01W1/14;G01W1/10;G06F18/24,G06F18/25;G01W1/10;G01W1/14;G06F18/24,,,False,True
CN-121278116-A,CN-202511545946-A,CN,A,98240820,20251028,20251028,20260106,0,Medical clinical data quality analysis method and system based on knowledge graph,,"The invention discloses a medical clinical data quality analysis method and system based on a knowledge graph, and relates to the technical field of medical data analysis; the method comprises the steps of constructing a dynamic medical field knowledge graph integrating a medical ontology and a semantic relation, accessing multi-source heterogeneous clinical data into the graph through entity link and standardized mapping, generating a personal data subgraph containing time sequence information for each patient, realizing deep discovery and accurate positioning of quality problems of known contradictions and unknown modes by combining logic reasoning based on a semantic rule base and anomaly detection based on a graph neural network, generating a targeted restoration scheme by utilizing traceability of the graph, quantitatively scoring quality problems and feeding the quantitative scoring to the graph to form closed loop management.",,,G16H50/70;G06F18/25;G06F18/24;G06F18/214;G06F40/30;G06N3/084;G06N3/042;G06F16/367,G16H50/70;G06N3/084;G06N3/042;G06F40/30;G06F18/25;G06F18/24;G06F18/214;G06F16/36,BEIJING FANGSHENG YUANLIN MEDICAL TECH CO LTD,,False,True
CN-117171154-A,CN-202311195876-A,CN,A,88931657,20230915,20230915,20231205,0,Traffic infrastructure time sequence data quality discriminating and enhancing method based on artificial intelligent neural network,,"The invention designs a traffic infrastructure time sequence data quality anomaly detection method and a data reconstruction method based on a statistical method and an LSTM (BIlSTM) network, which comprise a model training method based on a statistical quadripotential method (Interquartile Range) and a long-short-Term Memory network (Long Short Term Memory), and a multi-sensor data reconstruction flow based on a Bi-directional Long Short-Term Memory network (Bi-directional Long Short-Term Memory), so that the problems of more abnormal data and low quality of the existing traffic infrastructure are solved. The invention discloses an abnormal data identification flow based on abnormal data types, which can detect various anomalies when the abnormal data types are contained. The invention expands independent anomaly detection and data reconstruction methods simultaneously, combines anomaly type detection and data reconstruction methods to form a complete flow scheme, thereby improving data quality. Finally, the detection method and the reconstruction network designed based on the invention can carry out efficient anomaly monitoring and data reconstruction tasks and are deployed in equipment.",,,,G06F16/215;G06F18/2433;G06F123/02;G06N3/0442;G06N3/045,UNIV BEIHANG,,False,True
CN-120403783-B,CN-202510912483-A,CN,B,96512401,20250703,20250703,20251010,20251010,Landslide potential displacement monitoring system using multi-source data fusion,,"The invention discloses a landslide hidden danger displacement monitoring system using multi-source data fusion, which comprises a multi-source sensing unit, an earth surface deformation sensing module and an edge computing unit, wherein the multi-source sensing unit comprises a satellite-borne radar sensing module, the satellite-borne radar sensing module is used for acquiring large-range earth surface deformation data through a synthetic aperture radar, the earth surface deformation sensing module is used for monitoring earth surface displacement in real time through a dual-frequency GNSS receiver and a fiber grating sensor, the underground stress sensing module is used for acquiring underground rock-soil body stress change through a microseismic monitoring array and a distributed fiber sensor, and the edge computing unit comprises a dynamic weight fusion module, and is used for dynamically distributing multi-source sensor weights according to geological states to generate high-precision fusion displacement field data. The invention can break through the bottleneck of the traditional monitoring system in terms of data quality, model precision and response efficiency through multisource data fusion, model parameter real-time updating and closed-loop optimization mechanism, and provides data support for accurate early warning and intelligent emergency of landslide disasters.",,,G06F2119/14;G08B21/10;G08B29/188;G08B31/00;G06F30/23;G01C21/20;G01B21/02;G01D21/02,G08B31/00;G08B29/18;G08B21/10;G06F119/14;G06F30/23;G01C21/20;G01B21/02;G01D21/02,,,True,False
CN-120611818-A,CN-202510547956-A,CN,A,96927865,20250428,20250428,20250909,0,Urban safety monitoring quantitative prediction method and system based on big data analysis,,"The invention discloses a quantitative prediction method and a quantitative prediction system for urban safety monitoring based on big data analysis, wherein the method comprises the steps of determining multiple monitoring indexes of urban safety development, collecting multi-source heterogeneous historical data of each monitoring index and preprocessing; the method comprises the steps of carrying out data coupling and feature extraction on the preprocessed multi-source heterogeneous historical data, selecting an analysis model according to data features and data industry characteristics, training and cross-verifying the analysis model based on the multi-source heterogeneous historical data of each monitoring index to generate a city safety monitoring quantitative prediction model, carrying out quantitative prediction based on the multi-source heterogeneous real-time data of each monitoring index by utilizing the city safety monitoring quantitative prediction model, adapting to various data quality and data industry characteristics by selecting different analysis models, improving the accuracy of quantitative prediction of the monitoring indexes, and carrying out effective quantitative prediction on the running situation of the monitoring points and early warning based on the prediction.",,,G06N3/042;G06F18/214;G06F18/217;G06F18/213;G06F18/10;G06Q50/265;G06Q10/06375;G06Q10/04;Y02A30/60,G06Q50/26;G06Q10/0637;G06N3/042;G06F18/214;G06F18/213;G06F18/21;G06F18/10;G06Q10/04,BEIJING TESTOR TECH CO LTD,,False,True
CN-118889666-A,CN-202410855987-A,CN,A,93225429,20240628,20240628,20241101,0,Multi-source data management method and system for distribution network line interconnection switch,,"The invention discloses a method and a system for managing multisource data of a distribution network line interconnection switch, and relates to the technical field of distribution network management. The method aims at solving the problems that the existing data management method often has non-uniform data sources, incompatible data formats and uneven data quality, so that the data management efficiency is low and the safe and stable operation of a power distribution network is affected; the multi-source data management method for the distribution network line interconnection switch comprises the following steps: s1: multi-source data integration and standardization; s2: real-time data monitoring and early warning; s3: visual display; s4: security and privacy protection; the GIS data is utilized to position the contact switch in the single line diagram, so that the real-time collection and monitoring of the state of the contact switch are realized, the fault prediction and early warning are carried out, the influence of the fault on the operation of the power grid is reduced, the data quality is monitored and evaluated in real time, the data management efficiency and effect are improved continuously, and the data quality is ensured to be always kept at a higher level.",,,H02J13/12;H02J13/34;H02J13/13;H02J13/10;G06F2113/04;G06Q50/06;G06F30/18;G06F21/6254;G06F13/42;G06F13/382;G06F18/25,G06Q50/06;G06F113/04;G06F30/18;G06F21/62;G06F18/25;G06F13/42;G06F13/38;H02J13/00,STATE GRID HENAN ELECTRIC POWER COMPANY GONGYI POWER SUPPLY COMPANY;ZHENGZHOU POWER SUPPLY CO OF STATE GRID HANAN ELECTRIC POWER CO,,False,True
CN-121169088-A,CN-202511278497-A,CN,A,98048070,20250909,20250909,20251219,0,Permanent basic farmland quality intelligent monitoring system and method,,"The invention provides a permanent basic farmland quality intelligent monitoring system and method, which realize accurate monitoring and dynamic management through multi-module cooperation, calculate terrain gradient and canopy height based on LiDAR point cloud, generate complexity index in combination with meteorological data, improve an A-algorithm to optimize an unmanned aerial vehicle inspection path, extract hyperspectral data to analyze soil and crop states, calibrate an electrode response curve, calculate biological effectiveness index in combination with humiture and dynamically adjust an early warning threshold value, identify abnormal data by adopting an isolated forest algorithm and conduct grading treatment, merge multisource data by adopting space-time Kriging interpolation and CNMF algorithm to construct a space-time cube, synthesize indexes such as ecological protection level, economic value and the like to generate a graded soil quality index model, generate disease thermodynamic diagram and store key data in an uplink, and realize farmland quality real-time monitoring, risk early warning and ecological economic balance decision through multisource heterogeneous data fusion, dynamic weight optimization and block chain technology.",,,Y02A90/10,G06V20/17;G06V20/10;G06V10/58;G06V10/422;G06Q50/02;G06F18/25;G06F18/243;G06Q10/0635,UNIV JIANGXI AGRICULTURAL;JIANGXI INSTITUTE OF LAND AND SPACE INVESTIG AND PLANNING,,False,True
CN-116013033-B,CN-202310144650-A,CN,B,86025128,20230210,20230210,20250613,20250613,"Multi-source signal fatigue driving detection method, device and storage medium",,"The application provides a multi-source signal fatigue driving detection method, a device and a storage medium. The method comprises the steps of obtaining time sequence data of multiple types of information in a driving process, segmenting the time sequence data of the multiple types of information to obtain multiple time sequence data fragments, respectively carrying out quality assessment on the multiple time sequence data fragments, determining target judgment models matched with the multiple time sequence data fragments from multiple judgment models according to data quality assessment grades, respectively judging the multiple time sequence data fragments through the target judgment models determined respectively to obtain a final total fatigue degree prediction result, and comparing the total fatigue degree prediction result with an early warning threshold value to judge whether to carry out early warning prompt on a driver or not. The characteristics of the data of the driver are effectively mined by using a plurality of data fusion methods, the data of different qualities are matched with the judging model, higher detection precision is achieved, the fatigue state of the driver is comprehensively measured, and the driving risk is reduced by reminding.",,,,G06N3/044;G06F123/02;G06F18/25;G06F18/2411;G06F18/214;G06F18/15;G08B21/06,,,False,True
CN-120084341-A,CN-202510564828-A,CN,A,95852189,20250430,20250430,20250603,0,Intelligent positioning navigation early warning system and method for boats,,"The invention relates to the technical field of navigation and positioning, in particular to an intelligent navigation early warning system and method for a boat. The method comprises the steps of collecting and evaluating sea state sensing and positioning signals according to a multisource sensor synchronous data set to obtain a sensor reliability scoring table, analyzing target motion situation according to the sensor reliability scoring table to obtain a fusion situation vector diagram, judging target motion states according to the fusion situation vector diagram to obtain a target motion state judging result, evaluating multiple target collision risks according to the target motion state judging result to obtain a risk evaluation matrix, performing navigation maneuvering performance constraint according to the risk evaluation matrix to obtain a navigation planning maneuvering constraint rule set, and performing navigation track search according to the navigation planning maneuvering constraint rule set to obtain a navigation track scheme. According to the invention, the positioning accuracy, navigation safety and early warning system practicability of the ship under the complex environment are obviously improved through the positioning navigation early warning technology.",,,G08B31/00;G06F18/251;G01C21/005;G01C21/203,G08B31/00;G06F18/25;G01C21/00;G01C21/20,CHANGHZOU FRP BOATBUILDING CO LTD,,False,True
CN-116308960-B,CN-202310313578-A,CN,B,86814916,20230327,20230327,20231121,20231121,Intelligent park property prevention and control management system based on data analysis and implementation method thereof,,"The invention discloses a data analysis-based intelligent park property prevention and control management system and an implementation method thereof, and belongs to the technical field of property prevention and control. The invention comprehensively applies the data driving technology and the multi-mode fusion technology to the prevention and control management of the properties of the park, and builds a unified multi-mode universal management data analysis platform for multi-source heterogeneous data in the park. The system comprises a multi-mode information collection module and a multi-mode management and control module. The multi-mode information collection module uploads information data to the central machine room server through a network, and a multi-mode information model of the central machine room server performs model training and multi-mode association on property early warning information. And each multi-mode terminal feeds back and responds to the associated information. The intelligent park screening system reduces screening pressure for property prevention and control in the intelligent park, improves management and control efficiency, and improves flexibility, adaptability, safety and credibility of a property prevention and control management system.",,,G06Q50/26;G06V40/172;G06V20/62;G06V2201/08;G06N3/04;G06N3/08;G06N20/00,G06Q50/26;G06F18/24;G06F18/2433;G06F18/25;G06F18/40;G06N3/04;G06N3/08;G06N20/00;G06V20/62;G06V40/16,,,False,True
CN-111178742-B,CN-201911353910-A,CN,B,70647455,20191225,20191225,20231208,20231208,Comprehensive traffic cooperative operation system and method based on multi-level index system,,"The invention provides a comprehensive traffic cooperative operation system based on a multi-level index system, which comprises: the data resource layer is used for integrating multi-source heterogeneous data, establishing a data standard specification and an information resource catalog, constructing five comprehensive databases of a basic database, a business database, an index database, a subject database and a shared database, and realizing real-time supervision of data quality and distribution state based on the on-line management and control technology of data quality; the index system layer is used for constructing a traffic operation monitoring and early warning index system in the preset field; the business analysis layer is used for constructing an urban comprehensive traffic operation system facing the cooperation among enterprises, industry authorities and comprehensive traffic cooperative operation departments. The invention also provides a corresponding operation method. Therefore, the invention can improve the efficiency of traffic coordination.",,,G06Q10/06393;G06Q50/26;Y02A30/60,G06Q10/063;G06Q50/26,,,False,True
CN-120263824-A,CN-202510732951-A,CN,A,96179746,20250604,20250604,20250704,0,Intelligent Internet of things public safety management and control system and method based on multi-source data fusion,,"The invention provides an intelligent internet of things public safety management and control system and method based on multi-source data fusion, and belongs to the technical field of internet of things safety. The system comprises the steps of loading corresponding model parameters and response strategies by identifying a system operation scene, realizing unified acquisition and standardization processing of multi-source data, and constructing a unified semantic representation structure. The system performs anomaly detection at the edge node, combines the semantic structure and the anomaly characteristic information, completes risk scoring and hierarchical alarm judgment, and generates a control response instruction based on policy matching. Meanwhile, dynamic optimization of a scoring model and identity authentication, behavior audit and data compliance derivation in the running process are supported. The intelligent recognition system has the capabilities of intelligent recognition, self-adaptive analysis and response closed loop, and improves the precision and the credibility of public safety management in the environment of the Internet of things.",,,H04L9/40;H04L63/30;H04L63/1425;H04L69/08;H04L69/22;H04L41/0883;H04L41/0823;H04L41/0816;H04L41/145;H04L67/30;H04L67/12,H04L69/22;H04L69/08;H04L67/30;H04L41/14;H04L41/0823;H04L41/0816;H04L41/08;H04L9/40;H04L67/12,CHENGCHUANG INTELLIGENT TECH JIANGSU CO LTD,,True,False
CN-120875552-A,CN-202510987921-A,CN,A,97462272,20250717,20250717,20251031,0,Enterprise climate risk prevention and control system applying big data and artificial intelligence,,"The invention relates to the technical field of enterprise climate risk prevention and control, and provides an enterprise climate risk prevention and control system applying big data and artificial intelligence, which comprises a multi-source climate data acquisition module, a satellite, a ground station and enterprise Internet of things data are integrated through federal learning; the system comprises an enterprise asset digital twin module, an AI risk prediction engine, a dynamic risk assessment module, a self-adaptive response decision module, a hierarchical early warning and linkage insurance platform, wherein the enterprise asset digital twin module integrates BIM/GIS to construct a dynamic asset model, the AI risk prediction engine adopts a space-time convolutional neural network to analyze weather-asset relevance, combines physical simulation with generation of an countermeasure network quantification physical/transformation risk, the dynamic risk assessment module generates a risk thermodynamic diagram and calculates a supply chain interruption probability, and the self-adaptive response decision module outputs a hierarchical early warning and links the insurance platform to trigger automatic claim settlement. The system verifies the credibility of the data through the blockchain, utilizes the edge computing nodes to realize local disaster recovery decision when the network is interrupted, forms a closed loop control mechanism of &#39;monitoring-predicting-evaluating-responding-optimizing&#39;, and solves the problems of data island, responding delay and unknown risk prediction in the traditional scheme.",,,G16Y20/10;G06Q50/26;G06N3/098;G06N3/096;G06N3/094;G06N3/0475;G06N3/0464;G06N3/045;G06Q10/04;G06Q40/08;G06Q10/0635,G16Y20/10;G06Q50/26;G06Q40/08;G06Q10/04;G06N3/098;G06N3/096;G06N3/094;G06N3/0475;G06N3/0464;G06N3/045;G06Q10/0635,UNIV ZHEJIANG WANLI,,True,True
CN-121162466-A,CN-202511134748-A,CN,A,98028679,20250813,20250813,20251219,0,Fan tower barrel settlement inclination monitoring method and system,,"The application provides a method and a system for monitoring sedimentation and inclination of a fan tower, and relates to the technical field of monitoring of wind power generation equipment. By means of space-time alignment and dynamic feature screening, time sequence dislocation and redundant noise influence among different sensor data are eliminated, and the input data quality of the deformation quantity prediction model is improved. The characteristic weight distribution mechanism based on the time lag contribution degree enables the deformation quantity prediction model to capture the real deformation law more accurately, and avoids the interference of high-frequency noise on low-frequency deformation characteristic extraction. The problem that multisource sensor data fusion efficiency is low in a traditional fan tower settlement inclination monitoring system is effectively solved. The combined prediction precision of the inclination angle and the settlement of the tower is improved, the false alarm risk is reduced, and more reliable technical support is provided for the health monitoring and the safety early warning of the fan tower. The real-time verification mechanism is provided through unmanned aerial vehicle point cloud scanning, and the accuracy of the monitoring result is further improved.",,,,G06F18/25;G06F18/213;F03D80/00;F03D17/00,CHINA THREE GORGES CORP,,False,True
CN-120807794-B,CN-202510922746-A,CN,B,97324889,20250704,20250704,20260324,20260324,Three-dimensional visual emergency management system for mining area,,"The invention relates to the technical field of mining area emergency management, and discloses a three-dimensional visual emergency management system for a mining area, which comprises a data acquisition module and a three-dimensional sand table generation module. The three-dimensional sand table generation module processes the data through a three-dimensional visualization engine, wherein a data preprocessing unit completes space coordinate system unification, missing data complementation and outlier correction, and a scene rendering unit generates a three-dimensional dynamic sand table through texture mapping, space feature fusion, space coupling modeling and three-dimensional scene synthesis. The system has the functional modules of offline data loading, disaster diffusion simulation, escape route planning and the like, and supports cross-platform rendering and user interaction operation. According to the invention, three-dimensional dynamic display and emergency analysis of multi-source data of a mining area are realized, and the accuracy and timeliness of disaster early warning and emergency decision are improved.",,,G08B31/00;G08B21/10;G06V10/806;G06Q50/02;G06T15/005;G06T17/00,G08B31/00;G08B21/10;G06V10/80;G06T15/00;G06Q50/02;G06T17/00,,,True,False
CN-111178742-A,CN-201911353910-A,CN,A,70647455,20191225,20191225,20200519,0,Comprehensive traffic cooperative operation system and method based on multi-level index system,,"The invention provides a comprehensive traffic cooperative operation system based on a multi-level index system, which comprises: the data resource layer is used for integrating multi-source heterogeneous data, establishing a data standard specification and an information resource catalog, building five comprehensive databases of a basic library, a business library, an index library, a subject library and a sharing library, and realizing real-time supervision of data quality and distribution state based on a data quality online control technology; the index system layer is used for constructing a traffic operation monitoring and early warning index system in the preset field; and the business analysis layer is used for constructing a city comprehensive traffic operation system facing mutual cooperation among enterprises, industry administrative departments and comprehensive traffic cooperative operation departments. The invention also correspondingly provides an operation method. Therefore, the invention can improve the efficiency of traffic coordination.",,,G06Q50/26;G06Q10/06393;Y02A30/60,G06Q10/06;G06Q50/26,BEIJING GAOCHENG SCIENCE & TECH DEVELOPMENT CO LTD,,False,True
CN-119557837-A,CN-202411722481-A,CN,A,94739737,20241128,20241128,20250304,0,Multi-source data fusion and downscaling method and system for earth surface soil humidity,,"The invention provides a multi-source data fusion and downscaling method and system for earth surface soil humidity, which comprise the following steps of carrying out quality assessment and standardization processing on multi-source soil humidity data, carrying out anomaly detection and restoration by adopting a hierarchical space-time feature extractor, carrying out region partitioning on the basis of a self-adaptive boundary generation algorithm and a soft boundary transition model, realizing data fusion and error control by a region cascade fusion network and an error chain tracking algorithm, and carrying out downscaling processing by utilizing a terrain self-adaptive downscaling frame and a multi-scale residual error learning model to obtain a soil humidity data product with 1km resolution. The soil humidity data of complex terrains and high vegetation coverage areas can be effectively processed, the data fusion precision and the scale reduction effect are remarkably improved, and the technical problems of the traditional method in the aspects of data quality assessment, anomaly detection, partition boundary processing, error control and the like are solved.",,,G06F18/2433;G06F18/2148;G06F18/251,G06F18/2433;G06F18/214;G06F18/25,YELLOW RIVER INSTITUTE OF HYDRAULIC RES,,False,True
CN-121009291-B,CN-202510932088-A,CN,B,97724613,20250707,20250707,20260421,20260421,Geological survey data analysis system and method based on multi-source data fusion,,"The invention discloses a geological survey data analysis system and a geological survey data analysis method based on multi-source data fusion, and relates to the technical field of data analysis; the method comprises the steps of calculating similarity of a real-time environment feature matrix and each type of geological data in a knowledge base, selecting and judging to obtain a real-time survey geological type, calculating data fusion weights of the real-time survey geological type by using quality scores and correlations, carrying out weighted fusion on real-time data streams when surveying geology by using the calculated data fusion weights, calculating abnormal thresholds of different types of geology according to different types of geological historical survey data and carrying out standardization to generate an abnormal threshold database, extracting the abnormal threshold of the real-time survey geological type from the abnormal threshold database, judging the fusion data by using the abnormal threshold to obtain whether the real-time survey geology is abnormal or not and carrying out early warning.",,,G06F18/22;G06F18/213;G06F18/253;G06F18/2433;G06F18/20,G06F18/25;G06F18/2433;G06F18/22;G06F18/213;G06F18/20,,,False,True
CN-120810942-B,CN-202511093029-A,CN,B,97328317,20250806,20250806,20260717,20260717,Micro inverter supervision control method and system based on Internet of things data,,"The invention relates to the technical field of micro-inverters, and discloses a micro-inverter supervision control method and a micro-inverter supervision control system based on Internet of things data, wherein the operation situation is judged by acquiring multidimensional environment parameters such as temperature, illumination intensity, power grid load and the like, extracting characteristics and identifying modes; the method comprises the steps of carrying out weighted fusion on heterogeneous data by adopting multivariate time sequence analysis and Kalman filtering, determining the credibility of a data source through information entropy calculation, carrying out anomaly detection, dynamically adjusting data fusion weights according to anomaly scores, constructing a control decision matrix based on operation scenes and anomaly degrees, carrying out intelligent adjustment on inverter output by adopting a fuzzy logic controller, and continuously optimizing operation parameters through feedback control to realize efficient and stable operation of the micro inverter. The invention can effectively cope with complex and changeable photovoltaic power generation environments, and improves the system reliability and the power generation efficiency.",,,H02S50/00;H02J3/381;G06F18/20;G06F18/213;G06F18/25;G06F18/2433,H02J13/12;G06F18/20;G06F18/213;G06F18/2433;G06F18/25;H02J3/38;H02J13/10;H02J13/18;H02J103/30;H02S50/00,,,False,True
CN-120180014-A,CN-202510643954-A,CN,A,96040674,20250519,20250519,20250620,0,Medical data multisource fusion checking and correcting method and system,,"The invention belongs to the technical field of medical data processing, and discloses a medical data multisource fusion checking and correcting method and system, wherein the method comprises the steps of obtaining multisource data; the method comprises the steps of establishing a dynamic baseline model of emergency departments, ICUs and general wards, responding to and checking abnormal conditions of patient data and early warning, establishing a term library, carrying out multi-source fusion on the patient data acquired by a plurality of sources and carrying out data correction, generating multi-source data quality evaluation tables of different departments based on full-flow data, and updating the term library and fusion correction weights based on feedback of the quality evaluation tables. The invention can timely find and correct the quality problem in the data by the real-time monitoring and intelligent early warning mechanism, reduce human errors and greatly reduce the data management cost. Through multi-source data fusion and consistency verification, the system can ensure seamless docking of data from different data sources, and realize cross-system and cross-platform data consistency and collaborative work, so that the accuracy of medical decision and the reliability of data are improved.",,,G16H50/70;G16H10/60;G06F16/2468;G06F16/215;G06N3/0442;G06N5/022;G06F16/367;G06F40/30;G06F18/22;G06F18/251;G06F18/15,G16H50/70;G16H10/60;G06N5/022;G06N3/0442;G06F40/30;G06F18/25;G06F18/22;G06F16/36;G06F16/2458;G06F16/215;G06F18/15,SICHUAN HUHUI SOFTWARE CO LTD;SANTAI COUNTY PEOPLES HOSPITAL SANTAI HOSPITAL AFFILIATED TO NORTH SICHUAN MEDICAL COLLEGE,,False,True
CN-121762794-A,CN-202511788305-A,CN,A,99180733,20251201,20251201,20260331,0,Pollution monitoring and early warning method and system for drinking water source,,"The invention discloses a method and a system for monitoring and early warning pollution of a drinking water source, which are used for acquiring hydrologic and geographic characteristics of the drinking water source so as to determine a plurality of monitoring points of the water source, generating a live state according to multi-source monitoring data of each of the plurality of monitoring points, transmitting the multi-source monitoring data, preprocessing and spatially fusing the multi-source monitoring data to obtain a water quality parameter observation value of the water source, correcting the water quality parameter observation value according to a dynamic baseline value of the water quality parameter observation value to obtain an improved water quality anomaly score, carrying out pollution identification and traceability analysis on the water source according to the improved water quality anomaly score, and generating an early warning notification message according to the result of the traceability analysis. Through setting up many monitoring points and the spatial fusion to multisource monitoring data, avoid single monitoring point to arouse the monitoring data and undulant too big and the unstable condition of whole monitoring, improve monitoring timeliness and early warning accuracy and credibility.",,,,G06F123/02;G06F18/25;G06F18/22;G06F18/213;G06F18/10;G01W1/02;G01C13/00;G01N33/18,GUIZHOU WATER RESOURCES RESEARCH INST,,False,True
CN-113936413-B,CN-202111467718-A,CN,B,79288776,20211203,20211203,20230606,20230606,Early fire monitoring and early warning method and device,,"The invention provides a method and a device for early fire monitoring and early warning, wherein the method comprises the following steps: step one: collecting indoor environment image information through a camera arranged indoors so as to judge fire disasters; the sensor arranged in a monitoring area which is easy to fire indoors is used for monitoring environmental parameter information which can represent fire indoors in real time; step two: processing the indoor environment image information and the environment parameter information to respectively obtain the posterior probability of flame detection and the posterior probability of fire disaster; step three: and inputting the posterior probability of flame detection and the posterior probability of fire disaster into DS evidence theory as basic credibility functions of different evidence sources to perform decision fusion so as to obtain a fire disaster prediction result. According to the invention, a fire prediction model is created by utilizing a multi-feature data fusion method, so that the accuracy and stability are improved, early warning can be achieved for the fire disaster, the fire disaster is effectively monitored in time, and the possibility of fire disaster occurrence is reduced to the minimum.",,,G08B17/107,G08B17/107,,,True,False
CN-120009136-A,CN-202510030327-A,CN,A,95675370,20250108,20250108,20250516,0,Air pollution prediction system and method based on meteorological data,,"The invention relates to the technical field of air pollution prediction, and provides an air pollution prediction system and method based on meteorological data, wherein the air pollution prediction system comprises the following steps of: the system comprises a data acquisition and fusion module, a feature extraction module, a pollution prediction module, a model integration module, a model analysis module and a model analysis module, wherein the data acquisition and fusion module is used for acquiring meteorological data, air pollutant data and traffic data, carrying out fusion processing on the data, filling missing data, normalizing the data and extracting features, carrying out short-term and long-term prediction of air pollution based on the processed data, carrying out visual display and air pollution early warning notification on a prediction result, and the model integration module. The system realizes comprehensive monitoring of air pollution by integrating data of a meteorological station, an air pollution monitoring station, a traffic monitoring system and satellite remote sensing equipment. The interpolation and consistency processing of the data are performed by using the space-time data fusion unit, so that the coordination of the data from different sources is ensured, more comprehensive and accurate input data is provided, and the reliability of the prediction result is improved.",,,G01N2013/003;G01W1/10;G01W1/02;G01N13/00;G01N33/004;G01N33/0042;G01N33/0039;G01N33/0037;G01N33/0004;G01N15/06;G06N3/0985;G06N20/20;G06N3/084;G06N3/0442;G06N3/0464;G06F18/253;G06F18/213;G06F18/15;Y02A90/10,G06N20/20;G06N3/0985;G06N3/084;G06N3/0464;G06N3/0442;G06F18/25;G06F18/213;G06F18/15;G01W1/10;G01W1/02;G01N33/00;G01N13/00;G01N15/06,JIN WENYA,,False,True
CN-119851430-A,CN-202510073385-A,CN,A,95357653,20250117,20250117,20250418,0,Geological disaster instant early warning method based on multi-source data dynamic fusion,,"The embodiment of the invention provides a geological disaster instant early warning method based on multi-source data dynamic fusion. The method comprises the steps of definitely obtaining physical parameters of various monitoring data in a monitoring area and preprocessing the physical parameters, dividing early warning levels, determining interval values of different early warning levels corresponding to the various monitoring data, calculating cloud model parameter values of the early warning levels corresponding to the various monitoring data, calculating the credibility of the early warning levels corresponding to the various monitoring data based on the parameter values, calculating the consistent quantity, conflict strength and unreliability among the multi-source monitoring data based on the credibility distribution, constructing an early warning level credibility redistribution equation, obtaining new credibility of the early warning levels corresponding to the various monitoring data, fusing the new credibility of the early warning levels, obtaining early warning level credibility based on multi-source data fusion, combining the maximum credibility principle, determining early warning information and dynamically updating the early warning result. The method solves the problem of multi-source data conflict fusion and improves the early warning efficiency of geological disasters.",,,G08B31/00;G08B21/182;G08B21/10,G08B31/00;G08B21/18;G08B21/10,UNIV BEIJING NORMAL,,True,False
CN-119204782-A,CN-202411174859-A,CN,A,94048859,20240826,20240826,20241227,0,Quality control method and system based on buoy observation data,,"The application relates to the technical field of data processing, and discloses a quality control method and system based on buoy observation data. The method comprises the steps of carrying out multidimensional anomaly detection processing on preprocessed standard format data to obtain an anomaly detection report marked with anomalies and suspicious data points, carrying out multi-source data fusion and cross-validation processing on the data in the anomaly detection report to obtain initial data quality scores, carrying out intelligent correction processing on the anomaly detection report to obtain a correction data set and uncertainty estimation data corresponding to the correction data set, carrying out consistency analysis processing on the correction data set in space-time dimension to obtain space-time consistency scores and anomaly region marking data, carrying out comprehensive evaluation processing on the anomaly region marking data to obtain target data quality grade marks and target quality reports, and carrying out quality control strategy analysis to obtain target quality control strategies. The application improves the accuracy of quality control based on buoy observation data.",,,G06N3/092;G06N5/041;G06F18/2135;G06F18/214;G06F18/25;G06F18/24;G06F18/2337;G06Q10/06393;G06Q10/06395,G06N5/04;G06N3/092;G06F18/25;G06F18/24;G06F18/2337;G06F18/214;G06F18/2135;G06Q10/0639,SHENGDONG RUDONG OFFSHORE WIND POWER GENERATION CO LTD;HUANENG CLEAN ENERGY RES INST;HUANENG POWER INT JIANGSU ENERGY DEVELOPMENT CO LTD;HUANENG POWER INT JIANGSU ENERGY DEVELOPMENT CO LTD CLEAN ENERGY BRANCH;HUANENG OFFSHORE WIND POWER SCIENCE AND TECH RESEARCH CO LTD,,False,True
CN-120030076-A,CN-202510150017-A,CN,A,95736026,20250211,20250211,20250523,0,Metadata-driven data center management method and system,,"The invention provides a metadata-driven data center data management method and system, the method comprises the steps of connecting to various heterogeneous data sources through various access modes, automatically adjusting and optimizing metadata models, identifying the change rule of each field in historical data by using a machine learning method, generating an evolution rule of metadata evolution, automatically feeding back the difference between a real-time monitoring data source and an adaptive metadata model, using the adaptive metadata model to monitor the quality of the data source in real time, designing an early warning rule according to the quality of the data source, generating an early warning rule set, triggering early warning when a data quality problem exists, designing a machine learning-based repair model aiming at the data quality problem, and selecting an appropriate repair method to optimize. The invention overcomes the defects in the prior art by introducing the self-adaptive metadata evolution mechanism and the multi-level data quality early warning and repairing mechanism, and provides an efficient, flexible and intelligent data center management solution.",,,G06N3/0455;G06F18/27;G06F16/2474;G06F16/212;G06F16/215;G06F16/252,G06N3/0455;G06F18/27;G06F16/2458;G06F16/215;G06F16/21;G06F16/25,GUANGZHOU TAIXIN INFORMATION TECH CO LTD,,False,True
CN-121436402-A,CN-202511607357-A,CN,A,98547388,20251105,20251105,20260130,0,Bus real-time condition prediction management system,,"The invention relates to the technical field of bus management and discloses a bus real-time condition prediction management system, which comprises a bus data acquisition module, a cloud prediction analysis module, a real-time early warning management module, a machine maintenance management module, a driving behavior assessment module, a charging scheduling management module, a first-gear management module and a multi-source data fusion module; the method has the advantages that a multi-level bus data acquisition and cleaning mechanism is established, real-time analysis and verification are carried out on the CAN bus message, the message analysis accuracy of a data acquisition link CAN be detected in real time, the original data distortion of the running state caused by the data analysis error is avoided, the reliability of subsequent prediction analysis is ensured, meanwhile, the vehicle running parameters are integrated through a multi-source data fusion technology, the deviation of a single data source CAN be eliminated, the data quality is further improved, and an accurate data basis is provided for the running state assessment of the bus.",,,,G08G1/127;G08G1/048;G08B31/00;G06Q50/40;G06Q10/20;G06Q10/0635;G06Q10/04;G06N5/01;G06N3/0442;G06F18/25;G06F18/243;G06F18/23213;G06F18/22;G06F18/213;G06F18/15;G06F16/2458;G06Q10/063,SHANDONG KEXING INFORMATION TECH CO LTD,,False,True
CN-120354273-A,CN-202510309317-A,CN,A,96408791,20250317,20250317,20250722,0,Battery health diagnosis analysis method based on big data,,"The invention discloses a battery health diagnosis analysis method based on big data, which comprises the following steps of carrying out real-time monitoring and data acquisition through various sensors and data sources, carrying out multi-source data fusion based on feature selection of multi-source data to obtain a key feature set, creating a self-adaptive deep learning model, inputting features in the key feature set into the self-adaptive deep learning model to obtain a battery health state prediction result, generating a battery health score based on the battery health state prediction result and real-time data of a battery, adjusting an early warning threshold value based on the real-time battery health score, generating dynamic alarm, providing corresponding maintenance suggestions and early warning measures according to different health scores, and continuously optimizing the self-adaptive deep learning model according to historical battery health data and model prediction results. According to the invention, the data weight is dynamically adjusted based on the data quality, the sensor precision and the influence degree of the sensor precision on the health prediction, so that more accurate battery health state prediction can be realized.",,,G06N20/00;G06N5/01;G06N3/048;G06N3/0985;G06N3/084;G06N3/0442;G06N3/0464;G06N3/045;G06F18/217;G06F18/214;G06F18/253;G06F18/2135;G06F18/2113;G06F18/15;G06F18/2431;G01R31/385;G01R31/392;G01R31/3648;G01R31/367,G06N20/00;G06N5/01;G06N3/0985;G06N3/084;G06N3/048;G06N3/0464;G06N3/045;G06N3/0442;G06F18/25;G06F18/214;G06F18/2135;G06F18/2113;G06F18/21;G06F18/15;G01R31/392;G01R31/385;G01R31/367;G01R31/36;G06F18/2431,DATANG HAINAN WENCHANG NEW ENERGY CO LTD;CHINA DATANG GROUP SCIENCE AND TECH RESEARCH INSTITUTE CO LTD EAST CHINA ELECTRIC POWER TEST INSTITU;DATANG SANYA FUTURE ENERGY RES INSTITUTE CO LTD,,False,True
CN-121614724-A,CN-202511734393-A,CN,A,98917415,20251124,20251124,20260306,0,Transformer fault prediction method based on multi-modal space-time diagram neural network,,"The application discloses a Transformer fault prediction method based on a multi-modal space-time diagram neural network, which comprises the steps of obtaining concentration of dissolved gas in Transformer oil, electric operation parameters and vibration spectrum data, supplementing the missing data by adopting a linear interpolation method, eliminating abnormal values by adopting a Z-Score method, integrating multi-source data into a unified feature matrix by a feature weighted fusion technology, dynamically establishing a node association network, quantifying space-time coupling relation between the concentration of gas, the electric parameters and vibration signals, generating a feature map representing the state of equipment, capturing long time sequence dependency relation of the multi-source data by adopting a transducer framework through a multi-head attention mechanism, extracting deep space-time features, carrying out fault type reasoning and risk assessment based on the fault knowledge map, and triggering grading early warning response according to a risk assessment result. The problem of single data and response lag of the traditional transformer fault early warning method can be well solved.",,,G06N3/08;G06N3/049;G06N3/0455;G06N3/042;G06F18/253;G06F18/251;G06F18/213;G06F18/10;Y04S10/50,G06N3/08;G06N3/049;G06N3/0455;G06N3/042;G06F18/25;G06F18/213;G06F18/10,YULIN POWER SUPPLY BUREAU GUANGXI POWER GRID CO LD,,False,True
CN-120707185-A,CN-202510816692-A,CN,A,97113810,20250618,20250618,20250926,0,Risk early warning method for bulk commodity,,"The invention relates to the technical field of bulk commodity, and provides a risk early warning method of bulk commodity, which comprises the steps of obtaining multi-source data of target bulk commodity, carrying out association consistency detection to obtain cross characteristic candidate sets, and carrying out feature interaction modeling on the cross feature candidate set and the historical fluctuation features of the bulk commodity to generate different structured input sequences, inputting all the structured input sequences into a preset corresponding risk assessment submodel to generate a risk early warning report. By combining correlation consistency detection of multi-source data and extraction of cross features, various risk factors affecting price fluctuation of bulk commodities can be comprehensively identified, and early warning reports are generated in real time through feature interaction modeling, so that the problem that in practical application, complex interactions of multiple market factors cannot be comprehensively considered in the traditional method, and data quality inconsistency and response delay to sudden events exist under the influence of severe market emotion changes, information asymmetry or sudden events is solved.",,,G06F18/217;G06F18/253;G06F18/23;G06F18/213;G06Q30/0202;G06Q30/0201,G06Q30/0202;G06F18/25;G06F18/23;G06F18/213;G06F18/21;G06Q30/0201,TIANZE NINGBO DIGITAL TECH CO LTD,,False,True
CN-121563224-B,CN-202511722518-A,CN,B,98791498,20251121,20251121,20260616,20260616,Mining new energy vehicle risk early warning system and method,,"The invention discloses a mining new energy vehicle risk early warning system and a mining new energy vehicle risk early warning method, which relate to the field of data mining equipment and comprise the steps of collecting multi-source sensing data of a mining new energy vehicle, a mining operation working condition label, a real-time position of a mining area vehicle and mining area environment state information; the method comprises the steps of carrying out modal reliability assessment on multi-source sensing data according to mining area environment state information to obtain dynamic confidence weight, carrying out weighted fusion on the multi-source sensing data based on the dynamic confidence weight to generate fusion sensing characteristics, constructing a multi-mode large model based on the multi-source sensing data and the mining area environment state information, inputting the fusion sensing characteristics and mine operation working condition labels into the multi-mode large model to output thermal runaway risk probability, constructing a space-time diagram structure based on real-time position of a mining area vehicle and the thermal runaway risk probability, and calculating a risk propagation value by fusing initial risk of a single vehicle, inter-vehicle distance and aging attenuation factors based on a risk diffusion dynamics model and introducing the space-time diagram structure.",,,Y02T10/70;G06F2119/14;G06F2119/08;G06F2111/08;G06N3/08;G06N3/048;G06N3/0455;G06F30/27;G06F18/253;G06F18/256;G06Q50/02;G06Q10/0635,G06Q50/02;G06N3/08;G06N3/048;G06N3/0455;G06F119/14;G06F119/08;G06F111/08;G06F30/27;G06F18/25;G06Q10/0635,,,False,True
CN-121790994-A,CN-202511931969-A,CN,A,99234172,20251219,20251219,20260403,0,"Underground cable evaluation, monitoring and maintenance method and system based on multi-source environment awareness",,"The invention discloses an underground cable evaluation, monitoring and maintenance method and system based on multisource environment perception, wherein the method synchronously collects electrical operation parameters of an underground cable, cable surface temperature parameters and environment parameters related to laying environment according to preset time granularity, and constructs a multisource environment perception parameter set; the method comprises the steps of carrying out characteristic screening on electric operation parameters, fusing state characteristic parameters, wire core temperature and grounding characteristic parameters after environmental calibration, constructing a system-level state characteristic vector, inputting a state evaluation model for processing to obtain a state evaluation result and corresponding evaluation credibility of an underground cable, and outputting monitoring early warning information or maintenance indication information based on the state evaluation result and the evaluation credibility.",,,G06F2123/02;H02J13/12;H02J13/10;H02G1/00;G06F18/2113;G06F18/253;G01D21/02,H02J13/12;H02J13/10;G06F123/02;G06F18/25;G06F18/2113;G01D21/02;H02G1/00,WUHAN YINUOHONG TECH CO LTD,,False,True
CN-121486082-A,CN-202511886828-A,CN,A,98628290,20251215,20251215,20260206,0,Public safety risk real-time early warning method and system based on intelligent analysis,,"The invention discloses a public safety risk real-time early warning method and system based on intelligent analysis, which relates to the technical field of information safety, the invention constructs a alliance chain network and a setting authority by fusing multi-source heterogeneous data, when the shared data is applied, multiple approval is carried out, after the approval is passed, the shared data is put into a temporary shared scene for access monitoring, and evaluating the accessed target user, checking and auditing according to the evaluation result, analyzing and early warning the access audit of the temporary sharing scene in the sharing timeliness, ensuring the data credibility, the sharing and access security, the risk controllability and the service suitability, improving the accuracy of public safety risk real-time early warning, and guaranteeing the data safety.",,,H04L63/123;H04L63/0876;H04L9/3268;H04L9/3247;H04L9/3263;H04L9/14;H04L9/3234;G06F18/25;G06F18/10;H04L9/40;H04L9/50;H04L63/10,H04L9/32;H04L9/14;H04L9/00;G06F18/25;G06F18/10;H04L9/40,SICHUAN POLICE COLLEGE,,True,True
CN-107862338-A,CN-201711108681-A,CN,A,61700197,20171111,20171111,20180330,0,Marine environmental monitoring data quality management method and system based on double check method,,"The present invention relates to a kind of marine environmental monitoring data quality management method and system based on double check method, this method comprises the following steps：S1：Initial data is divided into input equipment input data and sensor gathered data, and is further subdivided into single source class and multi-source class；S2：Data outliers inspection is carried out, obtains the first data outliers and the second data outliers；S3：The order of magnitude according to where the first data outliers, the second data outliers with the difference of corresponding surrounding neighbor, obtain the first data outliers, abnormal cause classification corresponding to the second data outliers；S4：Based on default alarm rule, alarmed and correcting process；S5：In the corresponding databases of data Cun Chudao.Compared with prior art, the check algorithm of data Quality Control is integrated in software systems by the present invention, realize by being automatically imported of Monitoring Data result, classify, quality inspection, early warning, provide accurately and effectively data supporting for marine environment supervision and management.",,,G06F18/24;G06F18/2433;G06F16/215;G06F16/22,G06K9/62;G06F17/30,FUJIAN STRONGSOFT CO LTD,,False,True
CN-121484907-A,CN-202511754031-A,CN,A,98623231,20251126,20251126,20260206,0,Power quality early warning threshold calculation method and device,,"The application provides a method and a device for calculating an early warning threshold of electric energy quality, and belongs to the technical field of electric power systems. The method aims at the problems of static state and lack of self-adaptability of the existing early warning threshold value setting, and comprises the steps of predicting future load by adopting a first preset prediction model based on multi-source heterogeneous data, carrying out combined weighting on a plurality of electric energy quality indexes based on a subjective weighting method and an objective weighting method to obtain combined weights, and solving an optimization model aiming at adjusting cost minimization by adopting a second preset intelligent optimization algorithm based on a predicted load result and the combined weights to obtain the early warning threshold value. The application also provides a device for executing the method. According to the scheme, the early warning threshold can be dynamically calculated, the cooperative optimization of economy and safety is realized, and the refinement level of power quality management is improved.",,,G06F18/25;G06Q50/06;G06Q10/04;H02J3/00125;H02J3/003;H02J3/008;H02J3/0012,H02J103/40;H02J103/35;H02J3/175;H02J3/17;H02J3/008;G06Q50/06;G06Q10/04;G06F18/25;H02J3/0012,YUNNAN POWER GRID CO LTD ELECTRIC POWER RES INST,,False,True
CN-121278116-B,CN-202511545946-A,CN,B,98240820,20251028,20251028,20260410,20260410,Medical clinical data quality analysis method and system based on knowledge graph,,"The invention discloses a medical clinical data quality analysis method and system based on a knowledge graph, and relates to the technical field of medical data analysis; the method comprises the steps of constructing a dynamic medical field knowledge graph integrating a medical ontology and a semantic relation, accessing multi-source heterogeneous clinical data into the graph through entity link and standardized mapping, generating a personal data subgraph containing time sequence information for each patient, realizing deep discovery and accurate positioning of quality problems of known contradictions and unknown modes by combining logic reasoning based on a semantic rule base and anomaly detection based on a graph neural network, generating a targeted restoration scheme by utilizing traceability of the graph, quantitatively scoring quality problems and feeding the quantitative scoring to the graph to form closed loop management.",,,G16H50/70;G06F18/25;G06F18/24;G06F18/214;G06F40/30;G06N3/084;G06N3/042;G06F16/367,G16H50/70;G06N3/084;G06N3/042;G06F40/30;G06F18/25;G06F18/24;G06F18/214;G06F16/36,,,False,True
CN-120705664-A,CN-202510877073-A,CN,A,97116612,20250627,20250627,20250926,0,Gas turbine exhaust temperature sensor fault diagnosis system and method,,"The invention provides a fault diagnosis system and method for a gas turbine exhaust temperature sensor, and relates to the technical field of industrial equipment state monitoring and diagnosis. The system comprises a sensor signal acquisition module for acquiring an original temperature signal, a signal preprocessing module for acquiring the original signal and working condition parameters and preprocessing, a characteristic extraction and windowing module for acquiring data and calculating characteristics, a data driving diagnosis module for receiving time sequence characteristics, evaluating health states, and a decision fusion module for comprehensively analyzing multi-source information and making final fault diagnosis decisions. The system can remarkably improve the accuracy and reliability of fault diagnosis, reduce false alarm rate and false missing rate, realize early warning and accurate identification of early weak faults of the sensor, improve the adaptability and robustness of the diagnosis system to variable working conditions of the gas turbine, and improve the operation safety, economy and operation and maintenance efficiency of the gas turbine.",,,G06F2123/02;G06Q10/0631;G06Q10/20;G06N3/0464;G06N3/096;G06N3/0455;G06N5/01;G06N20/20;G06F18/254;G06F18/2131;G06F18/2433;G06F18/24323;G06F18/2415;G06F18/241,G06Q10/20;G06Q10/0631;G06N20/20;G06N5/01;G06N3/096;G06N3/0464;G06N3/0455;G06F123/02;G06F18/25;G06F18/2433;G06F18/243;G06F18/2415;G06F18/2131;G06F18/241,SHANGHAI INSTITUTE OF PROCESS AUTOMATION INSTR;UNIV EAST CHINA SCIENCE & TECH,,False,True
CN-121526414-A,CN-202511683564-A,CN,A,98701184,20251117,20251117,20260213,0,Power grid supply and demand balance dynamic evaluation method and system integrating multi-source data,,"The invention relates to the technical field of power grid dispatching, in particular to a power grid supply and demand balance dynamic evaluation method and system integrating multi-source data, comprising the steps of collecting six types of heterogeneous data such as power grid operation, new energy prediction and the like, and counteracting conflict by using a credibility weight model and a weighted voting method after differential pretreatment; the improved Kalman filtering of the edge layer outputs real-time supply and demand characteristics, the multi-mode transducer model of the attention mechanism of the cloud layer outputs prediction characteristics, the scene self-adaptive adjustment is used for safety, economy, environmental protection and weight evaluation of power balance, and the optimization regulation and control suggestion is pre-warned in a grading manner and strengthened in a learning manner. The system adopts four layers of architecture of perception, edge, cloud and application to realize the method. The method has the advantages that the data conflict resolution rate is greatly improved, the real-time delay is lower, the prediction accuracy is effectively improved, early warning can be performed in advance, and the safe, economical and environment-friendly operation of the power grid is ensured.",,,G08B21/182;G06N3/092;G06N3/0455;G06F18/253;G06F18/213;G06F18/10;G06Q50/06;G06Q10/06393;Y04S10/50,G08B21/18;G06Q50/06;G06N3/092;G06N3/0455;G06F18/25;G06F18/213;G06F18/10;G06Q10/0639,ECONOMIC TECHNOLOGY RES INST STATE GRID HENAN ELECTRIC POWER CO,,False,True
CN-119357907-A,CN-202411932816-A,CN,A,94303242,20241226,20241226,20250124,0,Laser-based high-low suspended box girder safety angle calculation method,,"The embodiment of the application provides a laser-based high-low hoisting box girder safety angle calculation method, which realizes accurate monitoring and risk early warning of a box girder hoisting process through multi-source data fusion and dynamic safety evaluation. The method establishes a mapping relation between environment parameters and range errors, improves measurement accuracy by adopting a self-adaptive environment compensation mechanism, utilizes Kalman filtering and confidence weight to optimally fuse laser range and overhead travelling crane attitude data, extracts time sequence characteristics based on a long-short memory network, and predicts the change trend of a box Liang Qingjiao by combining a sliding time window and an autoregressive model, thereby realizing risk grading early warning. According to the method, the self-adaptive updating of the model is realized through continuously optimizing the database, and the safety monitoring level and the early warning capability in the construction process of the high-low suspended box girder are effectively improved.",,,G01D21/02;G01B11/26;G06N3/084;G06N3/0499;G06N3/0442;G06F18/27;G06F18/213;G06F18/15;G06F18/251,G06N3/084;G06N3/0499;G06N3/0442;G06F18/27;G06F18/213;G06F18/15;G01D21/02;G01B11/26;G06F18/25,UNIVERSAL UBIQUITOUS TECH CO LTD,,False,True
CN-119741819-A,CN-202510254062-A,CN,A,95134039,20250305,20250305,20250401,0,Fire-fighting early warning method and system based on unmanned aerial vehicle,,"The invention discloses a fire-fighting early warning method and a fire-fighting early warning system based on an unmanned aerial vehicle, which relate to the technical field of fire-fighting early warning. The unmanned aerial vehicle has the advantages that the unmanned aerial vehicle can cover a wider area which is difficult to contact, comprehensive and accurate monitoring of the pipeline is realized, and the monitoring precision and timeliness are remarkably improved. The data preprocessing module is used for filtering, denoising and standardizing the acquired data, so that the data quality is further improved, and the influence of environmental noise and interference is reduced. In addition, the data fusion and analysis module fuses and extracts features of early warning data through a particle filter data fusion algorithm, and can combine data of multiple sensors to provide more accurate risk prediction.",,,,G08B17/00;G06F18/25;G06F18/10;G01D21/02;G08B31/00,,,True,True
CN-120952236-A,CN-202511069230-A,CN,A,97617877,20250731,20250731,20251114,0,Power transmission line tree flash hidden danger monitoring method based on multi-sensor fusion,,"The application relates to the technical field of safety monitoring of power systems, in particular to a multi-sensor fusion-based power transmission line tree flash hidden danger monitoring method which comprises a multi-source data acquisition, data fusion and preprocessing, risk feature extraction, dynamic risk assessment, intelligent early warning decision and monitoring feedback optimization module. Tree information is acquired in real time through a laser radar, an infrared thermal imager and other multiple sensors, data quality is optimized through improved Kalman filtering and wavelet transformation, risk characteristics are extracted based on a fractional differential equation, threat indexes are dynamically evaluated by combining self-adaptive fuzzy clustering and a Markov chain model, and finally an early warning strategy is generated through mixed integer linear programming. The application can obviously improve the identification accuracy of the tree flash hidden trouble, cover the potential risk in the whole area, reduce the manual inspection cost and provide intelligent safety guarantee for the power system.",,,G06N3/092;G06F18/10;G06F18/2131;G06F18/2337;G06F18/251;G06Q50/06;G06Q10/0635;G06Q10/04,G06Q50/06;G06Q10/0635;G06N3/092;G06F18/25;G06F18/2337;G06F18/2131;G06F18/10;G06Q10/04,BEIJING FENGQIAO TECH CO LTD,,True,True
CN-119988477-A,CN-202510466707-A,CN,A,95626619,20250415,20250415,20250513,0,Intelligent business decision method based on multi-source heterogeneous data,,"The application relates to the technical field of information and provides an intelligent business decision method based on multi-source heterogeneous data, which comprises the steps of acquiring multi-source heterogeneous data of different business scenes, judging whether the data meets the preset quality requirement by adopting a data quality evaluation model, and outputting available multi-source heterogeneous data; the method comprises the steps of constructing a data blood-cause relation graph according to available multi-source heterogeneous data, recording data copy generation, conversion and calculation processes, avoiding repeated calculation, generating a marketing recommendation list, a risk early warning list and a product recommendation list according to the data blood-cause relation graph, realizing real-time data updating according to three scene data assets through a Redis caching mechanism, ensuring that a calling interface obtains the latest data, and realizing efficient data query and real-time data updating. The full-flow intellectualization from data acquisition and processing to application is realized, the utilization efficiency of data assets is improved, accurate and timely business decision support is provided for enterprises, and the marketing effect, risk management and control capability and user experience are effectively improved.",,,Y02P90/30,G06Q30/0201;G06F18/27;G06F18/23;G06F18/2135;G06F18/20;G06F16/9536;G06F16/9535;G06F16/2458;G06F16/2455;G06F16/23;G06F16/215;G06F9/50;G06F16/25,GUANGDONG TOPWAY NETWORK CO LTD,,False,True
CN-121365348-A,CN-202511212437-A,CN,A,98422870,20250827,20250827,20260120,0,Intelligent ecological environment-friendly monitoring method and system based on artificial intelligence,,"The invention belongs to the technical field of environmental protection ecological monitoring, and particularly relates to an intelligent ecological environmental protection monitoring method and system based on artificial intelligence, which comprises the steps of integrating and constructing a multi-source data acquisition network, introducing a Q-Learning algorithm to dynamically adjust sampling and cruising frequency, and realizing multi-dimensional data acquisition; identifying and eliminating abnormal values of data, standardizing heterogeneous data, designing a cross-modal fusion network containing a coordinate attention mechanism, extracting characteristics of various types of data, weighting by using an attention weight coefficient to generate a unified environment state vector, designing an intelligent analysis algorithm, intelligently identifying pollution sources, tracking the pollution sources by combining a graph attention network, dynamically adjusting an early warning threshold by combining a PPO algorithm, optimizing a self-adaptive monitoring strategy, detecting sensor faults by a self-encoder, repairing the missing data by adopting a K neighbor interpolation method, and maintaining data continuity. The invention can effectively improve the coverage range of ecological monitoring, enhance the intelligent processing capability of data and improve the early warning accuracy and adaptability.",,,,G16C20/70;G16C20/20;G06N3/092;G06N3/0464;G06N3/0455;G06N3/0442;G06N3/042;G06F18/10;G01D21/02;G06F18/25,JIANGXI HUANGZHEN TECH CO LTD,,False,True
CN-121859869-A,CN-202511793117-A,CN,A,99369969,20251201,20251201,20260414,0,Customer investigation report generation method based on artificial intelligence and RPA,,"The invention provides a client investigation report generation method based on artificial intelligence and RPA, which comprises the steps of synchronously acquiring client investigation data from a structured data source and an unstructured data source through an application programming interface, a database query engine, an optical character recognition technology and a robot flow automation technology, carrying out text denoising, key field extraction and structured conversion on the unstructured data based on preset rules, carrying out format standardization, data verification and field mapping processing on the structured data, adjusting a data analysis strategy according to user requirements and context information by utilizing a dynamic semantic analysis model to generate a weighted semantic analysis result, carrying out anomaly detection, repeated data deduplication and missing value filling on the cleaned structured data and semantic analysis result through a multimodal data fusion algorithm, and constructing a unified data pool with a quality score of not less than 95%.",,,G06F16/215;G06N3/084;G06F40/284;G06F21/602;G06N3/045;G06F18/22;G06F18/256;G06V30/153;G06F16/2455;G06F16/25;G06F16/2433;G06F40/295;G06F40/30;G06F18/24;G06F18/10;G06F40/186,G06V30/148;G06N3/084;G06N3/045;G06F40/30;G06F40/295;G06F40/284;G06F21/60;G06F18/25;G06F18/24;G06F18/22;G06F18/10;G06F16/25;G06F16/2455;G06F16/242;G06F16/215;G06F40/186,HUBEI BRANCH OF CHINA CONSTRUCTION BANK CO LTD,,False,True
CN-118821059-B,CN-202411296021-A,CN,B,93073250,20240918,20240918,20250225,20250225,Coal mine safety data processing method based on multi-source data fusion,,"The invention belongs to the technical field of data processing, and particularly relates to a coal mine safety data processing method based on multi-source data fusion. The method comprises the steps of collecting various data affecting coal mine safety, such as gas concentration, wind speed and the like, denoising by adopting a mixed filtering algorithm combined with multi-scale analysis, fusing the data by adopting an improved weighted average fusion algorithm, extracting key features by using an improved pearson correlation coefficient, and judging the safety state. The method includes denoising data through multi-scale decomposition and filtering, establishing a weight evaluation index system to dynamically adjust weights for data fusion, setting correlation threshold screening key features, and carrying out safe state prediction and early warning in time by adopting a support vector machine. The method can effectively improve the data quality, accurately judge the coal mine safety state, and has important significance for guaranteeing the coal mine safety production.",,,G06F18/211;G06F18/2131;G06F18/10;G06F18/25,G06F18/2131;G06F18/211;G06F18/10;G06F18/25,,,False,True
CN-121560885-A,CN-202511771273-A,CN,A,98800731,20251128,20251128,20260224,0,Income and list calculation method for stream data,,"The invention belongs to the technical field of enterprise financial management and big data processing, and particularly relates to a method for automatically and accurately identifying effective income and counting months by taking multi-source data analysis as a basis and taking a rule engine as a core and assisting semantic analysis and deep learning anomaly detection, which solves the problems of non-uniform fields and fuzzy semantics when multi-source heterogeneous flow data are manually processed, solves the data quality problem of mixing income statistics in invalid transactions, solves the risk control problem that related party transactions and large amount of anomaly transactions are difficult to identify, and avoids the inefficiency and subjectivity of manual statistics.",,,G06Q40/125;G06N3/0442;G06F40/18;G06F18/241;G06F18/2433;G06F16/24564;G06F16/258;G06F16/215;G06F40/30;G06F16/25;G06F16/2282,G06Q40/12;G06N3/0442;G06F40/30;G06F40/18;G06F18/2433;G06F18/241;G06F16/25;G06F16/2455;G06F16/215;G06F16/22,CHONGQING INST ENG,,False,True
CN-119357907-B,CN-202411932816-A,CN,B,94303242,20241226,20241226,20250509,20250509,Laser-based high-low suspended box girder safety angle calculation method,,"The embodiment of the application provides a laser-based high-low hoisting box girder safety angle calculation method, which realizes accurate monitoring and risk early warning of a box girder hoisting process through multi-source data fusion and dynamic safety evaluation. The method establishes a mapping relation between environment parameters and range errors, improves measurement accuracy by adopting a self-adaptive environment compensation mechanism, utilizes Kalman filtering and confidence weight to optimally fuse laser range and overhead travelling crane attitude data, extracts time sequence characteristics based on a long-short memory network, and predicts the change trend of a box Liang Qingjiao by combining a sliding time window and an autoregressive model, thereby realizing risk grading early warning. According to the method, the self-adaptive updating of the model is realized through continuously optimizing the database, and the safety monitoring level and the early warning capability in the construction process of the high-low suspended box girder are effectively improved.",,,G01D21/02;G01B11/26;G06N3/084;G06N3/0499;G06N3/0442;G06F18/27;G06F18/213;G06F18/15;G06F18/251,G06N3/084;G06N3/0499;G06N3/0442;G06F18/27;G06F18/213;G06F18/15;G01D21/02;G01B11/26;G06F18/25,,,False,True
CN-120724338-A,CN-202510893920-A,CN,A,97163707,20250630,20250630,20250930,0,Air quality data quality control method based on time sequence data,,"The invention provides an air quality data quality control method based on time sequence data, which relates to the technical field of air detection and comprises the steps of obtaining multi-source atmospheric monitoring site data, constructing a spatial topological relation network of the monitoring site, defining a dynamic hierarchical structure of atmospheric pollutant data under different time-space scales and cross-level association rules thereof, carrying out anomaly detection and tracing analysis on the obtained monitoring data, carrying out data correction and filling, applying a space-time clustering algorithm, carrying out reliability evaluation and grading on the corrected monitoring data by combining the site topological relation and the data association rules to generate a data reliability grading result of time-space dimensions, adopting a graph neural network model fused into atmospheric diffusion physical constraints when data reliability abnormality or potential failure risk is detected, generating a visual atmospheric data quality evaluation and control decision report, and automatically triggering instrument calibration, maintenance or data review instructions aiming at specific sites or areas according to risk grades.",,,G06F2123/02;G06Q50/26;G06N3/0464;G06N3/045;G06N3/0442;G06N3/042;G06F18/231;G06F18/2433,G06Q50/26;G06N3/0464;G06N3/045;G06N3/0442;G06N3/042;G06F123/02;G06F18/231;G06F18/2433,HENAN XINXIANG ECOLOGICAL ENV MONITORING CENTER;HENAN PROVINCE ECOLOGICAL ENV MONITORING AND SAFETY CENTER;SHANGHAI TUSHI INTELLIGENT TECH CO LTD,,False,True
CN-121436643-A,CN-202511446566-A,CN,A,98535944,20251011,20251011,20260130,0,"Early warning method, system and medium based on environment monitoring data",,"The invention relates to the technical field of data processing, in particular to an early warning method, a system and a medium based on environment monitoring data, wherein the method comprises the steps of acquiring multi-source monitoring data of an ocean monitoring area at a plurality of latest acquisition moments; the method comprises the steps of determining the coverage concentration of plankton in each grid at corresponding time based on a remote sensing image, further determining the phytoplankton index of the plankton in the ocean monitoring area, determining the growth trend parameter of the ocean monitoring area based on the phytoplankton indexes at a plurality of collecting time, carrying out coupling analysis on the water quality parameter and the growth trend parameter of each grid, constructing an environment factor-biomass correlation model, calculating the risk value of abnormal proliferation of the plankton under different water quality index combinations through the correlation model, and carrying out risk early warning of the grid to a monitoring terminal when the risk value of any grid falls into a preset high risk interval.",,,,G06V20/13;G06V20/10;G06V10/774;G06V10/72;G06Q50/26;G06Q10/04;G06Q10/0635,UNIV GUANGDONG OCEAN,,False,True
CN-120741453-A,CN-202510805186-A,CN,A,97193519,20250617,20250617,20251003,0,Edible fungus quality monitoring method and system,,"The invention discloses a method and a system for monitoring edible fungus quality, which belong to the technical field of agricultural Internet of things and intelligent detection, and have the technical key points that: the system comprises an image acquisition module, a gas sensing module, a weight measurement module, an environmental parameter acquisition module, a data processing module and a display alarm module, and can acquire image characteristics, volatile gas concentration, weight loss rate and storage environment information of the edible fungi in real time. The system calculates the comprehensive quality index Q (t) through a fusion algorithm, judges the quality grade according to a preset threshold value, and realizes dynamic quality assessment and deterioration early warning of edible fungi in the storage and transportation process. The system and the method of the invention combine multisource perception and intelligent algorithm, have the characteristics of non-contact, automation, predictability and the like, can be widely applied to the scenes of storage monitoring, logistics quality control, intelligent classification and the like of edible mushrooms such as mushrooms, flammulina velutipes, oyster mushrooms and the like, and improves the quality management efficiency and the intelligent level of a supply chain.",,,G06N3/08;G06N3/0464;G06V10/82;G06V10/80;G06V10/764;G06V10/40;G06F18/21;G06F18/253;G06F18/2431;G01D21/02;G01N21/84,G06V10/82;G06V10/80;G06V10/764;G06V10/40;G06N3/08;G06N3/0464;G06F18/25;G06F18/2431;G06F18/21;G01D21/02;G01N21/84,HUANGGANG ACAD OF AGRICULTURAL SCIENCES,,False,True
CN-121580107-A,CN-202511713035-A,CN,A,98833399,20251120,20251120,20260227,0,Animal physiological characteristic data acquisition system and analysis method based on Internet of things,,"The invention relates to the technical field of the Internet of things, and discloses an animal physiological characteristic data acquisition system and an analysis method based on the Internet of things, wherein the method comprises the following steps of cleaning and standardizing original sensor data, including filling missing data, eliminating noise interference through a dynamic filtering technology, unifying dimensions of multi-source data, and eliminating redundant features, interpolating and aligning unsynchronized sampling data to a Beidou time service time reference, correcting time sequence phase difference of physiological and behavioral data through a dynamic path matching technology, and correcting GPS/Beidou positioning drift by combining Kalman filtering. According to the invention, through a multisource sensing fusion and edge-fog-cloud cooperative computing architecture, the effective acquisition rate of animal physiological data is realized, the abnormal response is delayed and compressed, the flexible energy supply technology and dynamic communication optimization are combined, the continuous voyage and communication success rate is maintained in pastures, the false alarm rate is reduced compared with the traditional method, and the common symptoms such as abnormal body temperature, digestive system diseases and the like are covered by accurate early warning.",,,G06N3/0442;G16H50/70;G06F18/253;G06N5/04;G06N3/092;G06N3/045;G06F18/213;G06F18/22;G06F18/15;G06F18/10;G06F18/241,G16H50/70;G06N5/04;G06N3/092;G06N3/045;G06N3/0442;G06F18/25;G06F18/22;G06F18/213;G06F18/15;G06F18/10;G06F18/241,WESTERN AGRICULTURE RES CENTER OF CHINA AGRICULTURAL SCIENCES;ZHONGNONG TEJIA CHANGCHUN INTELLIGENT TECH CO LTD,,False,True
CN-119204699-A,CN-202411713372-A,CN,A,94056969,20241127,20241127,20241227,0,Building safety warning level dynamic adjustment method and system based on artificial intelligent driving,,"The invention provides a dynamic adjustment method and a system for building safety warning level based on artificial intelligence driving, which comprise the steps of receiving original monitoring data, space position data and data quality indexes of a sensor array, sequentially carrying out space-time alignment, feature extraction, quality assessment and anomaly detection through a multi-source heterogeneous data preprocessing frame, carrying out multidimensional feature fusion and risk pattern recognition analysis on the preprocessed data, sequentially realizing feature space construction, risk pattern extraction, relevance analysis and level assessment, realizing feature fusion, threshold optimization, level adjustment and effect assessment through a warning level dynamic adjustment mechanism based on risk level and confidence level, and finally carrying out information fusion, content generation, level classification and push optimization through intelligent generation and hierarchical push processing of early warning information. The method and the system remarkably improve the accuracy and timeliness of building safety early warning.",,,G06F18/25;G06F18/10;G06Q50/08;G06Q10/06395;G06Q10/06393;G06Q10/0635,G06Q50/08;G06Q10/0639;G06F18/25;G06F18/10;G06Q10/0635,JIANGSU TESTING CENTER FOR QUALITY OF CONSTRUCTION ENG CO LTD,,False,True
WO-2026044862-A1,CN-2024121755-W,WO,A1,93344737,20240927,20240828,20260305,0,Foundation pit safety early-warning method based on multi-source monitoring data fusion,,"Disclosed in the present invention is a foundation pit safety early-warning method based on multi-source monitoring data fusion. The method comprises: first constructing a foundation pit safety evaluation indicator system, and acquiring cumulative values and change rates of multi-source time-series monitoring indicators; then determining a foundation pit safety grade identification framework, using multi-source time-series monitoring data as different evidence, and performing normalization processing; then, on the basis of the multi-source time-series monitoring data, determining basic probability assignment values in the identification framework; then, separately calculating weights of multi-source monitoring indicators, and credibility; and finally, fusing multi-source monitoring data of a foundation pit, in order to obtain a foundation pit safety evaluation grade. The present invention is characterized in that the importance of different monitoring indicators and the credibility of evidence are taken into consideration while making full use of actually measured monitoring data of a foundation pit, thereby ensuring that foundation pit safety state identification is objective, avoiding interference from subjective human factors, and effectively overcoming the defects of a traditional D-S evidence theory.",,,G06F2123/02;E02D2600/10;G06F18/22;G06F18/15;G06F18/257;G08B29/18;G08B31/00;E02D17/02;E02D33/00,G08B31/00,GUANGZHOU INST OF BUILDING SCIENCE GROUP CO LTD;GUANGZHOU CONSTR ENG CO LTD,CN,False,True
CN-121636630-A,CN-202511539984-A,CN,A,98944314,20251027,20251027,20260310,0,Automatic checking and intelligent repairing system for space data exchange quality,,"The invention discloses an automatic checking and intelligent repairing system for space data exchange quality, which relates to the technical field of geographic space data quality control and intelligent processing, and comprises the following steps of basic data preprocessing, deformation topology space-time coding generation, four-dimensional interlocking library construction, topology interlocking multidimensional verification tracing, deformation energy-time sequence association complement repairing and repairing effect verification; according to the invention, the root of the problem of data fake making and data quality definition is accurately identified through the unique characteristics of the deformed topology space-time coding chain and the double verification of the four-dimensional interlocking library, the problem of liability tearing is solved, the deformed rules of different acquisition platforms are adapted by combining the tracing results, the high-precision repair is realized through the corresponding algorithm, the space-time dead zone is synchronously complemented, the time sequence characteristics are reserved, the data fusion compatibility is improved, the data tamper resistance is realized through the code chain uniqueness, the hidden faults of the early warning equipment are analyzed through the time sequence characteristic abnormality, and the application risk is avoided.",,,G06F16/2291;G06F16/215;G06F16/29,G06F16/22;G06F16/215;G06F16/29,SUKECE MEASUREMENT TECH HANGZHOU CO LTD,,False,True
CN-121561658-A,CN-202511764672-A,CN,A,98788528,20251127,20251127,20260224,0,Industrial data quality analysis method and system,,"The invention provides an industrial data quality analysis method and system, and relates to the technical field of industrial data analysis. Firstly, acquiring an enterprise basic data set and a sensing data set from a target industry, and carrying out data fusion to obtain original data. And preprocessing the original data to obtain preprocessed data. Based on the preprocessed data, performing feature extraction by using a principal component analysis method to obtain feature vectors, and fusing the feature vectors to obtain a fusion vector set. Based on the fusion vector set, the industrial data quality analysis result is obtained by utilizing multi-mode anomaly detection and dynamic risk assessment. The industrial data quality analysis method provided by the invention realizes high-efficiency and accurate analysis of industrial data quality, and optimizes the monitoring and management efficiency of an industrial production process.",,,G06Q50/04;G06Q10/06395;G06N20/20;G06N3/0442;G06N3/045;G06N7/01;G06N5/01;G06F18/27;G06F18/2431;G06F18/24323;G06F18/2433;G06F18/253;G06F18/2135;G06F18/251;G06F18/15,G06Q50/04;G06Q10/0639;G06N20/20;G06N7/01;G06N5/01;G06N3/045;G06N3/0442;G06F18/27;G06F18/25;G06F18/2433;G06F18/2431;G06F18/2135;G06F18/15;G06F18/243,UNIV WUXI,,False,True
CN-120823732-A,CN-202510902458-A,CN,A,97373218,20250701,20250701,20251021,0,Multi-mode data fusion method for low-altitude flight risk early warning,,"The invention belongs to the technical field of low-altitude flight safety early warning, and provides a multi-mode data fusion method for low-altitude flight risk early warning, which comprises the steps of aligning flight state data and meteorological data, filling missing data, extracting spatial features, fusing the spatial features and the flight state data, and analyzing a time-space convolution neural network and a time-space graph convolution network; the method and the system improve the accuracy and the reliability of prediction by fusing the flight state and the meteorological data, can capture the space and time dependency relationship between the flight data and the meteorological data simultaneously through the space-time convolution neural network and the space-time diagram convolution network, can accurately align and complement missing data through space-time data fusion, and improve the data quality and the real-time performance of the system.",,,G06N3/0464;G06N3/042;G06N3/045;G06F18/15;G06F18/253;G06F18/251;G08G5/57;G08G5/76;Y02A90/10,G08G5/57;G06N3/0464;G06N3/045;G06N3/042;G06F18/25;G06F18/15;G08G5/76,UNIV SW SCI & TECH SWUST,,False,True
CN-120804798-A,CN-202510649841-A,CN,A,97327001,20250520,20250520,20251017,0,"Method, system, equipment and medium for monitoring and early warning hidden danger of transformer substation",,"The invention discloses a method, a system, equipment and a medium for monitoring and early warning hidden danger of a transformer substation, wherein the method comprises the steps of acquiring monitoring data of hidden danger of the transformer substation and preprocessing the data; the method comprises the steps of carrying out time synchronization and space alignment on preprocessed data, dynamically distributing weights by combining data credibility to realize multi-source data weighted fusion, carrying out hidden danger analysis on the fused data through a neural network, and issuing early warning information based on the detected hidden danger type. The method and the system cover the omnibearing monitoring of the running state of the internal equipment of the transformer substation and the surrounding macroscopic environment through the cooperative monitoring of the satellite remote sensing technology and the ground sensor network, improve the monitoring accuracy through adopting a space-time alignment technology and a dynamic weight fusion algorithm, complement the real-time performance of the ground data through the anti-interference capability of satellite data, improve the system robustness through combining the data correction technology in preprocessing, realize the automatic identification of hidden danger through a convolutional neural network, and reduce the response time and the labor cost.",,,G06V10/454;G06V10/25;G06V20/13;G06N3/047;G06N3/0464;G06F18/213;G06F18/251;G06F18/10;G06F18/241,G06V20/13;G06V10/44;G06V10/25;G06N3/047;G06N3/0464;G06F18/25;G06F18/213;G06F18/10;G06F18/241,GUIZHOU POWER GRID CO LTD,,True,True
CN-120046098-A,CN-202510055825-A,CN,A,95747049,20250114,20250114,20250527,0,Intelligent park multisource data dynamic monitoring and real-time analysis system and method,,"The invention relates to the technical field of data analysis, in particular to a system and a method for dynamically monitoring and analyzing multi-source data in an intelligent park, wherein the system comprises a data acquisition module, a data processing module, a data analysis module, a data encryption and storage module, a real-time monitoring and early warning module, a comprehensive management module and a communication module; the method and the device have the advantages that the original data is directly processed simply and then analyzed in the prior art, the defects of low data quality, inaccurate feature extraction and the like exist, the data quality is improved through preprocessing steps such as data cleaning, format conversion, normalization and standardization, the data reliability is ensured through integrity, accuracy, consistency and interpretability inspection, the features are accurately selected and extracted, and finally the multisource sensor data is integrated through a data alignment and fusion technology.",,,G06F21/6245;G06F21/602;G06Q50/26;G06F18/213;G06F18/253,G06Q50/26;G06F21/62;G06F21/60;G06F18/213;G06F18/25,GUANGDONG MOXIANG CULTURE TECH CO LTD,,False,True
CN-119091601-A,CN-202410894269-A,CN,A,93696424,20240704,20240704,20241206,0,Intelligent early warning method for water level of sedimentation pipe inspection well based on self-adaptive smoothing algorithm and bidirectional gating circulation unit,,"The invention discloses an intelligent early warning method for the water level of a sedimentation pipe inspection well based on a self-adaptive smoothing algorithm and a two-way gating circulating unit, which comprises the following steps of establishing a multiphase flow control equation, establishing a &#39;sedimentation pipe-inspection well&#39; space-time scale hydraulic response model, configuring boundary constraint and space-time transfer state information in a fluid-solid coupling numerical simulation process, establishing a high-resolution &#39;sedimentation pipe-inspection well&#39; numerical simulation model, outputting a pipe inlet and outlet flow velocity/flow sample set with an inspection well water level label, establishing a self-adaptive smoothing algorithm to detect missing data and heterogeneous data, reconstructing a sedimentation pipe space-time flow velocity field and an inspection well water level in a training period, taking the sedimentation pipe space-time flow velocity field and the inspection well water level as training sets, verification sets and test sets, and utilizing the two-way gating circulating unit based on a dynamic conversion encoder to establish the intelligent early warning model for the water level of the sedimentation pipe, thereby realizing the intelligent early warning of the water level of the sedimentation pipe.",,,G06F2113/14;G06F2111/10;G06F2111/04;G06N3/045;G06N3/0442;G06Q50/26;G06Q10/20;G06F30/28;G06F30/27;G08B21/18;G08B31/00,G08B21/18;G06Q50/26;G06Q10/20;G06N3/045;G06N3/0442;G06F113/14;G06F111/10;G06F111/04;G06F30/28;G06F30/27;G08B31/00,UNIV NORTH CHINA WATER RESOURCES & ELECTRIC POWER,,False,True
CN-120183105-A,CN-202510646671-A,CN,A,96034837,20250520,20250520,20250620,0,Charging station depth defense protection method,,"The invention discloses a charging station deep defense protection method, relates to the technical field of fire early warning and safety protection, and aims to solve the problems of high fire early warning false alarm rate, fire isolation delay and insufficient credibility of accident tracing data in the prior art. The method constructs a full-period protection system of &#39;monitoring-disposal-tracing&#39;, wherein a temperature field, electrical parameters and environmental data are collected through multi-source sensor fusion before disaster, a self-adaptive safety threshold is generated based on a dynamic game model, a digital twin deduction and prejudging risk path is combined, a three-level response mechanism is adopted in disaster, an operation log is stored in a slicing mode through a blockchain space-time anchoring technology after disaster, and a digital twin reverse reconstruction accident evolution chain is utilized to generate tamper-resistant judicial evidence. According to the invention, early warning precision is improved through dynamic threshold optimization, response time is shortened through multistage linkage control, traceability reliability is guaranteed through a quantum evidence storage technology, and a closed-loop optimization system for fire protection of the charging station is formed.",,,G08B7/06;G08B31/00;G08B17/06,G08B31/00;G08B7/06;G08B17/06,QUZHOU POWER SUPPLY COMPANY OF STATE GRID ZHEJIANG ELECTRIC POWER CO LTD,,True,False
CN-120403783-A,CN-202510912483-A,CN,A,96512401,20250703,20250703,20250801,0,Landslide potential displacement monitoring system using multi-source data fusion,,"The invention discloses a landslide hidden danger displacement monitoring system using multi-source data fusion, which comprises a multi-source sensing unit, an earth surface deformation sensing module and an edge computing unit, wherein the multi-source sensing unit comprises a satellite-borne radar sensing module, the satellite-borne radar sensing module is used for acquiring large-range earth surface deformation data through a synthetic aperture radar, the earth surface deformation sensing module is used for monitoring earth surface displacement in real time through a dual-frequency GNSS receiver and a fiber grating sensor, the underground stress sensing module is used for acquiring underground rock-soil body stress change through a microseismic monitoring array and a distributed fiber sensor, and the edge computing unit comprises a dynamic weight fusion module, and is used for dynamically distributing multi-source sensor weights according to geological states to generate high-precision fusion displacement field data. The invention can break through the bottleneck of the traditional monitoring system in terms of data quality, model precision and response efficiency through multisource data fusion, model parameter real-time updating and closed-loop optimization mechanism, and provides data support for accurate early warning and intelligent emergency of landslide disasters.",,,G06F2119/14;G08B21/10;G08B29/188;G08B31/00;G06F30/23;G01C21/20;G01B21/02;G01D21/02,G08B31/00;G08B29/18;G08B21/10;G06F119/14;G06F30/23;G01C21/20;G01B21/02;G01D21/02,THE NATIONAL NATURAL DISASTER PREVENTION AND CONTROL RES INSTITUTE OF EMERGENCY MANAGEMENT DEPARTMEN,,True,False
CN-119475255-A,CN-202510066238-A,CN,A,94594920,20250116,20250116,20250218,0,Multi-source data fusion law enforcement record generation system and method,,"The invention relates to the technical field of data fusion, in particular to a system and a method for generating a law enforcement record of multi-source data fusion, wherein the system comprises the following steps: the data acquisition module normalizes and eliminates repeated data, the anomaly detection module performs data check and cleaning, the information source evaluation module performs quantization scoring on the data source, the weight adjustment module dynamically adjusts the weight based on the scoring, the data fusion module performs weighted fusion and field check, and the collaborative law enforcement record is output. In the invention, the data quality is further ensured by calculating the checksum deviation value of the data value range, and the reliability of the data set is enhanced by removing the abnormal data. Quality evaluation and input fairness of the data sources are ensured through quantization scoring and dynamic weight adjustment, so that law enforcement records are more comprehensive and authoritative. The refined data processing not only improves the accuracy of law enforcement records, but also strengthens the safety and the integrity of information, thereby remarkably improving the response speed and the decision quality of law enforcement institutions.",,,G06N5/025;G06Q10/06393;G06F18/10;G06F18/25,G06Q10/0639;G06N5/025;G06F18/10;G06F18/25,GUIZHOU INST TECH;FOUNDER INT BEIJING CO LTD,,False,True
CN-120892885-A,CN-202511019660-A,CN,A,97496297,20250723,20250723,20251104,0,Multisource environment parameter fusion acquisition method based on agricultural four-condition monitoring system,,"The application belongs to the technical field of agricultural four-condition monitoring, and particularly relates to a multisource environment parameter fusion acquisition method based on an agricultural four-condition monitoring system; according to the method, an agricultural Internet of things sensing matrix integrating the world and the air is constructed, the multi-source heterogeneous data is effectively collected, each sensor node locally performs light preprocessing including anomaly detection and correction, missing data filling and normalization processing, data quality and consistency are guaranteed, then node characteristics are extracted through a characteristic extraction model, a multi-level fusion strategy is adopted, similar sensor data are fused through the node layers, different types of sensor data are fused through the regional layers, and finally multi-region data travel global characteristic vectors are integrated through the central fusion layer, so that the problems of data isomerism, space-time inconsistency and data quality inconsistency are effectively solved, reliable support is provided for four-situation assessment, and therefore accurate agricultural generation decisions are realized.",,,G06F2218/08;G06F2218/04;G06F2218/02;G06N3/047;G06N3/048;G06N3/045;G06N3/0464;G06V10/454;G06N3/0442;G06Q50/02;G06F18/213;G06F18/15;G06F18/10;G06F18/253;G06F18/241;G01D21/02,G06V10/44;G06Q50/02;G06N3/048;G06N3/047;G06N3/0464;G06N3/045;G06N3/0442;G06F18/25;G06F18/213;G06F18/15;G06F18/10;G01D21/02;G06F18/241,CHENGDU SHAMOYU AGRICULTURAL TECH CO LTD,,False,True
CN-121808607-A,CN-202511764040-A,CN,A,99285584,20251127,20251127,20260407,0,"Multi-sensor abnormality detection method, device, electronic equipment and storage medium",,"The application discloses a multi-sensor anomaly detection method, a device, electronic equipment and a storage medium, which belong to the technical field of anomaly detection and comprise the steps of collecting sampling data of sensors in a target system in real time, determining current total confidence weights of all the sampling data based on cloud model theory, constructing a fuzzy weighted generalized moment estimation model based on the current total confidence weights and the generalized moment estimation, determining optimal parameter estimation of each sensor based on the fuzzy weighted generalized moment estimation model, carrying out anomaly detection on the target system by utilizing the optimal parameter estimation, determining an anomaly detection result, carrying out deep fusion on the cloud model and the generalized moment estimation, fully utilizing the modeling capability of the cloud model on the uncertainty and the ambiguity of the multi-source heterogeneous sensor sampling data, and utilizing the structural parameter reasoning capability of the generalized moment estimation to realize consistent reasoning and optimization of the parameters of the target system, and effectively improving the robustness of the multi-sensor anomaly detection.",,,G06N20/00;G06N7/02;G06F18/15;G06F18/10;G06N5/041;G06F18/25;G06F18/2433,G06N20/00;G06N7/02;G06N5/04;G06F18/25;G06F18/15;G06F18/10;G06F18/2433,NO 711 RESEARCH INST OF CHINA STATE SHIPBUILDING CORPORATION LIMITED,,False,True
CN-120750671-A,CN-202511261347-A,CN,A,97187845,20250905,20250905,20251003,0,Node zero trust trusted access method for computing network,,"The invention discloses a node zero trust trusted access method and device for an algorithm network, and relates to the technical field of network security. The trust evaluation is carried out in the registration stage and the task execution stage of the computing node based on the principle of zero trust. In the registration stage, a multi-source trust modeling mechanism integrating identity attributes, capability observation and organization reputation is constructed, a Bayesian reasoning and graph regularization method is introduced to realize initial credibility assessment, in the operation stage, a multi-mode log anomaly detection method is designed, high-dimensional behavior modeling is carried out by combining semantics, time, parameters and quantity characteristics, anomaly identification capability is enhanced by utilizing long-sequence dependence, and a dynamic trust adjustment strategy is further provided by combining time attenuation and a user feedback mechanism to realize continuous evolution and refined access control of node trust. By utilizing the invention, the trusted access to the power computing nodes is realized by the scheduling system in the environment of the power computing network, and the safety and the reliability of the power computing network system are effectively improved.",,,G06N5/025;G06F18/25;H04L9/40;H04L63/205;H04L63/1441;H04L63/1425;H04L63/108;H04L63/102,G06N5/025;G06F18/25;H04L9/40,UNIV BEIJING POSTS & TELECOMM,,False,True
CN-121327020-A,CN-202511521167-A,CN,A,98347541,20251023,20251023,20260113,0,Intelligent data management method and system,,"The invention provides an intelligent data management method and system, and relates to the technical field of data processing. The standardized packaging and automatic execution of the data management instructions are realized, and the problem that the traditional storage medium cannot dynamically adapt to the multi-source data processing requirements is solved. Through the decoupling design of the pre-compiling instruction and the runtime environment, the same storage medium can be adapted to the data management nodes of different hardware architectures, and the deployment complexity of the system during upgrading is effectively reduced. Further, based on an instruction execution mechanism of the stream computing engine, the real-time performance of data quality evaluation and early warning triggering is ensured, and decision delay caused by batch processing delay is avoided. Through the on-demand loading characteristic of the modularized instruction set, the function expansion requirement of a specific service scene is supported while the core treatment function is ensured.",,,,G06N5/022;G06F16/2458;G06F16/2455;G06F16/23;G06F16/215;G06F16/21;G06F9/445;G06F16/25,WUHAN ENYI HULIAN TECH CO LTD,,False,True
CN-120150194-A,CN-202510168049-A,CN,A,95946578,20250217,20250217,20250613,0,Hybrid energy storage system optimal scheduling method based on AI intelligent regulation and control,,"The invention discloses an AI intelligent regulation-based hybrid energy storage system optimization scheduling method, which relates to the technical field of hybrid energy storage and comprises the following steps of collecting real-time data, cross-verifying data consistency through a multi-source data fusion technology, and identifying data anomalies caused by sensor faults, communication delays and environmental interference and eliminating the anomalies by utilizing a self-adaptive threshold detection combined with a statistical analysis method. According to the invention, the energy storage scheduling is optimized through data cleaning, time sequence prediction and reinforcement learning, and the intelligent management and dynamic adaptability are improved. The data accuracy is ensured by adopting multi-source data fusion and anomaly detection, and the energy consumption is predicted by means of LSTM and Transformer, so that the energy storage strategy is optimized in advance. In combination with reinforcement learning, the system dynamically adjusts charge and discharge, improves the light Fu Xiaona rate, reduces the electricity purchasing cost, intelligently controls the SOC to be in the range of 40% -80%, and prolongs the service life of the battery. Meanwhile, the system stability is improved through abnormality detection and correction, and the maintenance cost is reduced.",,,H02J2103/30;H02J2101/24;H02J2103/35;H02J7/865;H02J7/90;H02J7/61;H02J7/65;H02J7/63;H02J7/60;G06F2123/02;G06N20/00;G06N3/092;G06N3/0442;G06N3/0455;G06F18/29;G06F18/27;G06F18/251;G06Q50/06;G06Q10/04;G06Q10/06312;H02J15/00;H02J7/04;H02J3/38;H02J3/004;H02J3/003;H02J3/0012;H02J3/00125;H02J3/001;H02J3/008;H02J3/32;H02J3/28,H02J15/00;H02J7/04;H02J7/00;H02J3/38;H02J3/32;H02J3/00;G06Q50/06;G06Q10/0631;G06Q10/04;G06N20/00;G06N3/092;G06N3/0455;G06N3/0442;G06F123/02;G06F18/27;G06F18/25;G06F18/20;H02J3/28,ANHUI ZHICHU NEW ENERGY TECH DEVELOPMENT CO LTD,,False,True
CN-120994729-B,CN-202511084023-A,CN,B,97697710,20250804,20250804,20260804,20260804,Efficient prediction method and system for pipe network operation and maintenance data,,"A high-efficiency prediction method and system for pipe network operation and maintenance data combines protocol access and automatic format conversion technology, realizes unified acquisition and hierarchical transmission of multi-source heterogeneous data, solves the problems of low acquisition efficiency and inconsistent formats of traditional pipe network data, and secondly, adopts a Kalman filtering to perform anomaly detection and correction by a real-time verification completion mechanism, and completes missing data by an interpolation algorithm, thereby improving data quality and timeliness. In the data integration stage, structural cleaning and archiving are carried out based on a preset data model, a high-efficiency data basis is provided for a subsequent prediction model, finally, time sequence features and space association analysis are fused, a joint feature space is constructed through event feature marks, a prediction model is trained by utilizing a collaborative modeling module, potential fault points are accurately identified, an operation and maintenance optimization plan is intelligently generated, real-time sharing and interactive display of a prediction result are realized through a decision pushing and visualizing module, and closed-loop management from data acquisition to prediction decision is realized.",,,G06F16/258;G06F16/215;G06F16/26;G06F18/20;G06F18/213;G06Q10/04;G06Q10/20,G06F16/25;G06F16/215;G06F16/26;G06F18/20;G06F18/213;G06Q10/04;G06Q10/20,,,False,True
CN-120947733-A,CN-202511127111-A,CN,A,97618124,20250813,20250813,20251114,0,Multi-dimensional parameter health monitoring system and method for offshore wind power tower,,"The invention discloses a multi-dimensional parameter health monitoring system and method for an offshore wind turbine tower. The multi-source sensing module integrates a triaxial acceleration sensor, an optical fiber strain gauge, a corrosion rate probe and other devices, acquires structural response, environmental load and corrosion data in real time, the data preprocessing module improves data quality by adopting a self-adaptive Kalman filtering and multi-mode standardization method, the feature extraction module extracts 28-dimensional feature vectors through time domain statistics, frequency domain power spectrum and wavelet transformation, the state evaluation module outputs a health state index (SHI) based on a bidirectional LSTM-Attention model, the uncertainty quantization is realized by combining a Monte Carlo Dropout, the early warning output module triggers three-level grading early warning according to an SHI threshold, the linkage digital twin system realizes three-dimensional visualization and intelligent report generation, and the operation and maintenance intelligent level of the offshore wind power tower can be effectively improved.",,,G06F2113/06;G06F2123/02;G08B21/182;G08B25/08;G06N3/096;G06N3/045;G06N3/0442;G06Q50/06;G06Q10/20;G06F30/23;G06T15/005;G06F18/2131;G06F18/213;G06F18/15;G06F18/10;G06F18/20;G01D21/02,G08B25/08;G08B21/18;G06T15/00;G06Q50/06;G06Q10/20;G06N3/096;G06N3/045;G06N3/0442;G06F123/02;G06F113/06;G06F30/23;G06F18/2131;G06F18/213;G06F18/20;G06F18/15;G06F18/10;G01D21/02,SENKONG TECH JIANGSU CO LTD,,False,True
CN-118509446-A,CN-202410560827-A,CN,A,92237439,20240508,20240508,20240816,0,Ship power station remote fault early warning system based on edge cloud cooperation,,"According to the ship power station remote fault early warning system based on edge cloud cooperation, the edge calculation layer is used for carrying out self-adaptive weighted data fusion processing operation on the collected fault information parameters, so that error data collected due to sensor faults are deleted, the data uploading amount is reduced, and the pressure of cloud server calculation and network transmission is reduced; the fuzzy recognition method based on the Bayesian algorithm improvement in the cloud computing layer is matched with fault information in the database, and a fault early warning result and a processing scheme are output, so that potential safety hazards and risk points can be found more accurately and rapidly, the early warning speed and the early warning accuracy are improved, and the false alarm, false alarm and missing alarm phenomena are reduced.",,,G06N7/01;G06F18/251;G08B21/185;H04L41/0631;H04L67/06;H04L67/5651;H04L67/563;H04L67/10;H04L67/12,H04L67/5651;H04L67/563;H04L67/10;H04L67/06;H04L41/0631;G08B21/18;G06N7/01;G06F18/25;H04L67/12,WUXI PROFESSIONAL COLLEGE SCIENCE & TECHNOLOGY,,True,True
CN-121385508-A,CN-202511307642-A,CN,A,98455565,20250915,20250915,20260123,0,Multi-source measurement data fusion and state sensing method and system for power distribution network,,"The invention belongs to the technical field of power system automation, and provides a method and a system for multi-source measurement data fusion and state perception of a power distribution network, wherein a data acquisition module is used for integrating multi-source measurement equipment and monitoring data quality, a data fusion module is used for realizing time alignment and evidence theory fusion, and then the power distribution network state estimation module is combined with the dynamic weighting and power supply uncertainty model to output an accurate state, the fault diagnosis module is used for locating faults and identifying types based on the Bayesian network, the risk assessment module is used for early warning after analyzing risks, and the visualization module is used for graphically displaying information. And after the starting, automatically acquiring multi-source data, carrying out state estimation after fusion processing, monitoring the state in real time, rapidly diagnosing and positioning during fault, synchronously evaluating risks and early warning, and grasping and processing the conditions by operation and maintenance personnel through a visual interface.",,,,H02J13/12;H02J13/10;G06F18/25;G06F18/2433;G06F18/20;G01R31/08,STATE GRID HUBEI ELECTRIC POWER CO LTD WUHAN POWER SUPPLY COMPANY,,False,True
CN-119792762-B,CN-202411861848-A,CN,B,95277253,20241217,20241217,20250715,20250715,Self-attention sleep system and method for polymorphic sleep data fusion,,"The invention discloses a self-attention sleep system and method for multi-state sleep data fusion, comprising a data acquisition module, a signal preprocessing module, a frequency division multiplexing module, a characteristic extraction module, a model training module, a sleep stage module, a correlation analysis module and an early warning system module, wherein the data acquisition module is responsible for acquiring environmental data and physiological data of a user, the signal preprocessing module is used for dividing, normalizing and denoising acquired EEG and EOG signals, the frequency division multiplexing module is used for decomposing a preprocessed signal frame into a plurality of narrow-band signals by using a frequency division multiplexing technology, the characteristic extraction module is used for extracting characteristics from the decomposed narrow-band signals, the model training module is used for training the characteristics, the sleep stage module is used for carrying out real-time or off-line sleep stage through the trained model, the sleep quality evaluation module is used for calculating sleep quality indexes based on the result of the sleep stage, the correlation analysis module is used for carrying out correlation analysis on the relations between different sleep stages and the sleep quality indexes, the quality evaluation model is generated, and the early warning system module is used for setting early warning threshold according to the sleep quality evaluation result and the quality evaluation model.",,,,G16H50/70;G16H50/20;G16H10/60;G06F18/25;G06F18/2431;G06F18/213;A61B5/398;A61B5/369;A61B5/00;A61M21/02,,,False,True
CN-120011920-A,CN-202411870449-A,CN,A,95665217,20241218,20241218,20250516,0,Structural monitoring data fusion probability abnormality early warning method based on streaming super threshold and evidence reasoning,,"The invention discloses a structure monitoring data fusion probability abnormity early warning method based on a streaming type super-threshold value and evidence reasoning, which comprises the steps of establishing a historical data set of each sensor as sample data, carrying out temperature effect separation on the sample data, extracting response components after removing the temperature effect as an initial data set for abnormity detection, determining an initial threshold value, constructing the super-threshold value data set, fitting the super-threshold value data set, obtaining posterior probability distribution of shape parameters and scale parameters through Bayesian inference, calculating probability distribution of early warning trigger values, calculating an abnormity certainty index, dynamically updating the probability distribution of the early warning trigger values through the streaming type super-threshold value method, and synthesizing through the evidence fusion method to obtain a fusion abnormity certainty index. The method can form fusion anomaly certainty, further better benefits the conflict among indexes, avoids early warning false alarm caused by single sensor faults, and provides a certain data support for maintenance of the structure.",,,G06N7/01;G06N5/041;G06F18/257;G06F18/295;G06F18/217;G06F18/214;G06F18/213;G06F18/15;G06F18/2433;G06F18/2415;G08B31/00;G08B21/182;G01D18/00,G08B31/00;G08B21/18;G06N7/01;G06N5/04;G06F18/25;G06F18/2433;G06F18/214;G06F18/213;G06F18/21;G06F18/20;G06F18/15;G01D18/00;G06F18/2415,UNIV SOUTHEAST,,False,True
CN-121544020-A,CN-202511506481-A,CN,A,98743682,20251021,20251021,20260217,0,Industrial and commercial information early warning method based on big data,,"The invention relates to the technical field of data processing, in particular to a business information early warning method based on big data, which comprises the steps of capturing data; risk calculation, correction generation, evidence and freshness, correction index calculation, simulation influence, punishment and credibility, correction execution, high risk judgment, grabbing range adjustment and early warning. According to the invention, the rolling risk index is formed by dynamically collecting the new number of enterprise judicial cases, the negative public opinion heat, the industrial and commercial change frequency, the registered capital change rate and the upstream and downstream enterprise abnormal constants, and carrying out standardized treatment and weighted fusion on the multi-source index, and the risk index is continuously regulated by combining a correction instruction, an evidence quick-viewing value, freshness, an influence quantity and a punishment item, so that the problems of early warning lag and insufficient risk prevention and control caused by difficulty in timely and accurate identification of enterprise high risk information due to data update delay, single risk judgment and static capture strategy are effectively solved.",,,G08B31/00;G06F18/24765;G06F16/951;G06Q50/26;G06Q10/0635,G08B31/00;G06Q50/26;G06F18/24;G06F16/951;G06Q10/0635,WEIHAI VOCATIONAL COLLEGE WEIHAI TECH COLLEGE,,False,True
CN-120030076-B,CN-202510150017-A,CN,B,95736026,20250211,20250211,20251028,20251028,Metadata-driven data center management method and system,,"The invention provides a metadata-driven data center data management method and system, the method comprises the steps of connecting to various heterogeneous data sources through various access modes, automatically adjusting and optimizing metadata models, identifying the change rule of each field in historical data by using a machine learning method, generating an evolution rule of metadata evolution, automatically feeding back the difference between a real-time monitoring data source and an adaptive metadata model, using the adaptive metadata model to monitor the quality of the data source in real time, designing an early warning rule according to the quality of the data source, generating an early warning rule set, triggering early warning when a data quality problem exists, designing a machine learning-based repair model aiming at the data quality problem, and selecting an appropriate repair method to optimize. The invention overcomes the defects in the prior art by introducing the self-adaptive metadata evolution mechanism and the multi-level data quality early warning and repairing mechanism, and provides an efficient, flexible and intelligent data center management solution.",,,G06N3/0455;G06F18/27;G06F16/2474;G06F16/212;G06F16/215;G06F16/252,G06N3/0455;G06F18/27;G06F16/2458;G06F16/215;G06F16/21;G06F16/25,,,False,True
CN-119761625-A,CN-202411754480-A,CN,A,95182542,20241202,20241202,20250404,0,Visual management system and method for construction progress of offshore wind farm based on GIS,,"The invention relates to a GIS-based offshore wind farm construction progress visual management system and a GIS-based offshore wind farm construction progress visual management method, wherein the system comprises a data acquisition module, a data processing and storage module, a GIS visual module, a progress analysis and prediction module, a resource management and scheduling module and a risk early warning and decision support module, wherein the data acquisition module is used for collecting data of offshore wind farm construction through acquisition equipment, then transmitting the data to the data processing and storage module, and storing the data of the offshore wind farm construction through data cleaning and conversion of the data processing and storage module, and supplying the data to the GIS visual module, wherein the GIS visual module is used for constructing the offshore wind farm. According to the invention, the data acquisition module can comprehensively acquire multi-source data, an information basis is provided for solving engineering conditions, and the uncoordinated part is found by assistance, and the data quality can be ensured and the data can be orderly stored through the data processing and storage module, so that the problem that engineering is difficult to manage and coordinate is solved.",,,,G06Q50/08;G06Q50/06;G06Q10/10;G06Q10/0635;G06Q10/0631;G06F16/29;G06F16/26;G06F16/215;G06Q10/063,POWERCHINA FUJIAN ELEC POWER SURVEY & DESIGN INST CO LTD,,False,True
CN-121616084-A,CN-202511711614-A,CN,A,98925833,20251120,20251120,20260306,0,Coal and gas risk dynamic early warning method and system based on multi-source data fusion,,"The invention relates to the technical field of coal mine safety monitoring, in particular to a coal and gas risk dynamic early warning method and system based on multi-source data fusion. The coal and gas risk dynamic early warning method comprises the steps of S1, obtaining real-time prediction indexes of coal and gas outburst risk prediction, S2, obtaining direct monitoring indexes of coal and gas outburst risk prediction, S3, carrying out feature fusion on numerical values of all indexes through an artificial intelligent model to generate feature enhancement early warning index values, S4, calculating corresponding data confidence degrees based on data quality features of all indexes, and integrating the data confidence degrees of all indexes to calculate integrated confidence degrees, S5, adjusting an early warning threshold based on the integrated confidence degrees, and S6, judging that dangerous risks occur and carrying out safety early warning when the feature enhancement early warning index values exceed the adjusted early warning threshold. The invention can improve the accuracy, the real-time performance and the foresight of the dynamic early warning of the coal and gas risks.",,,G06Q50/02;G06N3/0442;G06N3/0464;G06N3/042;G06F18/253;G06Q10/0635,G06Q50/02;G06N3/0464;G06N3/0442;G06N3/042;G06F18/25;G06Q10/0635,CHONGQING MAS SCI & TECH CO LTD,,False,True
CN-120412246-B,CN-202510651591-A,CN,B,96528500,20250520,20250520,20251125,20251125,Road alarm help-seeking positioning early warning system based on multi-mode interaction,,"The invention discloses a road alarming help-seeking positioning early warning system based on multi-mode interaction, which relates to the technical field of intelligent transportation and safety emergency, and comprises an alarming help-seeking positioning early warning platform and a mobile phone end information acquisition program, wherein a characteristic extraction and matching model is constructed by integrating voice, image and map positioning three-in-one information closed loop with characteristics of voice description event, visual image site presentation and accurate positioning and locking position is formed, the voice interaction can rapidly capture key semantics, make up the defect that an image cannot directly transmit text information, the image recognition can intuitively display site details, solve the problem that voice description is disturbed by noise or information loss caused by user tension, provide position coordinates through a GPS technology in map positioning, perform feature matching and credibility calculation on three-mode data, realize cross-validation of multi-source data, remarkably reduce treatment delay caused by information deviation and provide more reliable decision basis for rescue departments.",,,H04W4/14;H04W4/90;H04W4/029;G08G1/097;G08B29/188;G08B25/10;G08B25/002;G08B31/00,H04W4/90;H04W4/14;H04W4/029;G08G1/097;G08B29/18;G08B25/10;G08B25/00;G08B31/00,,,False,True
CN-120804952-B,CN-202511258431-A,CN,B,97330785,20250904,20250904,20251223,20251223,Partial discharge real-time monitoring and early warning system based on multisource data fusion,,"The invention relates to the technical field of discharge monitoring and early warning, in particular to a partial discharge real-time monitoring and early warning system based on multi-source data fusion, wherein a signal physical separation module is used for classifying a decision tree of a mixed transient signal flow to separate pure electromagnetic wave velocity type signal sources and mechanical wave velocity type signal sources; the feature marking module extracts feature points with unified time references and marks physical attribute categories, the dual-path credibility fusion module respectively executes time difference logic verification on the two types of feature points, marks credible discharge events only when an electromagnetic wave verification result and a mechanical wave verification result are simultaneously logic value 1, generates event confidence parameters through dynamic confidence fusion, achieves physical interlocking verification and uniqueness locking, dynamically adjusts response threshold values based on the event confidence parameters, only confirms real discharge to physical essence, and triggers targeted response to threat that the confidence meets standards, solves the problem of distinguishing real discharge events from multi-source interference, and reliably identifies the real discharge events.",,,G01R31/1209;G01R31/12;G06F18/217;G06F18/22;G06F18/253;G06F18/2131;G06F18/213;G06F18/15;G06F18/2431,G06F18/25;G06F18/22;G06F18/2131;G06F18/213;G06F18/21;G06F18/15;G01R31/12;G06F18/2431,,,False,True
CN-120452168-A,CN-202510636002-A,CN,A,96610685,20250516,20250516,20250808,0,Slope disaster real-time monitoring and early warning method and system,,"The invention relates to the field of disaster monitoring and provides a slope disaster real-time monitoring and early warning method and system, wherein the method comprises the steps of arranging a distributed optical fiber sensing network, a Beidou GNSS receiver, a micro pore water pressure gauge and an inclinometer at the surface position and the deep position of a target slope to obtain inner and outer cooperative monitoring data; the method comprises the steps of extracting and calculating a plurality of branch characterization values in internal and external collaborative monitoring data, calculating and generating multisource fusion characteristic data based on the plurality of branch characterization values, establishing a dynamic threshold monitoring model, calculating and generating a real-time early warning threshold, establishing a multi-level linkage early warning mechanism based on the real-time early warning threshold, and realizing internal and external collaborative monitoring through a multi-mode sensor network to comprehensively capture slope state information. The multi-source data fusion process improves the data quality and reliability, the dynamic threshold model is accurately adapted to different working conditions, and the multi-stage linkage early warning mechanism ensures timely response. The accuracy and timeliness of slope disaster early warning are improved greatly, and disaster loss is reduced effectively.",,,,G08B29/18;G08B21/10;G08B31/00,AEROSPACE PLANNING & DESIGN GROUP CO LTD;China aerospace construction group co ltd,,True,False
CN-120977072-A,CN-202511079033-A,CN,A,97645715,20250802,20250802,20251118,0,Side slope early warning method and system based on knowledge graph,,"The invention discloses a side slope early warning method and a side slope early warning system based on a knowledge graph, and relates to the technical field of multi-source monitoring side slope early warning, comprising the following steps of firstly, unifying laser, radar, satellite remote sensing and ground water level monitoring flow into an index-structure-disaster graph containing traceable metadata; the method comprises the steps of generating a destabilizing trigger coefficient by using a gradient lifting model driven by coupling trend and credibility, automatically outputting a short message, broadcasting and social templates, implanting abstract code release, comparing returned texts in real time, marking deviation nodes according to graph consistency and tracing source links, hashing and solidifying core early warning fragments and transmission performance to the alliance links, and writing back knowledge graph optimization templates and channels. The scheme realizes the alignment of multi-source data, accurate and reliable early warning, consistent cross-medium semantics and traceable evidence chains, and meets the requirements of the whole disaster prevention process in mountain areas.",,,G08B21/182;G06F16/36;G08B21/10,G08B21/18;G06F16/36;G08B21/10,UNIV XIAN AERONAUTICAL,,True,False
CN-120996294-A,CN-202511516091-A,CN,A,97691449,20251023,20251023,20251121,0,Multi-sensor fused marine engineering gear processing real-time quality prediction system,,"The invention discloses a multi-sensor fusion real-time quality prediction system for marine engineering gear machining, which relates to the technical field of marine engineering gear machining prediction and comprises a multi-dimensional sensing data acquisition module, a self-adaptive data preprocessing module, a space-time feature fusion module, a quality prediction model, a real-time decision feedback module and a system cooperative control module, wherein the acquisition module comprises a multi-type sensor and synchronously records technological parameters, the preprocessing module is used for reducing noise, smoothing data and supplementing abnormal values, the feature fusion module is used for extracting multi-source data feature construction vectors, the prediction model is used for improving DBN output quality indexes, the decision module is used for comparing threshold early warning or adjusting parameters, and the cooperative module adopts an edge-cloud architecture to ensure real-time prediction and model updating. The multi-sensor fusion covering full-dimensional information can predict quality in real time, avoid post detection waste, is high in model adaptability, can cope with multi-material working conditions, accurately positions defect sources, and improves processing quality and production efficiency.",,,G06N3/096;G06N3/084;G06N3/045;G06N3/0475;G06N3/044;G06N3/047;G06F18/2415;G06F18/2433;G06F18/253;G06F18/213;G06F18/10;G06Q50/04;G06Q10/06375;G06Q10/06395;G06Q10/04,G06Q50/04;G06Q10/0639;G06Q10/0637;G06N3/096;G06N3/084;G06N3/0475;G06N3/047;G06N3/045;G06N3/044;G06F18/25;G06F18/2433;G06F18/2415;G06F18/213;G06F18/10;G06Q10/04,NANJING JINTUO OCEAN ENG EQUIPMENT CO LTD,,False,True
CN-121145086-A,CN-202511249293-A,CN,A,97981637,20250903,20250903,20251216,0,High-precision fault tracking and positioning method based on Internet of things,,"The invention discloses a high-precision fault tracking and positioning method based on the Internet of things, and belongs to the technical field of the Internet of things. The method comprises the steps of firstly constructing four state models based on vibration frequency spectrums, temperature fields, oil liquid states and noise time domain characteristics of equipment respectively, outputting corresponding state coefficients, then calculating the adaptation degree of the vibration and noise state coefficients under the constraint of the temperature field coefficients to evaluate data consistency, and finally fusing the adaptation degree of the vibration and noise, the oil liquid state coefficients and the equipment using time length, and constructing equipment confidence degree through an exponential decay model. The confidence is a quantitative indicator between 0 and 1, with a larger value indicating that the device is healthier. The method overcomes the limitations of the existing single parameter diagnosis method through multi-source information depth fusion and dynamic credibility evaluation, realizes accurate quantitative evaluation of the health state of the electromechanical equipment and early warning and high-precision positioning of faults, and remarkably improves the intelligent level and reliability of equipment management.",,,,G16Y40/20;G06F18/25;G06F18/213;G06F18/2433,ZHU WEIWEI,,False,True
CN-121577844-A,CN-202511735861-A,CN,A,98847332,20251125,20251125,20260227,0,Petrochemical wastewater discharge detection method based on multi-source data analysis,,"The invention relates to the technical field of wastewater discharge detection, and discloses a petrochemical wastewater discharge detection method based on multi-source data analysis, which comprises the steps of firstly, deploying an environment sensor at each drainage outlet, and monitoring various physical and chemical parameters of water quality to obtain multi-source data; the method comprises the steps of collecting data, preprocessing the collected data, including noise filtering, abnormal value correction and filling of missing values, normalizing the missing values to improve the data quality, analyzing the processed data, respectively extracting a first characteristic index reflecting the current instantaneous water quality state and a second characteristic index reflecting the accumulated emission trend in a time period, quantifying the two characteristic indexes by calculating cosine similarity of a real-time state vector and a standard state vector, and finally performing intelligent diagnosis based on the key characteristic indexes, and performing hierarchical assessment and early warning on the sewage emission risk by adopting a three-level early warning mechanism, so that the accurate and automatic monitoring of the emission of the sewage is realized.",,,G06F18/22;G06F18/251;G06F18/213;G06F18/15;G01N33/18;Y02A20/152,G06F18/25;G06F18/22;G06F18/213;G06F18/15;G01N33/18,TIANJIN ECOLOGICAL ENVIRONMENT SCIENCE RES INSTITUTE TIANJIN ENVIRONMENTAL PLANNING INSTITUTE TIANJI,,False,True
CN-121723425-A,CN-202511927427-A,CN,A,99112844,20251219,20251219,20260324,0,Internet of things middleware monitoring system and method based on multi-protocol compatibility,,"The invention relates to the technical field of monitoring of the Internet of things, and provides a monitoring system and a monitoring method based on multiprotocol compatible middleware of the Internet of things, which are used for monitoring sensor performance degradation and correcting data in an atmospheric pollution environment. The method comprises the steps of synchronously collecting multi-source data through multi-protocol compatible middleware, constructing a basic data set with unified space-time labels, extracting core characteristic indexes of quantitative performance degradation from the basic data set, constructing a short-term correction model and a long-term degradation model, calculating equipment health indexes by combining the long-term models, judging health state grades, implementing grading data guarantee according to the state grades, compensating normal and early-warning sensors in real time, reconstructing data of a failure sensor based on spatial interpolation, and finally outputting standardized monitoring data streams. The invention realizes the real-time perception, predictive evaluation and self-adaptive correction of the sensor performance, changes the periodic maintenance into predictive maintenance, and improves the reliability and the data quality of the monitoring network.",,,G06Q10/20;G06F18/2431;G06F18/27;G06F18/25;G06F18/213;G06F18/26,G06Q10/20;G06F18/27;G06F18/25;G06F18/2431;G06F18/213;G06F18/26,TAIZHOU HUANKE ENVIRONMENTAL PROT EQUIPMENT OPERATION MAINTENANCE CO LTD,,False,True
CN-121118672-A,CN-202511285679-A,CN,A,97949153,20250910,20250910,20251212,0,Atmospheric pollutant transmission diffusion model optimization method and prediction system,,"The invention discloses an optimization method and a prediction system for an atmospheric pollutant transmission diffusion model. In the invention, the data quality basis is improved through dynamic layering preprocessing. The self-adaptive filtering technology is adopted to effectively filter random noise in environment monitoring data, the interpolation method combined with the attention mechanism enables missing data to fill up more fitting actual monitoring rules, and when the early warning level changes, the abnormal value judgment standard is automatically adjusted, so that the problem of error filtering or retention caused by fixed threshold values is avoided, the preprocessed environment data is more similar to the actual state, reliable input is provided for subsequent feature extraction, and the cross-modal feature enhancement extraction enhances the adaptability of the model to complex environments. The self-supervision learning framework can mine deep associated features from multi-source data, and after the physical features and the deep learning features are fused, the self-supervision learning framework helps the model to better capture the change characteristics of pollutants under different time-space conditions, so that more comprehensive feature support is provided for subsequent anomaly detection and early warning.",,,,G06N3/084;G06N3/045;G06N3/0442;G06F119/14;G06F113/08;G06F30/28;G06F30/23;G06F18/25;G06F30/27,UNIV ZHEJIANG SHUREN,,False,True
CN-121257733-A,CN-202511387690-A,CN,A,98193093,20250926,20250926,20260102,0,Visual early warning method for fusion risk identification of multi-source heterogeneous data of power distribution network,,"The invention discloses a power distribution network multi-source heterogeneous data fusion risk identification visual early warning method, which belongs to the technical field of power transmission and distribution of power systems and comprises the following steps of S1, multi-source heterogeneous data acquisition and preprocessing, S2, primary data fusion based on dynamic credibility, S3, risk identification and depth fusion based on a hybrid reasoning model, and S4, risk conduction link mining and visual early warning. According to the invention, by introducing the dynamic credibility weight and the Bayesian and deep learning mixed reasoning model, more accurate and reliable risk identification is realized, and three-dimensional visualization is performed by constructing the risk conduction link, so that visual insight on the risk evolution process is realized, the early warning capability of the safe operation of the power distribution network is greatly improved, the origin and evolution process of the risk and possibly caused linkage influence can be visually displayed, and an operation and maintenance person can quickly position the core problem and formulate an effective treatment strategy.",,,G06N3/047;G06N5/022;G06F18/253;G06F18/251;G06F18/15;G06Q50/06;G06N5/04,G06Q50/06;G06N5/022;G06N3/047;G06F18/25;G06F18/15;G06N5/04,WUZHI POWER SUPPLY COMPANY OF STATE GRID HENAN ELECTRIC POWER COMPANY,,False,True
CN-117435584-A,CN-202311465860-A,CN,A,89549610,20231107,20231107,20240123,0,Multi-source business data restoration method based on offline data warehouse,,"The invention belongs to the technical field of data warehouse, in particular to a method for repairing multi-source abnormal business data based on an offline data warehouse, which comprises the steps that a data server submits or modifies business abnormal data processing in a business abnormal data processing base according to the latest offline business data which is processed, the business abnormal data processing base generates repairing tasks on time, the multi-source changed business data and the repairing tasks are compared, an optimal repairing scheme or no repairing is adopted according to a data repairing optimization rule, detailed record information of repairing each field and a repairing database table after the fields are combined are finally generated, and error data and early warning data can be further extracted from the detailed record information for the next round of data repairing work. The method can be used for self-adapting to the data change of the source system to effectively assist or replace each source system to finish the repair of the business abnormal data in a synchronous mode, greatly improving the data quality of a data warehouse and simultaneously reducing the burden caused by the data abnormality of the source system.",,,G06F16/215;G06F16/2365;G06F16/27,G06F16/215;G06F16/23;G06F16/27,JIANGXI YIYUAN MULTI MEDIA TECH CO LTD;JIANGXI HUARUI DIGITAL TECH CO LTD,,False,True
CN-114333241-B,CN-202111489544-A,CN,B,81050177,20211208,20211208,20221011,20221011,Landslide disaster point big data acquisition and sample library updating method based on event triggering,,"The invention discloses a landslide disaster point big data acquisition and sample library updating method based on event triggering. And after big data fusion is carried out on the heterogeneous data, the heterogeneous data is stored in a landslide geological disaster sample library, so that the data of the sample library is updated, and the aim of improving the landslide geological disaster monitoring and early warning data quality is fulfilled. According to the method, the timeliness of large-data acquisition of landslide disaster points is improved, the problem that the existing geological disaster reporting site is not accurate enough is solved, the accuracy of obtaining the topographic data of the disaster point area is improved, and large-area and low-cost calculation processing of the surface deformation data of the disaster point area is realized.",,,,G08B21/10;G06V20/40,,,True,False
CN-119377517-A,CN-202411974867-A,CN,A,94335999,20241231,20241231,20250128,0,Website performance optimization supervision system and method based on multi-source data fusion,,"The invention discloses a website performance optimization supervision system and method based on multi-source data fusion, which relate to the technical field of Internet, and are used for acquiring access feedback data of all webpages in a website to be checked, analyzing the running state of the webpages, determining the abnormal situation of the webpages, generating a directed weighted graph of the website according to the jump relation between the webpages, analyzing the abnormal sources of the webpages, obtaining the quality scores of the webpages based on the abnormal sources of the webpages, obtaining the quality scores of the website based on the quality scores of the webpages and the directed weighted graph of the website, monitoring the access feedback data of the webpages, finding the webpages related to the abnormal sources, analyzing the webpage and the website according to the abnormal sources, so that the quality evaluation of the webpage and the website is more reasonable, timely finding and processing the webpages related to the abnormal sources, obtaining better index scores when the website is subjected to inspection, facilitating the improvement of the image of the website, and checking and processing the abnormal sources, and improving the efficiency and speed of the website detection.",,,G06F18/2433;G06F18/25;G06F11/3065;G06F11/302;G06F11/3051;G06F11/3409;G06F16/958,G06F18/25;G06F18/2433;G06F11/34;G06F11/30;G06F16/958,NANJING NANBAO ZIJINYUN TECH CO LTD,,False,True
CN-120632718-A,CN-202510726702-A,CN,A,96957765,20250603,20250603,20250912,0,Health information monitoring and management system based on multisource data fusion analysis,,"The invention relates to the technical field of health information monitoring and management, and discloses a health information monitoring and management system based on multi-source data fusion analysis. The physiological data acquisition unit acquires multi-source heterogeneous data streams, a multi-layer fusion topology is constructed through preprocessing, the fusion analysis engine realizes data feature association and anomaly detection through feature association and pattern recognition, and the intelligent decision management module generates a health state reference strategy and dynamically distributes data source weights. The real-time calibration module calibrates the signal time domain, adapts the analysis frequency, the data weight optimization module evaluates the optimization strategy based on the credibility, and the fault-tolerant processing module combines the distributed cache unit to complete data verification and recovery. The system realizes the efficient fusion, dynamic decision and reliable management of multi-source data, improves the accuracy of health monitoring and the robustness of the system, and is suitable for intelligent health management scenes.",,,G16H10/00;G06F16/27;G06F18/213;G06F18/253;G06F18/10;G06F18/2433,G16H10/00;G06F18/25;G06F18/213;G06F18/10;G06F16/27;G06F18/2433,BEIJING DAOKETUO TECH CO LTD,,False,True
CN-121390899-A,CN-202511583204-A,CN,A,98459054,20251031,20251031,20260123,0,Method and system for fault water disaster sensing and danger relieving operation,,"The invention relates to the technical field of mine disaster prevention and control, in particular to a fault water disaster sensing and danger eliminating operation method and system, comprising the steps of setting a monitoring area, carrying out three-dimensional space grid segmentation, calculating the coupling coefficient of data in each grid, setting a multi-level risk threshold value, and judging the risk level of the coupling coefficient of each grid; based on the determined grid risk level, a knowledge reasoning mode, an acoustic warning mode and a three-dimensional visual mode are established, a normalization result is weighted and fused according to a preset credibility weight to obtain a final risk value, the final risk value is compared with a preset early warning threshold value to trigger corresponding level early warning, the grid of high risk early warning is determined based on the determined grid of the corresponding level early warning, a drilling verification and grouting plugging danger solving process is started, and the technical problem of collaborative perception, early warning and danger solving intelligent collaborative difference of mine disaster multisource data is solved.",,,,G06Q50/26;G06N5/04;G06N5/025;G06N3/0464;G06F18/25;G06F18/24;G06F18/15;G06Q10/0635,UNIV SHANDONG SCIENCE & TECH,,True,True
CN-121430740-A,CN-202511852836-A,CN,A,98539179,20251210,20251210,20260130,0,Reservoir dam operation safety sky land hydraulic intelligent sensing system and operation method,,"The application relates to an intelligent sensing system and an operation method for a sky-land hydraulic engineering of reservoir dam operation safety, and relates to the technical field of hydraulic engineering safety monitoring. The system is composed of a sky-ground hydraulic engineering integrated monitoring sensing system, a self-adaptive sampling module, a layered distributed architecture and a software-hardware integrated module, wherein the system dynamically adjusts the monitoring frequency by utilizing a self-adaptive sampling strategy through five dimensions of a space domain, an air domain, a region, a water area and a working domain to cooperatively collect multi-source data such as deformation, seepage, stress strain, vibration and environmental quantity, and completes data cleaning, standardization, space-time registration and fusion processing through the distributed architecture, so as to generate a high-quality comprehensive data set. The system can realize the fine monitoring of the whole elements and the whole process, effectively eliminate the data island, improve the data quality and the monitoring efficiency, has high reliability, instantaneity and expandability, and provides powerful data support and decision basis for dam safety evaluation and intelligent early warning.",,,,H04L67/12;H04L67/10;G06T17/00;G06Q50/26;G06Q50/08;G06F16/27;G06F16/25;G06F11/20;G06F9/50;G06F1/18;G01D21/02,CHANGJIANG SPATIAL INFORMATION TECH ENGINEERING CO LTD WUHAN;UNIV HUAZHONG SCIENCE TECH,,False,True
CN-120150194-B,CN-202510168049-A,CN,B,95946578,20250217,20250217,20250815,20250815,Hybrid energy storage system optimal scheduling method based on AI intelligent regulation and control,,"The invention discloses an AI intelligent regulation-based hybrid energy storage system optimization scheduling method, which relates to the technical field of hybrid energy storage and comprises the following steps of collecting real-time data, cross-verifying data consistency through a multi-source data fusion technology, and identifying data anomalies caused by sensor faults, communication delays and environmental interference and eliminating the anomalies by utilizing a self-adaptive threshold detection combined with a statistical analysis method. According to the invention, the energy storage scheduling is optimized through data cleaning, time sequence prediction and reinforcement learning, and the intelligent management and dynamic adaptability are improved. The data accuracy is ensured by adopting multi-source data fusion and anomaly detection, and the energy consumption is predicted by means of LSTM and Transformer, so that the energy storage strategy is optimized in advance. In combination with reinforcement learning, the system dynamically adjusts charge and discharge, improves the light Fu Xiaona rate, reduces the electricity purchasing cost, intelligently controls the SOC to be in the range of 40% -80%, and prolongs the service life of the battery. Meanwhile, the system stability is improved through abnormality detection and correction, and the maintenance cost is reduced.",,,H02J2103/30;H02J2101/24;H02J2103/35;H02J7/865;H02J7/90;H02J7/61;H02J7/65;H02J7/63;H02J7/60;G06F2123/02;G06N20/00;G06N3/092;G06N3/0442;G06N3/0455;G06F18/29;G06F18/27;G06F18/251;G06Q50/06;G06Q10/04;G06Q10/06312;H02J15/00;H02J7/04;H02J3/38;H02J3/004;H02J3/003;H02J3/0012;H02J3/00125;H02J3/001;H02J3/008;H02J3/32;H02J3/28,H02J15/00;H02J7/04;H02J7/00;H02J3/38;H02J3/32;H02J3/00;G06Q50/06;G06Q10/0631;G06Q10/04;G06N20/00;G06N3/092;G06N3/0455;G06N3/0442;G06F123/02;G06F18/27;G06F18/25;G06F18/20;H02J3/28,,,False,True
CN-111311081-A,CN-202010074214-A,CN,A,71148999,20200122,20200122,20200619,0,Ocean ecological abnormity danger identification method and device based on multi-source heterogeneous data,,"The invention discloses a marine ecological abnormity risk identification method based on multi-source heterogeneous data, which comprises the following steps: acquiring a multi-source heterogeneous data file of a target sea area; generating a quality control report according to the multi-source heterogeneous data file; establishing a marine information database according to multi-source heterogeneous data meeting a data quality standard; establishing an ocean numerical model on a cloud platform, and updating an ocean information database to obtain an updated ocean information database; acquiring a primary marine ecological anomaly index data product according to the updated marine information database; carrying out weighted average on each marine ecological anomaly index data product to obtain a secondary marine ecological anomaly index data product of a target sea area; and detecting a threshold value of the secondary marine ecological abnormal index data product, and if an abnormal index greater than a first preset threshold value exists, sending early warning information. The marine ecological abnormal danger identification method based on the multi-source heterogeneous data can effectively improve the accuracy of marine ecological abnormal danger identification.",,,Y02A90/10;G06Q10/06395;G06F16/21;G06Q50/26;G06Q10/06393;G06F16/951;G06Q10/0637,G06Q10/06;G06F16/951;G06Q50/26;G06F111/10;G06F30/20;G06F16/21,SOUTH CHINA SEA MARINE FORECASTING CENTER OF STATE OCEANIC ADMINISTRATION MARINE FORECAST STATION OF,,False,True
CN-118469553-A,CN-202410932769-A,CN,A,92167205,20240712,20240712,20240809,0,Power transmission line defect hidden danger prediction method and system based on multi-source meteorological data,,"The invention discloses a method and a system for predicting hidden danger of a transmission line defect based on multisource meteorological data, which relate to the technical field of prediction of hidden danger of the transmission line defect, and comprise the steps of dividing the transmission towers in a transmission tower distribution diagram into areas based on geographic information, dividing the transmission towers with the same geographic information into one area, numbering the areas to obtain numbered areas, establishing a historical line defect association model, predicting the meteorological data according to multisource, the method comprises the steps of obtaining weather-influencing parameters of a power transmission tower and weather-influencing parameters of a wire, obtaining the regional quality index, enabling a predictor to predict that line defects can occur in the power transmission tower and the wire in a numbering region under the weather-influencing of a multi-source weather environment in the future, sequencing the numbering region through early warning indexes of the power transmission line, obtaining maintenance line information, enabling the predictor to make a maintenance plan faster, and reducing maintenance cost of the power transmission line.",,,G06F18/27;G06F18/25;G06Q10/06395;G06F16/29;G06Q50/06;G06Q10/20,G06Q50/06;G06Q10/0639;G06F18/27;G06F18/25;G06F16/29;G06Q10/20,LIANZHI TECH TIANJIN CO LTD;ELECTRIC POWER RES INST STATE GRID JIBEI ELECTRIC POWER CO LTD,,True,True
CN-121659185-B,CN-202511605192-A,CN,B,98982246,20251105,20251105,20260825,20260825,Fatigue driving monitoring and early warning method based on multi-source heterogeneous data fusion,,"The invention discloses a fatigue driving monitoring and early warning method based on multi-source heterogeneous data fusion, and relates to the technical field of multi-source data processing, wherein the method comprises the steps of firstly collecting and preprocessing the face, physiological signs, historical driving behaviors, vehicle environment and maintenance multi-source data of a driver; and then three layers of fusion are carried out, wherein the unified dimension of the data layer is aligned with time, the characteristic layer is used for constructing a fatigue characteristic index FCF, the decision layer is used for calculating a fatigue driving risk index FDR by adopting an entropy weight-AHP combined weighting method, four early warning grades are divided for hierarchical early warning through cluster analysis based on the FDR value, and meanwhile, the robustness of the system is improved through sensor fault switching, data conflict resolution and personalized baseline calibration. The invention fuses all-link data of &#39;physiological-behavior-environment-vehicle&#39;, and obviously improves the accuracy, early stage and reliability of fatigue monitoring.",,,G06F18/25;G06F18/251;G06F18/253;G06F18/10;G06V40/161;G06V40/168;G06V40/18;G06V10/82;G06V20/597;G06F18/23213;B60W50/14;B60W40/08;B60W40/09;A61B5/18;A61B5/168;A61B5/004;A61B5/746;A61B5/7275;B60W2050/143;B60W2040/0827,G06F18/25;A61B5/00;A61B5/16;A61B5/18;B60W40/08;B60W40/09;B60W50/14;G06F18/10;G06F18/23213;G06V10/82;G06V20/59;G06V40/16;G06V40/18,,,False,True
CN-119091594-A,CN-202411045267-A,CN,A,93662928,20240801,20240801,20241206,0,Slope stability early warning method based on multisource monitoring data change,,"The invention discloses a slope stability early warning method based on multi-source monitoring data change, which relates to the technical field of geological disaster monitoring and early warning, and comprises the following steps of S1, deploying various monitoring devices such as geological sensors, weather stations, remote sensing devices and the like, and collecting multi-source monitoring data of slope areas such as geology, weather and remote sensing images and the like in real time; the method comprises the steps of S2, cleaning, format conversion and outlier processing of collected original monitoring data, ensuring data quality to adapt to subsequent analysis, S3, comprehensively processing the data of different monitoring sources by utilizing a data fusion technology, reducing errors of a single data source and improving data reliability.",,,G01D21/02;G06F18/2431;G08B31/00;G08B21/18,G08B31/00;G06F18/2431;G01D21/02;G08B21/18,UNIV CHONGQING,,True,False
CN-118942229-A,CN-202411191460-A,CN,A,93344737,20240828,20240828,20241112,0,Multi-source monitoring data fusion foundation pit safety early warning method,,"The invention discloses a foundation pit safety early warning method based on multisource monitoring data fusion, which comprises the steps of firstly constructing a foundation pit safety evaluation index system and obtaining the accumulated value and the change rate of multisource time sequence monitoring indexes; secondly, determining a foundation pit safety level identification framework, taking multi-source time sequence monitoring data as different evidences and carrying out normalization processing; then, according to the multi-source time sequence monitoring data, determining a basic probability distribution value in the identification framework; then respectively calculating the weight and the credibility of the multi-source monitoring index; and finally, fusing the multisource monitoring data of the foundation pit to obtain the safety evaluation grade of the foundation pit. The invention is characterized in that: on the basis of fully utilizing actual measurement monitoring data of the foundation pit, importance of different monitoring indexes and credibility of evidence are considered, objectivity of foundation pit safety state identification is guaranteed, interference of subjective human factors is avoided, and defects of a traditional D-S evidence theory can be effectively overcome.",,,G06F2123/02;E02D2600/10;G06F18/22;G06F18/15;G06F18/257;G08B29/18;G08B31/00;E02D17/02;E02D33/00,G08B21/18;G06F123/02;G06F18/25;G06F18/22;G06F18/15;E02D33/00;E02D17/02;G08B31/00,GUANGZHOU INST OF BUILDING SCIENCE GROUP CO LTD;GUANGZHOU CONSTR ENG CO LTD,,False,True
CN-121350688-A,CN-202511328980-A,CN,A,98390698,20250917,20250917,20260116,0,"Lead bismuth fast reactor multiplexing Kuang Duo sensor state monitoring method, device and verification system",,"The invention relates to the technical field of sensor on-line state monitoring and signal reconstruction, in particular to a lead bismuth fast reactor multiplexing Kuang Duo sensor state monitoring method, a device and a verification system. The method comprises the following steps of fault mechanism mathematical modeling, determining pressure measuring instrument mechanism and mathematical modeling, fault injection and data preprocessing analysis, multi-task identification and multi-sensor association relation analysis, data anomaly detection, sensor and system fault identification model construction, fault sensor positioning model construction, sensor fault type identification model construction, sensor failure reconstruction and reconstruction signal local fusion based on inverse variance weighting. According to the invention, under the complex environment of the nuclear facility and under the condition of sensor failure, the reconstruction of signals is realized by analyzing redundancy by using an artificial intelligent algorithm, so that the use reliability of the sensor of the nuclear facility is improved, and the prevention capability of the nuclear facility on sensor faults and accidents and the self-adaptive capability under severe environments are improved.",,,Y02E30/30,G06N20/20;G06N5/01;G06N3/084;G06N3/0464;G06N3/0455;G06F18/25;G06F18/2431;G06F18/243;G06F18/23213;G06F18/2135;G06F18/213;G06F18/21;G06F18/10;G06F18/24,NUCLEAR POWER INST CHINA,,False,True
CN-121052605-A,CN-202511586919-A,CN,A,97816848,20251103,20251103,20251202,0,Intelligent management platform system for data integration of whole process of pond engineering construction,,"The application relates to the technical field of intelligent construction and digital twinning, and discloses an intelligent management platform system for the whole process data integration of the construction of a pond engineering, which comprises a multi-source heterogeneous data acquisition module, a core data fusion and reasoning module, an intelligent application and evolution module and a comprehensive visualization and decision support module, wherein the multi-source heterogeneous data acquisition module is used for acquiring and standardizing construction data, the core data fusion and reasoning module is used for constructing a construction process causal map for representing the relation between elements, the credibility of each state node is calculated through a multi-source evidence theory fusion engine, the intelligent application and evolution module is used for carrying out risk forward propagation early warning and root cause backward retroactive diagnosis based on the construction process causal map, and the comprehensive visualization and decision support module is used for fusing and displaying an analysis result and a BIM/GIS model. According to the application, a causal knowledge graph and evidence fusion reasoning mechanism is constructed, so that the problems of data island and information uncertainty are solved, active early warning, accurate tracing and dynamic self-adaptation of a system of construction risks are realized, and the intelligent management level of the pond engineering is remarkably improved.",,,,G06Q50/08;G06N5/04;G06F18/25;G06F18/214;G06F18/10;G06Q10/0631,ZHEJIANG HYDROPOWER CONSTRUCTION AND INSTALLATION CO LTD,,False,True
CN-121599514-A,CN-202511783783-A,CN,A,98870262,20251128,20251128,20260303,0,Intelligent prediction method for large passenger flow of railway junction based on space-time attention mechanism,,"The invention discloses an intelligent prediction method for large passenger flow of a railway junction based on a space-time attention mechanism, and belongs to the technical field of intelligent transportation and transportation prediction. The method comprises the steps of multi-source data acquisition and preprocessing, constructing a fusion model based on an LSTM network and a random forest algorithm, obtaining a third passenger flow prediction result by using the trained fusion model, performing cross-model residual correction on the third passenger flow prediction result to obtain a final fusion prediction result, performing early warning grade division according to the fusion prediction result and an early warning threshold value, and performing corresponding dynamic response and scheduling output. The intelligent early warning and dynamic control output of the large passenger flow of the railway junction are realized based on multi-source decision fusion of the deep learning prediction result and the nonlinear characteristic model result, a multi-model decision confidence fusion mechanism is established through a D-S evidence theory, and the credibility enhancement and early warning grading response of the prediction result are realized by combining a passenger flow threshold grading strategy.",,,G08B21/182;G08B31/00;G06N20/20;G06N3/09;G06N3/048;G06N3/0442;G06N3/045;G06F18/213;G06F18/214;G06F18/25;G06Q50/40;G06Q10/04;G06Q10/06375,G08B31/00;G08B21/18;G06Q50/40;G06Q10/04;G06N20/20;G06N3/09;G06N3/048;G06N3/045;G06N3/0442;G06F18/25;G06F18/214;G06F18/213;G06Q10/0637,HUAIYIN INST TECHNOLOGY;XUZHOU TRANSP COMPREHENSIVE ADMINISTRATIVE LAW ENFORCEMENT DIVISION,,False,True
CN-121096120-A,CN-202511650279-A,CN,A,97892259,20251112,20251112,20251209,0,Power supply network power failure monitoring and early warning method based on data fusion,,"The invention relates to the technical field of power supply network monitoring, in particular to a power supply network power failure monitoring early warning method based on data fusion, which realizes dynamic intelligent fusion of multi-source heterogeneous data, improves the data quality and reliability of risk assessment, simultaneously realizes key technical transition from passive response to failure to active blocking risk, avoids risk diffusion through early intervention, finally realizes preventive operation and maintenance of a power supply network, converts macroscopic risk level into accurate node-level risk positioning by combining physical connection relation and load characteristics of the power supply network, and simultaneously automatically generates an operation and maintenance suggestion table with priority by constructing a comprehensive influence coefficient model, and the output result provides clear decision basis for accurate delivery of operation and maintenance resources, scheduling sequence of emergency repair teams and starting of emergency plans, thereby being capable of shortening power failure time to the maximum extent, reducing power failure range and reducing social economic loss.",,,,G06Q50/06;G06Q10/063;G06F18/25;G08B31/00,LESHAN POWER SUPPLY COMPANY STATE GRID SICHUAN ELECTRIC POWER COMPANY,,False,True
CN-120386779-A,CN-202510431574-A,CN,A,96490866,20250408,20250408,20250729,0,Data quality improvement method and system based on multidimensional treatment strategy,,"The invention discloses a data quality improving method and system based on a multidimensional governance strategy, which relate to the technical field of data governance and comprise the steps of constructing a repeated data identification mechanism of a dynamic main key through metadata blood-margin analysis; the multi-mode incomplete data complement strategy based on field importance comprises a three-level error processing flow with automatic correction, rule early warning and manual intervention, and full-link management tracing based on a blockchain technology. The invention can obviously improve the data availability, reduce the manual intervention cost and is suitable for automatic data cleaning and quality management in a large-scale heterogeneous data environment.",,,G06F18/24;G06F18/15;G06F18/10;G06F16/215,G06F18/24;G06F18/15;G06F18/10;G06F16/215,TIANYUAN BIG DATA CREDIT MAN CO LTD,,False,True
CN-120708310-A,CN-202510800106-A,CN,A,97113059,20250616,20250616,20250926,0,Automatic driving system reliability self-diagnosis method and platform based on multi-mode sensor fusion,,"The invention provides an automatic driving system reliability self-diagnosis method and platform based on multi-mode sensor fusion, the method comprises the steps of obtaining image mode data, carrying out feature extraction by utilizing a vision transducer model, generating an environment scene tag, representing the type of a current environment, carrying out statistics on key mode features in actual automatic driving operation data, obtaining a mode scoring vector corresponding to each environment scene tag, reflecting priori credibility of each sensor mode in the environment, calculating mode trust weight by softmax, obtaining a confidence weight vector, carrying out weighted fusion on the key mode features based on the confidence weight vector, obtaining fusion features, generating mode reconstruction features according to the fusion features, generating a mode consistency error vector based on the mode reconstruction features, combining the confidence weight vector and the mode consistency error vector, and determining an early warning signal of the current system, wherein the early warning signal is used for judging whether fusion degradation or mode failure risk exists in the system.",,,G06V10/764;G06V10/82;G06V10/40;G06F18/213;G06F18/253;G06F18/256;G07C5/0808,G06V10/82;G06V10/764;G06V10/40;G06F18/25;G06F18/213;G07C5/08,CHINA ELECTRONIC PROD RELIABILITY & ENVIRONMENTAL TESTING RES INST 5TH ELECTRONIC RES,,False,True
CN-121810072-A,CN-202512005819-A,CN,A,99272199,20251229,20251229,20260407,0,Agricultural product safety risk prediction and self-adaptive supervision system based on deep learning,,"The invention relates to the field of agricultural product safety supervision, in particular to an agricultural product safety risk prediction and self-adaptive supervision system based on deep learning, wherein a data acquisition module acquires agricultural product growth environment, soil, fertilizer and pesticide information, a storage module is utilized to store the agricultural product growth environment, soil, fertilizer and pesticide information in a distributed big data form, a data analysis module adopts technologies such as multi-mode data fusion, self-adaptive attention feature extraction, growth variable prediction and self-correction, progressive deep learning network and the like to carry out deep analysis and risk prediction on data, an evaluation module evaluates, classifies and early-warns the agricultural product safety risk according to analysis results, an optimization module analyzes deviation of environmental risk data and a target safety quality index according to safety quality evaluation results, calculates adjustment parameters to guide agricultural production, and a visual early warning module displays the environmental data, the safety quality prediction data and the adjusted guide parameters, so that the comprehensiveness and accuracy of risk identification are remarkably improved.",,,G06F18/25;G06F18/243;G06F18/214;G06Q50/02;G06Q10/06395;G06Q10/06375,G06Q50/02;G06Q10/0639;G06F18/25;G06F18/243;G06F18/214;G06Q10/0637,GUANGZHOU RUISEN BIOTECHNOLOGY CO LTD;GUANGDONG INST FOR FOOD,,False,True
CN-116106908-A,CN-202310115468-A,CN,A,86253916,20230215,20230215,20230512,0,Urban waterlogging risk early warning method based on radar observation,,"The invention discloses a radar observation-based urban waterlogging risk early warning method, which belongs to the technical field of weather radar early warning, and comprises the steps of carrying out data quality control on refined X-band radar data obtained by observation of an X-band weather radar, carrying out quantitative rainfall estimation on the data subjected to the data quality control by using radar observation polarization parameters, obtaining a multi-source fusion rainfall driving field capable of covering a whole domain, constructing a waterlogging simulation model, simulating a rainfall runoff generating process, calculating a slope converging process by using a nonlinear reservoir model, simulating a converging transmission process of a river channel and a pipe network by using a san-veling process, checking whether overflow occurs in the river channel and the pipe network, and carrying out visual presentation on disaster factors, important processes and waterlogging risk distribution in the flow domain based on a ground surface inundation simulation result.",,,G01S13/95;G01S13/955;G01W1/14,G01S13/95;G01W1/14,INST GEOGRAPHIC SCIENCES & NATURAL RESOURCES RES CAS,,True,False
CN-120429842-A,CN-202510563821-A,CN,A,96555420,20250430,20250430,20250805,0,Sugarcane acid aluminum resistance prediction method based on multimode data fusion,,"The invention discloses a sugarcane acid-aluminum resistance prediction method based on multimode data fusion, which comprises the following steps of constructing an artificial data acquisition frame, developing visible light vegetation indexes, providing novel acid-response indexes AVI  AI , establishing a parameter optimizer driven by artificial detection data, dynamically calibrating DSSAT parameters, generating a continuous field AL  3+  distribution map by adopting Kriging interpolation, embedding an aluminum toxicity inhibition function in DSSAT-CANEGRO source code plant environment.for files, calculating an acid-response index based on a smart phone RGB image, calculating a browning area occupation ratio, performing cubic spline interpolation on discrete artificial detection data, designing a model frame by using a double-stage training strategy, and adjusting model fusion weights according to artificial data quality. The early warning of aluminum stress is realized, the fertilizer utilization rate is improved, and the application amount of the phosphate fertilizer is reduced.",,,,G06T7/62;G06T7/00;G06Q50/02;G06Q10/0635;G06Q10/04;G06N20/20;G06N7/01;G06N5/01;G06F18/25;G06F16/28;G01N33/24;G01N21/84;G01N1/08;G06F18/27,GUANGXI ACADEMY AGRICULTURAL SCIENCES,,False,True
CN-121882339-A,CN-202511835645-A,CN,A,99409703,20251208,20251208,20260417,0,Digital twinning-fused cable manufacturing multi-process optimization method and system,,"The invention relates to the technical field of intelligent control and optimization systems, in particular to a multi-process optimization method and system for cable manufacture fusing digital twinning, comprising the steps of constructing a cable multi-process digital twinning model comprising a core library and a core list; the method comprises the steps of collecting multi-source data of multiple procedures in cable manufacture, preprocessing the multi-source data to generate a time sequence data set, calculating the load coefficient of each procedure by using a procedure load coefficient algorithm based on the data set, dynamically identifying the bottleneck procedure of a production line by combining bottleneck judgment rules, pre-judging quality indexes by using the digital twin model, calculating risk values, carrying out hierarchical early warning based on early warning threshold values, starting reverse tracing, combining associated data of a core library to locate quality anomalies, optimizing technological parameters by using a simulated annealing algorithm and a double population genetic algorithm, generating a parameter compensation scheme, completing multi-procedure technological optimization of the cable, and solving the problem of technological optimization deficiency caused by multi-source data fragmentation.",,,G06F2111/06;G06F2123/02;G06F30/27;G06F18/22;G06F18/26;G06N5/025;G06F18/15;G06N3/126;G06N5/01;G06F18/25;G06F18/2433;G06Q50/04;G06Q10/06316;G06Q10/04,G06Q50/04;G06Q10/0631;G06N5/025;G06N5/01;G06N3/126;G06F123/02;G06F111/06;G06F30/27;G06F18/26;G06F18/25;G06F18/2433;G06F18/22;G06F18/15;G06Q10/04,SHANDONG ZHONGHE CABLE TECH CO LTD,,False,True
CN-114333241-A,CN-202111489544-A,CN,A,81050177,20211208,20211208,20220412,0,Landslide disaster point big data acquisition and sample library updating method based on event triggering,,"The invention discloses a landslide disaster point big data acquisition and sample library updating method based on event triggering. And after big data fusion is carried out on the heterogeneous data, the heterogeneous data is stored in a landslide geological disaster sample library, so that the data of the sample library is updated, and the aim of improving the landslide geological disaster monitoring and early warning data quality is fulfilled. According to the method, the timeliness of large-data acquisition of landslide disaster points is improved, the problem that the existing geological disaster reporting site is not accurate enough is solved, the accuracy of obtaining the topographic data of the disaster point area is improved, and large-area and low-cost calculation processing of the surface deformation data of the disaster point area is realized.",,,,G08B21/10;G06V20/40,UNIV ELECTRONIC SCI & TECH CHINA,,True,False
CN-119513078-A,CN-202411662312-A,CN,A,94651684,20241120,20241120,20250225,0,Multi-source data quality improving method and system and storage medium,,"The invention relates to the field of data processing, in particular to a multi-source data quality improving method which is particularly suitable for processing and optimizing load data. The method comprises the steps of carrying out feature extraction on multi-source load data to obtain load data comprising a data mode and a data structure, carrying out anomaly detection on the load data by applying a local anomaly factor LOF algorithm to screen out anomaly data, correcting the detected anomaly data by a Pearson correlation analysis method, calculating a weight relation between load data features based on the feature extraction and anomaly correction results by applying an entropy weight method, and further optimizing a data correction and feature extraction process to improve overall data quality and accuracy. The method and the system not only provide a reliable data basis for big data analysis and running state evaluation of the intelligent power grid, but also effectively improve the efficiency and accuracy of data mining and analysis, and provide solid guarantee for optimal scheduling and decision support of the power grid.",,,G06F18/23213;G06F18/22;G06F18/27;G06F18/2433;G06F18/213;G06F18/10;G06F16/25;G06F16/215,G06F18/27;G06F18/2433;G06F18/23213;G06F18/22;G06F18/213;G06F18/10;G06F16/25;G06F16/215,SHENYANG POWER SUPPLY CO STATE GRID LIAONING ELECTRIC POWER SUPPLY CO LTD,,False,True
CN-120412246-A,CN-202510651591-A,CN,A,96528500,20250520,20250520,20250801,0,Road alarm help-seeking positioning early warning system based on multi-mode interaction,,"The invention discloses a road alarming help-seeking positioning early warning system based on multi-mode interaction, which relates to the technical field of intelligent transportation and safety emergency, and comprises an alarming help-seeking positioning early warning platform and a mobile phone end information acquisition program, wherein a characteristic extraction and matching model is constructed by integrating voice, image and map positioning three-in-one information closed loop with characteristics of voice description event, visual image site presentation and accurate positioning and locking position is formed, the voice interaction can rapidly capture key semantics, make up the defect that an image cannot directly transmit text information, the image recognition can intuitively display site details, solve the problem that voice description is disturbed by noise or information loss caused by user tension, provide position coordinates through a GPS technology in map positioning, perform feature matching and credibility calculation on three-mode data, realize cross-validation of multi-source data, remarkably reduce treatment delay caused by information deviation and provide more reliable decision basis for rescue departments.",,,H04W4/14;H04W4/90;H04W4/029;G08G1/097;G08B29/188;G08B25/10;G08B25/002;G08B31/00,H04W4/90;H04W4/14;H04W4/029;G08G1/097;G08B29/18;G08B25/10;G08B25/00;G08B31/00,SHANXI XINGYUYUN NETWORK TECH CO LTD,,False,True
CN-120750671-B,CN-202511261347-A,CN,B,97187845,20250905,20250905,20260317,20260317,Node zero trust trusted access method for computing network,,"The invention discloses a node zero trust trusted access method and device for an algorithm network, and relates to the technical field of network security. The trust evaluation is carried out in the registration stage and the task execution stage of the computing node based on the principle of zero trust. In the registration stage, a multi-source trust modeling mechanism integrating identity attributes, capability observation and organization reputation is constructed, a Bayesian reasoning and graph regularization method is introduced to realize initial credibility assessment, in the operation stage, a multi-mode log anomaly detection method is designed, high-dimensional behavior modeling is carried out by combining semantics, time, parameters and quantity characteristics, anomaly identification capability is enhanced by utilizing long-sequence dependence, and a dynamic trust adjustment strategy is further provided by combining time attenuation and a user feedback mechanism to realize continuous evolution and refined access control of node trust. By utilizing the invention, the trusted access to the power computing nodes is realized by the scheduling system in the environment of the power computing network, and the safety and the reliability of the power computing network system are effectively improved.",,,G06N5/025;G06F18/25;H04L9/40;H04L63/205;H04L63/1441;H04L63/1425;H04L63/108;H04L63/102,G06N5/025;G06F18/25;H04L9/40,,,False,True
CN-121192695-A,CN-202511726739-A,CN,A,98217977,20251124,20251124,20251223,0,Multi-dimensional information fusion-based early warning method and system,,"The invention discloses a multi-dimensional information fusion early warning method and system, which relate to the technical field of fusion analysis, and the method comprises the steps of preprocessing acquired real-time data streams to obtain real-time data snapshots, comparing analog quantity data, switching quantity data, protection information and equipment side monitoring data in the real-time data snapshots based on a predefined alarm threshold value and rule set to generate an initial alarm event list, verifying the credibility of each initial alarm event in the initial alarm event list, marking the credibility of each initial alarm event as credibility, forming a verified alarm event list by the initial alarm events, and aggregating a plurality of alarm events which are derived from the same physical disturbance in the verified alarm event list into an alarm event cluster based on system topological relation data according to time proximity and space correlation.",,,,H02J13/00;G08B31/00;G08B29/18;G06F18/25;G06F18/24;G06F18/23;H02J3/00,LANZHOU POWER SUPPLY COMPANY OF STATE GRID GANSU ELECTRIC POWER COMPANY,,False,True
CN-121861847-A,CN-202511846099-A,CN,A,99364207,20251209,20251209,20260414,0,Wind turbine generator system gearbox fault early warning system based on space-time causal reasoning network,,"The invention discloses a wind turbine gearbox fault early warning system based on a space-time causal reasoning network, relates to a wind turbine early warning technology, and provides a scheme for solving the problem of insufficient early warning capability in the prior art. The system comprises a causal reasoning module, a time-space analysis module, a fault cause and confidence weighting module, an early fault early warning module and a hierarchical early warning suggestion, wherein the causal reasoning module is used for extracting time domain and frequency domain characteristics from original signals acquired by a plurality of vibration acceleration sensors of a wind turbine generator, constructing a dependency relationship network among the sensors through causal reasoning, establishing a dynamic causal map, the spatio-temporal analysis module is used for capturing an abnormal propagation mode through a spatio-temporal collaboration mechanism by combining stability of a time sequence and topological characteristics of a space causal network, the fault cause and confidence weighting module is used for identifying a fault root cause through the causal reasoning mechanism and enhancing confidence of a detection result based on multi-source evidence, and the early fault early warning module is used for realizing intelligent fault detection and accurate positioning based on a causal enhanced probability model. The method has the advantages that the causal relationship is established by combining the correlation analysis, and the causal graph and the comprehensive health index are constructed.",,,G06F2123/02;G06F18/2321;G06F18/253;G06F18/213;G06F18/15;G06N5/046;G06F18/20;G08B21/187;G08B31/00;F03D17/033;F03D17/015;F03D17/0065,G08B21/18;G06N5/046;G06F123/02;G06F18/25;G06F18/2321;G06F18/213;G06F18/20;G06F18/15;F03D17/00;G08B31/00,UNIV GUANGDONG TECHNOLOGY,,False,True
CN-121881223-A,CN-202511657151-A,CN,A,99413091,20251113,20251113,20260417,0,"Distribution network side micro-environment multi-source meteorological data space-time alignment and fusion method, system, equipment and storage medium",,"The invention discloses a space-time alignment and fusion method, a system, equipment and a storage medium for micro-environment multi-source meteorological data on a distribution network side, which comprise the steps of acquiring equipment coordinates and cloud grid meteorological data, and acquiring point measurement meteorological data in real time; according to the grid where the equipment is located and the adjacent grids, interpolating grid meteorological data to the equipment position for space alignment, carrying out time synchronization on the grid meteorological data and point measurement meteorological data based on a preset time reference and a historical change trend, constructing a state space model, carrying out self-adaptive fusion on the interpolated grid meteorological data and point measurement meteorological data, carrying out anomaly detection on multi-source data in the fusion process, calculating the confidence coefficient of a fusion result based on fusion errors, dividing data quality grades according to the confidence coefficient, scheduling data transmission strategies according to the quality grades, and carrying out anomaly monitoring on the running state of the system. The data precision and reliability of multi-source meteorological data fusion can be improved, and the energy consumption is low and the adaptability is strong.",,,G06F2123/02;G06F17/16;G06F17/11;G06F18/2433;G06F18/256;Y02A90/10,G06F123/02;G06F18/2433;G06F17/16;G06F17/11;G06F18/25,GUIZHOU POWER GRID CO LTD,,False,True
CN-119988477-B,CN-202510466707-A,CN,B,95626619,20250415,20250415,20250729,20250729,Intelligent business decision method based on multi-source heterogeneous data,,"The application relates to the technical field of information and provides an intelligent business decision method based on multi-source heterogeneous data, which comprises the steps of acquiring multi-source heterogeneous data of different business scenes, judging whether the data meets the preset quality requirement by adopting a data quality evaluation model, and outputting available multi-source heterogeneous data; the method comprises the steps of constructing a data blood-cause relation graph according to available multi-source heterogeneous data, recording data copy generation, conversion and calculation processes, avoiding repeated calculation, generating a marketing recommendation list, a risk early warning list and a product recommendation list according to the data blood-cause relation graph, realizing real-time data updating according to three scene data assets through a Redis caching mechanism, ensuring that a calling interface obtains the latest data, and realizing efficient data query and real-time data updating. The full-flow intellectualization from data acquisition and processing to application is realized, the utilization efficiency of data assets is improved, accurate and timely business decision support is provided for enterprises, and the marketing effect, risk management and control capability and user experience are effectively improved.",,,Y02P90/30,G06Q30/0201;G06F18/27;G06F18/23;G06F18/2135;G06F18/20;G06F16/9536;G06F16/9535;G06F16/2458;G06F16/2455;G06F16/23;G06F16/215;G06F9/50;G06F16/25,,,False,True
CN-116308960-A,CN-202310313578-A,CN,A,86814916,20230327,20230327,20230623,0,Intelligent park property prevention and control management system based on data analysis and implementation method thereof,,"The invention discloses a data analysis-based intelligent park property prevention and control management system and an implementation method thereof, and belongs to the technical field of property prevention and control. The invention comprehensively applies the data driving technology and the multi-mode fusion technology to the prevention and control management of the properties of the park, and builds a unified multi-mode universal management data analysis platform for multi-source heterogeneous data in the park. The system comprises a multi-mode information collection module and a multi-mode management and control module. The multi-mode information collection module uploads information data to the central machine room server through a network, and a multi-mode information model of the central machine room server performs model training and multi-mode association on property early warning information. And each multi-mode terminal feeds back and responds to the associated information. The intelligent park screening system reduces screening pressure for property prevention and control in the intelligent park, improves management and control efficiency, and improves flexibility, adaptability, safety and credibility of a property prevention and control management system.",,,G06Q50/26;G06V40/172;G06V20/62;G06V2201/08;G06N3/04;G06N3/08;G06N20/00,G06V40/16;G06V20/62;G06N20/00;G06N3/08;G06N3/04;G06F18/40;G06F18/25;G06F18/2433;G06F18/24;G06Q50/26,HANGZHOU LVCHENG INFORMATION TECH CO LTD,,False,True
CN-119832704-B,CN-202510304143-A,CN,B,95303094,20250314,20250314,20250902,20250902,"Intelligent airport periphery safety monitoring method, system, equipment and storage medium",,"The application relates to the technical field of safety precaution, and discloses a method, a system, equipment and a storage medium for monitoring the security of an intelligent airport enclosure. The method comprises the steps of collecting monitoring information through a multi-type sensor array, carrying out time synchronization processing to obtain multi-source synchronous monitoring data, carrying out space registration and noise reduction processing on the data, generating situation fusion data according to sensor reliability configuration weights, extracting space-time characteristics to construct intrusion characteristic features to obtain threat assessment results, determining early warning grades and matching response measures to form a treatment scheme, obtaining an optimal prevention and control scheme through situation deduction, optimizing monitoring parameters according to execution data, and generating an updated monitoring strategy. The application realizes accurate identification and quick response to the security threat of the periphery through intelligent analysis and fusion processing of the multi-source data.",,,,G08B31/00;G08B13/00;G06Q50/26;G06Q10/0631;G08B29/18,,,False,True
CN-121724270-A,CN-202511914663-A,CN,A,99107689,20251218,20251218,20260324,0,Multi-parameter self-adaptive fusion evaluation method for transient process of hydroelectric generating set,,"The invention relates to a multi-parameter self-adaptive fusion evaluation method for a transient process of a hydroelectric generating set, and belongs to the field of operation state evaluation of hydroelectric generating sets. According to the method, key operation parameters such as vibration, pressure, rotating speed and the like are synchronously acquired through a multipoint high-precision sensor, and characteristic indexes are extracted through pretreatment. And combining Logistic chaotic mapping to give weight to each parameter in a self-adaptive way, and fusing multi-source uncertainty data by adopting interval value fuzzy integration to realize comprehensive and objective assessment of the starting dynamic characteristics of the water turbine. The method overcomes the defects of strong subjectivity, poor anti-interference performance, poor robustness and the like of the traditional method, improves the accuracy and the credibility of the evaluation result, and can provide scientific basis for intelligent monitoring and risk early warning of the running state of the unit.",,,,G06Q50/06;G06Q10/04;G06N7/08;G06F18/25;G06F18/2433;G06F18/22;G06F18/213;G06F18/15;G06Q10/063,CHINA INST OF WATER RESOURCES AND HYDROPOWER RESEARCH,,False,True
CN-121306533-A,CN-202511403263-A,CN,A,98287136,20250929,20250929,20260109,0,Multi-dimensional health data fusion method based on large model,,"The invention provides a multi-dimensional health data fusion method based on a large model, which belongs to the technical field of health data, and comprises the steps of collecting multi-dimensional health data of users by adopting multi-source sensing equipment, establishing a data quality evaluation mechanism for integrity detection and outlier processing, establishing a health data semantic alignment layer for realizing uniform and standardized processing of timestamps, carrying out deep feature extraction and multi-head attention association analysis by utilizing a health evaluation optimization model based on a Transformer framework, screening key index combinations by using an ecological niche competition optimization algorithm, establishing a health risk early warning mechanism for hierarchical evaluation and dynamic monitoring, establishing a dynamic feedback adjustment mechanism for optimizing model parameters, and forming a complete multi-dimensional health data fusion analysis system, thereby solving the technical problem of low accuracy of health state evaluation caused by the lack of an effective fusion mechanism of the multi-dimensional health data.",,,,G16H10/60;G06N3/0499;G06N3/045;G06F18/25;G06F18/2431;G06F18/2415;G06F18/2135;G06F18/2115;G06F18/2113;G06F18/2111;G06F18/15;G16H50/30,MEILEHUI SHANDONG HEALTH TECH CO LTD,,False,True
CN-121479680-A,CN-202511661695-A,CN,A,98623405,20251113,20251113,20260206,0,Regional landslide hidden danger automatic identification system and method based on geological features,,"The invention discloses an automatic identifying system and method for regional landslide hidden danger based on geological features, and relates to the technical field of intelligent sensors. The regional landslide hidden danger automatic identification system and method based on the geological features comprise the steps of S1, obtaining multi-source monitoring data and geological constraint data, preprocessing the multi-source monitoring data to construct a landslide monitoring database, S2, analyzing the credibility of physical parameters of a sliding belt based on weighted sensitivity and residual accumulation of the multi-source monitoring data, S3, carrying out space coupling analysis through multi-source deformation and geometric parameter data, dynamically optimizing sliding belt form identification and connectivity adjustment operation, S4, carrying out dynamic instability analysis through deformation rate and sliding surface geometric fusion data, quantifying the instability trend of the sliding belt, and S5, merging the three-dimensional sliding surface probability body and space-time evolution indexes to comprehensively judge the stable state of a monitoring unit. The problems of inaccurate sliding belt parameter inversion, low sliding surface judgment precision and early warning hysteresis in regional landslide hidden danger identification are solved.",,,G06F2123/02;G08B21/10;G08B31/00;G06N5/041;G06F18/26;G06F18/15;G06F18/22;G06F18/10;G06F16/29;G06F18/24;G06F18/25,G08B31/00;G08B21/10;G06N5/04;G06F123/02;G06F18/26;G06F18/24;G06F18/22;G06F18/15;G06F18/10;G06F16/29;G06F18/25,QINGHAI GEOLOGICAL DISASTER PREVENTION TECH GUIDANCE CENTER QINGHAI GEOLOGICAL ENVIRONMENT MONITORIN,,True,True
CN-120632630-A,CN-202510768899-A,CN,A,96967260,20250610,20250610,20250912,0,Hydropower station plant deformation monitoring method and system,,"The invention discloses a hydropower house deformation monitoring method, which comprises the following steps of collecting multidimensional monitoring data and point cloud data of a hydropower house, carrying out self-adaptive filtering noise reduction on the multidimensional monitoring data, carrying out spatial registration on the multidimensional monitoring data and the point cloud data under a unified three-dimensional coordinate system, constructing a multichannel time sequence deep learning model, constructing a dynamic early warning threshold model based on material characteristics, equipment operation parameters and historical monitoring data, carrying out risk assessment, triggering a three-level response mechanism according to a risk assessment result, establishing a sensor reliability evaluation index, dynamically optimizing data fusion weight, adjusting a classification model decision boundary, and carrying out visualization and traceability analysis on the multidimensional monitoring data.",,,G06F18/27;G06F18/213;G06F18/253;G06F18/2415;G01D21/02;G01B11/24;G01B21/32,G06F18/27;G06F18/25;G06F18/213;G01D21/02;G01B21/32;G01B11/24;G06F18/2415,ZHONGYU BRANCH STATE ENERGY GROUP TIBET ELECTRIC POWER CO LTD;POWERCHINA NORTHWEST ENG CORP LTD,,False,True
CN-121456728-A,CN-202511277303-A,CN,A,98578486,20250908,20250908,20260203,0,Quality detection system of thermal power plant fuel,,"The invention provides a quality detection system of thermal power plant fuel, which relates to the technical field of detection and comprises a multi-mode acquisition module, a data fusion processing module, an evaluation module and an intelligent early warning module, wherein the multi-mode acquisition module is used for acquiring multi-mode parameters of the thermal power plant fuel, the data fusion processing module is used for preprocessing the multi-mode parameters of the thermal power plant fuel and generating multi-dimensional feature vectors through the preprocessed multi-mode parameters, the evaluation module is used for evaluating the multi-dimensional feature vectors through the multi-mode fusion evaluation model, the intelligent early warning module comprises a first early warning unit and a second early warning unit, the first early warning unit is used for carrying out primary early warning when a certain mode parameter exceeds a preset threshold value, the second early warning unit is used for carrying out secondary early warning when the cosine similarity of the multi-dimensional feature vectors and historical inferior fuel features is larger than or equal to the preset value, and the third early warning unit is used for carrying out tertiary early warning when the predicted quality score is lower than the preset value through predicting multi-mode parameter trend. The multi-mode acquisition module covers various quality related parameters of the fuel, and compared with the traditional single parameter detection, the fuel quality characterization dimension is improved.",,,G06F2218/12;G06F2218/08;G06F2218/02;G06F2218/06;G06N3/0442;G06F18/27;G06N3/045;G06N3/0499;G06N3/092;G06Q50/06;G06F18/22;G06F18/253;G06F18/213;G06F18/10;G06F18/2433,G06Q50/06;G06N3/092;G06N3/0499;G06N3/045;G06N3/0442;G06F18/27;G06F18/25;G06F18/22;G06F18/213;G06F18/10;G06F18/2433,Huaneng qingdao thermoelectricity co ltd,,False,True
CN-121637253-A,CN-202511816559-A,CN,A,98946658,20251204,20251204,20260310,0,Risk identification method and system based on mine data,,"The application discloses a risk identification method and system based on mine data, and belongs to the technical field of computers. The application realizes the effective fusion and collaborative analysis of the multi-source heterogeneous monitoring data and solves the problem of data island in the traditional method to a certain extent. And the space-time propagation rule of mine risks is captured through multi-level feature modeling of the dynamic space-time diagram. And by combining a dynamic correction mechanism of the real-time mining state, the adaptability of the risk identification result to the complex mining environment is improved. The application of the data quality evaluation matrix reduces the influence of low-quality data on analysis results to a certain extent, and improves the reliability of risk early warning.",,,G06Q10/0635;G06F2123/02;G01D21/02;G06Q50/02;G06N3/0442;G06N3/0464;G06N3/042;G06N3/045;G06F18/22;G06F18/2321;G06F18/253;G06F18/2131;G06F18/15;G06F18/2415,G06Q50/02;G06Q10/0635;G06N3/0464;G06N3/045;G06N3/0442;G06N3/042;G06F123/02;G06F18/25;G06F18/2321;G06F18/22;G06F18/2131;G06F18/15;G01D21/02;G06F18/2415,ZHEJIANG PAISHAN INFORMATION TECH CO LTD,,False,True
CN-119131974-A,CN-202411222471-A,CN,A,93763544,20240902,20240902,20241213,0,Forest fire remote sensing intelligent monitoring integrated system,,"The invention discloses a forest fire remote sensing intelligent monitoring integrated system which comprises a multidimensional sensing subsystem, a unified data fusion platform module, an intelligent recognition and early warning module, a fire risk level evaluation module and a user interaction module, wherein the multidimensional sensing subsystem is responsible for collecting fire related data, the unified data fusion platform module is responsible for cleaning, checking, integrating and analyzing the fire related data to generate fire monitoring information, the intelligent recognition and early warning module is responsible for intelligently analyzing the fire monitoring information to recognize potential fire, the fire risk level evaluation module is responsible for evaluating fire risk level in real time, the real-time data quality control module is responsible for carrying out real-time monitoring and quality control on the data input into the system, and the user interaction module is used for providing a user interaction interface.",,,G06V10/764;G06V10/80;G06V20/10;G08B31/00;G08B17/12;G08B17/125;G08B17/005,G08B31/00;G08B17/12;G06V20/10;G06V10/80;G06V10/764;G08B17/00,UNIV CHUZHOU,,True,False
CN-119294747-A,CN-202411402291-A,CN,A,94157312,20241009,20241009,20250110,0,Emergency resource modularization allocation method for quick and accurate early warning response,,"The invention belongs to the technical field of emergency resource allocation, and particularly relates to an emergency resource modularization allocation method with rapid and accurate early warning response. The method comprises the steps of collecting emergency event related information by utilizing a multi-source data acquisition channel, carrying out data cleaning pretreatment, evaluating risk level by utilizing an enhanced random forest algorithm, triggering an early warning mechanism, predicting emergency resource types and quantity by utilizing a multi-layer perceptron MLP based on historical data and current information, dividing the emergency resource types and quantity into different modules for allocation, and finally planning an optimal resource transportation path by utilizing a genetic algorithm. The method can effectively improve the data quality and the prediction accuracy, accurately judge the risk level, reasonably allocate the resources, optimize the transportation path, improve the emergency response efficiency and ensure the safe and stable operation of the power grid.",,,G06F18/24323;G06N20/20;G06N3/126;G06Q50/06;G06Q10/047;G06Q10/0631,G06Q50/06;G06Q10/047;G06N20/20;G06N3/126;G06F18/2431;G06Q10/0631,SHANDONG LURUAN DIGITAL TECHNOLOGY CO LTD,,True,False
CN-121163586-A,CN-202511291000-A,CN,A,98042912,20250910,20250910,20251219,0,Structural health monitoring method and system for multi-physical-field data fusion,,"The invention relates to a structural health monitoring method and a system for multi-physical field data fusion, which are applied to the field of electronic digital data processing, and the structural health monitoring system comprises a structural health monitoring system, wherein the structural health monitoring system is used for carrying out fusion processing on a plurality of physical field data by dynamically regulating and controlling fusion weights, so that multidimensional reliability analysis and dynamic adjustment can be carried out on the data transmitted by a sensor, the error of the sensor data can be effectively reduced, the precision of data fusion is promoted, the structural health condition can be comprehensively reflected, the monitoring precision and reliability are improved, noise is effectively removed by utilizing a signal processing technology, the data quality is improved, the historical data can be subjected to deep analysis, intelligent fault prediction and health assessment are performed, real-time fault early warning is provided, accidents are reduced, potential problems can be found in advance through accurate fault prediction and health assessment, unnecessary inspection and maintenance are reduced, the maintenance efficiency is improved, and the maintenance cost is reduced.",,,,G08B21/18;G06N3/084;G06N3/0499;G06F123/02;G06F18/25;G06F18/2411;G06F18/23213;G06F18/10;G01D21/02,WENLING CONSTRUCTION ENG QUALITY TESTING CO LTD,,False,True
CN-119204699-B,CN-202411713372-A,CN,B,94056969,20241127,20241127,20250225,20250225,Building safety warning level dynamic adjustment method and system based on artificial intelligent driving,,"The invention provides a dynamic adjustment method and a system for building safety warning level based on artificial intelligence driving, which comprise the steps of receiving original monitoring data, space position data and data quality indexes of a sensor array, sequentially carrying out space-time alignment, feature extraction, quality assessment and anomaly detection through a multi-source heterogeneous data preprocessing frame, carrying out multidimensional feature fusion and risk pattern recognition analysis on the preprocessed data, sequentially realizing feature space construction, risk pattern extraction, relevance analysis and level assessment, realizing feature fusion, threshold optimization, level adjustment and effect assessment through a warning level dynamic adjustment mechanism based on risk level and confidence level, and finally carrying out information fusion, content generation, level classification and push optimization through intelligent generation and hierarchical push processing of early warning information. The method and the system remarkably improve the accuracy and timeliness of building safety early warning.",,,G06F18/25;G06F18/10;G06Q50/08;G06Q10/06395;G06Q10/06393;G06Q10/0635,G06Q50/08;G06Q10/0639;G06F18/25;G06F18/10;G06Q10/0635,,,False,True
CN-121453132-A,CN-202511645312-A,CN,A,98574881,20251111,20251111,20260203,0,Intelligent acquisition method based on environment monitoring data fusion,,"The invention relates to the technical field of environmental monitoring, in particular to an intelligent acquisition method based on environmental monitoring data fusion, which comprises the following steps of S1, constructing a multi-sensor distributed monitoring network, acquiring atmospheric, water quality, soil and meteorological environment data, S2, preprocessing data, including smoothing, anomaly detection, interpolation and time alignment, S3, carrying out three-level fusion of data sources, features and decisions, outputting environmental quality grades, S4, constructing a quality index system, monitoring data quality and adaptively optimizing fusion parameters in anomaly, S5, carrying out environmental trend prediction and pollution tracing based on fusion results, generating early warning information, S6, constructing a cross-mode causal graph, reasoning multi-source causal paths, and identifying pollution key factors and source responsibility main bodies. According to the invention, through multi-source environment data fusion and cross-modal causal reasoning, high-precision early warning of environment abnormality and intelligent traceability identification of pollution sources are realized.",,,G01D18/00;G01D21/02;G08B25/08;G08B21/182;G08B31/00;G06F18/2135;G06N5/04;G06F18/253;G06F18/25;G06F18/10,G08B31/00;G08B25/08;G08B21/18;G06N5/04;G06F18/25;G06F18/2135;G06F18/10;G01D18/00;G01D21/02,WUHAN RUISITU TECH CO LTD,,False,True
CN-116561705-A,CN-202310827022-A,CN,A,87496844,20230707,20230707,20230808,0,"Three rainfall sensor data fusion calculation method, system and terminal",,"The invention relates to a data fusion calculation method, a system and a terminal of three rainfall sensors, which are implemented by the following steps: acquiring minute rainfall values and hour rainfall values of three rainfall sensors, judging and calculating effective hour rainfall values according to four conditions, calculating reliable effective minute rainfall, and respectively outputting corresponding states of the three rainfall sensors; the observation data quality is greatly improved through the multi-sensor fusion observation practice of rainfall, more accurate rainfall observation data is provided for early warning and forecasting service, and the continuity of the data is ensured; on the other hand, the data state is identified through the computer background program, so that timely guidance is provided for equipment fault processing, the comprehensive popularization value is realized, meanwhile, experience is accumulated for next-step intelligent observation, the comprehensive intelligent direction is observed on the ground, and the method is worthy of further research of observation business personnel.",,,G06F18/25;G01W1/14;G01W1/10;G06F18/24;Y02A90/10,G06F18/25;G01W1/10;G01W1/14;G06F18/24,SHENZHEN NAT CLIMATE OBSERVATORY SHENZHEN ASTRONOMICAL OBSERVATORY,,False,True
CN-120263824-B,CN-202510732951-A,CN,B,96179746,20250604,20250604,20250902,20250902,Intelligent Internet of things public safety management and control system and method based on multi-source data fusion,,"The invention provides an intelligent internet of things public safety management and control system and method based on multi-source data fusion, and belongs to the technical field of internet of things safety. The system comprises the steps of loading corresponding model parameters and response strategies by identifying a system operation scene, realizing unified acquisition and standardization processing of multi-source data, and constructing a unified semantic representation structure. The system performs anomaly detection at the edge node, combines the semantic structure and the anomaly characteristic information, completes risk scoring and hierarchical alarm judgment, and generates a control response instruction based on policy matching. Meanwhile, dynamic optimization of a scoring model and identity authentication, behavior audit and data compliance derivation in the running process are supported. The intelligent recognition system has the capabilities of intelligent recognition, self-adaptive analysis and response closed loop, and improves the precision and the credibility of public safety management in the environment of the Internet of things.",,,H04L9/40;H04L63/30;H04L63/1425;H04L69/08;H04L69/22;H04L41/0883;H04L41/0823;H04L41/0816;H04L41/145;H04L67/30;H04L67/12,H04L69/22;H04L69/08;H04L67/30;H04L41/14;H04L41/0823;H04L41/0816;H04L41/08;H04L9/40;H04L67/12,,,True,False
CN-120183105-B,CN-202510646671-A,CN,B,96034837,20250520,20250520,20250826,20250826,Charging station depth defense protection method,,"The invention discloses a charging station deep defense protection method, relates to the technical field of fire early warning and safety protection, and aims to solve the problems of high fire early warning false alarm rate, fire isolation delay and insufficient credibility of accident tracing data in the prior art. The method constructs a full-period protection system of &#39;monitoring-disposal-tracing&#39;, wherein a temperature field, electrical parameters and environmental data are collected through multi-source sensor fusion before disaster, a self-adaptive safety threshold is generated based on a dynamic game model, a digital twin deduction and prejudging risk path is combined, a three-level response mechanism is adopted in disaster, an operation log is stored in a slicing mode through a blockchain space-time anchoring technology after disaster, and a digital twin reverse reconstruction accident evolution chain is utilized to generate tamper-resistant judicial evidence. According to the invention, early warning precision is improved through dynamic threshold optimization, response time is shortened through multistage linkage control, traceability reliability is guaranteed through a quantum evidence storage technology, and a closed-loop optimization system for fire protection of the charging station is formed.",,,G08B7/06;G08B31/00;G08B17/06,G08B31/00;G08B7/06;G08B17/06,,,True,False
CN-120804834-A,CN-202511034390-A,CN,A,97317488,20250725,20250725,20251017,0,Heavy rain terminal early warning method and system based on deep learning,,"The invention relates to the technical field of heavy rain early warning, in particular to a heavy rain terminal early warning method and system based on deep learning, and consistency judgment is carried out on the turning state of the rain gauge and image characteristics such as a rain curtain, a water trace and the like, so that effective elimination of unnatural triggering factors (such as artificial water pouring and the like) is realized, and the credibility of rainfall sensing data is improved. And a locally-deployed double-branch deep learning model is adopted, multi-source data such as rainfall, temperature and humidity, topography factors and the like are fused, feature extraction and reproduction period prediction are performed based on a cross attention mechanism, and a threshold correction coefficient is dynamically generated by combining historical events, so that the self-adaptive adjustment of early warning standards is realized, and the false alarm and false alarm risk is effectively reduced. The system supports low-power-consumption local operation, performs early warning decision, and effectively improves timeliness and accuracy of local early warning response.",,,G06V10/454;G06N3/0464;G06N3/045;G08B21/182;G08B31/00;G01W1/10;G06F18/253;G06F18/214;G06F18/241,G08B31/00;G08B21/18;G06V10/44;G06N3/0464;G06N3/045;G06F18/25;G06F18/214;G01W1/10;G06F18/241,GUANGZHOU HUIYUAN ZHITONG TECH CO LTD;GUANGDONG FLOOD CONTROL SUPPORT AND RURAL WATER CONSERVANCY CENTER,,False,True
CN-121257865-A,CN-202511804587-A,CN,A,98189075,20251203,20251203,20260102,0,Trans-regional flood risk prediction management system and method based on federal learning,,"The invention discloses a federal learning-based trans-regional flood risk prediction management system and a federal learning-based trans-regional flood risk prediction management method, which relate to the technical field of flood risk prediction and comprise a trans-regional data acquisition module for acquiring multi-source flood observation data in a distributed mode and attaching a credibility label; the system comprises a coherent analysis clustering module, a joint prediction analysis module, a decision write-back module and a decision write-back module, wherein the coherent analysis clustering module calculates coherent correlation coefficients among monitoring stations based on weighted Pearson correlation coefficients, performs topological consistency clustering by combining physical connectivity and relationship stability, the joint prediction analysis module adopts a federal learning mode to train a flood risk prediction model based on clustering results, fuses a statistical channel and a physical channel to perform joint prediction, judges and optimizes simulation input through a leading boundary, and the decision write-back module generates multi-level early warning and targeted scheduling suggestions according to predicted values and writes back execution data to realize closed loop optimization. The problem of insufficient flood prediction precision under the heterogeneous and privacy protection of the trans-regional data is solved, and precise, efficient and safe trans-regional flood risk prediction management is realized.",,,Y02A10/40,G06Q50/26;G06Q10/0635;G06N20/00;G06N3/098;G06N3/0464;G06N3/042;G06Q10/04,SHAANXI WATER RESOURCES AND ELECTRIC POWER SURVEY AND DESIGN INST GROUP CO LTD,,True,True
CN-122087272-A,CN-202511936565-A,CN,A,99864244,20251222,20251222,20260526,0,Automatic data cleaning method based on artificial intelligence,,"The invention relates to the technical field of data quality processing, and discloses an automatic data cleaning method based on artificial intelligence. The method aims to solve the technical problem that in the prior art, under the condition of facing the coexistence of structured, semi-structured and unstructured multi-mode data, the high detection accuracy and the low false alarm rate are difficult to maintain simultaneously. According to the invention, multisource business data are uniformly mapped to the same feature space, and are analyzed by adopting a supervision classification logic and an unsupervised anomaly detection logic in parallel, a fusion weight is dynamically allocated according to a data leading mode, and the accurate identification of anomaly data is realized by combining a dynamic threshold value automatically adjusted based on a real false alarm rate and a fuzzy interval judgment mechanism every day, and the change of data distribution is monitored in real time through a closed loop feedback sample, and incremental update and gray verification are triggered when significant drift is detected, so that the stability of cleaning precision and false alarm rate is maintained when the data distribution is changed.",,,G06F18/15;G06F18/2433;G06F18/24323;G06F18/253;G06F18/214;G06N3/045;G06N3/0464;G06N3/088;G06N3/09;G06F16/215;G06N5/01;G06N20/20,G06N20/20;G06N5/01;G06N3/09;G06N3/088;G06N3/0464;G06N3/045;G06F18/25;G06F18/2433;G06F18/243;G06F18/214;G06F16/215;G06F18/15,YUNJIAN INFORMATION TECH CO LTD,,False,True
CN-117272232-A,CN-202311391366-A,CN,A,89200861,20231025,20231025,20231222,0,"Tunnel monitoring method and device for data fusion, computer equipment and storage medium",,"The invention provides a tunnel monitoring method, a device, computer equipment and a storage medium for data fusion, which comprise the following steps: s1, acquiring original data of tunnel deformation monitoring; s2, preprocessing the original data according to the type of the original data; s3, carrying out weighted fusion processing on the preprocessed data; s4, inputting the obtained original data into a training model to obtain prediction data at a prediction moment; s5, obtaining tunnel deformation strength at a prediction moment according to the prediction data; s6, comparing the tunnel deformation strength at the predicted moment with an early warning threshold value. By processing and fusing different data sources, the technology can comprehensively monitor and early warn tunnel deformation, improve the safety and sustainable operation of the tunnel, and ensure that factors such as data quality, a data fusion method and an early warning model are important so as to ensure the accuracy and reliability of a monitoring and early warning system.",,,G06F18/253;G06N3/0442;G06N3/08,G06F18/25;G06N3/0442;G06N3/08,CHINA 19TH METALLURGICAL CORP;UNIV SOUTHWEST JIAOTONG,,False,True
CN-121327653-A,CN-202511309157-A,CN,A,98335658,20250915,20250915,20260113,0,Remote monitoring method and system for floor metering device,,"The invention provides a remote monitoring method and a remote monitoring system for a floor metering device, which are characterized in that heterogeneous complementary original data are provided for data fusion through non-invasively acquired multi-source signals, clutter suppression pretreatment is carried out on the multi-source signals, the credibility foundation of the data fusion is directly improved, then a dynamic weight fusion technology is adopted, all signals after clutter suppression pretreatment are fused to obtain fused feature vectors, feature patterns are built according to the fused feature vectors, time sequence features are embedded, the feature patterns embedded with the time sequence features are input into a time sequence diagram neural network model based on transfer learning, state probability distribution is output, health indexes of internal elements are calculated in an inversion mode according to the state probability distribution, monitoring and early warning are carried out according to the health indexes and a double-dimensional early warning mechanism, and depth perception of the internal state of the floor metering device is realized.",,,,G08B31/00;G08B21/18;G06N3/096;G06N3/045;G06N3/0442;G06N3/042;G06F123/02;G06F18/25;G06F18/2431;G06F18/213;G01D21/02;G06F18/2415,JIANGXI SHIZHEN POWER TECH CO LTD,,False,True
CN-121234224-A,CN-202511314111-A,CN,A,98143664,20250915,20250915,20251230,0,Park energy consumption monitoring and early warning method and system based on big data,,"The invention discloses a park energy consumption monitoring and early warning method and system based on big data, and belongs to the technical field of energy monitoring. The method comprises the steps of obtaining historical energy consumption data of a park and multi-source heterogeneous data at the current moment, sending early warning and generating initial candidate metering points, after receiving the early warning, constructing a fault cause multi-dimensional evidence set, carrying out aggregation and confidence scoring on the fault cause multi-dimensional evidence set, starting secondary repeated mining and evidence reinforcement on candidate abnormal causes with high confidence, generating a structured positioning record and triggering corresponding treatment processes. According to the invention, through three steps of closed loop data management of digital ledger, NTP clock synchronization and credibility label, the problems of unified data quality, working condition self-adaptive early warning and minute-level accurate root cause positioning are achieved, and the problems of false report missing report and coarse positioning granularity caused by asynchronous multi-source data clocks, missing jump and fixed threshold in the prior art are solved.",,,G06F2123/02;G06Q50/06;G06F18/253;G06F18/2415;G06F18/2431,G06Q50/06;G06F18/25;G06F18/213;G06F18/2431,GUONENG NINGXIA YUANYANG LAKE SECOND POWER GENERATION CO LTD,,False,True
CN-111311081-B,CN-202010074214-A,CN,B,71148999,20200122,20200122,20230210,20230210,Ocean ecological abnormity danger identification method and device based on multi-source heterogeneous data,,"The invention discloses a marine ecological abnormity risk identification method based on multi-source heterogeneous data, which comprises the following steps: acquiring a multi-source heterogeneous data file of a target sea area; generating a quality control report according to the multi-source heterogeneous data file; establishing a marine information database according to multi-source heterogeneous data meeting a data quality standard; establishing an ocean numerical model on a cloud platform, and updating an ocean information database to obtain an updated ocean information database; acquiring a primary marine ecological anomaly index data product according to the updated marine information database; carrying out weighted average on each marine ecological anomaly index data product to obtain a secondary marine ecological anomaly index data product of a target sea area; and detecting a threshold value of the secondary marine ecological abnormal index data product, and if an abnormal index greater than a first preset threshold value exists, sending early warning information. The marine ecological abnormal danger identification method based on the multi-source heterogeneous data can effectively improve the accuracy of marine ecological abnormal danger identification.",,,G06F16/951;Y02A90/10;G06Q10/06395;G06Q10/0637;G06Q10/06393;G06Q50/26;G06F16/21,G06Q10/06;G06F30/20;G06F111/10;G06Q50/26;G06F16/21;G06F16/951,,,False,True
CN-120084341-B,CN-202510564828-A,CN,B,95852189,20250430,20250430,20250715,20250715,Intelligent positioning navigation early warning system and method for boats,,"The invention relates to the technical field of navigation and positioning, in particular to an intelligent navigation early warning system and method for a boat. The method comprises the steps of collecting and evaluating sea state sensing and positioning signals according to a multisource sensor synchronous data set to obtain a sensor reliability scoring table, analyzing target motion situation according to the sensor reliability scoring table to obtain a fusion situation vector diagram, judging target motion states according to the fusion situation vector diagram to obtain a target motion state judging result, evaluating multiple target collision risks according to the target motion state judging result to obtain a risk evaluation matrix, performing navigation maneuvering performance constraint according to the risk evaluation matrix to obtain a navigation planning maneuvering constraint rule set, and performing navigation track search according to the navigation planning maneuvering constraint rule set to obtain a navigation track scheme. According to the invention, the positioning accuracy, navigation safety and early warning system practicability of the ship under the complex environment are obviously improved through the positioning navigation early warning technology.",,,G08B31/00;G06F18/251;G01C21/005;G01C21/203,G08B31/00;G06F18/25;G01C21/00;G01C21/20,,,False,True
CN-121052605-B,CN-202511586919-A,CN,B,97816848,20251103,20251103,20260306,20260306,Intelligent management platform system for data integration of whole process of pond engineering construction,,"The application relates to the technical field of intelligent construction and digital twinning, and discloses an intelligent management platform system for the whole process data integration of the construction of a pond engineering, which comprises a multi-source heterogeneous data acquisition module, a core data fusion and reasoning module, an intelligent application and evolution module and a comprehensive visualization and decision support module, wherein the multi-source heterogeneous data acquisition module is used for acquiring and standardizing construction data, the core data fusion and reasoning module is used for constructing a construction process causal map for representing the relation between elements, the credibility of each state node is calculated through a multi-source evidence theory fusion engine, the intelligent application and evolution module is used for carrying out risk forward propagation early warning and root cause backward retroactive diagnosis based on the construction process causal map, and the comprehensive visualization and decision support module is used for fusing and displaying an analysis result and a BIM/GIS model. According to the application, a causal knowledge graph and evidence fusion reasoning mechanism is constructed, so that the problems of data island and information uncertainty are solved, active early warning, accurate tracing and dynamic self-adaptation of a system of construction risks are realized, and the intelligent management level of the pond engineering is remarkably improved.",,,,G06Q50/08;G06N5/04;G06F18/25;G06F18/214;G06F18/10;G06Q10/0631,,,False,True
CN-118821059-A,CN-202411296021-A,CN,A,93073250,20240918,20240918,20241022,0,Coal mine safety data processing method based on multi-source data fusion,,"The invention belongs to the technical field of data processing, and particularly relates to a coal mine safety data processing method based on multi-source data fusion. The method comprises the steps of collecting various data affecting coal mine safety, such as gas concentration, wind speed and the like, denoising by adopting a mixed filtering algorithm combined with multi-scale analysis, fusing the data by adopting an improved weighted average fusion algorithm, extracting key features by using an improved pearson correlation coefficient, and judging the safety state. The method includes denoising data through multi-scale decomposition and filtering, establishing a weight evaluation index system to dynamically adjust weights for data fusion, setting correlation threshold screening key features, and carrying out safe state prediction and early warning in time by adopting a support vector machine. The method can effectively improve the data quality, accurately judge the coal mine safety state, and has important significance for guaranteeing the coal mine safety production.",,,G06F18/211;G06F18/2131;G06F18/10;G06F18/25,G06F18/2131;G06F18/211;G06F18/10;G06F18/25,SHAANXI ZHIYIN TECH CO LTD,,False,True
CN-121010470-A,CN-202511523218-A,CN,A,97734036,20251023,20251023,20251125,0,Machine learning-based power transmission line high wind foreign matter tripping early warning method and system,,"The invention discloses a machine learning-based power transmission line strong wind foreign matter tripping early warning method and a machine learning-based power transmission line strong wind foreign matter tripping early warning system, which belong to the technical field of intelligent operation and maintenance and artificial intelligence intersection of a power system, and comprise the steps of acquiring multi-source heterogeneous data in a power transmission line historical tripping record, wherein the multi-source heterogeneous data comprises a strong wind foreign matter tripping sample, tower static environment data and gas image data; preprocessing multi-source heterogeneous data, preprocessing, introducing credibility assessment, dividing a processed sample set into a training set and a verification set according to time sequence, training and verifying a power transmission line high wind foreign matter tripping prediction model by using a XGBoost machine learning model, inputting power transmission line real-time meteorological data and tower static environment data into the trained power transmission line high wind foreign matter tripping prediction model to obtain probability values of occurrence of high wind foreign matter tripping of each tower in a future preset period, and performing high wind foreign matter tripping early warning when the probability values are larger than a dynamic early warning threshold value.",,,G08B21/182;G08B31/00;G06N20/00;G06F18/2415;G06F18/214;G06F18/2135;G06N5/01;G06F18/24323;G06F18/25;G06F18/10;G06Q50/06,G08B31/00;G08B21/18;G06N20/00;G06N5/01;G06F18/25;G06F18/243;G06F18/2415;G06F18/214;G06F18/2135;G06F18/10;G06Q50/06,BAOJI POWER SUPPLY COMPANY OF STATE GRID SHAANXI ELECTRIC POWER CO LTD,,False,True
CN-117972321-A,CN-202311678921-A,CN,A,90861716,20231208,20231208,20240503,0,Sparse data-oriented meteorological missing information fusion filling method,,"The invention discloses a sparse data-oriented meteorological missing information fusion filling method, which relates to the technical field of meteorological detection and comprises the following steps: the system comprises a data source unit, a data preprocessing unit, a missing data detection unit, a missing data filling unit, a data reconstruction unit, a data fusion enhancement unit and a data evaluation unit; missing data shim cell, specifically for: the global information is fully mined, the local detail information is complemented, and the integrity of meteorological observation data is improved; the data reconstruction unit is specifically used for reconstructing fine scale details in the high-resolution image, complementing the space and time relevance, effectively solving the defect of insufficient details of the large-magnification image and improving the space-time resolution of the meteorological satellite image; the data fusion enhancement unit is specifically used for: and the accuracy and the reliability of the filled data are improved. By the structure, the invention solves the actual difficulties of difficult acquisition of the observed data, sparse observation stations, aging hysteresis and the like in the current prediction service of specific areas at home and abroad, meets the requirements of the meteorological service on the quality of the data, and promotes the high-quality development of modern meteorological enterprises such as smart weather monitoring, prediction early warning, disaster prevention and reduction and the like by high-precision meteorological element data.",,,G06N3/048;G06N3/0455;G06N3/0464;G06V10/454;G06T3/4053;G06F18/217;G06F18/251;G06F18/15;Y02A90/10,G06F18/15;G06F18/21;G06F18/25;G06N3/0455;G06N3/0464;G06N3/048;G06T3/4053;G06V10/44,UNIV CHENGDU INFORMATION TECHNOLOGY;NO 10 INST OF CETC,,True,True
CN-121352552-A,CN-202511518284-A,CN,A,98410419,20251022,20251022,20260116,0,Intelligent benchmarking analysis method and system based on multidimensional data fusion,,"The application discloses an intelligent benchmarking analysis method and system based on multidimensional data fusion. The method comprises the steps of firstly determining various operation data related to the white feather broiler chicken raising process of a target enterprise, carrying out standardized definition, storing the data in a unified data storage layer, secondly detecting and cleaning data quality problems through a rule engine and a machine learning algorithm, then collecting historical data of all monitoring enterprises in the industry, establishing a multi-dimensional benchmarking analysis system, then processing the cleaned data based on the benchmarking analysis system to generate an improvement suggestion for the target enterprise, and finally carrying out real-time data acquisition and analysis to realize rapid processing and analysis of the real-time data. The application provides accurate business decision support and risk early warning for enterprises through intelligent data processing and analysis means.",,,,G06Q50/02;G06F16/2458;G06F16/215;G06Q10/0637,BEIJING BOYA HEXUN AGRICULTURAL AND ANIMAL HUSBANDRY TECH CO LTD,,False,True
CN-107862338-B,CN-201711108681-A,CN,B,61700197,20171111,20171111,20210702,20210702,Marine environment monitoring data quality management method and system based on double inspection method,,"The invention relates to a marine environment monitoring data quality management method and system based on a double inspection method, wherein the method comprises the following steps: s1: dividing original data into input data of input equipment and data acquired by a sensor, and further dividing the input data and the data into a single source class and a multi-source class; s2: performing data abnormal value detection to obtain a first data abnormal value and a second data abnormal value; s3: obtaining the abnormal reason categories corresponding to the first data abnormal value and the second data abnormal value according to the magnitude of the difference value between the first data abnormal value and the second data abnormal value and the corresponding surrounding adjacent value; s4: alarming and correcting processing is carried out based on a preset alarming rule; s5: the data is stored in a corresponding database. Compared with the prior art, the invention integrates the inspection algorithm of data quality control into a software system, realizes automatic import, classification, quality inspection and early warning of the monitoring data result, and provides accurate and effective data support for marine environment supervision and management.",,,G06F18/24;G06F18/2433;G06F16/215;G06F16/22,G06K9/62;G06F16/215;G06F16/22,,,False,True
CN-120338172-B,CN-202510391828-A,CN,B,96364474,20250331,20250331,20251223,20251223,Reservoir water quality model prediction method and system based on big data,,"A reservoir water quality model prediction method and system based on big data relates to the technical field of water resource monitoring and management, and comprises the steps of collecting multi-source heterogeneous data in a target reservoir range, marking the collection time, setting a collection period, carrying out data preprocessing on the multi-source heterogeneous data, carrying out real-time dynamic prediction and early warning on the target reservoir range according to the multi-source heterogeneous data, constructing a long-term water quality prediction model, obtaining stability coefficient lower limit threshold values of various water quality indexes in the next collection period, carrying out water flow stability analysis on the target reservoir range, dividing the target reservoir range into a plurality of new grids according to analysis results, and carrying out ultra-short-term water quality prediction on the new grids to which early warning signals for generating water quality indexes belong, thereby obviously improving the reservoir water quality prediction precision and efficiency.",,,Y02A20/152;G06Q10/0635;G06N3/08;G06Q50/26;G06Q10/067;G06N3/0464;G06Q10/04,G06Q50/26;G06Q10/067;G06Q10/0635;G06N3/08;G06N3/0464;G06Q10/04,,,False,True
CN-120952651-A,CN-202511342948-A,CN,A,97620466,20250919,20250919,20251114,0,Auxiliary transportation management system based on video perception technology,,"The invention discloses an auxiliary transportation management system based on a video sensing technology, which relates to the technical field of transportation management and comprises a multi-source video sensing module, a data processing module, a scheduling decision module, a risk early warning module, a heterogeneous communication module and a distributed storage module, wherein the multi-source video sensing module is used for acquiring and transporting full-scene videos and environment multidimensional data, and comprises a multi-type camera unit, an environment parameter acquisition unit and an environment adaptation adjustment unit. Compared with the prior art, the video acquisition scene adaptation and data quality accurate optimization are realized by arranging the multi-source video perception module, and the video acquisition scene adaptation method can improve the pertinence and the accuracy of video data through custom deployment and quantization optimization, so that the problems of poor scene adaptation and data processing result deviation caused by lack of quantization basis in video quality optimization of video perception equipment in the prior art are solved.",,,G06F16/27;G06Q10/0635;G06V10/80;G06V20/41;G06F18/25;G06F18/20;G06Q10/083,G06V20/40;G06V10/80;G06Q10/0635;G06F18/25;G06F18/20;G06F16/27;G06Q10/083,SHANDONG XINYUNPENG ELECTRIC CO LTD,,False,True
CN-119377517-B,CN-202411974867-A,CN,B,94335999,20241231,20241231,20250523,20250523,Website performance optimization supervision system and method based on multi-source data fusion,,"The invention discloses a website performance optimization supervision system and method based on multi-source data fusion, which relate to the technical field of Internet, and are used for acquiring access feedback data of all webpages in a website to be checked, analyzing the running state of the webpages, determining the abnormal situation of the webpages, generating a directed weighted graph of the website according to the jump relation between the webpages, analyzing the abnormal sources of the webpages, obtaining the quality scores of the webpages based on the abnormal sources of the webpages, obtaining the quality scores of the website based on the quality scores of the webpages and the directed weighted graph of the website, monitoring the access feedback data of the webpages, finding the webpages related to the abnormal sources, analyzing the webpage and the website according to the abnormal sources, so that the quality evaluation of the webpage and the website is more reasonable, timely finding and processing the webpages related to the abnormal sources, obtaining better index scores when the website is subjected to inspection, facilitating the improvement of the image of the website, and checking and processing the abnormal sources, and improving the efficiency and speed of the website detection.",,,G06F18/2433;G06F18/25;G06F11/3065;G06F11/302;G06F11/3051;G06F11/3409;G06F16/958,G06F18/25;G06F18/2433;G06F11/34;G06F11/30;G06F16/958,,,False,True
CN-122046084-A,CN-202511833512-A,CN,A,99737052,20251208,20251208,20260515,0,Intelligent monitoring and automatic early warning system and method for channel construction safety,,"The invention discloses an intelligent monitoring and automatic early warning system and method for channel construction safety, wherein the intelligent monitoring and automatic early warning system comprises a multi-mode sensing module, a data quality evaluation module, a dynamic risk evaluation module and an intelligent early warning module, wherein the multi-mode sensing module is used for collecting real-time monitoring data of a channel construction area, the data quality evaluation module is used for calculating data quality evaluation scores of various sensors in the multi-mode sensing module in real time, the dynamic risk evaluation module is used for adjusting data fusion weights based on the data quality evaluation scores and processing real-time monitoring data to generate an area comprehensive risk value, the intelligent early warning module is used for comparing the area comprehensive risk value with a dynamic risk threshold and triggering early warning signals, and the resource scheduling module is used for evaluating the scores according to early warning signal grades and data quality. The system has the advantages of remarkably improving the monitoring precision, improving the target recognition accuracy through multi-mode data fusion and quality evaluation, along with strong self-adaptive capacity, automatically adjusting system parameters according to environmental changes and sensor states, and keeping the optimal working state.",,,,G08B31/00;G06Q50/08;G06Q10/0631;G06F18/25;G06F18/24;G06F18/213;G06F18/15;G06F18/10;G06F18/2433,CCCC GUANGZHOU DREDGING CO LTD;CCCC SOUTH CHINA TRAFFIC CONSTRUCTION CO LTD,,False,True
CN-121980004-A,CN-202511893594-A,CN,A,99604335,20251216,20251216,20260505,0,Medical field academic information intelligent retrieval analysis and traceability system based on AI drive,,"The invention relates to an AI-driven intelligent medical field academic information retrieval analysis and traceability system, and belongs to the technical field of intelligent medical academic information processing. The system comprises an academic tracking collaboration unit, an information format extraction unit, a depth interpretation rasterization unit, an academic tracing verification unit and an academic tracing verification unit, wherein the academic tracking collaboration unit builds an information priority quantization model based on a multi-source medical information priority ordering algorithm, the information format extraction unit extracts data format characteristics of multi-source medical information through a dynamic format adaptation iteration algorithm and a layering deviation early warning mechanism, the depth interpretation rasterization unit classifies and performs multi-dimensional analysis according to medical sub-fields by adopting an academic granularity weighted aggregation algorithm, and outputs academic granularity analysis results, the academic tracing verification unit receives all-link data and generates a verification report through multi-source comparison, abnormal point intelligent identification and tracing link visualization mechanism. The system effectively improves the information retrieval efficiency, analysis precision and traceability credibility of medical academic through the advanced fusion of the characteristics of the AI technology and the medical field, and provides high-efficiency data support for medical research.",,,,G06N5/022;G06N3/0455;G06N3/006;G06F18/25;G06F18/2433;G06F18/22;G06F16/36;G06F16/35;G06F16/334,SHANGHAI YIWANG NETWORK TECH CO LTD,,False,True
CN-121709213-A,CN-202511908075-A,CN,A,99078290,20251217,20251217,20260320,0,Pulmonary tuberculosis multimode fusion diagnosis system,,"The invention relates to the technical field of diagnostics and discloses a pulmonary tuberculosis multi-modal fusion diagnosis system which comprises a data acquisition module, a multi-modal fusion module, an intelligent diagnosis module, an early warning output module and a system management module, wherein unified format conversion, coding and space-time registration are carried out on multi-source heterogeneous data from imaging equipment, laboratory systems and clinical records by formulating standardization and alignment rules of the multi-modal data, so that diagnosis information with different sources and different time sequences is ensured to have consistent structures and comparable references before fusion, and deep features of all modes are deeply integrated through feature extraction and fusion mechanisms, so that feature contradictions and noise interference caused by different data standards and information dislocation can be eliminated, consistency and reliability of a multi-modal fusion diagnosis information base are ensured, and diagnosis errors caused by original data quality defects are reduced.",,,,G16H50/70;G06F18/25;G06F18/2415;G06F18/2413;G06F18/213;G16H50/20,SUZHOU FIFTH PEOPLES HOSPITAL SUZHOU OCCUPATIONAL DISEASE HOSPITAL SUZHOU INST OF LIVER DISEASE AND,,False,True
CN-120338172-A,CN-202510391828-A,CN,A,96364474,20250331,20250331,20250718,0,Reservoir water quality model prediction method and system based on big data,,"A reservoir water quality model prediction method and system based on big data relates to the technical field of water resource monitoring and management, and comprises the steps of collecting multi-source heterogeneous data in a target reservoir range, marking the collection time, setting a collection period, carrying out data preprocessing on the multi-source heterogeneous data, carrying out real-time dynamic prediction and early warning on the target reservoir range according to the multi-source heterogeneous data, constructing a long-term water quality prediction model, obtaining stability coefficient lower limit threshold values of various water quality indexes in the next collection period, carrying out water flow stability analysis on the target reservoir range, dividing the target reservoir range into a plurality of new grids according to analysis results, and carrying out ultra-short-term water quality prediction on the new grids to which early warning signals for generating water quality indexes belong, thereby obviously improving the reservoir water quality prediction precision and efficiency.",,,G06Q10/0635;G06N3/08;G06Q50/26;G06Q10/067;G06N3/0464;G06Q10/04;Y02A20/152,G06Q50/26;G06Q10/067;G06Q10/0635;G06N3/08;G06N3/0464;G06Q10/04,WUHAN YIMIJING TECH CO LTD;WUHAN ZHUIYUE INFORMATION TECH CO LTD,,False,True
CN-120373841-A,CN-202510378046-A,CN,A,96450742,20250328,20250328,20250725,0,Urban climate risk monitoring system based on multi-source data fusion and early warning application thereof,,"The invention relates to the technical field of smart cities, in particular to a city climate risk monitoring system based on multi-source data fusion and an early warning application thereof. According to the invention, reliability of multi-source meteorological data is effectively enhanced by carrying out credibility grade assessment on a plurality of data sources, accuracy of data fusion and space positioning reliability are improved, sensitivity of risk precursor events and accuracy of factor propagation prediction are enhanced by utilizing depth identification of trend consistency and response delay relation, stability and space continuity of risk grade division are optimized by combining regional space continuity factors, space impedance characteristics are brought into diffusion path prediction, accurate deduction of urban climate risk space diffusion paths and dynamic marking of risk regions are realized, and accuracy and dynamics of urban climate risk monitoring and prevention and control decision are enhanced.",,,G01W1/02;G08B21/182;G08B21/10;G08B31/00;G06F18/2431;G06F18/214;G06F18/251;G06Q10/0635,G08B31/00;G08B21/18;G08B21/10;G06F18/25;G06F18/2431;G06F18/214;G01W1/02;G06Q10/0635,INST URBAN ENVIRONMENT CAS;SINO JAPAN FRIENDSHIP CENTER FOR ENVIRONMENTAL PROT ENVIRONMENTAL DEVELOPMENT CENTER OF MINISTRY OF,,False,True
CN-121117429-A,CN-202511006523-A,CN,A,97947024,20250722,20250722,20251212,0,Multi-mode data acquisition-cleaning integrated method and system,,"The application relates to the field of Internet of things and artificial intelligence, and discloses a multi-mode data acquisition-cleaning integrated method and system, wherein the method comprises the steps of analyzing a device description file through a protocol automatic matching layer, dynamically adapting to a communication protocol of a heterogeneous data source, and realizing plug and play of the device; performing time stamp verification and batch marking on an input data stream to generate a traceable source tag, processing the data stream in parallel by adopting a rule engine and a machine learning engine to finish anomaly detection, missing value filling and time sequence alignment, calculating a data quality Score QA Score based on a cross-modal quality assessment model, dynamically optimizing cleaning strategy parameters by a reinforcement learning scheduler, and outputting cleaned data to a storage system according to a standardized format. The method forms a closed loop of protocol abstraction, full-mode cleaning, quality quantification and self-evolution, reconstructs a real-time data management paradigm, and solves the problems of multi-mode data management protocol fragmentation, mode limitation, quality black box and strategy rigidification.",,,,G06N3/094;G06N3/092;G06N3/09;G06N3/0475;G06N3/0455;G06N3/045;G06N3/0442;G06N3/006;G06F18/25;G06F18/22;G06F18/15,SHANDONG INSPUR INTELLIGENT TERMINAL TECH CO LTD,,False,True
CN-118859366-A,CN-202411347466-A,CN,A,93173938,20240926,20240926,20241029,0,Hail early warning method based on multi-source data fusion,,"The invention relates to a hail warning method based on multi-source data fusion, which belongs to the field of radio and comprises the following steps: acquiring sounding data, satellite data and radar data, performing data quality control, and sequentially calculating hail occurrence probabilities F1, F2 and F3; and obtaining hail occurrence probability F; and acquiring local operable image equipment and an operation range, searching whether a region with hail occurrence probability exceeding a preset value exists in the operable range, if so, sequencing the probability of the region with hail occurrence probability exceeding the preset value in the operable range, and sequentially issuing the hail attack instruction according to the hail occurrence probability from high to low. The invention can more accurately capture the occurrence, development and dissipation processes of hail weather through comprehensive observation, improve the accuracy and timeliness of forecasting, more comprehensively analyze the formation mechanism of hail, provide real-time monitoring data, help timely release hail early warning, reduce disaster loss and greatly improve the identification effect of hail.",,,G06F18/25;G01S13/95;G01W1/08;G01W1/10;Y02A90/10,G06F18/25;G01W1/08;G01S13/95;G01W1/10,CHENGDU YUANWANG SCIENCE & TECH CO LTD;CHENGDU YUANWANG OBSERVATION TECH CO LTD,,True,True
CN-120293179-A,CN-202510780426-A,CN,A,96269235,20250612,20250612,20250711,0,Detection system and detection method for high-altitude falling object,,"The application discloses a detection system and a detection method for a high-altitude object, the system comprises a multi-sensor fusion module, an image acquisition module, a data processing module, a track prediction module, an early warning module and a data storage module. The application obviously improves detection precision and reduces false alarm rate by combining vibration, sound wave, radar and image data through a multi-sensor fusion technology, realizes real-time calculation of falling object falling points through a track prediction module, provides decision support for evacuation and protection, adopts cooperative work of infrared thermal imaging and a wide-angle camera to ensure all-weather monitoring around the clock, supports event backtracking and responsibility identification through a data storage module, and further ensures data credibility through the introduction of a blockchain technology. In addition, the system can be linked with equipment such as an elevator and a roadblock, so that active protection is realized, and the public safety level is greatly improved.",,,G01D21/02;G01C23/00;G06F18/214;G06F18/2415;H04N23/23,H04N23/23;G06F18/2415;G06F18/214;G01D21/02;G01C23/00,BEIJING SHUTONG MAGIC SQUARE TECH CO LTD,,True,False
CN-121705360-A,CN-202511872946-A,CN,A,99074289,20251212,20251212,20260320,0,Unified management system for multi-source heterogeneous data of railway facilities,,"The application relates to the technical field of railway facility data management, in particular to a railway facility multi-source heterogeneous data unified management system which comprises a data acquisition module, a data quality evaluation module, a data standardization module, a data consistency verification module, a data analysis module and a fault diagnosis module. The system carries out quality assessment, standardization processing and consistency verification by collecting the original data of the track detection, contact net detection and power supply monitoring system in real time, finally stores the data in a distributed database, and generates a device state assessment report and fault early warning information. The application can effectively solve the problems of the dispersibility and the isomerism of the railway facility data, improve the accuracy and the reliability of data integration, realize the intelligent operation and maintenance management of data driving and improve the economy and the stability of the railway facility operation.",,,,G06F16/215;G06F16/21;G06F16/25,RESEARCH INST OF ELECTRONIC COMPUTING TECHNOLOGY CHINA ACADEMY OF RAILWAY SCIENCES CORPORATION LIMIT;CHINA ACADEMY RAILWAY SCIENCES CORP LTD;Beijing jingwei information technology co ltd,,False,True
CN-119782445-A,CN-202510280271-A,CN,A,95235847,20250311,20250311,20250408,0,Meteorological service center data visualization and interaction platform,,"The invention discloses a meteorological service center data visualization and interaction platform, in particular to the field of meteorological data visualization, which comprises a multi-source heterogeneous data acquisition and preprocessing module, a space-time fusion and data enhancement module, a distributed storage and intelligent indexing module, a dynamic visualization module, an intelligent decision and early warning module and an interaction module; the method comprises the steps of collecting multi-source meteorological data through an API and a protocol, carrying out wavelet transformation noise reduction processing by utilizing an edge computing node, carrying out space-time alignment and fusion, filling missing data by using an LSTM, realizing dynamic visualization and interaction by using WebGL and ARCore/ARKit, integrating WRF and Transformer to generate early warning information and pushing decision suggestions through a natural language interface, providing accurate meteorological early warning for a user by combining a WRF numerical model and a Transformer algorithm, constructing a geospatial index based on the GeoHash algorithm, realizing efficient geospatial query and data retrieval, providing a real-time feedback mechanism and a multidimensional visual view, and optimizing user operation flow and experience.",,,Y02A90/10,G06T17/05;G06T15/55;G06T15/04;G06T15/00;G06N3/08;G06N3/0455;G06N3/0442;G06F18/25;G06F18/20;G06F18/15;G06F18/10;G06F16/2458;G06F16/22;G06F16/29,JIANGXI METEOROLOGICAL SERVICE CENTER JIANGXI PROFESSIONAL METEOROLOGICAL OBSERVATORY JIANGXI METEOR,,False,True
CN-121705733-A,CN-202511381005-A,CN,A,99075493,20250925,20250925,20260320,0,Automatic processing method for hydrologic information forecast data collection,,"The invention relates to the technical field of big data processing, in particular to a hydrologic information forecast data collection automatic processing method, which comprises the steps of automatically collecting and accessing multi-source data, intelligently diagnosing and processing data quality and early warning abnormality, constructing a multi-index comprehensive drought assessment model, intelligently predicting drought trend, performing GIS spatial analysis and visual display, and dynamically reflecting drought evolution; user-defined configuration and adaptive learning. The method can display the state condition of equipment, prompt related personnel to conduct station measurement maintenance in time, fully apply the existing hydrologic data of hydrologic bureau, determine single items such as rainfall, river flow, soil moisture content and the like to determine drought level, comprehensively judge drought according to a plurality of indexes according to proportion, determine drought diagrams of the whole administrative division area of Xinjiang by utilizing an interpolation method and an adjacent correlation method based on a GIS technology, and automatically sort out soil moisture content brief report materials according to the analysis data.",,,,G06Q50/26;G06Q50/06;G06Q10/20;G06Q10/10;G06Q10/0639;G06Q10/04;G06N20/20;G06N5/01;G06N3/08;G06N3/0455;G06N3/0442;G06F18/25;G06F18/243;G06F18/214,XINJIANG UYGUR AUTONOMOUS REGION HYDROLOGY BUREAU,,False,True
CN-121834554-A,CN-202511963706-A,CN,A,98143664,20251224,20250915,20260410,0,Park energy consumption monitoring and early warning method and system based on big data,,"The invention discloses a park energy consumption monitoring and early warning method and system based on big data, and belongs to the technical field of energy monitoring. The method comprises the steps of obtaining historical energy consumption data of a park and multi-source heterogeneous data at the current moment, sending early warning and generating initial candidate metering points, after receiving the early warning, constructing a fault cause multi-dimensional evidence set, carrying out aggregation and confidence scoring on the fault cause multi-dimensional evidence set, starting secondary repeated mining and evidence reinforcement on candidate abnormal causes with high confidence, generating a structured positioning record and triggering corresponding treatment processes. According to the invention, through three steps of closed loop data management of digital ledger, NTP clock synchronization and credibility label, the problems of unified data quality, working condition self-adaptive early warning and minute-level accurate root cause positioning are achieved, and the problems of false report missing report and coarse positioning granularity caused by asynchronous multi-source data clocks, missing jump and fixed threshold in the prior art are solved.",,,G06F2123/02;G06Q50/06;G06F18/253;G06F18/2415;G06F18/2431,G06Q50/06;G06F123/02;G06F18/25;G06F18/2415;G06F18/2431,GUONENG NINGXIA YUANYANG LAKE SECOND POWER GENERATION CO LTD,,False,True
CN-120489875-A,CN-202510736618-A,CN,A,96673108,20250604,20250604,20250815,0,Street grain particulate matter distribution monitoring system with multisource sensor fusion,,"The invention discloses a multisource sensor fusion street and valley particulate matter distribution monitoring system, which relates to the technical field of environmental monitoring and comprises a particulate matter distribution monitoring platform, wherein the particulate matter distribution monitoring platform is in communication connection with a sensor network module, a multisource data fusion module, an air quality model module, a trend prediction module and an air quality early warning module, the sensor network module is used for deploying a plurality of sensor nodes according to the spatial structure characteristics of the street and valley. According to the invention, by arranging a plurality of sensor nodes, according to the spatial structure characteristics of streets and valleys, the subdivided areas such as streets and roadways are covered on the whole surface, the problem that the traditional fixed monitoring stations are difficult to comprehensively monitor is effectively solved, the collection of particulate matter concentration data at different positions is ensured, the data quality is optimized through a data fusion algorithm, the noise and the error are reduced, and the coverage area and the accuracy of monitoring are remarkably improved.",,,,G06Q50/26;G06Q10/04;G06F30/20;G01N15/06,UNIV CHONGQING JIAOTONG;CHONGQING TRAFFIC RESOURCES DEV CO LTD,,False,True
CN-118859366-B,CN-202411347466-A,CN,B,93173938,20240926,20240926,20241126,20241126,Hail early warning method based on multi-source data fusion,,"The invention relates to a hail warning method based on multi-source data fusion, which belongs to the field of radio and comprises the following steps: acquiring sounding data, satellite data and radar data, performing data quality control, and sequentially calculating hail occurrence probabilities F1, F2 and F3; and obtaining hail occurrence probability F; and acquiring local operable image equipment and an operation range, searching whether a region with hail occurrence probability exceeding a preset value exists in the operable range, if so, sequencing the probability of the region with hail occurrence probability exceeding the preset value in the operable range, and sequentially issuing the hail attack instruction according to the hail occurrence probability from high to low. The invention can more accurately capture the occurrence, development and dissipation processes of hail weather through comprehensive observation, improve the accuracy and timeliness of forecasting, more comprehensively analyze the formation mechanism of hail, provide real-time monitoring data, help timely release hail early warning, reduce disaster loss and greatly improve the identification effect of hail.",,,G06F18/25;G01S13/95;G01W1/08;G01W1/10;Y02A90/10,G06F18/25;G01W1/08;G01S13/95;G01W1/10,,,True,True
CN-119849742-A,CN-202411862311-A,CN,A,95356972,20241217,20241217,20250418,0,A earth anchor calculates auxiliary measuring and calculating system for electric power construction,,"The invention discloses an anchor calculation auxiliary measuring and calculating system for electric power construction, which relates to the technical field of anchor construction, and comprises the following components: and the data input module is used for inputting the ground anchor information and receiving the related parameters of the electric power construction ground anchor input by a user. According to the invention, the microprocessor is combined with ground anchor data to evaluate the safety condition, the sensor calibration module calibrates the sensor and provides accurate original data for the real-time monitoring data fusion module, the data are integrated and then are provided for the safety evaluation of the microprocessor, the data quality evaluation module evaluates the instruction of the microprocessor and provides basis for the abnormality and early warning module, the module receives related data, the data abnormality with small deviation is corrected by a moving average algorithm and a smooth and linear interpolation method, and the modules and the algorithms are matched to realize the functions of accurate safety evaluation, effective early warning and risk prediction, so that the method is beneficial to popularization.",,,G06F17/10;G06N3/0499;G06F18/25;G06Q50/06;G06Q10/063,G06Q50/06;G06N3/0499;G06F18/25;G06F17/10;G06Q10/063,HUADA TIANYUAN BEIJING TECH CO LTD,,False,True
CN-120234211-B,CN-202510703750-A,CN,B,96166435,20250529,20250529,20250801,20250801,Intelligent data quality monitoring method and system,,"The invention provides an intelligent data quality monitoring method and system, which comprises the steps of performing data processing on multi-source heterogeneous data by using a unified data model, inputting historical data as a training set to a pre-training model for training and optimizing to obtain an optimized pre-training model, performing threshold judgment on standardized distribution data streams by using the optimized pre-training model in combination with a self-adaptive threshold module, inputting a processed abnormal event list to a context sensing and dynamic priority management module for deduplication and optimization transmission, performing root analysis on the deduplication optimized abnormal event list by using a root analysis tool, generating a restoration strategy by using a restoration suggestion engine for assistance on a root analysis result, and inputting the restoration strategy and a visual report to a cross-platform monitoring interface to generate a restoration suggestion and an early warning notification. According to the invention, the data blood-margin map is constructed based on the map database, so that minute-level tracing of abnormal events is realized, and the fault investigation time is shortened by 50%.",,,G06F18/251;G06F18/2411;G06F18/24323;G06F18/241;G06F11/327;G06F11/321;G06F11/0793;G06F11/079;G06F11/3089;G06F11/3051,G06F18/25;G06F18/2431;G06F18/2411;G06F18/241;G06F11/32;G06F11/07;G06F11/30,,,False,True
CN-116244617-A,CN-202211634199-A,CN,A,86625007,20221219,20221219,20230609,0,Intelligent high-voltage switch cabinet fault diagnosis method and system based on heterogeneous graph structure learning,,"A fault diagnosis method and system for intelligent high-voltage switch cabinet based on heterogeneous graph structure learning comprises the following steps: collecting, cleaning and processing sensor data of the intelligent high-voltage switch cabinet; using an unsupervised anomaly detection algorithm to find an anomaly value to distinguish an operation state from an anomaly state, including using a K-means algorithm to separate a normal value and an anomaly value in data and using an isolated forest algorithm to perform anomaly detection on the data, and adopting a union of anomaly data of the two algorithms as finally screened anomaly data; constructing a switch cabinet fault diagnosis database; and designing an abnormal composition structure learning algorithm, finding out a representation space which accords with the data similarity measurement of the heterogeneous sensors, and automatically learning the interaction relation of the heterogeneous group component sensor network of the intelligent high-voltage switch cabinet. The invention has the advantages that: abnormal points in the sensor data distribution are accurately perceived, the marking efficiency is obviously improved, the accuracy and the credibility of data marking are ensured, and the accuracy of fault diagnosis of the high-voltage switch cabinet is obviously improved.",,,H02J13/10;H02J13/12;H02J13/34;H02J13/16;Y04S10/52;H02B1/24;H02B11/10;G06N3/088;G06F16/215;G01D21/02,H02B11/10;G06F16/215;G01D21/02;G06N3/048;G06F18/23213;H02J13/00;G06N3/0464;H02B1/24;G06N3/088,ELECTRIC POWER SCIENCE RES INST OF STATE GRID ANHUI ELECTRIC POWER CO LTD;STATE GRID ANHUI ELECTRIC POWER CO LTD,,False,True
CN-120804952-A,CN-202511258431-A,CN,A,97330785,20250904,20250904,20251017,0,Partial discharge real-time monitoring and early warning system based on multisource data fusion,,"The invention relates to the technical field of discharge monitoring and early warning, in particular to a partial discharge real-time monitoring and early warning system based on multi-source data fusion, wherein a signal physical separation module is used for classifying a decision tree of a mixed transient signal flow to separate pure electromagnetic wave velocity type signal sources and mechanical wave velocity type signal sources; the feature marking module extracts feature points with unified time references and marks physical attribute categories, the dual-path credibility fusion module respectively executes time difference logic verification on the two types of feature points, marks credible discharge events only when an electromagnetic wave verification result and a mechanical wave verification result are simultaneously logic value 1, generates event confidence parameters through dynamic confidence fusion, achieves physical interlocking verification and uniqueness locking, dynamically adjusts response threshold values based on the event confidence parameters, only confirms real discharge to physical essence, and triggers targeted response to threat that the confidence meets standards, solves the problem of distinguishing real discharge events from multi-source interference, and reliably identifies the real discharge events.",,,G01R31/1209;G01R31/12;G06F18/217;G06F18/22;G06F18/253;G06F18/2131;G06F18/213;G06F18/15;G06F18/2431,G06F18/25;G06F18/22;G06F18/2131;G06F18/213;G06F18/21;G06F18/15;G01R31/12;G06F18/2431,CHONGQING ZHONGJIQING TECH CO LTD,,False,True
CN-121331458-A,CN-202511597868-A,CN,A,98336384,20251104,20251104,20260113,0,Dynamic negative pressure monitoring and AI deep venous thrombosis risk early warning health information system,,"The invention discloses a deep venous thrombosis risk early warning health information system for dynamic negative pressure monitoring and AI, which relates to the technical field of intelligent medical health information, and comprises a dynamic negative pressure sensor module, a multi-mode data acquisition module, a waveform primitive analysis module, a layered attention fusion module, a risk assessment classifier module and an early warning output module; the dynamic negative pressure sensor module is used for continuously collecting dynamic negative pressure signals of the lower limb part of the user. The deep venous thrombosis risk early warning health information system based on dynamic negative pressure monitoring and AI solves the problem of multi-source heterogeneous physiological data fusion, converts an original dynamic negative pressure signal into a symbolized primitive sequence with definite physiological significance, fundamentally improves data quality, realizes self-adaptive fusion of multi-mode data and accurate focusing of key time slices, improves the specificity and robustness of a risk assessment model, and reduces false alarm phenomenon caused by physiological activity interference.",,,,G16H40/67;G16H40/63;G16H10/60;G06N5/045;G06N3/09;G06N3/0495;G06N3/0464;G06N3/045;G06N3/0442;G06F123/02;G06F21/62;G06F21/60;G06F18/25;G06F18/2415;G06F18/22;G06F18/213;A61B5/11;A61B5/026;A61B5/0205;A61B5/02;A61B5/00;G16H50/30,THE FIRST AFFILIATED HOSPITAL OF ZHEJIANG UNIV COLLEGE OF MEDICINE THE FIRST HOSPITAL OF ZHEJIANG PR,,False,True
CN-121563214-B,CN-202511696103-A,CN,B,98800389,20251118,20251118,20260515,20260515,Landslide risk trend intelligent analysis method and device based on trend prediction model,,"The invention discloses a landslide risk trend intelligent analysis method and device based on a trend prediction model, and relates to the technical field of landslide risk data analysis. According to the method, multisource time sequence monitoring data are collected through the micro-core pile and the auxiliary sensor, intelligent data analysis processing is conducted based on workflow built in the micro-core pile, interference data optimization and data quality analysis are completed, high reliability of the data is guaranteed, intelligent analysis is conducted based on a trend prediction model, future landslide risk is predicted, model prediction stability judgment and feedback adjustment are conducted, and risk judgment and early warning execution are conducted by combining real-time monitoring data with known environmental factors such as rainfall. According to the invention, through multi-level data optimization, stability feedback adjustment and comprehensive analysis of environmental factors, the accuracy and instantaneity of landslide risk prediction are effectively improved, the early warning capability is enhanced, and particularly, a more stable and reliable risk analysis result can be provided under the low-power and external interference environment.",,,G06F2123/02;G06N3/0442;G06N5/01;G06F18/24323;G06F18/213;G06F18/10;G06V10/757;G06Q10/0635,G06V10/75;G06N5/01;G06N3/0442;G06F123/02;G06F18/2431;G06F18/213;G06F18/10;G06Q10/0635,,,True,False
CN-121524845-A,CN-202511703104-A,CN,A,98716980,20251119,20251119,20260213,0,Wind turbine generator system fault early warning method and system based on multi-mode data fusion,,"The invention relates to the technical field of wind turbine generator fault early warning and discloses a wind turbine generator fault early warning method and system based on multi-modal data fusion, wherein the method comprises the steps of collecting multi-modal sensor data and performing space-time alignment pretreatment; the method comprises the steps of extracting multi-modal features by adopting methods such as variable modal decomposition, STL decomposition and the like, realizing cross-modal fusion by adopting a dimension self-adaptive projection and multi-head attention mechanism, carrying out weighted fusion by calculating dynamic weights based on three factors of data quality, fault type correlation and information gain, constructing a dynamic unit topological graph, capturing cross-unit correlation features by adopting a space-time diagram convolution network, realizing long-time early warning with confidence degree by combining a Bayesian neural network through double-branch gating fusion, identifying multi-fault modes by adopting multi-label classification, and optimizing operation and maintenance decisions by adopting a self-adaptive large neighborhood search algorithm. The method can realize the long early warning window of the offshore wind turbine and provide uncertainty quantification and intelligent operation and maintenance decision support.",,,G08B21/18;G08B31/00;G06N7/01;G06N3/042;G06N3/045;G06N3/0442;G06F18/24155;G06F18/213;G06F18/253;G06F18/10;G06F18/2431,G08B31/00;G08B21/18;G06N7/01;G06N3/045;G06N3/0442;G06N3/042;G06F18/25;G06F18/2415;G06F18/213;G06F18/10;G06F18/2431,GUODIAN POWER HUNAN LANGSHAN WIND POWER DEV CO LTD,,False,True
CN-120011920-B,CN-202411870449-A,CN,B,95665217,20241218,20241218,20260306,20260306,Structural monitoring data fusion probability abnormality early warning method based on streaming super threshold and evidence reasoning,,"The invention discloses a structure monitoring data fusion probability abnormity early warning method based on a streaming type super-threshold value and evidence reasoning, which comprises the steps of establishing a historical data set of each sensor as sample data, carrying out temperature effect separation on the sample data, extracting response components after removing the temperature effect as an initial data set for abnormity detection, determining an initial threshold value, constructing the super-threshold value data set, fitting the super-threshold value data set, obtaining posterior probability distribution of shape parameters and scale parameters through Bayesian inference, calculating probability distribution of early warning trigger values, calculating an abnormity certainty index, dynamically updating the probability distribution of the early warning trigger values through the streaming type super-threshold value method, and synthesizing through the evidence fusion method to obtain a fusion abnormity certainty index. The method can form fusion anomaly certainty, further better benefits the conflict among indexes, avoids early warning false alarm caused by single sensor faults, and provides a certain data support for maintenance of the structure.",,,G06N7/01;G06N5/041;G06F18/257;G06F18/295;G06F18/217;G06F18/214;G06F18/213;G06F18/15;G06F18/2433;G06F18/2415;G08B31/00;G08B21/182;G01D18/00,G08B31/00;G08B21/18;G06N7/01;G06N5/04;G06F18/25;G06F18/2433;G06F18/214;G06F18/213;G06F18/21;G06F18/20;G06F18/15;G01D18/00;G06F18/2415,,,False,True
CN-121971036-A,CN-202511915185-A,CN,A,99612021,20251218,20251218,20260505,0,Sleep stage method and system based on two-way non-contact sensing and deep learning,,"The invention relates to the field of physiological signal processing and deep learning, and discloses a sleep stage method and a sleep stage system based on double-path non-contact sensing and deep learning, wherein a non-contact type sensor is arranged below a mattress to collect multi-source signals by utilizing a non-contact type multi-channel body movement signal collecting module, and the multi-source signals are fused; the method comprises the steps of utilizing a multi-mode signal preprocessing module to call multi-source signals of a non-contact multi-channel body movement signal acquisition module, carrying out synchronous, denoising, artifact correction and segmentation standardization processing on the multi-source signals, utilizing a deep learning sleep stage module to call signals processed by the multi-mode signal preprocessing module, adopting a deep learning network to extract and classify space-time characteristics of the processed signals, establishing an end-to-end deep learning model, utilizing a sleep stage output and analysis module to call the deep learning model established by the deep learning sleep stage module, generating a sleep structure diagram and sleep quality index through the deep learning model, and carrying out abnormal early warning.",,,,G16H50/30;G16H50/20;G16H15/00;G16H10/60;G06N3/0985;G06F18/25;G06F18/2431;G06F18/2415;A61B5/00,NINGBO DIGITAL TWIN DONGFANG INST OF SCIENCE AND TECHNOLOGY,,False,True
CN-122490390-A,CN-202511992075-A,CN,A,100686045,20251226,20251226,20260731,0,New energy data integration method and system,,"The invention relates to the technical field of new energy equipment data integration and processing, in particular to a new energy data integration method and system. By constructing a three-dimensional unified storage array of equipment, time and state, and establishing an intelligent processing chain comprising scheduling, acquisition, calculation, storage and feedback. The processing flow is driven by a dynamic priority scheduling mechanism, the data quality is ensured by adopting two-channel data acquisition and multi-level verification, differential analysis and multi-equipment cooperation degree comparison are further executed to realize grid-level risk early warning, and finally, the data consistency is ensured by strict write arbitration and version control. The whole system has abnormal self-adaptive processing and feedback optimization capability, and the high efficiency, the robustness and the intelligent level of the new energy mass heterogeneous data integrated processing are remarkably improved.",,,,G06F18/25;G06F18/24;G06Q10/0635;G06Q50/06,,,False,True
CN-120524795-B,CN-202510601609-A,CN,B,96746685,20250512,20250512,20260317,20260317,Adapter service life prediction system based on digital twinning and dynamic early warning method,,"The invention discloses a digital twin-based adapter life prediction system and a dynamic early warning method, wherein the system comprises a multi-source data acquisition module, a digital twin model construction module, a data coordination module, a life prediction module and a calibration module; the invention breaks through the unidirectional static analysis limitation of the traditional life prediction technology by constructing the adapter full life cycle digital twin body, realizes the dynamic health assessment under the drive of multidimensional data, creatively provides a cross-dimension feature fusion and closed loop calibration mechanism, effectively solves the problems of weak relevance of multi-source asynchronous data and delayed sudden abnormal response, remarkably improves the stability and credibility of a prediction result under complex working conditions by the synergistic effect of an opposing generation network and an attention model, and can adapt to the severe use environment of an industrial adapter, thereby providing a quantifiable and traceable decision support for the intelligent operation and maintenance of power electronic equipment.",,,G06N3/045;G06N3/084;G06N3/0475;G06F18/253;G06F30/27,G06N3/084;G06N3/0475;G06N3/045;G06F18/25;G06F30/27,,,False,True
CN-120804834-B,CN-202511034390-A,CN,B,97317488,20250725,20250725,20260217,20260217,Heavy rain terminal early warning method and system based on deep learning,,"The invention relates to the technical field of heavy rain early warning, in particular to a heavy rain terminal early warning method and system based on deep learning, and consistency judgment is carried out on the turning state of the rain gauge and image characteristics such as a rain curtain, a water trace and the like, so that effective elimination of unnatural triggering factors (such as artificial water pouring and the like) is realized, and the credibility of rainfall sensing data is improved. And a locally-deployed double-branch deep learning model is adopted, multi-source data such as rainfall, temperature and humidity, topography factors and the like are fused, feature extraction and reproduction period prediction are performed based on a cross attention mechanism, and a threshold correction coefficient is dynamically generated by combining historical events, so that the self-adaptive adjustment of early warning standards is realized, and the false alarm and false alarm risk is effectively reduced. The system supports low-power-consumption local operation, performs early warning decision, and effectively improves timeliness and accuracy of local early warning response.",,,G06V10/454;G06N3/0464;G06N3/045;G08B21/182;G08B31/00;G01W1/10;G06F18/253;G06F18/214;G06F18/241,G06F18/241;G06F1/14,,,False,True
CN-118796762-A,CN-202410793639-A,CN,A,93034471,20240619,20240619,20241018,0,Digital archive management system based on multidimensional information fusion,,"The invention discloses a digital archive management system based on multidimensional information fusion, which relates to the technical field of digital archive management and comprises an identity authority management module, a data fusion module, a monitoring audit module and a comprehensive analysis module; by monitoring and evaluating the user identity verification, the authority management and the user operation and data fusion process, the security, the data quality and the monitoring capability of the system are improved, the system can ensure that only authorized users access sensitive information, the availability and the accuracy of data are improved, the user operation is monitored, the risk is evaluated, the abnormal situation is found in time, the early warning is carried out, the system can comprehensively grasp the system operation condition through comprehensive evaluation of the monitoring force, and the safety management and the use of the digital file are effectively ensured.",,,G06N5/01;G06F18/251;G06F18/24323;G06F16/1815;G06F16/1734;G06F21/6218;G06F16/16;G06F16/122,G06N5/01;G06F21/62;G06F18/25;G06F18/2431;G06F16/18;G06F16/17;G06F16/16;G06F16/11,BEIJING ZHIQI TECH CO LTD,,False,True
CN-121390633-A,CN-202511281848-A,CN,A,98470736,20250909,20250909,20260123,0,Geographic grid-based public service facility supply and demand matching site selection method and system,,"The invention provides a public service facility supply and demand matching site selection method and system based on a geographic grid, which integrates multi-source heterogeneous data by adopting the geographic grid, maps population, land utilization and other data to a unified grid, combines statistics and space anomaly detection to ensure data quality, reduces manual operation and lowers technical thresholds, enables non-professionals to develop analysis through a standardized process, lays accurate data foundation for subsequent work, simultaneously fuses domestic space planning and current situation data, builds population prediction models to deduce future distribution, brings planning data into analysis, adapts the result to urban development requirements for 5-10 years, gives consideration to foresight and operability, provides a long-term decision basis for government, finally quantifies accessibility gaps through a Gaussian two-step mobile search method, combines a greedy algorithm to iteratively screen optimal scheme, and clear facility construction priority, avoids resource idling and repeated construction, and ensures that newly-added facilities fill service gaps with high efficiency.",,,,G06Q50/26;G06Q10/0631,GUANGDONG URBAN & RURAL PLANNING AND DESIGN INSTITUTE TECH GROUP CO LTD,,False,True
CN-118469553-B,CN-202410932769-A,CN,B,92167205,20240712,20240712,20240924,20240924,Power transmission line defect hidden danger prediction method and system based on multi-source meteorological data,,"The invention discloses a method and a system for predicting hidden danger of a transmission line defect based on multisource meteorological data, which relate to the technical field of prediction of hidden danger of the transmission line defect, and comprise the steps of dividing the transmission towers in a transmission tower distribution diagram into areas based on geographic information, dividing the transmission towers with the same geographic information into one area, numbering the areas to obtain numbered areas, establishing a historical line defect association model, predicting the meteorological data according to multisource, the method comprises the steps of obtaining weather-influencing parameters of a power transmission tower and weather-influencing parameters of a wire, obtaining the regional quality index, enabling a predictor to predict that line defects can occur in the power transmission tower and the wire in a numbering region under the weather-influencing of a multi-source weather environment in the future, sequencing the numbering region through early warning indexes of the power transmission line, obtaining maintenance line information, enabling the predictor to make a maintenance plan faster, and reducing maintenance cost of the power transmission line.",,,G06F18/27;G06F18/25;G06Q10/06395;G06F16/29;G06Q50/06;G06Q10/20,G06Q50/06;G06Q10/0639;G06F18/27;G06F18/25;G06F16/29;G06Q10/20,,,True,True
CN-120994729-A,CN-202511084023-A,CN,A,97697710,20250804,20250804,20251121,0,Efficient prediction method and system for pipe network operation and maintenance data,,"A high-efficiency prediction method and system for pipe network operation and maintenance data combines protocol access and automatic format conversion technology, realizes unified acquisition and hierarchical transmission of multi-source heterogeneous data, solves the problems of low acquisition efficiency and inconsistent formats of traditional pipe network data, and secondly, adopts a Kalman filtering to perform anomaly detection and correction by a real-time verification completion mechanism, and completes missing data by an interpolation algorithm, thereby improving data quality and timeliness. In the data integration stage, structural cleaning and archiving are carried out based on a preset data model, a high-efficiency data basis is provided for a subsequent prediction model, finally, time sequence features and space association analysis are fused, a joint feature space is constructed through event feature marks, a prediction model is trained by utilizing a collaborative modeling module, potential fault points are accurately identified, an operation and maintenance optimization plan is intelligently generated, real-time sharing and interactive display of a prediction result are realized through a decision pushing and visualizing module, and closed-loop management from data acquisition to prediction decision is realized.",,,G06Q10/20;G06Q10/04;G06F18/213;G06F18/20;G06F16/26;G06F16/215;G06F16/258,G06Q10/20;G06Q10/04;G06F18/213;G06F18/20;G06F16/26;G06F16/215;G06F16/25,GUANGDONG ANGWEI ENVIRONMENTAL PROT INDUSTRIAL CO LTD,,False,True
CN-121599487-A,CN-202511882639-A,CN,A,98880442,20251215,20251215,20260303,0,Flood disaster risk intelligent early warning method integrating multi-source information,,"The invention discloses an intelligent flood disaster risk early warning method integrating multi-source information, and relates to the technical field of flood disaster prediction, wherein the method acquires multi-source data such as meteorological, hydrology, topography, remote sensing, ground monitoring terminals and the like, and a unified data set is constructed through time synchronization, space resampling, outlier rejection and missing data filling; the method comprises the steps of constructing multidimensional space-time characteristics based on elements such as rainfall process, terrain characteristics, earth surface coverage, drainage capacity, river network structure and soil humidity, inputting the space-time characteristics into a multisource information fusion model, predicting flood occurrence probability in future time period, generating flood risk indexes according to the prediction probability, real-time monitoring and historical samples, dividing regional risks into different grades, automatically generating and releasing early warning information according to the risk grades, and carrying out feedback correction on early warning results through on-site monitoring and inspection data to achieve self-adaptive updating of early warning parameters and model structures.",,,G06F18/217;G06F18/253;G06F18/15;G06F18/2431;G06Q10/0635,G06F18/25;G06F18/2431;G06F18/21;G06F18/15;G06Q10/0635,GUANGXI VOCATIONAL COLLEGE OF WATER RESOURCES AND ELECTRIC POWER;Jiangsu Climate Center,,True,True
CN-120234211-A,CN-202510703750-A,CN,A,96166435,20250529,20250529,20250701,0,Intelligent data quality monitoring method and system,,"The invention provides an intelligent data quality monitoring method and system, which comprises the steps of performing data processing on multi-source heterogeneous data by using a unified data model, inputting historical data as a training set to a pre-training model for training and optimizing to obtain an optimized pre-training model, performing threshold judgment on standardized distribution data streams by using the optimized pre-training model in combination with a self-adaptive threshold module, inputting a processed abnormal event list to a context sensing and dynamic priority management module for deduplication and optimization transmission, performing root analysis on the deduplication optimized abnormal event list by using a root analysis tool, generating a restoration strategy by using a restoration suggestion engine for assistance on a root analysis result, and inputting the restoration strategy and a visual report to a cross-platform monitoring interface to generate a restoration suggestion and an early warning notification. According to the invention, the data blood-margin map is constructed based on the map database, so that minute-level tracing of abnormal events is realized, and the fault investigation time is shortened by 50%.",,,G06F18/251;G06F18/2411;G06F18/24323;G06F18/241;G06F11/327;G06F11/321;G06F11/0793;G06F11/079;G06F11/3089;G06F11/3051,G06F18/25;G06F18/2431;G06F18/2411;G06F18/241;G06F11/32;G06F11/07;G06F11/30,JIANGXI TONGRUI INFORMATION TECH CO LTD,,False,True
CN-121705798-A,CN-202511837671-A,CN,A,99080519,20251208,20251208,20260320,0,Abnormality detection method for multi-source sensor fusion,,"The invention provides an anomaly detection method for multi-source sensor fusion, and belongs to the technical field of operation and maintenance of power supply systems. According to the invention, a multisource sensor acquisition network covering a transmission line, a transformer substation, a power distribution network and environment auxiliary types is constructed, effective data with the integrity standard of data is screened by combining edge calculation, the problems of limitation and data quality of a single sensor are solved, a multidimensional data source is provided for fusion detection, then effective data is preprocessed and time-space aligned to obtain structured data, the quality and compatibility of the data are optimized, characteristics are extracted to form a data set, after reduction and normalization optimization, a fusion characteristic vector is obtained by weighting by a double-attention mechanism, the problem of single conventional fusion weight is solved, finally the optimal algorithm detection is matched by depending on a multi-algorithm switching module, grading early warning is output, the problems of insufficient adaptation of the single algorithm and confusion of early warning response are solved, and abnormal accurate detection, efficient response and flexible adaptation of a power supply system are realized.",,,,G06N3/049;G06N3/0442;G06F18/25;G06F18/213;G06F18/15;G06F18/10;G01R31/00;G01D21/02;G06F18/24,LUOHE POWER SUPPLY CO STATE GRID HENAN ELECTRIC POWER CO,,False,True
CN-121787714-A,CN-202511896893-A,CN,A,99237353,20251216,20251216,20260403,0,Fishing port supervision method and system based on multi-source data fusion,,"The invention discloses a fishing port supervision method and system based on multi-source data fusion. The method comprises the steps of synchronously collecting sensing data from an optical image sensor, a radio frequency positioning signal receiver and an environment parameter sensor, uniformly converting multi-source sensing data to the same space-time reference, processing and analyzing the sensor data to extract target observation information, fusing the multi-source observation information of the same target by adopting an evidence reasoning method based on dynamic confidence weight of each sensor to generate fused target information with comprehensive confidence, performing cross-modal identity verification and association on the fused target information to construct fishing port comprehensive situation information, and performing real-time analysis on the situation information and generating an alarm according to predefined complex event mode rules. The system comprises a perception layer, a data fusion and processing center and an intelligent early warning module. The invention realizes all-weather, high-precision and intelligent active supervision of the fishing port through multi-source data fusion.",,,G06N3/0985;G06N3/084;G06N3/0442;G06F18/27;G06F18/253;G06F18/2433;G06F18/257;G06F18/213;G06F18/15;G06N3/0464;G06N3/045;G06N5/04;G06F18/22;G06Q10/063,G06N5/04;G06N3/0985;G06N3/084;G06N3/0464;G06N3/045;G06N3/0442;G06F18/27;G06F18/25;G06F18/2433;G06F18/22;G06F18/213;G06F18/15;G06Q10/063,CRCC HARBOUR & CHANNEL ENGINEERING BUREAU GROUP SURVEY & DESIGN INST CO LTD,,False,True
CN-120807794-A,CN-202510922746-A,CN,A,97324889,20250704,20250704,20251017,0,Three-dimensional visual emergency management system for mining area,,"The invention relates to the technical field of mining area emergency management, and discloses a three-dimensional visual emergency management system for a mining area, which comprises a data acquisition module and a three-dimensional sand table generation module. The three-dimensional sand table generation module processes the data through a three-dimensional visualization engine, wherein a data preprocessing unit completes space coordinate system unification, missing data complementation and outlier correction, and a scene rendering unit generates a three-dimensional dynamic sand table through texture mapping, space feature fusion, space coupling modeling and three-dimensional scene synthesis. The system has the functional modules of offline data loading, disaster diffusion simulation, escape route planning and the like, and supports cross-platform rendering and user interaction operation. According to the invention, three-dimensional dynamic display and emergency analysis of multi-source data of a mining area are realized, and the accuracy and timeliness of disaster early warning and emergency decision are improved.",,,G08B31/00;G08B21/10;G06V10/806;G06Q50/02;G06T15/005;G06T17/00,G08B31/00;G08B21/10;G06V10/80;G06T15/00;G06Q50/02;G06T17/00,INNER MONGOLIA ANBANG SAFETY TECH CO LTD,,True,False
CN-120524795-A,CN-202510601609-A,CN,A,96746685,20250512,20250512,20250822,0,Adapter life prediction system and dynamic early warning method based on digital twin,,"The invention discloses a digital twin-based adapter life prediction system and a dynamic early warning method, wherein the system comprises a multi-source data acquisition module, a digital twin model construction module, a data coordination module, a life prediction module and a calibration module; the invention breaks through the unidirectional static analysis limitation of the traditional life prediction technology by constructing the adapter full life cycle digital twin body, realizes the dynamic health assessment under the drive of multidimensional data, creatively provides a cross-dimension feature fusion and closed loop calibration mechanism, effectively solves the problems of weak relevance of multi-source asynchronous data and delayed sudden abnormal response, remarkably improves the stability and credibility of a prediction result under complex working conditions by the synergistic effect of an opposing generation network and an attention model, and can adapt to the severe use environment of an industrial adapter, thereby providing a quantifiable and traceable decision support for the intelligent operation and maintenance of power electronic equipment.",,,G06N3/045;G06N3/084;G06N3/0475;G06F18/253;G06F30/27,G06N3/084;G06N3/0475;G06N3/045;G06F18/25;G06F30/27,SHENZHEN JUMBO ELECTRONICS CO LTD,,False,True
CN-121303306-A,CN-202511445854-A,CN,A,98297648,20251011,20251011,20260109,0,Knowledge graph construction method and system based on disaster caused by electrical fault,,"The invention discloses a knowledge graph construction method and system based on disaster caused by electrical faults, and belongs to the technical field of electrical fire early warning and intelligent security. The method comprises the steps of constructing an electric fault disaster-causing multi-source data acquisition system, dynamically adjusting an acquisition strategy based on a safety threshold, establishing an electric fire disaster-causing link relation library, identifying an entity relation mode specific to an electric fault through an electric field specific corpus and a field word embedding technology, establishing a knowledge graph with dynamic evolution capability, adopting an incremental updating mechanism and a partition life cycle management, solving entity attribute conflict based on credibility weighted fusion, constructing an electric fire situation awareness model, carrying out early warning threshold self-adaptive optimization, and generating an analysis report containing technical responsibility and management responsibility through a multi-stage disaster-causing factor backtracking mechanism. The full-chain closed-loop management from perception, cognition to decision of the electrical fire risk is realized, and the accuracy and the traceability depth of fire early warning under a complex environment are obviously improved.",,,,G06N5/04;G06F40/279;G06F16/36;G06F16/334;G06N5/025,SHANGHAI YIJING INFORMATION TECH CO LTD,,True,False
CN-116013033-A,CN-202310144650-A,CN,A,86025128,20230210,20230210,20230425,0,"Multi-source signal fatigue driving detection method, device and storage medium",,"The application provides a multi-source signal fatigue driving detection method, a device and a storage medium. The method comprises the following steps: acquiring time sequence data of multiple types of information in the driving process; cutting the time sequence data of the multiple types of information to obtain multiple time sequence data fragments; respectively carrying out quality evaluation on the time sequence data fragments, and determining a target judgment model matched with each time sequence data fragment from the judgment models according to the data quality evaluation grade; judging the time sequence data fragments through the respectively determined target judgment models to obtain a final total fatigue degree prediction result; and comparing the total fatigue degree prediction result with an early warning threshold value to judge whether to carry out early warning prompt to a driver. The characteristics of the data of the driver are effectively mined by using a plurality of data fusion methods, the data of different qualities are matched with the judging model, higher detection precision is achieved, the fatigue state of the driver is comprehensively measured, and the driving risk is reduced by reminding.",,,,G06F18/214;G06F18/25;G06N3/044;G06F123/02;G06F18/2411;G06F18/15;G08B21/06,BEIJING ANXINCE TECH CO LTD,,False,True
CN-120470526-A,CN-202510545397-A,CN,A,96641798,20250428,20250428,20250812,0,Tropical region offshore marine meteorological fusion analysis method,,"The invention discloses a tropical region offshore marine meteorological fusion analysis method which comprises the following steps of firstly collecting and preprocessing data, secondly controlling data quality, namely checking the data and analyzing error characteristics of marine meteorological observation data, thirdly, performing intelligent fusion on the quality-controlled multi-source data fusion analysis system in the tropical region, constructing a marine meteorological fusion analysis data set, fourthly, constructing a coupling analysis model, performing coupling analysis on marine meteorological elements by combining a physical model and a numerical simulation technology, finding early warning rules and influence factors of the marine meteorological system by simulating and predicting interaction process between marine meteorological elements and the atmosphere, and thirdly, dynamically applying and evaluating the data in real time, and finding and analyzing potential marine meteorological disaster risk.",,,,G06Q50/26;G06Q10/0635;G01W1/10;G06F18/25,HAINAN INST OF METEOROLOGICAL SCIENCES,,True,True
CN-121354297-A,CN-202511923225-A,CN,A,98401265,20251219,20251219,20260116,0,Multi-source geological disaster information intelligent processing method,,"The invention discloses an intelligent processing method of multisource geological disaster information, which particularly relates to the technical field of geological disaster monitoring, wherein multisource monitoring data such as remote sensing images, earth surface deformation, weather, ground water level, earthquake micro-motion and the like are collected and preprocessed to form a feature vector set, a credibility weight matrix is built based on data continuity and consistency evaluation, a main disaster factor combination feature is extracted through a self-adaptive feature extraction model, a disaster evolution map is built by combining historical disaster data, and geological disaster early warning output is triggered when the node attribute variation rate in the map exceeds a threshold value and an abnormal path chain is formed in the continuous monitoring process.",,,,G08B31/00;G08B29/26;G08B29/18;G08B21/10,NANJING KENTOP CIVIL ENGINEERING TECH CO LTD,,True,False
CN-121563214-A,CN-202511696103-A,CN,A,98800389,20251118,20251118,20260224,0,Landslide risk trend intelligent analysis method and device based on trend prediction model,,"The invention discloses a landslide risk trend intelligent analysis method and device based on a trend prediction model, and relates to the technical field of landslide risk data analysis. According to the method, multisource time sequence monitoring data are collected through the micro-core pile and the auxiliary sensor, intelligent data analysis processing is conducted based on workflow built in the micro-core pile, interference data optimization and data quality analysis are completed, high reliability of the data is guaranteed, intelligent analysis is conducted based on a trend prediction model, future landslide risk is predicted, model prediction stability judgment and feedback adjustment are conducted, and risk judgment and early warning execution are conducted by combining real-time monitoring data with known environmental factors such as rainfall. According to the invention, through multi-level data optimization, stability feedback adjustment and comprehensive analysis of environmental factors, the accuracy and instantaneity of landslide risk prediction are effectively improved, the early warning capability is enhanced, and particularly, a more stable and reliable risk analysis result can be provided under the low-power and external interference environment.",,,G06F2123/02;G06N3/0442;G06N5/01;G06F18/24323;G06F18/213;G06F18/10;G06V10/757;G06Q10/0635,G06V10/75;G06N5/01;G06N3/0442;G06F123/02;G06F18/2431;G06F18/213;G06F18/10;G06Q10/0635,BEIJING ZHONGGUANCUN ZHILIAN SAFETY SCIENCE RES INSTITUTE CO LTD,,True,False
KR-102430060-B1,KR-20220025825-A,KR,B1,82826583,20220228,20220228,20220805,20220805,Smart manhole monitoring system using multiple sensors,다중 센서를 이용한 스마트 맨홀 감시시스템,"The present invention relates to a smart manhole monitoring system using multiple sensors, which prevents a gas accident, comprising: a manhole cover (1) for opening and closing a manhole; a manhole monitoring device (100) including a proximity sensor (110), a wireless communication unit (170), and a control unit (180); and a control server (200) including a manhole management engine (230).","본 발명은 센서를 이중으로 구비하고, 그 구비되는 이중의 센서 중 어느 하나가 오작동 시 다른 하나의 센서를 통해 오작동 여부를 인지하여 대응가능하게 안내할 뿐만 아니라 이중으로 구비되는 센서 2개 모두가 오작동을 하더라도 이 또한 인지하여 대응가능하게 안내하는 다중 센서를 이용한 스마트 맨홀 감시시스템에 관한 것으로, 도로에 형성되는 맨홀을 개폐시키는 맨홀덮개(1)와; 맨홀 내부에 설치되는 것으로, 상기 맨홀덮개(1)을 근접감지하여, 맨홀의 존재여부를 나타내는 맨홀 존재감지신호를 생성하는 근접센서(110), 맨홀 내부에 설치되는 것으로, 상기 맨홀덮개(1)의 기울기 변위를 감지하여, 맨홀덮개(1)의 기울기 정도를 나타내는 맨홀 기울기감지신호를 생성하는 자이로센서(120), 신호를 송수신하는 통신 인터페이스 기능을 수행하는 무선통신부(170), 상기 근접센서(110) 및 상기 자이로센서(120)로부터 입력되는 맨홀 존재감지신호 및 맨홀 기울기감지신호를 판독하고, 그 판독된 결과로 맨홀 존재감지신호의 경우 맨홀덮개(1)가 있는 것으로 확인되고, 맨홀 기울기감지신호의 경우 맨홀덮개(1)가 기울어진 것으로 확인되면, 맨홀덮개(1)를 식별하는 덮개식별자정보, 맨홀덮개(1)의 위험상황을 안내하는 맨홀경보정보 및 근접센서(110)의 고장을 안내하는 센서 고장안내정보를 포함하는 맨홀경보신호를 상기 무선통신부(170)를 통해 무선전송되도록 제어하는 제어부(180)를 포함하는 맨홀 감시장치(100)와; 상기 맨홀 감시장치(100)로부터 무선전송되는 맨홀경보신호를 참조하여, 서버운영자가 확인가능하게 맨홀경보신호 내역을 디스플레이부(210)를 통해 출력되도록 제어하는 맨홀관리엔진(230)을 포함하는 관제서버(200);로 이루어진 것을 특징으로 한다.",,G06Q50/10;G01D21/02;G01N33/0031;H01Q1/3225;E02D2600/10;G01F23/80;E02D29/12;G08B21/14;G08B25/14;G01C19/42;H04L67/12,G08B25/14;H04L67/12;G01D21/02;G01N33/00;G06Q50/10;E02D29/12;G08B21/14;G01F23/80,SAEMON TECH CO LTD;DS TECH CO LTD,KR,False,True
CN-119625931-A,CN-202411414889-A,CN,A,94906866,20241011,20241011,20250314,0,Sea surface pollution intelligent monitoring system based on multisource data,,"The application provides an intelligent sea surface pollution monitoring system based on multi-source data, which comprises an integrated analysis module, an information topology module, an sea surface monitoring module and a data transmission module, wherein the sea surface monitoring module is used for acquiring sea surface pollution monitoring data, the data transmission module is used for realizing interactive communication between the sea surface monitoring module and the information topology module, the interactive communication comprises the transmission of the sea surface pollution monitoring data to the integrated analysis module, the integrated analysis module and the information topology optimization module are used for analyzing and early warning the multi-source data, integrating, cleaning and analyzing the data, identifying and correcting errors, anomalies or noise in the data, ensuring the accuracy and credibility of the data, and performing intelligent decision distribution after the data information is mined by utilizing deep learning, thereby improving the monitoring, early warning and emergency response capability of sea surface pollution events. Through the module, the all-round, three-dimensional and real-time monitoring and early warning of offshore sudden pollution are realized.",,,G06F18/10;G06F18/21;G06F18/26;G08B21/18;G08B21/12,G08B21/18;G06F18/26;G06F18/21;G06F18/10;G08B21/12,HANGZHOU CENTER OF CHINA ACADEMY OF SPACE TECH,,True,False
CN-119944954-A,CN-202510027911-A,CN,A,95537607,20250108,20250108,20250506,0,Power distribution cabinet operation dynamic safety assessment analysis method and system,,"The invention discloses a power distribution cabinet operation dynamic safety assessment analysis method and a system thereof, which relate to the technical field of safety assessment analysis; the method has the advantages of improving data quality and consistency by effective data preprocessing, ensuring more accurate and timely abnormality detection by comprehensive safety analysis coefficient and detailed abnormality grade evaluation, and ensuring the safety and reliability of a power distribution system by timely alarming and maintenance measures. In general, the method remarkably improves the efficiency and effect of dynamic safety assessment of the operation of the power distribution cabinet, reduces potential safety hazards, ensures stable operation of a power system, calculates a safety analysis coefficient FXZ by using a formula, and realizes comprehensive safety assessment based on multi-source data. Compared with the traditional method, the method has the advantages of remarkably improving accuracy, flexibility, instantaneity and early warning capability.",,,Y04S10/50,H02B3/00;H02B1/24;G06Q50/06;G06Q10/0639;H02J13/00,LIYANG SHUNQIAN HARDWARE CO LTD,,True,False
CN-120910470-A,CN-202511118425-A,CN,A,97554703,20250811,20250811,20251107,0,Intelligent risk early warning method and system for prefabricated box girder production in bridge engineering,,"The invention relates to the technical field of risk early warning, in particular to an intelligent risk early warning method and system for prefabricated box girder production in bridge engineering. The method comprises the steps of constructing a multi-dimensional data acquisition network to acquire data, preprocessing the acquired multi-dimensional data, constructing a multi-source data fusion engine and establishing a data quality scoring mechanism to realize data fusion, predicting risk of the fused data by utilizing a multi-mode fusion analysis model, and performing intelligent linkage response based on the predicted risk. Through reinforcement learning scheduling and equipment linkage control, intelligent coordination of production elements such as personnel, equipment and technology is realized, the efficiency of key working procedures is improved by 20% -30%, and the resource waste is reduced by more than 15%.",,,G06F2123/02;G06N5/041;G06N3/045;G06N3/0985;G06F30/20;G06F30/13;G16Y20/10;G16Y20/20;G06Q10/06312;G06Q10/04;G16Y10/80;G16Y10/30;G06N5/01;G06N3/0442;G06N3/092;G06N5/022;G06F18/10;G06F18/251;G06F18/295,G16Y20/20;G16Y20/10;G16Y10/80;G16Y10/30;G06Q10/0631;G06Q10/04;G06N5/04;G06N5/022;G06N5/01;G06N3/0985;G06N3/092;G06N3/045;G06N3/0442;G06F123/02;G06F30/20;G06F30/13;G06F18/25;G06F18/10;G06F18/20,SHANDONG HI SPEED ENG CONSTRUCTION GROUP CO LTD,,False,True
CN-121745714-A,CN-202511975780-A,CN,A,99147523,20251225,20251225,20260327,0,White spirit product carbon label management method and system,,"S1, collecting carbon emission activity data of a white spirit product in a full life cycle, wherein the life cycle comprises raw material planting, brewing production, packaging and logistics transportation links, and cleaning and standardizing the collected data to obtain a structured data set; S2, performing anomaly detection and data verification on the structured data set to ensure that the data quality meets the carbon footprint calculation requirement. According to the invention, a full life cycle data acquisition system covering raw material planting, brewing production, packaging and logistics transportation is constructed, and multi-source heterogeneous data is cleaned and standardized, so that a unified and standard structured data set is formed, and the problems of insufficient data integrity and non-uniform reference caused by manual input and local acquisition due to scattered and different sources of traditional carbon footprint accounting data are solved.",,,,G06Q50/26;G06Q50/04;G06Q10/10;G06Q10/0637,SHANXI XINGHUACUN FEN JIU GROUP CO LTD,,False,True
CN-120317653-A,CN-202410111440-A,CN,A,96334668,20240126,20240126,20250715,0,Multi-dimensional heterogeneous data targeting risk causal reasoning method for whole cereal,,"The invention discloses a multi-dimensional heterogeneous data targeted risk causal reasoning method for whole cereal food, which is suitable for grain safety early warning. In order to solve the problems of large quantity of missing of spot check data and lack of omnibearing target risk early warning in the whole cereal risk early warning, the method constructs a whole cereal risk index system comprising attribute information indexes and hazard indexes, acquires detection data based on index items, cleans the detection data, fills up missing data based on a generated countermeasure network, calculates the weight of indexes in the hazard index system by using an entropy weight method, determines the risk value of a secondary index and a primary index of each sample, then carries out whole cereal multidimensional heterogeneous data label coding and risk level analysis, and finally carries out whole cereal risk target cause and effect reasoning based on a Bayesian network. The invention improves the accuracy and the credibility of the spot check data, characterizes the risk degree of the whole cereal food, improves the causal reasoning precision and can realize the dynamic risk early warning.",,,G06N5/04;G06Q10/06393;G16B15/30;G06Q50/265;G06Q50/02;G06Q10/0635,G16B15/30;G06Q50/26;G06Q50/02;G06Q10/0639;G06N5/04;G06Q10/0635,UNIV BEIJING TECHNOLOGY & BUSINESS,,False,True
CN-120895204-A,CN-202510995244-A,CN,A,97502467,20250718,20250718,20251104,0,Intensive care system and method based on multidimensional data fusion and intelligent early warning,,"The invention relates to the technical field of medical data processing, and provides an intensive care system based on multidimensional data fusion and intelligent early warning, which comprises a multi-source data acquisition module, a data processing module and a data processing module, wherein the multi-source data acquisition module is used for acquiring vital sign data, image data, laboratory test data and environment monitoring data of a patient in real time; the multi-dimensional data fusion engine is connected with the data preprocessing module and is used for fusing the multi-source data by adopting a self-adaptive weighted fusion algorithm to generate a comprehensive health index. Through dynamic weight distribution (clinical importance+real-time credibility), the error rate of the comprehensive health index is reduced by 42%, the DNN model based on LSTM is sensitive to trend abnormity, the detection rate of high risk events is improved by 35%, the false alarm rate is reduced by 28%, the problem of fusion deviation caused by medical data isomerism is solved, and the early warning delay is remarkably reduced by combining LSTM time sequence analysis.",,,G06N3/047;G06N3/0442;G06F18/2415;G06F18/251;G06F18/15;G16H50/70;G16H50/30;G16H40/67;A61B5/14542;A61B5/0816;A61B5/021;A61B5/024;A61B5/0205,G16H50/70;G16H50/30;G06N3/047;G06N3/0442;G06F18/25;G06F18/2415;G06F18/15;A61B5/145;A61B5/08;A61B5/024;A61B5/021;A61B5/0205;G16H40/67,LISHUI CITY PEOPLES HOSPITAL,,False,True
CN-121391034-A,CN-202511564176-A,CN,A,98452810,20251030,20251030,20260123,0,Multi-dimensional-based medicine production data monitoring and management system and method,,"The invention discloses a multi-dimensional-based medical production data monitoring and management system and a multi-dimensional-based medical production data monitoring and management method, and particularly relates to the field of data monitoring and management, wherein the system comprises a data acquisition module, a data preprocessing module, a multi-dimensional analysis module and a data storage module; the invention acquires multi-source data such as production flow, quality index, equipment state and environmental parameter in real time through a data acquisition module, after cleaning, de-duplication and standardization treatment through a preprocessing module, a multi-dimensional analysis module is used for constructing a production-quality-equipment-environment collaborative analysis framework, a quantization model and an associated algorithm are used for carrying out data fusion and intelligent research and judgment, comprehensive analysis results comprising efficiency optimization, quality assessment, fault early warning and environment regulation are generated, and finally, the safety, high-efficiency management and life cycle maintenance of the data are realized through a layered storage module.",,,,G06Q50/04;G06K17/00;G06F18/25;G06F18/10;G06Q10/0639,DONGYING PINGMING PHARMACEUTICAL TECH CO LTD,,False,True
CN-121598303-A,CN-202511750552-A,CN,A,98874396,20251126,20251126,20260303,0,Composite high-temperature drought dynamic early warning method based on multi-source data fusion,,"The invention discloses a composite high-temperature drought dynamic early warning method based on multi-source data fusion, which belongs to the technical field of big data analysis and mining, and comprises the following steps: collecting multisource observation data in a region to form a unified grid data matrix, carrying out marking and interpolation processing on the missing data to generate a weight matrix, identifying potential abnormality, dividing grid abnormality levels, adjusting data risk fusion weight factors, analyzing region composite risk indexes, determining region composite high-temperature drought risk early warning levels, the composite high-temperature drought dynamic early warning method based on multi-source data fusion provided by the invention realizes unified acquisition, spatial alignment and quality assessment of multi-source data, improves data reliability, performs gridding risk calculation, combines sliding average and threshold judgment to realize dynamic region risk early warning, can simultaneously consider the composite effect of high temperature and drought, quantifies risk level, and improves early warning accuracy, timeliness and reliability.",,,G06F2123/02;G01W1/10;G06F16/29;G06F18/2433;G06F18/15;G06F18/251,G06F123/02;G06F18/2433;G06F18/15;G06F16/29;G01W1/10;G06F18/25,UNIV LIAONING TECHNOLOGY,,False,True
CN-120046109-A,CN-202510179193-A,CN,A,95759614,20250218,20250218,20250527,0,Multi-sensor data fusion control method for automatic assembly line,,"The invention discloses a multi-sensor data fusion control method for an automatic assembly line, which relates to the technical field of data fusion and comprises the following steps of: when multi-source data fusion is carried out, firstly, data information is obtained in real time through a multi-source sensor, and the obtained data information is preprocessed, so that the accuracy and the integrity of the data are ensured. According to the invention, through analyzing the data quality and the fusion performance index and the system robustness and the environment adaptability index in real time, the system can accurately detect the influence of electromagnetic interference and environment fluctuation on the data and dynamically evaluate the state. And when the system is abnormal, an early warning and adjustment strategy is automatically triggered, so that the continuity of data fusion is ensured, and the downtime and human intervention are reduced. When the abnormality exceeds the self-repairing capability of the system, the system can give out early warning, ensure the efficient and safe operation of the production line and improve the capability of coping with the sudden problem.",,,G06Q10/20;G06F18/10;G06F18/24147;G06F18/251,G06Q10/20;G06F18/2413;G06F18/10;G06F18/25,JIANGXI LONGEN INTELLIGENT EQUIPMENT CO LTD,,False,True
CN-121030265-A,CN-202511129284-A,CN,A,97778891,20250812,20250812,20251128,0,Data quality assessment method and system based on rule engine and machine learning,,"The embodiment of the invention discloses a data quality assessment method and a data quality assessment system based on a rule engine and machine learning, which are characterized in that multisource heterogeneous data is accessed through a unified interface, massive data is processed in parallel by adopting a slicing mechanism and a working pool, regular matching, rule verification such as a numerical range and an enumeration value are executed on structured data, K-means clustering anomaly detection and self-encoder feature extraction are executed on unstructured data, the rule engine and the machine learning dual-mode analysis are innovatively fused, six-dimensional quality indexes are dynamically calculated, and finally a multi-format visual report is generated by an aggregation result. The embodiment of the invention solves the problems of single traditional evaluation dimension, static stiffness of rules, low processing efficiency and the like, shortens the actual measurement hundred million-level data evaluation time to 30 minutes, achieves 92.5 percent of abnormality detection accuracy, comprehensively supports 12 data sources such as databases, file systems, cloud storage and the like, and meets the multidimensional monitoring requirement of ISO 8000 international standards on data quality.",,,G06F18/26;G06N3/0455;G06F18/23213;G06F18/213;G06F16/215;G06F18/217,G06N3/0455;G06F18/26;G06F18/23213;G06F18/213;G06F16/215;G06F18/21,CENTURY LONGMAI TECH CO LTD,,False,True
CN-121256680-A,CN-202511348167-A,CN,A,98192772,20250920,20250920,20260102,0,Harm early warning method based on environment real-time big data,,"The invention discloses a hazard early warning method based on real-time big data of environment, which relates to the technical field of environment detection and has the technical scheme that a data acquisition module acquires the environment in real time through multiple channels to obtain the environment data; the data processing module acquires the environment data, performs data cleaning, data normalization and data fusion processing on the environment data to form an environment data matrix with a unified format, and the analysis and evaluation module acquires the environment data matrix, calculates an environment quality index EQI and acquires environment quality evaluation. According to the invention, multi-source data are acquired through various acquisition methods such as an Internet of things sensor, a remote sensing satellite, an unmanned aerial vehicle and social media, so that more comprehensive environment detection data are provided, and meanwhile, the acquired environment data are subjected to data cleaning, data normalization and data fusion processing, so that the complexity of environmental factors and the influence of acquisition errors on the environment data can be effectively reduced, and more accurate early warning information is obtained.",,,,G16Y40/10;G16Y20/10;G06V20/17;G06V20/13;G06Q50/26;G06N3/0442;G06F18/15;G06F18/25,ZHEJIANG ANHUAN SAFETY TECH CO LTD,,False,True
CN-121743957-A,CN-202511575887-A,CN,A,99155271,20251031,20251031,20260327,0,River flow missing data reconstruction method,,"The invention discloses a river flow missing data reconstruction method which comprises the following steps of S1, constructing a river network topological structure, quantifying hydraulic correlation, S2, carrying out space-time feature fusion and multi-source information extraction, S3, carrying out multi-task collaborative flow reconstruction and confidence prediction, S4, carrying out dynamic weighting and result correction on meteorological factors, and S5, carrying out anomaly detection and dynamic model updating. The method comprises the steps of setting a river flow missing data reconstruction method, mutually fusing and using all steps, performing topology-aware space-time diagram convolution, namely encoding a river network topological structure into a weighted adjacent matrix for the first time, extracting spatial correlation characteristics through a diagram convolution network, solving the problem of neglecting hydraulic connection in the traditional method, performing a multi-task collaborative learning mechanism, namely synchronously outputting a flow reconstruction value and confidence level, combining topology smoothness constraint, realizing reconstruction reliability quantification while guaranteeing accuracy, and performing meteorological dynamic weighting correction, namely dynamically adjusting node weights based on real-time rainfall intensity, and accurately adapting nonlinear response of water flow in a heavy rainfall period.",,,Y02A20/402,G06N3/0464;G06N3/042;G06F18/25;G06F18/2137;G06F18/241,JIANGXI PROVINCIAL WATER CONSERVANCY INVESTMENT JIANGHE INFORMATION TECH CO LTD,,False,True
CN-121637351-A,CN-202511862608-A,CN,A,98955846,20251211,20251211,20260310,0,Multisource protection information aggregation and anomaly verification method and system,,"A multisource protection information gathering and abnormality checking method and system comprise the steps of collecting physical parameters, pressing plate states and recording data in a set period after an action event occurs, extracting characteristic data, inputting the action event and the characteristic data into a pre-training abnormality detection algorithm to judge whether the operation is abnormal, identifying a secondary equipment function, acquiring expected source data corresponding to the secondary equipment function from a dispatching center, calculating expected pressing plate states of corresponding secondary equipment according to the expected source data if all the expected source data are acquired, setting priorities for different source data if the expected pressing plate states are acquired, calculating expected pressing plate states according to the priorities of existing data and the missing data if the missing data priority is lower than a set threshold, otherwise suspending abnormality detection of the secondary equipment, sending early warning, and judging whether the pressing plate is abnormal or not according to the pressing plate states and the expected pressing plate states for the secondary equipment which is not suspended. The invention reduces false alarm and missing alarm and ensures the safety of system operation.",,,G06N3/0442;G06F18/253;G06F18/213;G06F18/2433,G06N3/0442;G06F18/25;G06F18/213;G06F18/2433,STATE GRID JIANGSU ELECTRIC POWER CO LTD SUZHOU POWER SUPPLY BRANCH,,False,True
CN-121169088-B,CN-202511278497-A,CN,B,98048070,20250909,20250909,20260417,20260417,Permanent basic farmland quality intelligent monitoring system and method,,"The invention provides a permanent basic farmland quality intelligent monitoring system and method, which realize accurate monitoring and dynamic management through multi-module cooperation, calculate terrain gradient and canopy height based on LiDAR point cloud, generate complexity index in combination with meteorological data, improve an A-algorithm to optimize an unmanned aerial vehicle inspection path, extract hyperspectral data to analyze soil and crop states, calibrate an electrode response curve, calculate biological effectiveness index in combination with humiture and dynamically adjust an early warning threshold value, identify abnormal data by adopting an isolated forest algorithm and conduct grading treatment, merge multisource data by adopting space-time Kriging interpolation and CNMF algorithm to construct a space-time cube, synthesize indexes such as ecological protection level, economic value and the like to generate a graded soil quality index model, generate disease thermodynamic diagram and store key data in an uplink, and realize farmland quality real-time monitoring, risk early warning and ecological economic balance decision through multisource heterogeneous data fusion, dynamic weight optimization and block chain technology.",,,Y02A90/10,G06V20/17;G06V20/10;G06V10/58;G06V10/422;G06Q50/02;G06F18/25;G06F18/243;G06Q10/0635,,,False,True
CN-121903704-A,CN-202511672346-A,CN,A,99455186,20251114,20251114,20260421,0,Electric power metering and electric charge accounting system based on multi-source data and intelligent algorithm,,"The invention discloses an electric power metering and electric charge accounting system based on multi-source data and an intelligent algorithm, which relates to the technical field of intelligent power grids and comprises the following steps of S1, constructing a multi-source power credibility weighted fusion model and outputting multi-source credibility weighted fusion power; S2, carrying out section-level correction and equivalent electric quantity calculation on electric energy flowing in a current settlement time slice, S3, constructing a user side clear electric quantity distribution model, carrying out dynamic calculation on the clear electric quantity of a user, S4, constructing an electric charge base number model, carrying out dynamic pricing on the clear electric quantity, S5, optimizing the obtained electric charge base number, and S6, establishing an anomaly identification and dynamic verification mechanism. The invention forms a full-link intelligent system by constructing a credible fusion mechanism of multi-source heterogeneous data, realizing self-calibration modeling of a metering point topological structure, introducing a precise clearing method oriented to user contracts and line losses, and combining a strategy-driven electricity fee accounting model and a cross-period consistency anomaly detection mechanism.",,,H02J2103/35;H02J2103/30;G06F18/251;G06F18/2433;G06Q50/06;G06Q30/0206;G06Q30/0283;H02J3/008;H02J3/0073;H02J3/007;H02J3/06,H02J103/35;H02J103/30;H02J3/06;H02J3/008;H02J3/0073;H02J3/007;G06Q50/06;G06Q30/0201;G06F18/25;G06F18/2433;G06Q30/0283,GANSU SHINING SCIENCE & TECH CO LTD,,False,True
CN-120952587-B,CN-202511492873-A,CN,B,97606282,20251020,20251020,20260303,20260303,Multisource data fusion supervision system for geological disaster management engineering,,"The invention belongs to the technical field of geological disaster engineering supervision, and particularly discloses a multi-source data fusion supervision system for geological disaster management engineering, which is characterized in that the real-time acquisition, multi-protocol analysis, high-precision time synchronization, advanced denoising, missing value interpolation, outlier filtering and preliminary feature extraction of data are realized at a data source end, so that the data quality and the real-time performance are remarkably improved, and the processing load of a central platform is reduced; the real-time state mapping of the physical world and the virtual space and the recognition and correction scheme matching of the abnormal result of the disaster management project realize the matching of the multistage early warning linkage and the automatic emergency plan, provide visual and comprehensive visual display and decision support, greatly improve the supervision efficiency, early warning accuracy and emergency response speed, provide reliable technical guarantee for the safe and stable operation of the geological disaster management project, and effectively reduce the disaster risk and economic loss.",,,G01D21/02;G06F16/256;G06F16/2228;G06F16/215;G06N5/04;G06F30/27;G06Q10/06316;G06Q10/0637,G06Q10/0631;G06N5/04;G06F30/27;G06F16/25;G06F16/22;G06F16/215;G01D21/02;G06Q10/0637,,,True,True
CN-119557297-A,CN-202510127910-A,CN,A,94767189,20250205,20250205,20250304,0,Automatic DCMM evaluation system based on multi-source heterogeneous data integration mechanism,,"The invention discloses an automatic DCMM evaluation system based on a multi-source heterogeneous data integration mechanism, which relates to the technical field of data quality management, wherein the automatic DCMM evaluation system comprises a data source management module, a data integration module, a data quality evaluation module, a data quality diagnosis module and a data quality monitoring module, wherein the modules are connected by electric signals, and the data source management module is used for accessing various types of data sources and collecting original multi-source heterogeneous data from a plurality of data sources. According to the invention, the accuracy and the integrity of the data are improved by comprehensively monitoring and evaluating the data quality, the abnormal early warning coefficient is calculated, the potential data quality risk is identified in time, when the data quality abnormality is detected, the early warning mechanism is automatically triggered, and the alarm is sent to inform related personnel, so that the data quality problem can be found and solved at the first time, and the reliability and the credibility of the data are improved.",,,G06F16/2455;G06F16/215,G06F16/2455;G06F16/215,DATA EASY BEIJING INFORMATION TECH CO LTD,,False,True
CN-120670976-A,CN-202510659539-A,CN,A,97059632,20250521,20250521,20250919,0,Method and system for monitoring and analyzing steam leakage of shaft seal of steam turbine,,"The invention relates to the field of steam turbine shaft seal leakage monitoring, and provides a steam turbine shaft seal leakage monitoring analysis method and a system, wherein in the system, a distributed monitoring sensor is used for collecting multisource heterogeneous shaft seal working parameters of a steam turbine in real time and carrying out fusion treatment on the shaft seal working parameters; the monitoring cloud platform is used for generating a steam leakage trend curve, correcting the steam leakage trend curve, generating a fitting prediction curve by combining abnormal amplitude of a rotor, performing predictive analysis on seal working parameters by combining a pre-trained seal prediction model, and outputting a seal state evaluation result, the early warning feedback module is used for triggering a classification early warning instruction to be sent to a visual user end in an encrypted manner, and the visual user end is used for analyzing the classification early warning instruction into classification early warning information and visually presenting the classification early warning information. The invention reduces the influence of noise and other interference factors, improves the data quality, and can monitor the steam leakage of the shaft seal more accurately.",,,G06F18/253;G06F18/2415;F01D21/003,G06F18/25;F01D21/00;G06F18/2415,XIAN THERMAL POWER RES INST CO;HUANENG POWER INT INC DANDONG POWER PLANT,,False,True
CN-119475255-B,CN-202510066238-A,CN,B,94594920,20250116,20250116,20250325,20250325,Multi-source data fusion law enforcement record generation system and method,,"The invention relates to the technical field of data fusion, in particular to a system and a method for generating a law enforcement record of multi-source data fusion, wherein the system comprises the following steps: the data acquisition module normalizes and eliminates repeated data, the anomaly detection module performs data check and cleaning, the information source evaluation module performs quantization scoring on the data source, the weight adjustment module dynamically adjusts the weight based on the scoring, the data fusion module performs weighted fusion and field check, and the collaborative law enforcement record is output. In the invention, the data quality is further ensured by calculating the checksum deviation value of the data value range, and the reliability of the data set is enhanced by removing the abnormal data. Quality evaluation and input fairness of the data sources are ensured through quantization scoring and dynamic weight adjustment, so that law enforcement records are more comprehensive and authoritative. The refined data processing not only improves the accuracy of law enforcement records, but also strengthens the safety and the integrity of information, thereby remarkably improving the response speed and the decision quality of law enforcement institutions.",,,G06N5/025;G06Q10/06393;G06F18/10;G06F18/25,G06Q10/0639;G06N5/025;G06F18/10;G06F18/25,,,False,True
CN-121563224-A,CN-202511722518-A,CN,A,98791498,20251121,20251121,20260224,0,Mining new energy vehicle risk early warning system and method,,"The invention discloses a mining new energy vehicle risk early warning system and a mining new energy vehicle risk early warning method, which relate to the field of data mining equipment and comprise the steps of collecting multi-source sensing data of a mining new energy vehicle, a mining operation working condition label, a real-time position of a mining area vehicle and mining area environment state information; the method comprises the steps of carrying out modal reliability assessment on multi-source sensing data according to mining area environment state information to obtain dynamic confidence weight, carrying out weighted fusion on the multi-source sensing data based on the dynamic confidence weight to generate fusion sensing characteristics, constructing a multi-mode large model based on the multi-source sensing data and the mining area environment state information, inputting the fusion sensing characteristics and mine operation working condition labels into the multi-mode large model to output thermal runaway risk probability, constructing a space-time diagram structure based on real-time position of a mining area vehicle and the thermal runaway risk probability, and calculating a risk propagation value by fusing initial risk of a single vehicle, inter-vehicle distance and aging attenuation factors based on a risk diffusion dynamics model and introducing the space-time diagram structure.",,,G06F2119/14;G06F2119/08;G06F2111/08;G06N3/08;G06N3/048;G06N3/0455;G06F30/27;G06F18/253;G06F18/256;G06Q50/02;G06Q10/0635;Y02T10/70,G06Q50/02;G06N3/08;G06N3/048;G06N3/0455;G06F119/14;G06F119/08;G06F111/08;G06F30/27;G06F18/25;G06Q10/0635,CHINA ACADEMY SAFETY SCIENCE & TECHNOLOGY,,False,True
CN-120708310-B,CN-202510800106-A,CN,B,97113059,20250616,20250616,20260529,20260529,Automatic driving system reliability self-diagnosis method and platform based on multi-mode sensor fusion,,"The invention provides an automatic driving system reliability self-diagnosis method and platform based on multi-mode sensor fusion, the method comprises the steps of obtaining image mode data, carrying out feature extraction by utilizing a vision transducer model, generating an environment scene tag, representing the type of a current environment, carrying out statistics on key mode features in actual automatic driving operation data, obtaining a mode scoring vector corresponding to each environment scene tag, reflecting priori credibility of each sensor mode in the environment, calculating mode trust weight by softmax, obtaining a confidence weight vector, carrying out weighted fusion on the key mode features based on the confidence weight vector, obtaining fusion features, generating mode reconstruction features according to the fusion features, generating a mode consistency error vector based on the mode reconstruction features, combining the confidence weight vector and the mode consistency error vector, and determining an early warning signal of the current system, wherein the early warning signal is used for judging whether fusion degradation or mode failure risk exists in the system.",,,G06V10/764;G06V10/82;G06V10/40;G06F18/213;G06F18/253;G06F18/256;G07C5/0808,G06V10/82;G06V10/764;G06V10/40;G06F18/25;G06F18/213;G07C5/08,,,False,True
CN-121659185-A,CN-202511605192-A,CN,A,98982246,20251105,20251105,20260313,0,Fatigue driving monitoring and early warning method based on multi-source heterogeneous data fusion,,"The invention discloses a fatigue driving monitoring and early warning method based on multi-source heterogeneous data fusion, and relates to the technical field of multi-source data processing, wherein the method comprises the steps of firstly collecting and preprocessing the face, physiological signs, historical driving behaviors, vehicle environment and maintenance multi-source data of a driver; and then three layers of fusion are carried out, wherein the unified dimension of the data layer is aligned with time, the characteristic layer is used for constructing a fatigue characteristic index FCF, the decision layer is used for calculating a fatigue driving risk index FDR by adopting an entropy weight-AHP combined weighting method, four early warning grades are divided for hierarchical early warning through cluster analysis based on the FDR value, and meanwhile, the robustness of the system is improved through sensor fault switching, data conflict resolution and personalized baseline calibration. The invention fuses all-link data of &#39;physiological-behavior-environment-vehicle&#39;, and obviously improves the accuracy, early stage and reliability of fatigue monitoring.",,,B60W2040/0827;B60W2050/143;A61B5/7275;A61B5/746;A61B5/004;A61B5/168;A61B5/18;B60W40/09;B60W40/08;B60W50/14;G06F18/23213;G06V20/597;G06V10/82;G06V40/18;G06V40/168;G06V40/161;G06F18/10;G06F18/253;G06F18/251;G06F18/25,G06V40/18;G06V40/16;G06V20/59;G06V10/82;G06F18/23213;G06F18/10;B60W50/14;B60W40/09;B60W40/08;A61B5/18;A61B5/16;A61B5/00;G06F18/25,TIANJIN RICHSOFT ELECTRIC POWER INFORMATION TECH CO LTD;SIJI ZHILIAN TIANJIN INFORMATION COMMUNICATION TECH CO LTD,,False,True
CN-119792762-A,CN-202411861848-A,CN,A,95277253,20241217,20241217,20250411,0,Self-attention sleep system and method for polymorphic sleep data fusion,,"The invention discloses a self-attention sleep system and method for multi-state sleep data fusion, comprising a data acquisition module, a signal preprocessing module, a frequency division multiplexing module, a characteristic extraction module, a model training module, a sleep stage module, a correlation analysis module and an early warning system module, wherein the data acquisition module is responsible for acquiring environmental data and physiological data of a user, the signal preprocessing module is used for dividing, normalizing and denoising acquired EEG and EOG signals, the frequency division multiplexing module is used for decomposing a preprocessed signal frame into a plurality of narrow-band signals by using a frequency division multiplexing technology, the characteristic extraction module is used for extracting characteristics from the decomposed narrow-band signals, the model training module is used for training the characteristics, the sleep stage module is used for carrying out real-time or off-line sleep stage through the trained model, the sleep quality evaluation module is used for calculating sleep quality indexes based on the result of the sleep stage, the correlation analysis module is used for carrying out correlation analysis on the relations between different sleep stages and the sleep quality indexes, the quality evaluation model is generated, and the early warning system module is used for setting early warning threshold according to the sleep quality evaluation result and the quality evaluation model.",,,,G16H50/70;G16H50/20;G16H10/60;G06F18/25;G06F18/2431;G06F18/213;A61B5/398;A61B5/369;A61B5/00;A61M21/02,UNIV SICHUAN TOURISM,,False,True
CN-121808600-A,CN-202511619029-A,CN,A,99280107,20251106,20251106,20260407,0,"Hanger state monitoring method, system, terminal and medium",,"The invention belongs to the technical field of monitoring of lifting appliances, and particularly discloses a method, a system, a terminal and a medium for monitoring the state of a lifting appliance, wherein the method is used for realizing real-time state confirmation by acquiring multiple sensor signals corresponding to preset key states of the lifting appliance and combining time alignment processing and multi-source signal consistency judgment; and further predicting the fault trend of the sensor through a trained state prediction model and generating a pre-maintenance suggestion. The system and the terminal are provided with corresponding functional modules, so that high-reliability monitoring of the state of the lifting appliance and fault early warning are realized cooperatively, and the monitoring accuracy and the safety guarantee level are remarkably improved. By introducing a multi-sensor redundancy detection mechanism, misjudgment or missed judgment caused by single sensor faults is effectively avoided, and reliability and accuracy of detection of the key state of the lifting appliance are remarkably improved.",,,G06F2123/02;G01D21/02;G06N20/00;G06F18/259;G06F18/15;G06F18/2433,G06N20/00;G06F123/02;G06F18/25;G06F18/15;G01D21/02;G06F18/2433,QINGDAO PORT INT CO LTD;QINGDAO XINQIANWAN CONTAINER TERMINAL CO LTD,,False,True
