family_key,rep_publication,title_en,title_ko,abstract_en,abstract_ko,cpc_codes,ipc_codes,assignees,earliest_priority,earliest_filing_year,countries,n_publications,has_grant,hit_context,hit_cpc
100170539,KR-20260082378-A,A device and method for guiding a visually impaired person who has stepped on a braille blocks at a bus stop to move to a safe area,버스 정류장에서 점자 블록을 밟은 시각 장애인에게 안전 구획으로 이동하도록 경고하는 장치 및 방법,,"본 발명은 버스 정류장에서 점자 블록을 밟은 시각 장애인에게 안전 구획으로 이동하도록 경고하는 장치 및 방법에 관한 것이다. 
이를 위해, 본 발명의 일 실시 예에 따른 버스 정류장에서 점자 블록을 밟은 탑승 대기자에게 안전 구획으로 이동하도록 경고하는 장치는 적어도 하나의 압력 센서 및 상기 적어도 하나의 압력 센서에 의해 감지된 압력 값을 경보 장치로 전송하는 무선 송신부를 포함하며, 상기 버스 정류장과 차도 사이에 배치된 점자 블록; 및 상기 무선 송신부로부터 상기 압력 값이 수신되면, 탑승 대기자에게 안전 구획으로 이동하도록 경고등 및 경고음을 출력하는 경보 장치를 포함할 수 있다.",A61H3/066;E01C5/00;G01L5/0028;G06V40/178;G08B21/02;G08B21/182;G08B7/06;G08G1/166;H01M10/465;H04N7/18;H04W4/80;Y02W30/84,A61H3/06;E01C5/00;G01L5/00;G06V40/16;G08B21/02;G08B21/18;G08B7/06;G08G1/16;H01M10/46;H04N7/18;H04W4/80,ILK CROP;UM HUI JUN,20241126,2024,KR,1,False,False,True
100172344,KR-20260079060-A,Vibration Guidance Evacuation System for the Hearing and Visually Impaired,시청각 장애인을 위한 진동 안내 대피 시스템,,"본 발명에 따르면, 화재 및 재난 상황에서 시각 및 청각 장애인을 위한 진동 안내 대피 시스템에 있어서, 화재, 연기 및 열을 감지하기 위한 다중 감지 센서(100), 감지된 데이터를 분석하고 최적의 대피 경로를 계산하는 제어 장치(200), 무선 통신 모듈을 통해 데이터 송수신이 가능한 진동 안내 장치(300), 사용자의 방향에 따라 특정 진동 패턴으로 대피 경로를 안내하는 진동 출력 모듈(400)을 포함하여",G06Q50/26;G08B17/10;G08B17/12;G08B6/00;H04W4/80,G06Q50/26;G08B17/10;G08B17/12;G08B6/00;H04W4/80,UNIV HOSEO ACAD COOP FOUND,20241122,2024,KR,1,False,True,False
100573831,KR-20260101757-A,AI-based Customized Emergency Alert System for the Hearing Impaired,청각장애인을 위한 ai 기반 맞춤형 비상 알림 시스템,,"발명은 청각장애인을 위한 AI 기반 맞춤형 비상 알림 앱에 관한 것이다. 본 발명은 AI 기반 맞춤형 경보, 긴급 구조 요청 자동화, 대피소 및 AED 위치 안내, 다국어 및 수어 지원의 기능을 제공한다. 특히, AI 알고리즘을 활용하여 사용자 개인의 위치, 행동 패턴, 선호도를 학습하고 이를 기반으로 불필요한 알림을 최소화하며, 중요한 경보만 선별적으로 제공한다. 긴급 상황 발생 시, 단일 버튼 조작만으로 구조대에 위치 정보와 상황이 자동으로 전달되어 신속한 구조 요청이 가능하다. 또한, 사용자에게 재난 상황에 맞는 색상, 진동, 플래시 패턴을 통해 직관적인 정보를 제공하여 재난 인지 속도를 높인다. 대피소와 AED 위치 정보는 실시간으로 업데이트되며, 다국어 번역과 수어 영상 지원으로 외국인 및 청각장애인의 접근성을 대폭 향상시킨다. 이러한 기능을 통해 재난 대응에서의 정보 접근성을 높이고, 보다 안전하고 신속한 대처를 가능하게 한다.",A61B5/01;A61B5/024;G06F40/58;G06Q50/26;G08B17/00;G08B21/10;G08B25/002;G08B25/14;G08B5/22;G08B5/38;G08B6/00;G08B7/06;H05B47/165,A61B5/01;G06F40/58;G08B17/00;G08B21/10;G08B25/00;G08B25/14;G08B5/22;G08B5/38;G08B6/00;G08B7/06;H05B47/165,HA JEONG MIN,20241223,2024,KR,1,False,True,True
100777388,KR-20260119034-A,Detachable braking apparatus for manual wheelchair,수동형 휠체어를 위한 탈부착형 제동 장치,,"본 발명은 수동형 휠체어를 위한 탈부착형 제동 장치를 개시한다. 본 발명에 따르면, 하나 이상의 센서를 이용하여 상기 휠체어의 기울기 및 가속도가 미리 설정된 임계값을 초과하는지 비상상황인지 여부를 판단하여 모터 구동을 제어하는 회로부; 상기 휠체어의 2개의 손잡이 기둥 사이에 장착되어 상기 회로부 및 모터를 거치하는 장착부; 상기 휠체어의 두 개의 바퀴에 각각에 배치되며, 비상상황인 경우 상기 모터의 구동에 따라 상기 바퀴에 압착되는 브레이크 패드를 포함하는 제1 및 제2 림 브레이크; 및 상기 일측이 휠체어의 2개의 등받이 및 팔걸이 기둥에 장착되고 타측이 상기 림 브레이크를 고정하는 제1 및 제2 브레이크 고정부를 포함하는 수동형 휠체어를 위한 탈부착형 제동 장치가 제공된다.",A61G2203/30;A61G2203/42;A61G2203/70;A61G5/022;A61G5/026;A61G5/1005,A61G5/02;A61G5/10,JANG JAE WON;KIM SEUNG JUN;LYU JAE WUK;OH YOUNG CHAN;YOUN DA HYUN,20250124,2025,KR,1,False,True,False
100777726,KR-20260118803-A,Fire evacuation method for wheelchair,휠체어용 화재 대피 방법,,화재 발생 시 휠체어의 탑승자를 보호할 수 있도록 하는 휠체어용 화재 대피 방법이 제공된다. 본 발명의 일 측면에 따른 휠체어용 화재 대피 방법은 휠체어에 설치된 제1 센서부를 통해 화재에 따른 온도 상승을 감지하는 단계; 및 상기 제1 센서부에서 설정된 온도 이상으로 감지되는 경우 상기 휠체어에 설치된 방염부가 탑승자를 커버하도록 펼쳐지는 단계;를 포함한다.,A61G2203/30;A61G2203/42;A61G2203/46;A61G2203/70;A61G5/10;A62C2/10;A62C2/247;A62C37/38;G08B17/117;G08B21/182,A61G5/10;A62C2/10;A62C2/24;A62C37/38;G08B17/117;G08B21/18,UNIV NAT INCHEON RES & BUSINESS FOUND,20250124,2025,KR,1,False,True,False
37034649,KR-20070109792-A,Directional sound system with messaging,방향지시 메시지전달 음향시스템,"An exit path indicating device incorporates at least a first port for receiving an alarm indicating signal. In normal operation upon receipt of the alarm indicating signal, the device outputs verbal and non-verbal indicators of the presence of an alarm condition for use in evacuating the region. A second port disables the non-verbal outputs. The second port can be coupled to a local sensor which provides an indication of a hazardous or alarm condition adjacent to or on the exit or egress path. If the sensor is indicating the presence of a hazardous or alarm condition, the non-verbal outputs can be disabled, while verbal directions can continue to be emitted.","비상구지시장치가 경보지시신호를 수신하기 위한 적어도 제1 포트를 갖는다. 경보지시신호를 수신할 때 정상작동시에, 장치는 대피를 위하여 경보상황의 존재를 알리는 언어 및 비언어지시를 출력한다. 제2 포트가 비언어출력을 작동시키지 않는다. 제2 포트는 비상구 또는 이에 인접하여 위험 또는 경보상황을 나타내도록 지역감지기에 결합될 수 있다. 감지기가 위험 또는 경보상황의 존재를 나타내는 경우, 비언어출력이 작동되지 않는 반면에 방향지시 언어가 계속하여 발생될 수 있다. 
       
     경보시스템, 방향지시 언어메시지.",G08B3/10;G08B3/1033;G08B7/062;G08B7/066,G08B17/00;G08B17/10;G08B25/00;G08B27/00,HONEYWELL INT INC,20050325,2006,CN;KR,3,True,True,True
37812616,KR-20060133934-A,Luminaires for emergency exit sings control system,피난 유도 방향 표시 기능을 구비한 소방용 유도등 제어시스템,"A fire emergency light control system with a guiding direction display function is provided to protect precious lives of people by effectively guiding residents of a building to an exit path of the building. A fire emergency light control system with a guiding direction display function includes a fire emergency light(30) and an automatic fire detection receiver(70). The fire emergency light includes a CPU(Central Processing Unit,80), a voice output circuit, and a direction indication lamp(40), which are embedded therein. The fire emergency light is electrically(10) coupled with the receiver by a signal(20). The automatic fire detection receiver is electrically coupled with conventional sensors(50) and signal generators(60). When fire breaks out in a building, the sensor detects fire, the receiver receives a fire signal from the sensor and locates a fire site, and then the receiver generates alarm and delivers commands to the fire emergency light.","본 발명은 건축물 화재시 비상 피난을 유도하는 시스템 으로써, 기존에 사용되고 있는 통로 유도등, 피난구 유도등 및 객석 유도등에 소방용 자동화재탐지설비 주수신반(보조수신반 및 로컬 수신반 등)으로부터 피난 경로 유도 신호를 전달 받아 실행할 수 있는 내부연산장치(CPU)를 형성 시킴으로써, 화재 발생시 소방용 자동화재 탐지설비 주수신반(보조수신반 및 로컬 수신반 등)에 내장되어 있는 컴퓨터 시스템의 자동 연산장치(CPU)에 의해 명령을 전달받아 건물내에 있는 다수의 사람들을 안전하게 대피시킬 수 있는 것을 특징으로 하는 피난 유도 방향 표시 기능을 구비한 소방용 유도등 제어 시스템을 제공함에 있다. 현재의 자동화재 탐지설비 주수신반(보조수신반, 로컬수신반 등)은 고도의 산업이 발전함과 더블어 다양한 기능 및 첨단 감시 시스템을 내장하고 있으며 대부분이 컴퓨터(CPU) 시스템에 의해 제어되고 있다. 또한 보다 세밀하고 안정적으로 건물의 화재 등을 감시하기 위하여 다양한 방법들을 사용하고 있으며 특히 실시간 감시를 위하여 디지털 방식은 물론 시분할 감시 등 아날로그 방식을 통하여 건물의 보안 감시 및 화재를 감시하고 있다. 본 시스템은 이들의 기존 시스템을 활용하여 현재 제어되고 있지않는 소방용 유도등(통로유도등, 피난구유도등, 객석유도등)을 제어함으로써 위험상황 발생시 이들을 유용하게 통제하여 건물내의 사람들을 안전하게 대피시킬 수 있는 피난 유도 방향 표시 기능을 구비한 소방용 유도등 제어 시스템을 제공하고자 한다. 본 시스템은 자동화재 탐지설비 주수신반(보조수신반 및 로컬 수신반 등)의 주컴퓨터(CPU)에  연결되어 있는 각 구역의 감지기들의 상황을 수시로 파악하여 화재 발생시 화재 발생 지역의 감지기 위치를 인지하여 내부연산 프로그램에 의해 최적의 피난 통로를 기존의 소방용 통로유도등(피난구유도등, 객석유도등)을 통하여 유도하게 되는 특징을 갖게 된다. 현재의 자동화재 탐지설비 주수신반(보조수신반, 로컬수신반 등)들은 상기의 감지기 위치를 어드레스(ADDRESS) 별로 관리 및 감시를 하고 있으며 화재시 화재신호 발령 및 초기 소화 장치들을 제어하고 있다. 본 시스템은 이에 추가적 으로 자동화재 탐지설비 주수신기(보조수신반, 로컬수신반 등)가 소방용 통로 유도등(피난구유도등, 객석유도등)을 제어할 수 있도록 통로유도등(피난구유도등, 객석유도등 )에 자동화재 탐지설비 주수신반(보조수신반, 로컬수신반 등)으로 부터의 명령 및 제어를 수행할 수 있도록 내부연산장치(CPU)를 형성 시킴으로써 전체적인 피난 유도 방향 표시 기능을 구비한 소방용 유도등 제어 시스템이 완성되게 된다. 상기의 통로 유도등(피난구유도등, 객석유도등)의 내부연산장치(CPU)는 간단한 논리적 회로인 OR 게이트의 단순한 구현으로 그 실행이 가능하다. 즉 기존의 소방용 유도등(통로유도등, 피난구유도등, 객석유도등)은 기존의 유도등 기능을 유지 하면서 유사시에 방향 표시 기능을 추가할 수 있는 시스템에 관한 것이다. 또한 상기 소방용 유도등은 화재로 인하여 자동화재 탐지설비 주수신반(보조수신반, 로컬수신반 등)과의 신호선이 단선될 경우에는 자동백업(back up) 기능에 의하여 피난 유도 방향 표시를 하지 않고 기존의 소방용 유도등의 기능만을 수행하게 된다. 또한 시각 장애인을 위하여 소방용 자동화재 탐지설비 주수신반(보조수신반, 로컬수신반 등)으로 부터 전달된 연산 신호를 소방용 유도등에 형성되어 있는 내부 연산 장치(CPU)에 의하여 실행되는 방향 표시는 물론 해당 방향으로 유도할 수 있는 음성 신호를 출력할 수 있는 기능도 내장하게 된다. 이는 해당 방향으로의 신호 접점을 유지 시켜줌 으로써 내부 연산장치(CPU)에 내장되어 있는 해당 음성 신호를 일측에 형성된 스피커를 통하여 출력할 수 있게 된다. 
       
     통로 유도등(피난구유도등,객석유도등), 연상장치(CPU), 어드레스(ADDRESS), 자동화재 탐지설비, 주수신반(보조수신반, 로컬수신반), R형 수신반, 접점, 피난계획, 규정중심, 성능위주, 피난경로, 피난동선, 페닉(PANIC), 추종본능, 회귀본능",G08B7/066;G09F19/22;G09F2013/05;G09F2019/225;G09F2027/002;G09F27/004,G09F13/04,KIM YONG HO,20061206,2006,KR,1,False,True,True
38287326,US-2009038892-A1,Evacuation assistance device for elevator,엘리베이터의 피난 지원 장치,"In a building, a service zone including a plurality of floors is set. The building is provided with an elevator that is assigned to the floors in the service zone as service floors. In an event of a fire in the building, an evacuation support apparatus for the elevator controls the operation of the elevator to convey those stranded in the building to an evacuation floor. The evacuation support apparatus has an emergency control device and an evacuation guidance device. The emergency control device has a rescue floor setting portion for setting at least a predetermined one of the service floors as a rescue floor, and an evacuation operation command portion for controlling the elevator such that evacuation operation is performed to vertically reciprocate a car between the rescue floor and the evacuation floor. The evacuation guidance device is installed in the building to impart to those stranded in the building evacuation information including information for specifying the rescue floor, based on information from the emergency control device.","건물에는 복수의 층을 포함하는 서비스 존이 설정되어 있다. 또, 건물에는 서비스 존내의 각 층을 서비스 층으로 하는 엘리베이터가 마련되어 있다. 엘리베이터의 피난 지원 장치는 건물에 화재가 발생했을 때에, 건물 내에 남겨진 재관자를 피난층에 운반하도록 엘리베이터의 운전을 관리한다. 피난 지원 장치는 피난시 관리 장치 및 피난 유도 장치를 갖고 있다. 피난시 관리 장치는 서비스 존에 대하여 소정의 서비스 층을 구출층으로서 설정하는 구출층 설정부와, 구출층과 피난층 사이에서 엘리베이터 칸을 왕복 이동시키는 피난 운전을 행하도록 엘리베이터를 제어하는 피난 운전 지령부를 갖고 있다. 피난 유도 장치는 건물내에 설치되고, 피난시 관리 장치로부터의 정보에 기초하여, 구출층을 특정하기 위한 정보를 포함하는 피난 정보를 재관자에게 알린다.",B66B1/36;B66B13/24;B66B5/024,B66B1/16;B66B1/18;B66B1/36;B66B13/24;B66B3/00;B66B5/02,KAWAI KIYOJI;KONISHI MASAHIKO;MITSUBISHI ELECTRIC CORP,20060118,2006,CN;EP;KR;US;WO,8,True,True,False
38437031,EP-1988048-A8,Evacuation assistance device for elevator,엘리베이터의 피난 지원 장치,"A building is provided with an elevator and evacuation stairs. Each floor is separated into an elevator region in which the elevator is provided and a stair region in which the evacuation stairs are provided. In an event of a fire in the building, an evacuation assistance device for the elevator sets a predetermined service floor as a rescue floor, and supervises an operation of the elevator so as to convey those stranded in the building from the rescue floor to an evacuation floor. A rescue floor crowdedness detecting device detects crowdedness or uncrowdedness of the elevator region at the rescue floor. An evacuation guidance device for reporting to those stranded in the building accessibility information representing the accessibility of those stranded in the building to the elevator region at the rescue floor from the stair region is installed in the building. Information from the rescue floor crowdedness detecting device is transmitted to an emergency control device. The emergency control device has an evacuation operation performability determining portion for determining whether or not those stranded in the building can be conveyed from the rescue floor to the evacuation floor, and an evacuation guidance device control portion for controlling the evacuation guidance device based on information from the evacuation operation performability determining portion and the information from the rescue floor crowdedness detecting device.","건물에는 엘리베이터와 피난 계단이 마련되어 있다. 각 층은 엘리베이터가 마련된 엘리베이터 영역과, 피난 계단이 마련된 계단 영역오로 구분되어 있다. 엘리베이터의 피난 지원 장치는 건물에 화재가 발생했을 때에, 소정의 서비스층을 구출층으로 하고, 재관자를 구출층으로부터 피난층으로 운반하도록 엘리베이터 운전을 관리한다. 구출층에서는 엘리베이터 영역의 혼잡 유무가 구출층 혼잡 검출 장치에 의해 검출된다. 건물내에는 계단 영역으로부터 구출층의 엘리베이터 영역으로 재관자의 진입 가부를 나타내는 진입 가부 정보를 재관자에게 알리는 피난 유도 장치가 마련되어 있다. 구출층 혼잡 검출 장치로부터의 정보는 피난시 관리 장치에 전송된다. 피난시 관리 장치는 구출층으로부터 피난층으로의 운반 가부를 판정하는 피난 운전 가부 판정부와, 피난 운전 가부 판정부 및 구출층 혼잡 검출 장치 각각으로부터의 정보에 기초하여, 피난 유도 장치를 제어하는 피난 유도 장치 제어부를 갖고 있다.",B66B1/18;B66B1/36;B66B13/24;B66B5/02;B66B5/021;B66B5/024,B66B1/18;B66B1/36;B66B13/24;B66B5/02,KAWAI KIYOJI;MITSUBISHI ELECTRIC CORP,20060223,2006,CN;EP;KR;US;WO,9,True,True,False
38489381,JP-2007210589-A,Vehicle adapted to evacuation life,,"&lt;P&gt;PROBLEM TO BE SOLVED: To allow an elderly or an infant who needs nursing care or a physically-disabled person or its family to lead an evacuation life feeling relieved without worrying about surroundings by connecting a vehicle for use in evacuation to a bed when a disaster strikes.  &lt;P&gt;SOLUTION: The vehicle adapted to an evacuation life comprises: a hatchback type vehicle 1 in which a cargo fixing frame 14 is mounted on a rooftop 11; a bed 2 connected to the backside of the vehicle; and a tent 3 for covering the bed 2 after being connected. The bed 2 is formed in a folded form so as to be loaded on the rooftop 11. The vehicle 1 and the bed 2 are connected by using a connecting frame 15 mounted on the backside of the vehicle and a locking plate 22 mounted on the front side of the bed so that a floor 13 of the vehicle 1 and a mat body 29 of the bed 2 may be flush with each other.  &lt;P&gt;COPYRIGHT: (C)2007,JPO&amp;INPIT",,,A47C17/80;B60P3/34;B60P3/377;B60P3/38,OTA KIKUE,20060501,2006,JP,1,False,True,False
39091265,KR-20070113453-A,The raised block combined with induce lamp for evacuation,피난 유도등 겸용 점자블록,"A light-embedded raised block for the blind is provided to help the blind to evacuate in an emergency by storing lighting and supplying lighting for a long time in case of an emergency. A light-embedded raised block for the blind comprises a raised block(10) made of a transparent panel or a semitransparent panel, where a protrusion unit(11) is formed on an upper surface and a groove(12) are formed on a lower surface, and an emergency device including a plurality of LEDs(13), a solar battery plate(14), a sensor, a circuit plate(17) on which a microchip(15) is installed and a battery(18).","본 발명은 화재등의 비상시에 사람을 안전하게 대피시킬 수 있도록 하는 피난 유도장치에 관한 것으로서, 더욱 상세하게는 투명 또는 반투명 합성수지 패널로 이루어지고 상면과 저면에 돌출부(11)와 요홈(12)이 형성된 점자 보도블록(10)과;   
     상기 점자 보도블록(10) 저부에 다수의 LED(13)와 태양정지판(14), 센서(16), 마이크로 칩(15)이 설치된 회로기판(17) 및 축전지(18)로 비상유도장치를 구성한 것으로서, 본 발명은 시각장애인들의 길을 유도할 수 있도록 하고, 비상시 내부의 LED가 점멸되도록 함으로서 화재발생 등의 비상시 대피 방향의 식별이 용이하고, 신속하게 대피할 수 있도록 함으로서 인명피해를 방지할 수 있도록 한 피난 유도등 겸용 점자블록에 관한 것이다.      
       
     점자보도블록, LED, 돌출부, 축전지, 태양전지",E01C15/00;E01C5/20;F21S8/022;F21S9/03;G08B17/06;G08B7/066;Y02E10/50,E01C5/00;E01C5/20;E04C1/00;E04F15/00,ADMAN,20060524,2006,KR,1,False,True,True
39142768,KR-20070117716-A,Apparatus for guiding into emergency exit without man and control method therefor,비상구 무인유도 장치,"An unmanned guide device for an emergency exit is provided to switch on and off a high-brightness lamp installed at an emergency guide lamp and concentrate the light to guide the emergency exit effectively. An unmanned guide device for an emergency exit connected to a fire alarm system(20) detecting a fire and outputting alarm sound is composed of an interface unit(30) receiving an emergency sensing signal transmitted from the fire alarm system; a memory(200) storing voice guidance data about the emergency state and the emergency exit; an auditory guiding unit(300), converting voice guidance data about the emergency state and the emergency exit stored in the memory, into a voice signal if the emergency sensing signal is transmitted through the interface unit and then outputting the voice signal; a visual guiding unit(400) turning on and off a lamp(410) if the emergency sensing signal is transmitted through the interface unit; a control unit(100) detecting data in the memory by receiving the emergency sensing signal transmitted through the interface unit, transmitting the data to the auditory guiding unit, transmitting a control signal for switching on and off the lamp to the visual guiding unit, and carrying out operations for driving each component; and a power supply unit(500) having an emergency power unit charged with power supplied from a power source to supply the charged power to the visual and auditory guiding units.","본 발명은 비상구 무인유도 장치 및 제어방법에 관한 것으로서, 시각장애인이나 시력이 좋지 못한 대상에게 비상사태 및 비상구를 음성으로 안내하고, 비상구를 안내하는 유도등의 램프 식별을 더욱 용이하게 하는 것을 목적으로 한다. 
     상기 목적을 달성하기 위하여 본 발명은, 유선 또는 무선으로 연결된 화재경보시스템으로부터 비상감지신호를 전송받아 그에 대응되는 신호를 출력하여 각 구성요소를 작동시키는 제어부와, 비상사태 및 비상구 음성안내 데이터가 사전 저장된 메모리와, 메모리에 사전 저장된 비상사태 및 비상구 안내 데이터를 음성신호로 변환출력하여 비상사태 발생시 시각장애인들의 대피를 돕는 청각유도수단과, 램프에서 발산되는 빛을 점멸 및 집광시킴으로써 램프 식별을 더욱 용이하게 하기 위한 시각유도수단, 및 평상시에 상용전원으로부터 전원을 공급받아 비상용 전원으로 충전하였다가, 비상사태 발생시 전원을 공급하여 청각유도수단 및 시각유도수단을 포함한 각 구성요소를 정상작동시키기 위한 비상전원부를 포함하는 전원공급수단으로 이루어진다. 
       
     음성안내, 청각유도수단, 비상전원부, 무인유도",G08B7/062;G09F19/22;G09F2013/05;G09F2019/225;G09F2027/002;G09F27/004,G09F13/04;G09F19/22,UHM HYUN DUK,20060609,2006,KR,2,True,True,True
39982737,JP-2008259788-A,Evacuation device adapted to wheelchair,,"&lt;P&gt;PROBLEM TO BE SOLVED: To solve issues that conventional evacuation tools and devices require a plurality of pieces of care taking for evacuation and are physically hard to use for a wheelchair user in a disaster.  &lt;P&gt;SOLUTION: An evacuee rides in a basket while riding on a wheelchair and the basket descends in a suitable speed. Thus the evacuee can be safely evacuated.  &lt;P&gt;COPYRIGHT: (C)2009,JPO&amp;INPIT",,,A62B1/02,ZENKAN KK,20070412,2007,JP,1,False,True,False
40026012,KR-20080087156-A,Evacuation assistance device for elevator,엘리베이터의 피난 지원 장치,"In an emergency, an evacuation assistance device for an elevator serving multiple floors manages operation of the elevator to thereby allow people left in a building to evacuate to an evacuation floor. Also, the evacuation assistance device has an evacuation-operation execution section, an evacuation-operation-time calculation section, and an evacuation-operation determination section. The evacuation-operation execution section sets at least some of the multiple served floors as the evacuation floor and causes the elevator to perform evacuation operation for carrying the people left in the building from rescue floors to the evacuation floor. Upon receiving emergency degree information indicating the degree of emergency, the evacuation-operation-time calculation section calculates, based on the information, an estimated time period in which the evacuation operation continues. The emergency-operation determination section determines, based on the information from the evacuation-operation-time calculation section, whether the evacuation operation is to be continued. The evacuation-operation execution section controls the evacuation operation based on the information from the emergency-operation determination section.","엘리베이터의 피난 지원 장치는 복수의 층을 서비스층으로 하는 엘리베이터의 운전을 긴급시에 관리하는 것에 의해, 건물내에 남겨진 재관자를 피난층에 피난시킨다. 또, 엘리베이터의 피난 지원 장치는 피난 운전 실시부, 피난 운전 시간 산출부 및 피난 운전 판정부를 갖고 있다. 피난 운전 실시부는 각 서비스층의 적어도 어느 하나를 구출층으로 설정하고, 재관자를 구출층으로부터 피난층으로 운반하기 위한 피난 운전을 엘리베이터에 대해 실시한다. 피난 운전 시간 산출부는 긴급의 정도를 나타내는 긴급도 정보를 받는 동시에, 긴급도 정보에 기초하여 피난 운전을 계속할 예정 시간을 피난 운전 시간으로서 산출한다. 피난 운전 판정부는 피난 운전 시간 산출부로부터의 정보에 기초하여 피난 운전의 계속 여부를 판정한다. 피난 운전 실시부는 피난 운전 판정부로부터의 정보에 기초하여 피난 운전을 제어한다.",A62B5/00;B66B5/024;B66B5/027,B66B3/00;B66B5/02,MITSUBISHI ELECTRIC CORP,20080811,2006,KR,2,True,True,False
40144344,JP-2008284048-A,Assembly base and dropping mouth,,"&lt;P&gt;PROBLEM TO BE SOLVED: To provide an emergency public toilet which enables a disaster victim to quickly assemble it and start using it, has a function also helpful for local people in normal times, is excellently durable, and has devices that allow a large number of disaster victims including the disabled to use safely and hygienically when a serious disaster happens in an evacuation area or nearer there when the serious disaster causing great damage to supply of water and electricity and transportation happens.  &lt;P&gt;SOLUTION: In normal times, the toilet functions as an artful stone mosaic flower pot or a bench, whereas when a disaster happens, it can be assembled into a toilet. Since it is made of stone, it is durable for decades&#39; use and can store all toilet assembly equipment in a lower layer inner part of the flower pot or a storage space below a top panel of the bench in an excellent state. In an emergency, an existing manhole is used as a toilet tank, the equipment taken out of the storage space is instantly assembled above it, and used as a toilet.  &lt;P&gt;COPYRIGHT: (C)2009,JPO&amp;INPIT",,,A47K11/00,HASHIDA TAKAAKI,20070516,2007,JP,1,False,True,False
40150153,KR-20080087511-A,The portable lighting apparatus,휴대 조명장치,"A portable lighting apparatus is provided to guide safe driving of a disabled car by being mounted on a surface of the disabled car to secure a driver&#39;s visual field. A portable lighting apparatus includes a lighting unit(100) and a support(200). The lighting unit selectively turns on an LED(Light Emitting Diode) lamp, an induction lamp, and a flashlight of a light emitting unit(130) by using power charged in a battery according to control of a switch. The support is composed of a support member(210) to receive and support the lighting unit, a charging terminal(220) protruded inside the support member to ground the battery, and a position indicating lamp(230) installed at one side of the support member.","본 발명은, 충전지에 충전된 전원으로 스위치의 제어에 따라 LED램프, 유도램프 및 손전등의 발광부를 선택적으로 점등시키면서 휴대가능한 조명부와; 
     상기 조명부를 수용하여 지지하는 지지부재의 내부에 외부로부터 공급되는 전원으로 충전할 수 있도록 충전지가 접지되는 충전단자가 돌출되며, 상기 지지부재의 일측에 위치표시등이 점등되는 지지대로 구성되는 것을 특징으로 하는 휴대 조명장치에 관한 것이다. 
     또한, 본 발명은, 충전지에 충전된 전원으로 스위치의 제어에 따라 LED램프, 유도램프 및 손전등의 발광부를 선택적으로 점등시키면서 휴대가능한 조명부와; 
     상기 조명부를 수용하여 지지하면서 자동차 밧데리의 전원으로 충전할 수 있도록 충전지가 접지되는 충전단자가 돌출된 받침대로 구성되는 것을 특징으로 하는 휴대 조명장치에 관한 것이다. 
     본 발명은, 외부로부터 공급되는 전원으로 충전지를 충전하므로 소방용, 민방이용, 지하철, 지하건물에서의 대피용 및 야외에서 레저용으로 유사시 용이하게 사용할 수 있을 뿐만 아니라 방전을 방지하여 언제든지 용이하게 사용할 수 있는 있으며, 고장난 자동차의 표면에 장착하여 점멸되는 유도램프에 의해 주행차량 운전자의 시야를 용이하게 확보하여 안전운전을 유도할 수 있을 뿐만 아니라 손전등을 이용하여 사물을 보거나 LED램프에서 발산되는 밝은 빛으로 고장부위를 밝혀줌 으로써 수리 및 점검작업이 원활하게 이루어질 수 있도록 할 수 있는 것이다. 
       
     충전지, 충전단자, 발광부, 받침대, 지지대,",F21L4/025;F21L4/085;F21V21/406,F21L4/08,SONG KYONG;TSSP CO LTD,20070327,2007,KR,1,False,True,False
40151903,KR-20080090871-A,Evacuation system which uses the strobe light and an alarm sound,시청각 복합형 피난유도 시스템,"An evacuation guiding system is provided to enable users to quickly evacuate a dangerous situation by guiding the users to escape using both visual and audio signals. An evacuation guiding system includes a driving body(15), which includes a controller and a power supply and is implemented on an implementation surface. The driving body includes a semi-transparent or transparent light emitting surface(151), on which a guiding lamp(22) is arranged. The light from the guiding lamp is emitted to outside. One side of the light emitting surface is coupled with the driving body. A visual alarm lamp(32) and an alarm speaker(42) are installed on the other side of the light emitting surface.","본 발명은 피난유도 시스템에 관한 것으로, 보다 상세하게는 피난을 유도하기 위한 유도램프(22)가 제어부(10)의 제어에 의하여 유도용 빛이 발광되도록 구비되어지되, 상기 제어부(10)에서 시각경보제어부(31) 및 음향경보제어부(41)가 작동하도록 구비함에, 상기 시각경보제어부(31)는 상기 제어부(10)로부터 시각경보램프(32)의 점등 제어신호를 수신받아 시각경보램프(32)를 점등되도록 하며, 상기 음향경보제어부(41)는 상기 제어부(10)로부터 음향경보 제어신호를 수신받아 음향경보용 음향신호가 경보스피커(42)에서 발신되도록 구비되어, 밝은 빛을 보고 안내음향을 들으면서 피난자들, 특히 청각장애인 및 시각장애인들이 용이하게 피난할 수 있도록 하는 시청각 복합형 피난유도 시스템에 관한 것이다. 
       
     피난유도, 램프, 스피커, 시각, 음향",G08B7/062;G09F13/20;G09F19/22;G09F2013/05;G09F2019/225;G09F27/004,G09F13/04,CN EGS CO LTD;KOREAN FIRE PROT ASS,20070406,2007,KR,1,False,True,True
40221319,US-8094521-B2,Caregiver personal alert device,,"The present invention relates to a portable caregiver personal alert device to facilitate the improvement in the delivery of bedside patient care. The device assists caregivers in ensuring time-sensitive tasks are performed within a specific time frame and in a specific sequence to ensure efficiency, compliance with standard of care or regulation and patient comfort. The device of the present invention comprises a display, a microprocessor that monitors various tasks for multiple patients, and at least one user input feature and at least one alarm, capable of alerting a caregiver when it is time to perform the task. The device preferably includes various functions such as a bed assignment mode, a task mode for choosing applicable tasks associated with the needs of one or more bed numbers, and at least one clock for coordinating a plurality of alarms to one or more corresponding bed number and associated task.",,A61J7/0418;A61J7/0481;G06Q10/06311;G16H40/20;G16H40/63,G04B47/00;G04C21/00;G06Q10/00;G16H40/63,LEVY GLENN;NIGHTINGALE PRODUCT LLC;Nightingale Products LLC,20070228,2008,US,2,True,False,True
40286523,KR-20080099574-A,A push and pull door lock body,양방향 푸시풀 도어락 바디,"A bidirectional push-pull door lock body including a driving circulation unit is provided to conveniently open a door together with a locking cancel of a mortise by pushing/pulling an operation lever having a bidirectional circulation function. An operation lever(60) is combined with door lock bodies(10a,10b,10c,10d) of an indoor and outdoor side closed by a cover member(15). One side of the door lock body of an indoor and outdoor side is coupled with a hinge. A connection circulation body is circulated into up/down direction by combining in a bottom of the operation lever. A slide member(30) is installed at an inner side of the door lock body, has a to-and-fro motion corresponding to the connection circulation. A driving circulation unit operates a driving part within a mortise for a locking cancel of the mortise. The driving circulation unit is installed at the inner side of the door lock body, and is connected to the mortise for a locking unit.","본 발명은 도어의 측단면에 삽착되는 잠금장치인 모티스와 연결된 상태로 도어의 내,외측에 설치 고정되어 도어의 열림방향 및 이와 관련되어 도어 오픈을 위한 도어락 바디의 내부장치 변경이나 별도의 설정없이 푸시(Push) 및 당김(Pull)의 양방향 회동이 가능하게 설치된 도어락 바디의 작동레버를 밀거나 당겨서 모티스의 락킹 해제를 이루는 양방향 푸시풀 도어락 바디에 관한 것이다. 
     이러한 본 발명의 양방향 푸시풀 도어락 바디는, 커버부재에 의해 밀폐된 실내측 및 실외측 도어락 바디와 결합되며, 힌지 결합된 상단을 지점으로 하단의 푸시(Push)와 당김(Pull) 작용이 병용되도록 이루어진 혼용적 구조의 작동레버와; 상기 실내외측 도어락 바디의 일측에 각각 힌지 결합되며, 작동레버의 하단과 결합되어 상기 작동레버 작동 시 상,하로 회동되는 연결회동체와; 상기 연결회동체의 일측에 결합된 상태로 실내외측 도어락 바디의 내측에 설치되며, 연결회동체와 대응되어 직선왕복운동을 하는 슬라이드부재와; 상기 슬라이드부재의 일측과 연결된 상태로 실외측 도어락 바디의 내측에 설치됨과 동시에 상기 실내외측 도어락 바디 사이에 설치된 잠금장치용 모티스와 연결되며, 슬라이드부재와 대응되어 회동하면서 상기 모티스의 락킹 해제를 위해 모티스 내의 구동부를 작동시키는 구동회동체를 포함하여 구성된 것을 특징으로 한다. 
     따라서 본 발명에 의하면, 랫치부재의 슬라이드 작용에 한정된 모티스와 더불어 별도의 장금장치를 구비하면서 작동레버가 각기 일방향으로만 회동되는 종래 의 도어락 바디에 비해 도어의 열림방향 및 이와 관련되어 도어 오픈을 위한 도어락 바디의 내부장치 변경이나 별도의 설정없이 혼용적 구조로서 푸시(Push) 및 당김(Pull)의 양방향 회동이 가능하게 설치된 작동레버를 밀거나 당겨서 모티스의 락킹 해제와 함께 간편하게 도어를 오픈시킬 수 있으며, 특히 노약자나 몸이 불편한 장애인 또는 화재 등 긴급 비상 시 실내측 사용자의 신체 어느 부위를 이용하더라도 혼용적 구조의 작동레버를 간편하게 작동시킬 수 있기 때문에 이에 대한 락킹된 도어의 오픈시간 및 실내측 사용자의 대피시간을 크게 단축시킬 수 있는 등의 탁월한 효과가 있다. 
       
     양방향 푸시풀 도어락, 도어락 바디, 작동레버, 푸시(Push) 및 당김(Pull) 병용, 연결회동체, 슬라이드부재, 구동회동체, 연결핀, 모티스, 해정키",E05B2047/0084;E05B47/0002;E05B63/08,E05B47/00,JANG CHUNG;SUPERLOCK,20070510,2007,KR,2,True,True,False
40728119,CN-201244302-Y,Channel type live-saving equipment for quickly falling from building,,"The utility model relates to a high building lifesaving device, in particular to a fast high building lifesaving device, i.e., a passage type high building fast-falling lifesaving device which adopts the technique scheme that a passage type high building fast-falling lifesaving device is arranged on an extended body, and structurally comprises a tube-shaped passage, wherein a passage inflatable ring is arranged at the top of the tube-shaped passage in which a buffering inflatable body is arranged. A floor buffering inflatable cushion is arranged at the bottom of the tube-shaped passage. A landing device matched with the tube-shaped passage in diameter after being unfolded is provided. The device is pre-installed at an evacuation passage of a high building and can be equipped and maintained by the fire department or professionals. In case of fire, earthquake or other emergencies in the high building, firemen or professionals arrive at the spot, and the device is opened for use. The high building lifesaving device is not restricted by the height of the high building, and people can safely fall down in the descending passage to escape. The utility model has the advantages of reasonable design and low cost, and is suitable for popularization and can be used by various people, such as the old, the young, the sick and the disabled.",,,A62B1/20,HAIGANG ZHAO,20080611,2008,CN,1,True,True,False
40795926,EP-2235883-A1,Threat based adaptable network and physical security system,,"A security system (200) for a network, including a security system interface (220) configured to respond to a received threat level, and a computing module (230) configured to determine whether the received threat level exceeds a threshold value (560) assigned to the network, wherein the network is modified (570) upon a determination that the threat level exceeds the threshold value. Further including a similar threat based modification security system (200) for monitoring communication and physical facilities. Where a threat level (222) is compared (460) against assigned threshold values to determine if physical security devices should be activated or communications systems disabled (470).",,G08B13/19669;H04L41/28;H04L63/1416,G08B25/01;G08B25/10;G08B27/00;H04L12/26;H04L9/32,CIRKER SETH,20071218,2008,EP,1,False,False,True
40867899,JP-2009136636-A,Container for hospitalization or the like and correspondence system for the time of emergency using the container,,"&lt;P&gt;PROBLEM TO BE SOLVED: To provide a container for hospitalization by which a blood type, a medical history or the like can be presented to a person involved in medical treatment such as a doctor, or individual information such a name can be presented to a firefighter or the like, and which is useful for the preparation of appurtenances required for hospitalization and the evacuation in the case of disaster, and to provide a correspondence system for the time of emergency.  &lt;P&gt;SOLUTION: The container for the hospitalization or the like comprises the container 1 for the hospitalization for sectioning and storing various kinds of equipment such as livingware needed by elderly people or people with a chronic disease when getting hospitalized or needed by people when a natural disaster occurs, and a display card provided on the container 1 for entering items required for treatment such as the medical history and the blood type or individual information such as a name, an address and a contact. By always keeping the display card 7 which is provided on the conspicuous position of the container 1 and on which the items required for treatment such as the medical history and the blood type or the individual information such as a name, an address and a contact is entered, and reporting the condition of the person always keeping the container 1 for the hospitalization or the like to a fire department or the like and executing central management, correspondence is performed for the time of emergency hospitalization and for the time of the natural disaster.  &lt;P&gt;COPYRIGHT: (C)2009,JPO&amp;INPIT",,,A61G12/00,TACHIBANA TOSHIMITSU,20071203,2007,JP,1,False,True,False
41205043,KR-20090084496-A,Make flicker display or multi-flicker display and a short sound of function a fire detector,화재감지기 작동시의 점멸등 또는 다수 점멸등 및 단음부착형 화재감지기,"A make flicker display or a multi-flicker display and a short sound of a function in a fire detector is provided to allow a user to put out a fire in rapidly by informing a fire through a sound and a visual display. In a make flicker display or a multi-flicker display and a short sound of a function in a fire detector, a fire detector(70) senses smoke and heat when a fire out breaks. A lighting light emitting diode is displayed when a gate signal turned on. A current is flowed between the anode and the cathode of a thyristor(60) when the gate signal is turned on, and a relay(10), a sensor circuit terminal, and a relay are interlinked with each other.","본 발명은 화재감지기 작동시의 점멸등 또는 다수 점멸등 및 단음 부착형 화재감지기에 관한 것으로서, 이를 위하여 본 발명은 화재감지부(70)와, 화재감지기 시험스위치(7)와, 사이리스터(60)의 게이트(G) 회로와, 사이리스터(60)의 애노드(A)및 캐소드(K)간의 회로와, 점등 발광다이오드(6)와, 다이오드브릿지(30)회로와, 릴레이(10)와, 감지기 회로선(3, 4)의 단자로서 이루어지는 자동화재탐지설비의 화재감지기 작동시 점등되는 점등 부착형 화재감지기에 있어서, 상기 화재감지부(70)와 화재감지기 시험스위치(7)와 사이리스터(60)와 점등 발광다이오드(6)와 다이오드브릿지(30)와 릴레이(10)의 전방과 후방에 구비되는 점멸등(300) 또는 다수 점멸등 순차점멸등(400) 및 단음외 음성소자(500) 등과; 상기 화재감지기(5)의 외부 겉면 등에 구비되는 점멸등(300) 또는 다수 점멸등 순차점멸등(400) 및 단음외 음성소자(500) 등을 포함하는 구성에 의해 각 구역의 화재감지기 가운데 작동된 화재감지기를 현장에서 조기발견해야 하고 신속하게 화재여부를 탐색해야 하는 방재요원의 업무가 향상됨은 물론 작동된 화재감지기의 현장주변에서 활동하고 있을 수 있는 일반인 또는 노약자 및 장애인도 현장에서 바로 알수 있도록 되어 화재의 조기발견이 가능하고 바로 진화 및 대피가 가능하도록 되므로서 귀중한 인명과 재산의 손실을 방지되도록 하는데 특징이 있다. 
       
     화재감지기, 발광다이오드, 점등, 점멸등, 다수 점멸등 순차점멸등, 단음외 음성소자",G08B17/06;G08B17/113;G08B29/043;G08B5/22,G08B17/00;G08B17/10;G08B17/11;G08B17/113,JUNG MYUNG CHUL,20080201,2008,KR,1,False,True,False
41206571,KR-20090087609-A,Light emitting block using piezoelectric ceramics,압전세라믹을 이용한 발광블럭,"A radiation block using the electrostrictive ceramics is provided to quickly make people induce to a safe shelter by lighting a luminous unit in an emergency. A radiation block using the electrostrictive ceramics comprises a lower part main body(10), an electrostrictive ceramics unit(20), a rechargeable battery(30), a luminous unit(40) and a controller(50). The radiation block includes a top main body(60), a pressure projection board(70) and a tempered glass member(80). The top of the lower part main body is open. A space unit(11) is formed in the inside. A combining projection(12) is equipped on the floor side of the lower part main body. The rechargeable battery is electrically connected to the electrostrictive ceramics unit. The luminous unit is electrically connected to the rechargeable battery and installed inside the space unit. The controller is installed inside the space unit, and electrically connected to the rechargeable battery and the luminous unit. The controller controls the flash of the luminous unit. A penetration slit(61) is formed at one side of upper surface of the top main body. A display(62) is formed at the other side of upper surface of the top main body.","본 발명은 햇빛이 들지 않는 실내에 설치되되 다수의 압전세라믹을 구비하여 오고가는 행인이 가압함에 따라 전기에너지를 발생하여 충전시킨 후, 화재 또는 정전 등 비상 상황 시에 충전된 전기에너지를 통해 비상구의 위치를 파악할 수 있는 발광유닛을 점등시켜 안전하고 신속한 대피를 유도할 수 있으며, 돌출 형성되는 가압돌기판을 통해 장애인의 안전한 보행을 유도할 수 있는 한 압전세라믹을 이용한 발광블럭에 관한 것이다. 
     본 발명의 바람직한 일 실시예에 따른 압전세라믹을 이용한 발광블럭은 상부가 개방되고 내부에 공간부가 형성되며 바닥면에 결합돌기가 구비되는 하부본체와, 상기 결합돌기 내에 설치되는 압전세라믹유닛과, 상기 공간부 내에 설치되고 상기 압전세라믹유닛과 전기적으로 연결되는 충전지와, 상기 충전지와 전기적으로 연결되어 상기 공간부 내에 점멸가능하게 설치되는 발광유닛과, 상기 공간부 내에 설치되고 상기 충전지 및 발광유닛과 전기적으로 연결되며 상기 발광유닛의 점멸을 제어하는 제어부와, 상기 하부본체의 상측에 결합되되, 상부면의 일측에는 상기 압전세라믹유닛이 돌출 위치되도록 관통슬릿이 형성되고, 타측에는 상기 발광유닛으로부터 발산되는 빛이 외부로 노출되도록 표시창이 관통 형성되는 상부본체와, 상기 관통슬릿에 기밀적으로 결합되고, 그 하부면이 상기 압전세라믹유닛의 상부면과 면접하게 배치되는 가압돌기판과, 상기 표시창에 기밀적으로 결합되는 강화유리부재를 포함하여 이루어지는 것을 특징으로 한다. 
       
     압전세라믹, 발광블럭, 상부본체, 하부본체, 충전지, 발광유닛, 제어부, 가압돌기판, 강화유리부재",E01C17/00;E01C2201/08;F21W2111/023;G08B7/066,E01C5/00,KIM SEUNG JIN,20080213,2008,KR,2,True,True,True
41356314,KR-20090096770-A,Character display function speaker,청각장애인을 위한 문자정보 표시기능이 내장된 음성출력스피커,A character display function speaker for an auditory disabled person is provided to easily inform an auditory disabled person of a current situation by using voice and character broadcasting. A voice output speaker displaying character information for an auditory disabled person comprises rack broadcasting equipment(100). The rack broadcasting equipment comprises a character information generator(55) generating a character according to a kind of broadcasting. The broadcasting information generated by the character information generator is loaded to a sound source outputted from a sound source amplifier in an FSK(Frequency Shift Keying) mode. The sound source of the sound source amplifier including broadcast information of the character information generator is outputted to a character display speaker(110). The character display speaker outputs the character information to a character display panel(113). The character display speaker outputs voice to a speaker(114). The character display panel displays a green lamp(112) during a normal broadcast and a red lamp(111) during an emergency broadcast.,"본 발명은 청각장애인이 거주하는 건물 내에 화재와 같은 비상 재난상황이 발생하면, 신속히 청각장애인이 인식할 수 있도록 비상등과 문자정보로 비상상황을 전달하는 스피커 장치에 관한 것이다. 
     본 발명에 따르면, 일반방송이나 화재와 같은 비상상황이 감지되면 시설 내에 설치되어 있는 방송 스피커를 통하여 대피방송과 더불어 스피커에 내장된 문자표시창을 통하여 지금 방송이 일반방송인지, 비상방송인지를 구분하여 문자 표시와 비상등을 통하여 청각장애인이 그 상황을 파악하기 용이하게 하여, 화재시 얼마든지 발생할 수 있는 대형 참사를 사전에 예방할 수 있게 된다. 
       
     문자정보 스피커, 청각장애인용 문자정보 스피커, 비상방송 문자 서비스",F21V33/0076;H04L27/10;H04R1/028;H04R29/007,H04R3/00,PASCOM CO LTD,20080310,2008,KR,1,False,True,False
41455210,JP-2009285436-A,Escape rope for disaster,,"&lt;P&gt;PROBLEM TO BE SOLVED: To provide an escape rope for a disaster, enabling two or more evacuees including small children, elderly people and the sick to be quickly and smoothly evacuated in the case of a fire at the second or higher floor of a building.  &lt;P&gt;SOLUTION: Axilla belts are provided at both ends of a rope, respectively, through a speed governor, whereby when an evacuee descends using one rope, the other rope is wound up so that the ropes are alternately moved up and down to enable two or more evacuees to quickly descend and be evacuated.  &lt;P&gt;COPYRIGHT: (C)2010,JPO&amp;INPIT",,,A62B1/06,IWAKI HISAYOSHI,20080529,2008,JP,1,False,True,False
41708234,CN-101653642-B,High-rise escape sliding plate,,"The effective rescue and emergent escape for high-rise fire become social problems highly concerned by people, main innovation contents of the invention are to fully concern the optimal matching problem of high-rise fire-fighting equipment and reform a high-rise rubbish pipeline into a multifunctional emergent escape and rescue passage which consists of a vertical well mouth passage and enter gateways of various floors in the whole shape; and main members of the multifunctional emergent escape and rescue passage consist of a two-layer sliding plate, a spiral sliding rail well wall and two multifunctional vertical bars. The invention has the advantages that: (1) with multiple functions, the invention is used as a common rubbish pipe at normal times and not idle to waste; (2) with the simple structure and low cost, the invention can be applied to industrial production; (3) with absolute safety, the invention is suitable for self rescue of old, weak, sick and disabled groups; (4) the invention does not need operation technology and is suitable for cowards; (5) the height of the floor is not limited; (6) the invention is free from being reduced to the bottom once from high floors and can be changed in the midway for evacuation; (7) the operation is quite simple, so the push and placement of one person can be finished in 10 seconds, and the volume is large, so more than 200 persons on one floor can be evacuated in several minutes; (8) the service life is long and the overhaul and the maintaining are not needed; and (9) the invention is easy to be harmonious with the building design, has attractive appearance and is easy to be hidden.",,,A62B1/20,WEN YIPING;YIPING WEN,20090919,2009,CN,2,True,True,False
41720924,EP-2316773-A1,Evacuation assistance system,피난 지원 시스템,"Provided is an evacuation supporting system which can provide elevators in a building as evacuation means in the event of a fire and can substantially reduce the burden required by the rescue at the site of the fire by providing, before the arrival of firemen at the building, the firemen with information on the evacuation condition of the weak and the condition of evacuation of those who are present in the building carried out by use of the elevators. 
     For this purpose, in an ancillary room within the building, there is installed an evacuation detection device which is used by disaster preventing staff in a disaster prevention center within the building to check for persons who have escaped into the ancillary room. When a fire has been detected by a fire detector, the elevators in the building are provided as evacuation means for those who are present in the building, and the input status of the evacuation detection device and the evacuation operation condition of the elevator are transmitted to an external computer environment.","화재 발생시에 빌딩 내의 엘리베이터를 피난 수단으로서 제공할 수 있음과 아울러 소방원이 그 빌딩에 도착하기 전에, 약자의 피난 상황이나 엘리베이터를 이용한 재관자의 피난 상황을 소방원에게 제공하여, 화재 발생 현장에서의 구출에 요구되는 부담을 큰 폭으로 경감시킬 수 있는 피난 지원 시스템을 제공한다.  
이를 위해, 빌딩 내의 부속실에, 빌딩 내의 방재 센터에 있는 방재원이 부속실에 피난한 사람을 확인하기 위한 피난 검출 장치를 설치한다. 그리고, 화재 감지기에 의해 화재가 감지된 경우에, 빌딩 내의 엘리베이터를 재관자의 피난용으로서 제공하고, 또한, 피난 검출 장치의 입력 상황과 엘리베이터의 피난 운전 상황을 외부의 계산기 환경에 대해서 송신한다.",B66B3/00;B66B5/02;B66B5/024,B66B3/00;B66B5/02,MITSUBISHI ELECTRIC CORP,20080827,2008,EP;KR,2,False,True,False
41772622,KR-200424018-Y1,The raised block combined with induce lamp for evacuation,피난 유도등 겸용 점자블록,,"본 고안은 화재등의 비상시에 사람을 안전하게 대피시킬 수 있도록 하는 피난 유도장치에 관한 것으로서, 더욱 상세하게는 투명 또는 반투명 합성수지 패널로 이루어지고 상면과 저면에 돌출부(11)와 요홈(12)이 형성된 점자 보도블록(10)과;   
     상기 점자 보도블록(10) 저부에 다수의 LED(13)와 태양정지판(14), 센서(16), 마이크로 칩(15)이 설치된 회로기판(17) 및 축전지(18)로 비상유도장치를 구성한 것으로서, 본 고안은 시각장애인들의 길을 유도할 수 있도록 하고, 비상시 내부의 LED가 점멸되도록 함으로서 화재발생 등의 비상시 대피 방향의 식별이 용이하고, 신속하게 대피할 수 있도록 함으로서 인명피해를 방지할 수 있도록 한 피난 유도등 겸용 점자블록에 관한 것이다.      
       
     점자보도블록, LED, 돌출부, 축전지, 태양전지",A61H3/066;E01C5/00;F21V33/0076;G08B7/066;G09F13/04;G09F13/22;G09F19/22;G09F2013/05;G09F2019/223,G09F13/00;G09F13/04,,20060524,2006,KR,1,True,True,True
41774507,KR-200425930-Y1,Apparatus for guiding into emergency exit without man,비상구 무인유도 장치,,"본 고안은 비상구 무인유도 장치에 관한 것으로서, 시각장애인이나 시력이 좋지 못한 대상에게 비상사태 및 비상구를 음성으로 안내하고, 비상구를 안내하는 유도등의 램프 식별을 더욱 용이하게 하는 것을 목적으로 한다. 
     상기 목적을 달성하기 위한 본 고안은, 유선 또는 무선으로 연결된 화재경보시스템으로부터 비상감지신호를 전송받아 그에 대응되는 신호를 출력하여 각 구성요소를 작동시키는 제어부와, 비상사태 및 비상구 음성안내 데이터가 사전 저장된 메모리와, 메모리에 사전 저장된 비상사태 및 비상구 안내 데이터를 음성신호로 변환출력하여 비상사태 발생시 시각장애인들의 대피를 돕는 청각유도수단과, 램프에서 발산되는 빛을 점멸 및 집광시킴으로써 램프 식별을 더욱 용이하게 하기 위한 시각유도수단, 및 평상시에 상용전원으로부터 전원을 공급받아 비상용 전원으로 충전하였다가, 비상사태 발생시 전원을 공급하여 청각유도수단 및 시각유도수단을 포함한 각 구성요소를 정상작동시키기 위한 비상전원부를 포함하는 전원공급수단으로 이루어진다. 
       
     음성안내, 청각유도수단, 비상전원부, 무인유도",G06F1/30;G08B17/06;G08B3/10;G08B5/36;G08B7/062;H02J7/00,G08B17/06;G09F13/04,,20060609,2006,KR,1,True,True,True
42220063,KR-100953482-B1,A fire escape for an emergency staircase,비상계단용 화재 대피장치,"PURPOSE: A fire escape apparatus for emergency staircase is provided to enable the elderly, pregnant, and disabled persons to move to a safe place by installing a cart in the emergency staircase and to discharge poisonous gas using an induction damper installed at each stair. CONSTITUTION: A fire escape apparatus for emergency staircase comprises: a rack gear which is included on the upper side of the banister of the staircase and interlinks up and down stairs of the emergency staircase; a pinion gear which is installed on a shield case(230) and in which a flange is formed in both sides; a driving gear which is combined to the pinion gear and is installed inside the shield case; a driven gear; a braking device which is combined with the shaft of the driven gear; a separable a seat back which is separable from a seat board(203) and a foot rest(205); a safety belt which is connected to a loop and a hook; and a cart(200) including a supporting roller which is settled on a guide rail(340).","본 발명은 비상계단용 화재 대피장치에 관한 것으로, 각층에 구성된 비상구와 연결된 비상계단실에 있어서, 상기 비상계단실에 급배기장치를 가지고, 상기 비상계단실의 윗층 계단과 아랫층 계단을 연결하는 계단난간의 상부면에 형성된 랙기어와, 상기 랙기어와 치합되도록 보호케이스에 축으로 설치되고, 양측면에 플랜지가 형성된 피니언기어와, 상기 피니언기어와 축으로 결합되어 보호케이스 내부에 설치되는 구동기어와, 상기 구동기어와 치합되어 구동기어 직하부에 설치되는 종동기어와, 상기 종동기어의 축과 결합되어 보호케이스 내부에 설치되는 브레이크장치와, 상기 보호케이스의 일측면에 설치된 사각파이프와 경첩으로 설치되어, 대피자들이 탑승하여 좌석에 착석하도록 하는 좌판과, 상기 보호케이스의 일측면에 설치된 사각파이프와 경첩으로 설치되고, 상기 좌판의 위치보다 낮게 설치되어 좌판과 연결봉으로 연결된 발받침대와, 상기 좌판의 후방에 분리가능하도록 설치되는 등받이와, 상기 보호케이스 일측면에는 운행 중 탑승객을 보호하도록 설치되는 안전벨트와, 상기 보호케이스의 계단난간 측 측면에는, 상기 계단난간에 설치되는 가이드레일에 안착되어 구르도록 설치되는 보조롤러가 구비된 카트를 포함하여 구성된다. 
       
     화재, 비상, 카트",A62B1/02;A62B5/00;B66B9/02;B66B9/08;B66B9/0846,A62B1/02;A62B5/00,PARK JOO WHYEE,20091214,2009,KR,1,True,True,False
42339902,WO-2010082650-A1,Elevator system,,"Provided is an elevator system which enables efficient evacuation using an elevator when a fire occurs, and enables the confirmation of the situation of remaining evacuees when the evacuation operation of the elevator is stopped.  An evacuation call response sequence setting unit (43) sets the priority sequences for responses to evacuation-only calls registered with an evacuation-only call registration unit (26) on the basis of fire occurrence information received by a fire situation reception unit (22), and selects a response floor on the basis of the priority sequences.  An evacuation operation execution unit (44) controls the operation of the elevator in such a manner that a cage (11) goes to the selected response floor.  When an evacuation operation enable/disable determination unit (42) determines that an evacuation operation is disabled, an evacuation operation end unit (45) causes an evacuation-only call remaining floor display unit (28) to display floors on which the remaining evacuation-only calls are registered.",,B66B5/02;B66B5/021;B66B5/024,B66B5/02,IWATA MASAFUMI;KAWAI KIYOJI;KODERA TOSHIYUKI;KONISHI MASAHIKO;MITSUBIHI ELECTRIC CORP;MITSUBISHI ELECTRIC CORP;MIYAJIMA AKIHISA,20090119,2010,CN;WO,3,True,True,False
43365169,JP-2011122400-A,Evacuation device for balcony,,"&lt;P&gt;PROBLEM TO BE SOLVED: To provide an evacuation door by which anybody, irrespective of age and physical strength, can take a posture for safely stepping onto an evacuation ladder, risk and scary emotions are alleviated even in a tensed mental condition, hazard preventive measures are taken even at normal times, a locking function is provided, and a balcony space or an appearance of a building is not spoiled.  &lt;P&gt;SOLUTION: The evacuation door is structured to be horizontally pushed out forward to the outdoors, by which an evacuee can move out ahead to the outdoors in a front-facing posture without taking difficult actions like lifting the body or turning around. Thus, anybody like elderly people or children can step onto the evacuation ladder easily, irrespective of their physical strength or motion capability. The pushing-out type evacuation door is highly safe as the lock mechanism is provided, and hazard preventive measures are taken.  &lt;P&gt;COPYRIGHT: (C)2011,JPO&amp;INPIT",,,A62B5/00;E04B1/00,NONAKA MASAMORI,20091214,2009,JP,1,False,True,False
43566570,JP-2011106142-A,Tsunami shelter,,"&lt;P&gt;PROBLEM TO BE SOLVED: To provide a tsunami shelter which enables evacuation in a short period of time before the arrival of the tsunami, in view of the fact that a coastal zone has the high tsunami risk due to an earthquake causing many lives to be lost largely because the arrival of the tsunami is faster than expected, and especially it is difficult for the aged and the disabled to evacuate to higher ground.  &lt;P&gt;SOLUTION: This tsunami shelter includes: a refuge container, which has an openable doorway and which can float to a water surface by maintaining a sealed state in closing; and a unit of a pair of supports (base) composed of a plurality of steel sheet piles for guarding the four corners of the container and guiding them in a vertically slidable manner. At the arrival of the tsunami, the person escapes from the tsunami by getting into the refuge container through the doorway. By this constitution, the tsunami shelter can easily be installed, while satisfying safety, convenience and inexpensiveness.  &lt;P&gt;COPYRIGHT: (C)2011,JPO&amp;INPIT",,Y02A50/00,B63C9/06;E04H9/14,KIKUKAWA KIYOSHI,20091116,2009,JP,1,False,True,False
43595949,JP-2011018215-A,Evacuation support apparatus,,"PROBLEM TO BE SOLVED: To prevent occurrence of a disaster due to escape failure by promptly guiding inhabitants to a predetermined evacuation path in case a house has a fire, to support evacuation and rescue activities of inhabitants whose action abilities are restricted, such as elderly persons and physically handicapped persons, and to facilitate carrying-in and installation of such an evacuation support apparatus inside a house.SOLUTION: A storage tank 12, a pump 14 for pressure-feeding water stored in the storage tank 12 to a spraying nozzle 13 and a guide instruction apparatus for illuminating signs indicating guidance to an evacuation path and an evacuation direction are integrally installed in a housing 11 provided along an evacuation path in a building. In case that a fire occurs, the pump and the guide instruction apparatus are operated through a control apparatus 15, and water is discharged toward the evacuation path.",,,A62B3/00;A62C31/12;A62C35/02;A62C35/11;G08B17/00;G08B5/00,MURAMATSU KOGYO:KK,20090709,2009,JP,1,False,True,False
43614910,KR-20110008981-A,Shield apparatus for evacuation from a fire,화재 대피용 은폐장치,"PURPOSE: A shield apparatus for evacuation from a fire is provided, which enables people who can&#39;t walk to provisionally and safely evacuate until fire is suppressed. CONSTITUTION: A shield apparatus for evacuation from a fire comprises: a housing(10) in which a chamber is formed thereinside and an opening communicating with the chamber is formed in one side thereof; a sliding bed(20) which is equipped with a settling unit on which a man lies down and is installed in the housing in order to slide inside and outside the chamber; a door(25) which is made of incombustible insulating material, is fixed to the sliding bed, and opens or closes the opening of the housing; and a blow unit(30) capable of preventing external toxic gas from flowing in the chamber.","본 발명은 산후조리원이나 산부인과, 양로원, 병원, 가정 등에서 화재 발생시 스스로 보행하여 대피할 수 없거나 대피가 어려운 영아, 노인, 장애인 등이 화재가 진압될 때까지 일시적으로 안전하게 은폐할 수 있도록 함으로써 화재에 따른 인명사고를 방지할 수 있는 화재 대피용 은폐장치에 관한 것으로, 본 발명에 따른 화재 대피용 은폐장치는, 내부에 챔버가 형성되며, 일측면부에 상기 챔버로 연통되는 개구부가 형성된 하우징과; 사람이 눕혀지는 안치부를 구비하며, 상기 하우징에 챔버의 내외측으로 슬라이딩 가능하도록 설치된 슬라이딩베드와; 상기 슬라이딩베드에 고정되어, 슬라이딩베드의 이동에 따라 상기 하우징의 개구부를 개방 또는 폐쇄시키는 불연성 단열재로 이루어진 도어부와; 상기 도어부가 하우징의 개구부를 폐쇄했을 때, 상기 하우징의 개구부 쪽으로 공기를 송풍하여 외부 유해가스가 챔버 내로 유입되는 것을 막는 송풍수단을 포함하여 구성된 것을 특징으로 한다. 
       
     화재, 대피, 영아, 신생아, 슬라이딩베드, 산후조리원, 산부인과",A62B13/00;A62B15/00;E04H1/1261;E04H9/14,A62B13/00;A62B3/00;E04H9/00,JUNG EUN HEA,20090721,2009,KR,2,True,True,False
43922761,WO-2011052912-A2,Apparatus for breaking window glass for emergency evacuation,비상탈출용 유리창 파괴장치,"The present invention relates to an apparatus for breaking window glass for emergency evacuation, wherein the aim of the present invention is to enable vehicle window glass to be broken by being struck with a weak force to improve the safety of the apparatus for breaking window glass for emergency evacuation, and to enable the window glass to be broken in a reliable and quick manner even when a weak person such as a frail child or woman or the elderly uses the apparatus. The aim of the present invention is accomplished by the apparatus for breaking window glass for emergency evacuation, comprising: a fixed member, one end of which can be attached to window glass via an attachment member, and which has a through-hole formed in a central axis direction; a cover member, one end of which accommodates an upper portion of the attached member, and which is downwardly movable when struck by a user; and a breaking means, one end of which is inserted into and caught by the through-hole of the attached member, and the other end of which is attached to the cover member, and which is released when the cover member is struck by a weak force and moves toward the window glass to break the window glass.","본 발명은 비상탈출용 유리창 파괴장치에 관한 것으로, 그 목적은, 약한 힘으로 타격하는 것에 의해 차량의 유리창을 파괴가능하도록 함으로써, 비상탈출용 유리창 파괴장치의 안전성을 향상시킬 수 있고 또한, 연약한 어린이 또는 여성 및 노양자가 사용하더라도 확실하고 신속하게 유리창을 파괴가능하도록 하는 것에 있으며, 이러한 목적은, 유리창에 고정용부재를 매개로 일단이 고정가능하도록 형성되되, 중심축방향으로 관통홀이 형성되어 구비되는 고정부재와, 상기 고정부재의 상부를 일단 내측으로 수용하여 사용자가 타격시 하향 이동가능하도록 구비되는 덮개부재와, 상기 고정부재에 의 관통홀 내측으로 일단이 삽입되어 걸림되고 타단은 상기 덮개부재에 고정되어 상기 덮개부재를 약한 힘으로 타격하는 것에 대응되게 걸림 해제되는 것에 의해 유리창측으로 이동하여 유리창을 파괴가능하도록 구비되는 파괴수단을 포함하여 이루어진 것에 의해 달성된다.",A62B3/005;A62B99/00;B60R99/00,A62B99/00;B60R99/00,HAN SANGHEON;SOLOMON TECHNOLOGY CO LTD,20091102,2010,WO,2,False,True,False
44060043,WO-2011063278-A1,Fire/water rescue appliance for handicapped and elderly,,"A rescue appliance (10, 26, 50) for evacuating physically-compromised persons is disclosed. A rescue appliance includes a platform (16, 52) configured to support a prone evacuee, a set of wheels (18, 56) coupled with the platform to support the platform relative to a floor surface, and a protection assembly (22, 60) coupled with the platform. The protection assembly is configurable to surround the prone evacuee to protect the evacuee from a fire. The protection assembly can be configured to encase the prone evacuee. The rescue appliance can be configured to be sufficiently buoyant to support an evacuee on water to allow evacuation in a flooding emergency. Two or more rescue appliances can be coupled together to form a train so that multiple persons can be evacuated simultaneously.",,A61G1/02;A62B5/00,A61G1/01;A61G1/02;A61G1/04;A61G1/048;B62B3/00;B63C9/00,GRIMES WANDA,20091120,2010,US;WO,3,True,True,False
44093112,CN-201850713-U,Oblique sliding dual-purpose emergency staircase,,"The utility model relates to the technical field of fire protection of buildings, in particular to an oblique sliding dual-purpose emergency staircase, which comprises a horizontal base plate, an oblique surface, an oblique sliding plate, a stepped section, a plurality of rotating shafts, a plurality of motors, a plurality of shaft sleeves, a block plate and a horizontal section. One edge of the horizontal section and one edge of the stepped section close to the wall of the staircase are respectively provided with a rotating shaft, and the motor shaft of each motor are fixedly connected with the rotating shafts. The power switches of the motors are arranged in a fire control chamber of a whole building. The rectangular oblique sliding plate is laid on the upper surface of the stepped section of the staircase and is arranged parallel to the bottom surface of the stepped section of the staircase, and the horizontal base plate is laid on the upper surface of the horizontal section of the staircase. The oblique sliding dual-purpose emergency staircase adopts a sliding mode for emergency evacuation, and not only increases the evacuation speed, but also helps the old, weak, sick and disabled and other people with difficulties in walking, and greatly improves the success rate of safe evacuation.",,,A62B1/20;E04F11/02,CHENGDU CHUNJIANG SCI & TECH,20100831,2010,CN,1,True,True,False
44288894,JP-2011125648-A,Descending device for emergency evacuation,,"&lt;P&gt;PROBLEM TO BE SOLVED: To provide a descending device allowing users, especially infants, the elderly and the disabled to easily evacuate, even in such a state that walking is difficult, at the emergency such as a fire when it takes time for the people to move by themselves though emergency stairs, or the like are used for evacuating from a height.  &lt;P&gt;SOLUTION: The descending device includes a circulating rotator composed of a roller chain and upper and lower sprockets 1a and having a handrail 1e. The device descends with the weight of occupants&#39; own bodies applied to the handrail 1e as the occupants put their hands and feet on the handrail 1e. The descending device also includes a speed controller so that the device can descend at constant speed if the number of occupants in the device changes. A manual brake handle 3d is mounted in a boarding gate, so that the already moving descending device can be stopped for the occupants to safely transfer to the handrail 1e, and the descending device can be stopped for the occupants to get off the device. Especially if the occupants are weak, it is indispensable to transfer after the descending device is stopped. The whole device is enclosed with an ellipsoidal cylinder fence so that anyone can safely evacuate, and so that such disasters as falling when boarding can be prevented and the acrophobia can be resolved.  &lt;P&gt;COPYRIGHT: (C)2011,JPO&amp;INPIT",,,A62B1/06,NAGANO MASAMICHI,20091216,2009,JP,1,False,True,False
44485452,KR-20100012485-U,- push-pull door lock,푸시-풀 도어 락 개폐장치,,"본 고안은 기존 기술의 개폐 방식의 비효율성을 제거 하여 개폐 방식에 대한 효율성을 높이기 위해 제안된 것으로서, 본 고안의 목적은 손을 자유 자재로 쓸 수 없을 때 단순히 당기거나 밀고자 함으로 도어 개폐를 할 수 있으며,  푸시(Push) 및 당김(Pull) 가능하게 설치된 작동레버를 밀거나 당겨서 간편하게 도어 락 킹을 제거시킬 수 있으며, 특히 몸이 불편한 장애인이나 노약자 또는 화재 등 위급한 비상 상태 시 실내 측 사용자의 신체 어느 부위를 이용하더라도  작동레버를 간편하게 작동시킬 수 있기 때문에 이에 대한 락 킹된 도어의 오픈시간 및 실내 측 사용자의 대피시간을 크게 단축시킬 수 있는 등의 탁월한 효과가 있다. 
       
     문고리 회전 푸시-풀 도어 락 개폐장치 밀기 당기기",E05C1/14,E05B65/00;E05B65/08,,20090608,2009,KR,1,False,True,False
45322229,JP-2011232976-A,Evacuation information creation device and program,,"PROBLEM TO BE SOLVED: To easily and quickly create evacuation information which accelerates evacuation behavior of citizens at distribution destination by utilizing social psychological knowledge even if a person requiring caregivers is included in the distribution destination.SOLUTION: A distribution destination type for showing whether or not a distribution destination of evacuation information is a destination requiring support including the person requiring caregivers who needs support at the time of evacuation, which is inputted when setting the evacuation information, is acquired by an evacuation information setting part 15. When the evacuation information is created by an evacuation information creation part 16, the evacuation information is created based on full fixed sentence including a basic fixed sentence 14A and an evacuation support contents fixed sentence 14B if the distribution destination type acquired by the evacuation information setting part 15 is the destination requiring support, and the evacuation information is created based on the full fixed sentence including the basic fixed sentence 14A and not including the evacuation support contents fixed sentence 14B if the distribution destination type is not the destination requiring support.",,Y02A10/40;Y02A50/00,G06F17/22;G06Q50/00;G06Q50/26;G08B27/00,NIPPON TELEGRAPH & TELEPHONE,20100428,2010,JP,1,False,False,True
45614687,KR-101109090-B1,Diffusion lens for the visual alarm,시각 경보장치용 확산 렌즈,"PURPOSE: A diffusion lens for a visual alarm apparatus is provided to use a diffusion light source which is projected through a lens, thereby effectively transferring an alarm signal to a hearing-impaired person. CONSTITUTION: A lens(100) is installed in a visual alarm apparatus(150) in order to maximize diffusion of light projected to a front side. The visual alarm apparatus visually informs a disaster such as fire and etc. to a hearing-impaired person, residents, and fire fighting participants by repeating a flickering process according to a signal of an automatic fire detection facility. The lens is detachably combined in a housing(151) of the visual alarm apparatus. The lens comprises a dome shaped first lens condensing light projected from a light source The lens comprises a dome shaped second lens which transmits the condensed light to the front side by diffusing the light through an incidence part.","본 발명은 렌즈에 있어서, 광원과 마주하는 일면에 마련되어 광원으로부터 조사되는 빛을 집광하는 돔 형태의 제1렌즈; 및 상기 입사부를 통해 집광된 빛을 확산하여 전방으로 투과시키는 돔 형태의 제2렌즈;를 포함하며, 상기 제2렌즈는, 어느 일면에 음각의 형태로 마련되어 광원으로부터 직접 또는 간접으로 입사된 빛을 전방위적으로 굴절 및 반사하는 반사홈부;를 개시한다. 
이러한 본 발명은 본 발명은 제1렌즈에서 광원을 집광한 후, 제2렌즈를 통해 광원이 전방으로 확산되도록 하여 광원의 손실을 최소화고, 전방위적인 빛의 조사가 가능하며, 렌즈를 통해 조사되는 광원의 굴절, 투과 및 반사율을 최대화함으로써, 화재 또는 비상 사태가 발생할 경우, 확산 광원을 통해 청각 장애인으로 하여금 대피에 대한 신호 전달을 극대화시킬 수 있으며, 확산용 렌즈는 광원의 손실을 줄이고 조사율이 극대화가 이루어지도록 하여, 전방으로 확산되는 광원의 밝기를 최대화하여 원거리에서도 식별이 용이한 효과가 있다.  그리고 직진성이 강한 LED 광원을 이용하여 빛의 투과, 굴절 및 반사율을 극대화하여 광원의 손실을 최소화고, 빛의 효율을 극대화할 수 있는 효과가 있다.",F21V17/10;F21V33/0076;F21V5/008;F21V5/04;F21Y2115/10;G08B17/06,F21V5/04;G02B3/00;G08B17/00,TELE CO LTD K,20110126,2011,KR,1,True,True,False
45698121,US-2012053423-A1,Smart mattress,,"Systems and methods are disclosed for a self-contained Smart Mattress which is capable of monitoring the vital statistics of a patient in real time, analyzing the data using an embedded processor, storing patient identification and information, producing an electronic medical report and communicating any data to the caregiver or computer server using wireless technology, such as Bluetooth® Technology. Due to the self-contained nature of the mattress, it is also ideal for use as an emergency evacuation mattress for bed-ridden patients.",,A47D15/001;A61B2503/045;A61B5/0015;A61B5/0205;A61B5/6892,A61B5/00,GORDON MIRIAM;KENALTY CHRISTOPHER,20100824,2010,US,1,False,True,False
45844821,JP-2012030905-A,Operation control system for elevator,,"PROBLEM TO BE SOLVED: To enable a wheelchair user to preferentially escape by using an elevator, and to enable an able-bodied person to also rapidly escape while utilizing the elevator.SOLUTION: An operation control system for the elevator includes: a special hall call button 12 for the wheelchair user; a congestion degree detection mechanism 24 for detecting an in-car congestion degree; an escape path detection mechanism 42 for detecting the presence or absence of an escape path except the elevator; and an operation control part 30 for controlling the operation of the elevator on the basis of information from the special hall call button 12, the congestion degree detection mechanism 24 and the escape path detection mechanism 42. The operation control part 30 performs the operation while checking a special call registration condition and the in-car congestion degree in a disaster evacuation mode, unloads the able-bodied persons on a midway story enabling separate escape or a standby condition, when it is determined that the wheelchair cannot be loaded into the elevator car, guides the able-bodied persons to make them escape to another escape path and bring them into the standby condition, and makes the elevator car 22 go direct to a special call registration story, after unloading the able-bodied persons until bringing the inside of the elevator car 22 into an empty condition or a congestion condition allowing the entrance of the wheelchair.",,,B66B1/14;B66B5/00,TOSHIBA ELEVATOR CO LTD,20100728,2010,JP,1,False,True,False
45912232,CN-102409928-A,Escape door/window,,"The invention discloses an escape door/window and relates to escape shelter equipment for building fire. The escape door/window comprises a window frame, a fireproof window sash and an escape window grille; the whole structure is connected with a wall through bolts or steel structures and fixed at a pocket corridor end, an escape exit, a public passage and an indoor windowsill or balcony of a building. In emergency escape, the escape window grille, an escape cabinet and escape equipment are quickly expanded and suspended outside the window at the same time through an opening/closing device and a slide rail to form an escape ladder or escape vehicle with multiple safety guarantees; the escape door/window is applicable to floors of different heights, and can minimize the worry and fear of people in danger in a tall building at high altitude regardless of the height, weather, daytime/nighttime, power and other factors for people living in the building including the old, the weak and the disabled; and moreover, the escape door/window can be operated independently or by many people and used for rescuing people one after another, being a novel system which realizes safe escape and shelter and is comprehensive in preventing disasters, damage and thievery for tall buildings.",,,E06B3/36,YIZHONG LIN,20111011,2011,CN,1,False,True,False
46165479,JP-2012068009-A,Heating tool preparation method for disaster shelter,,"PROBLEM TO BE SOLVED: To solve the problem called &#34;disaster related death&#34; wherein when such a large disaster as earthquake, tsunami, fire or radioactive contamination occurs in winter, and the gymnasium of school or the like is provided as a disaster shelter, it is necessary for disaster victims to keep off severe cold in a shelter wrapping themselves up in blankets as in outdoors since all lifelines are not available, and an oil stove is not available in case of the risk of any aftershock, and since there may be sick persons or elderly people who become ill and pass away.SOLUTION: Since the ceiling of a gymnasium or the like which is prepared as a disaster shelter is high, heat escapes upward, and a part above a floor level is cold. To cope with this, a transparent heat insulation sheet is so stretched as to entirely cover the interior of a room for shielding the lower part so that the lighting of a height window or a ceiling light can be prevented from being intercepted at almost the height of an entrance/exit. Then, a heating sheet of a tatami size (equivalent to the size of a 24-hour heating sustainable portable body warmer) is spread all over the floor, and blankets are spread above. Thus, disaster victims can stay in a warm shelter with safety even when any aftershock occurs.",,,F24D13/02,SHIMADA YOSHIO,20110415,2011,JP,1,False,True,False
46272006,KR-101145438-B1,Evacuation information guide system and method with impartation function of fire located and evacuation,화재발생위치 및 대피방향 알림기능을 갖는 대피정보안내시스템 및 방법,"PURPOSE: Evacuation information guide system and method are provided to enable users to safely and rapidly evacuate. CONSTITUTION: An evacuation information guide system(200) comprises a detection sensor(210), a detected signal input module(220), a detected signal determining module(230), an output control module(240), and an evacuation data guide module(250). The detection sensor senses smoke or fire and outputs a sensing signal. The detected signal input module receives the sensing signal outputted in the detection sensor. The detected signal determining module receives the sensing signal received to the detected signal input module, analyzes the sensing signal, and determines originating site and scale of the corresponding fire. The output control module generates an inter-layer evacuation control signal. The evacuation data guide module outputs evacuation information.","본 발명은 화재발생위치 및 대피방향 알림기능을 갖는 대피정보안내시스템 및 방법에 관한 것으로서, 보다 상세하게는 대피정보안내장치를 통해 건물의 각 층별 또는 층간별 현재 위치에 대하여 해당 화재가 발생한 위치의 상대정보를 알려주도록 함으로써, 화재가 발생한 위치로부터 안전하고 신속하게 벗어날 수 있도록 하기 위한 것이다.  또한, 본 발명은 해당 건축물의 구조적 특징에 따라 설정된 대피로에 대응하여 각 층별 또는 층간별 이동방향을 알려줌으로써, 보다 안전하고 신속한 대피가 이루어질 수 있도록 한다.  더불어, 시각장애인에게도 정확한 상대정보를 제공할 수 있음은 물론, 해당 상대정보를 단문 또는 단어 중 적어도 하나의 문자형태로 제공함으로써, 대피자들의 신속하고 정확한 판단이 가능하도록 할 수 있다. 따라서, 위급상황시 대피를 유도하는 시스템, 방법 및 장치를 제공하는 분야에서 신뢰성 및 경쟁력을 향상시킬 수 있다.",G08B17/06;G08B17/10;G08B7/066;G09F13/20;G09F9/00,G08B17/06;G08B17/10;G09F13/20;G09F9/00,CHOI DOO SUN,20111221,2011,KR,1,True,True,True
46289359,CN-102518320-A,Combined rapid convergence and evacuation floor or high platform with multiple types of upstairs and downstairs,,"The invention relates to a combined rapid convergence and evacuation floor or high platform with multiple types of upstairs and downstairs, which belongs to a novel rapid convergence and evacuation structure specially designed for environments with the centralized stream of people going upstairs and downstairs. The combined rapid convergence and evacuation floor or high platform comprises a building/pavilions floor or a floor with a high drop platform or a high platform with centralized configuration of ordinary upward and downward stairs, an elevator/escalator, a sitting type slide chute, a safety riding slide and safety rapid steps to form multiple types of upstairs and downstairs with different shapes and characteristics. People tend to live and move together in the social life. By adopting the floor or high platform, the elderly, the weak, the young, people shopping slowly, people walking quickly, gentlemen, lively people and other customers and pedestrians in public places with the concentrated stream of people can independently select the appropriate stairways to go up and down, the space and the time can be saved, and the evacuation order and efficiency of convergence and evacuation spots can be improved greatly. The combined rapid convergence and evacuation floor or high platform is suitable for market shops, stations, terminals, halls, buildings, education buildings, dormitory buildings and other places with large stream of people, can also be used as a facility to go up and down crosses, overhead walkways, underground walkways and the like, and has a good performance, wide scope of application and high efficiency.",,,E04F11/02;E04H3/00,XIMIN NI,20111230,2011,CN,1,False,True,False
46499903,JP-2012116573-A,Elevator system for evacuation,,"PROBLEM TO BE SOLVED: To provide an elevator system for evacuation allowing dwellers in the entire building including elderly people, pregnant women, children and wheelchair users to safely evacuate in a short time by using elevators without using stairs upon the occurrence of a fire.SOLUTION: In this elevator system for evacuation which is also responsible for traffic for evacuation by elevators from floors other than a reference floor to the reference floor in a fire and installed in a building, a temporary evacuation area partitioned by fire shutters descending from a ceiling when a signal of fire occurrence is received is installed in a hallway part facing the elevators on each floor other than the reference floor of the building; and a fire evacuation operation which repeats back-and-forth operation between the reference floor and prioritized floors other the reference floor in a predetermined priority order until the evacuation of evacuees of the floors is ended upon the fire occurrence and moves to the floor of the next order to repeat the back-and-forth operation until the evacuation of the evacuees of all the floors other than the reference floor is ended after the end of the evacuation of the floors is incorporated in a control device of the elevators.",,,B66B1/06;B66B1/18;B66B5/02,ELEVATOR KENKYUSHO KK,20101129,2010,JP,1,False,True,False
46578107,WO-2012106361-A2,System and method for facilitating home care activities,,"A computer-implemented system for managing the tracking and completion of one or more caretaking events, including a care management interface configured to receive and track one or more caretaking events and facilitate assignment of at least one caregiver record with each of the caretaking events, wherein a caretaking event is an item to be performed by the caregiver identified in the caregiver record taken for the benefit of a home health care recipient. The system further includes a professional home care management interface configured to receive an assignment of caretaking event in a calendar item or task item, generate and transmit a home care management request including the caretaking event to a home care management system, receive a confirmation from the home care management system that the task has been assigned to the home care management system, and display an indication of the assignment in the care management interface.",,G06Q10/06311;G16H40/20;G16H40/67,G16H40/20;G16H40/67,BRIGHTSTAR FRANCHISING LLC;PEARL JAYSON;RAMCZYK ERIN;SUN SHELLY A,20110131,2012,US;WO,3,False,False,True
46644506,JP-2012127180-A,Shelter road,,"PROBLEM TO BE SOLVED: To save as many as possible of human lives including elderly people and children, while thinking of silent voices of numerous persons dead or missing in the great earthquake, or of the death or the missing in the future.SOLUTION: A person can reach an entrance of a shelter road by a 5 to 6 minutes walk upon being prepared for an evacuation regardless of which location in the region he/she is. From the entrance through a sloping stair, a suspension bridge or the like, he/she reaches a main road for an escape to a hill.",,Y02A30/60,E01C1/04,ARIMATSU ISAMU,20110603,2011,JP,1,False,True,False
46677371,JP-2012140842-A,Tsunami evacuation device,,"PROBLEM TO BE SOLVED: To provide a tsunami evacuation device which naturally can be used as a multilevel parking space in normal time, allows not only a vehicle but also a neighboring resident as well as a passing person to freely seek refuge therein from an attack of a tsunami, and facilitates evacuation in a wheelchair by using a slope and the like.SOLUTION: The present invention comprises: a plurality of columns, floors on a plurality of stories where parking is available, and slopes enabling a vehicle to drive up and down between the ground and the floors. Feet of the slopes are constructed in a manner that prevents a tsunami from surging up the slope.",,,E04H6/10;E04H9/14,FUJIKA KK,20060608,2011,JP,1,False,True,False
46688741,KR-101153371-B1,Public address system and method for guiding disabled person and thereof speaker,장애인 안내를 위한 전관방송 시스템과 그 방법 그리고 스피커,"PURPOSE: A public broadcasting system for providing information to disabled people, a method thereof, and a speaker are provided to control a volume level of each speaker in order to easily evacuate disable people. CONSTITUTION: A public broadcasting system comprises a central system(100), a speaker(200), and a speaker line(300). The central system creates an evacuation route by detecting an emergency situation. The central system transmits an emergency signal by designating a plurality of speakers located on the evacuation route. A two-wire speaker line transmits a power source, a data signal, and an audio signal by synthesizing into the emergency signal in the central system. The speaker provides the emergency signal according to the audio signal transmitted through the speaker line. A display module visually displays the evacuation route using the data signal and the power source.","장애인 안내를 위한 전관방송 시스템과 그 방법 그리고 스피커가 개시된다. 
본 발명의 실시 예에 따른 장애인 안내를 위한 전관방송 시스템은, 전관방송 영역 내에 비상 상황이 발생한 것을 파악하여 그 발생 위치를 회피하는 적어도 하나의 대피 유도 경로를 생성하고, 각 대피 유도 경로상에 위치한 복수의 스피커를 지정하여 대피 유도 신호를 전송하는 중앙 시스템과 상기 중앙 시스템에서 상기 대피 유도 신호로 합성된 오디오 신호, 데이터 신호 및 전원을 전달하는 2선식 스피커 선로; 및 상기 스피커 선로를 통해 전달되는 상기 오디오 신호에 따른 청각적 비상 안내 방송을 하고, 상기 데이터 신호 및 상기 전원을 이용하여 표시 모듈을 통해 시각적 대피 유도 방향을 표시하는 스피커를 포함한다.",G08B17/06;G08B21/02;G08B3/10;G08B7/06;G09F27/00,G08B17/06;G08B21/02;G08B7/06;G09F27/00,WINMEDITECH CO LTD,20111107,2011,KR,1,True,True,True
46887316,KR-101174397-B1,In door broadcating speaker for a hearing impaired person,청각장애인을 위한 안내 방송용 실내 스피커,PURPOSE: An indoor broadcasting speaker for a hearing impaired person is provided to rapidly evacuate the hearing impaired person indoor by controlling the flickering of a light emitting diode lamp in an emergency situation. CONSTITUTION: A cover(203) includes a plurality of lamp installation holes which is made out of a transparent material. A plurality of LEDs(211) inserted in the lamp installation holes is arranged on a lower portion of the cover. A lamp substrate includes a solar cell installing between each LED. A speaker outputs an announcement into an acoustic signal. A control device is connected in parallel with a wire(221) which transmits an electric signal to the speaker. The control device controls the flickering of the LED according to an alarm sound or a siren signal entering the wire. A chargeable battery supplies charged electrical energy to the control device. A housing(201) is connected to the lower portion of the cover.,"본 발명에서 청각장애인을 위한 안내 방송용 실내 스피커를 개시한다. 
본 발명에 따른 스피커는, 투명재질의 테두리에 다수 개의 램프 설치구가 구비된 커버; 커버의 하부에는 상기 램프 설치구로 인입되는 다수 개의 엘이디를 구비하며, 각 엘이디 사이로 쏠라셀이 장착된 램프 기판; 안내방송을 음향신호로 출력하기 위한 스피커; 스피커로 전기적 신호를 전송하는 배선과 병렬 접속되어, 배선으로 유입되는 싸이렌 시그널에 동조하여 상기 엘이디를 점멸 제어하는 제어장치; 쏠라셀로부터 충전되는 전기에너지를 충전한 후, 충전된 전기에너지를 상기 제어장치로 공급하는 충전 배터리; 및 천정에 설치 가능한 구조로서 상기 커버의 하부에 연결되는 하우징;으로 구성된다. 
따라서 본 발명은, 안내 방송을 목적으로 설치되는 실내 스피커에 엘이디 램프를 장착하고, 비상 상황 시 엘이디 램프의 점멸을 제어함으로써, 실내 청각장애인의 신속한 대피를 유도할 수 있는 효과가 있다.",F21V33/0056;F21V33/0076;H04R1/025;H04R1/028;H04R2201/021;Y02E10/50,H04R1/02;H04R27/00,YUN SEONG MIN,20120326,2012,KR,1,True,True,False
47082683,JP-2012189317-A,Heater for disaster shelter,,"PROBLEM TO BE SOLVED: To solve the problem of disaster-related death that, when a major disaster such as earthquake or seismic sea wave occurs in winter, life lines are completely destroyed, people have to evacuate to a school gymnasium or the like, however there are not only people having no disabilities but also people needing wheelchairs, demented people having evacuated from institutions and elderly people, and there are possibilities that ill people or elderly people die in a disaster shelter where it is as cold as outdoor because a heating stove is not used in consideration that there are possibilities that, if a domestic kerosene stove is placed on a floor and the aftershock occurs, elderly person who is clumsy of foot falls over the heating stove to cause a fire which may result in deaths and injuries of many people in the shelter.SOLUTION: The best way of heating in a disaster shelter is to use a solid fuel stove: being equipped with an automatic fire extinguishing device which responds to earthquake at a high position where people staying in the disaster shelter do not stub their toes against the fire extinguishing device; and burning a solid fuel whose fire does not spread even when the solid fuel stove falls down and the solid fuel drops. The solid fuel stove is configured in such a way that upward hot air flow generated by burning the solid fuel with a size approximately formed by laying six tissue boxes in a second tier is sent out from a discharge port by a blower fan to heat the inside of the shelter.",,,F24B1/02;F24B5/02,SHIMADA YOSHIO,20120427,2012,JP,1,False,True,False
47527113,JP-2012255316-A,Waterproof underground shelter,,"PROBLEM TO BE SOLVED: To provide a waterproof underground shelter which is installed under the ground surface without having a structure on the ground and allows evacuees such as a large number of persons, elderly persons, children, handicapped persons, and sick persons to be rapidly entered.SOLUTION: An encapsulated waterproof shelter is installed under the ground as a measure against tsunami, flood disaster, or the like. The top face of the shelter has a planar shape. The shelter has a door for entrance and exit, a hole for checking the outside, and a lifting and lowering tool. The door for entrance and exit and the hole for checking the outside have encapsulated waterproof capability. The lifting and lowering tool is used in a slide shape during evacuation, allowing for rapid evacuation.",,Y02A10/30;Y02A50/00,E04H9/14,AIAN:KK;TETSUGUMI SENSUI KOGYOSHO:KK,20110610,2011,JP,1,False,True,False
47899879,KR-101235308-B1,Guardrail of balcony for evacuating,공동주택의 발코니 난간대,"PURPOSE: A balcony handrail of an apartment building is provided to allow an occupant to enter a boarding basket to escape, thereby minimizing panic and quickly and safely evacuating children, elderly, and weak persons without the danger of falling. CONSTITUTION: A balcony handrail(20) of an apartment building includes a lower support(22), an upper support(21), plural lattice members(23), and an escape apparatus(200). The lower support has both sides fixed to a wall body(11) of the apartment building and is horizontally arranged at the lower side of a balcony(13). The upper support has both sides fixed to the wall body of the apartment building and is horizontally arranged at the upper side of the lower support. The lattice member has both sides respectively coupled to the upper support and the lower support is vertically arranged between the upper support and the lower support. The escape apparatus is equipped with a hoist(210) and a boarding basket(230). One side of the hoist is rotatably coupled to the lower support, and the other side of the hoist is detachably coupled to the upper support. The boarding basket is coupled to one side of the hoist(210).","공동주택의 발코니 난간대가 개시된다. 본 발명의 실시예에 따른 공동주택의 발코니 난간대는 완강기에 결합된 바스켓 형상의 탑승낭에 탑승할 수 있으므로 대피 시에 공포감을 최소화 할 수 있고, 유아나 노약자도 추락할 위험 없이 안전하고 신속하게 공동주택의 외부로 대피할 수 있으며, 탑승낭의 하면 및 측면이 화염을 차단하므로 탈출하고자 하는 층보다 저층에서 화재가 발생한 경우에도 안전하게 대피할 수 있다.",A62B1/10;A62B1/18;E04F11/181,A62B1/00;E04F11/18,CHUNG NAM CN ARCHITECTS & ENGINEERS CO LTD,20120926,2012,KR,1,True,True,False
48048457,EP-2956917-A1,Evacuation assistance apparatus,,An evacuation assistance apparatus for indicating a route within a building or other structure is disclosed. Multiple housings contain laser light line sources for producing a beam of laser light as a linear line. Adjusters are used to alter the laser light line so that the line starts substantially vertically below said housing. The adjusters also allow the line to be directed on to a portion of the wall to highlight an exit doorway. The apparatus is provided as a modular system including multiple sensors making it suitable for installation in many buildings and providing feedback information to prevent or determine the cause of a fire.,,A62B3/00;B60Q3/46;G08B5/38;G08B7/062;G08B7/066,G08B5/36;G08B5/38;G08B7/06,BRIGHT ROUTE LTD,20130215,2014,CN;EP;US;WO,6,True,False,True
48443333,KR-101255657-B1,Fire alarm system for hearing-impaired person,청각장애인용 화재경보시스템,"PURPOSE: A fire alarm system for the hearing impaired is provided to immediately find fire occurrence and location, regardless of where people with hearing impairment are present indoors. CONSTITUTION: A fire alarm system for the hearing impaired includes a plurality of wireless alarm devices(100). The wireless alarm device is installed in the vicinity of a fire detector(50) installed in the ceiling of each room. The wireless alarm device includes a fire detection reception unit(110), a control unit(130), and a wireless transception unit(140). The control unit lights a light-emitting unit if a fire detection signal is received from the fire detection reception unit or the wireless transception unit. The control unit transmits the fire detection signal and a unique ID to the other wireless alarm devices when a fire detection signal is received from the fire detection reception unit. The other wireless alarm devices display a location corresponding to the unique ID based on the unique ID received from the wireless transception unit on a display unit. [Reference numerals] (50) Smoke detector;","본 발명은 화재감지신호를 무선으로 여러 장소로 송수신하여 청각장애인이 실내 어느 장소에 있더라도 신속하게 화재가 발생하였음을 알려줄 수 있는 청각장애인용 화재경보시스템에 관한 것이다. 이를 위하여, 본 발명은 화재시 청각장애인에게 화재경보를 줄 수 있는 청각장애인용 화재경보시스템에 있어서, 상기 청각장애인용 화재경보시스템은 복수 개의 무선경보장치를 포함하며, 상기 무선경보장치는, 화재감지기로부터 감지된 신호를 전송받는 화재감지수신부; 상기 화재감지수신부의 신호를 증폭시키는 증폭부; 상기 무선경보장치에 설치된 각종 부품을 제어하는 제어부; 상기 제어부에 의하여 다른 무선경보장치와 무선으로 신호를 송수신하기 위한 무선송수신부; 상기 제어부에 의하여 발광하는 발광부를 포함하여 구성되며, 상기 제어부는 상기 화재감지수신부 또는 무선송수신부로부터 화재감지신호가 수신되면 상기 발광부를 발광시키는 것을 특징으로 하는 청각장애인용 화재경보시스템을 제공한다. 
따라서, 본 발명에 의하면 실내에 기존 설치된 화재감지기의 변경 없이 용이하게 청각장애인용 화재경보시스템을 설치할 수 있으며, 청각장애인이 실내 어디에 있든 신속하게 화재발생 여부 및 화재발생 장소를 파악할 수 있어 안전하게 대피할 수 있도록 해 준다.",G08B17/06;G08B25/10;G08B5/22;G08C17/02,G08B17/06;G08B25/10;G08B5/22,KUN YOONG IBC CO LTD,20120823,2012,KR,1,True,True,False
48704834,JP-2013107614-A,Floating type tsunami refuge,,"PROBLEM TO BE SOLVED: To provide a Tsunami refuge configured to maintain safety of refugees without being submerged or washed away even if hit by unexpected huge Tsunami or flood.SOLUTION: The refuge floats on the surface of water and is prevented from being submerged regardless of height of Tsunami or water depth of flood, and is prevented from being washed away by a chain connected to the ground. The refuge is supported by a pipe-shaped supporting column extending from the ground etc., and only moves vertically along the supporting column along with fluctuation of the water depth, without being washed away. When hit by large Tsunami higher than the height of the supporting column, the refuge slips out from the supporting column and drifts on the sea without submerging. The location of the refuge can be confirmed by a GPS or the like, so as to collect and rescue the refuge. Since the refuge can be installed at a place near a residential area etc. in a lowland, thereby facilitating evacuation of the elderly etc., The refuge can be utilized casually.",,,B63B21/00;B63B21/20;B63C9/06;E04H9/14,TOYAMA KIICHI,20111122,2011,JP,1,False,True,False
48776865,JP-2013125758-A,Solar cell module mounting transport vehicle,,"PROBLEM TO BE SOLVED: To provide a solar cell module mounting transport vehicle capable of multipurpose use in a disaster area, for example, not limiting to transfer of victims or elderly people or transportation of evacuation tools or assistance materials, and movable easily as a photovoltaic power generator.SOLUTION: A transport vehicle 1 includes a solar cell module 5 being mounted removably on the surface of a carrier 2 with a wheel 3 on which transport materials are mounted and transported by a bearer holding a handle 4, a first support frame 6 being housed in the rear surface of the carrier 2 during transport, and having legs 9a projecting downward of the carrier 2 during stoppage, and a second support frame 7 provided at the tip of the carrier 2 and having legs 9b projecting downward of the carrier 2 during stoppage. The carrier 2 is supported by the legs 9a, 9b of the first support frame 6 and second support frame 7 while forming a predetermined angle of inclination.",,Y02E10/50,H01L31/042,TECHNO KNOWLEDGE SYSTEM KK,20111213,2011,JP,1,False,True,False
48797962,US-2013191140-A1,Caregiver processes and systems,,"Embodiments of the invention relate to methods and systems for coordinating care for a care recipient among one or more caregivers. Caregivers can organize and assign tasks related to a diagnosis, illness, condition, behavior, living condition, etc. of a care recipient. Interactive systems and methods are disclosed that allow multiple caregivers to accomplish a plurality of tasks, generate care related reports, and/or monitor medication compliance.",,G06Q10/063114;G06Q50/22;G16H10/60;G16H15/00;G16H20/10;G16H80/00,G06Q10/06;G06Q50/22,CARING IN PLACE INC;FOTHERINGHAM JOSHUA ROBERT;HOWELL DAVID SMITH;JARMAN JAMES HOYT,20100929,2012,US,1,False,False,True
48866198,KR-101271154-B1,Audio guiding device for the blind,시각장애인용 음성유도기,"PURPOSE: A sound induction device for the blind is provided to wirelessly transmit a guidance requesting signal according to the standard of the sound induction device for the blind in a fire, and to guide an evacuating method in the corresponding position. CONSTITUTION: A sound induction device for the blind is comprised of the followings: an operation table(112) which contains a control code for the blind guidance, a control code for a fire evacuation guidance, a control code for advertisement, and all kinds of predetermined values for the operation under the control code; a memory(110) which stores blind guidance sound source data, fire evacuation guidance sound source data, and advertisement guidance sound source data; a sound output unit; and a control unit which confirms whether the control code in the received wireless signal is the control code for the blind guidance, the control code for the fire evacuation guidance, or the control code for the advertisement in the operation table, plays the blind guidance sound source data, the fire evacuation guidance sound source data, or the advertisement sound source data according to the confirmation result, and outputs the data to a sound output unit. [Reference numerals] (110) Operation table; (120) LED driving unit; (130) Voice processing unit; (132) Voice amplifying unit; (140) Power supplying unit; (142) External power; (144) Emergency power; (152) RF receiving unit; (160) Infrared ray receiving unit; (220,320) Command coding unit; (230,330) RF transmitting unit; (250,350,360) Battery; (410,105) Micom; (420) Key input unit; (430) Display device driving unit; (440) Display device; (450) Infrared ray transmitting unit; (AA) Fire sensing signal; (BB) Basic guide voice source data; (CC) Additional guide voice source data; (DD) Fire evacuation guide voice source data; (EE) Public relation guide voice source data","본 발명은 화재 발생 시에 시각장애인용 음성유도기의 규격에 따라 시각장애인용 음성유도기에 안내 요청 신호를 무선으로 송출하고, 이에 응하여 시각장애인용 음성유도기가 해당 위치에서의 대피 방법 등을 음성으로 안내할 수 있도록 함으로써 시각장애인 음성유도기의 활용도를 극대화시킬 수 있도록 한 시각장애인 음성유도기용 무선 송신 장치 및 이에 사용되는 시각장애인 음성유도기에 관한 것이다. 
본 발명의 시각장애인 음성유도기용 무선 송신 장치는 시설물에 고정 설치되어 당해 시설물에 설치된 시각장애인용 음성유도기와 통신하되, 화재감지신호가 입력된 경우에 화재알림용 제어 코드를 발생시키는 명령 코딩부 및 상기 명령 코딩부에 의해 발생된 상기 화재알림용 제어 코드를 시각장애인용 음성유도기의 캐리어 주파수에 실어서 출력하는 RF 송신부를 포함하여 이루어진다. 
전술한 구성에서, 상기 화재감지신호는 시설물에 설치된 소화전의 경종에 공급되는 직류전원이거나 시설물에 설치된 화재 감지기로부터의 화재 감지 신호인 것을 특징으로 한다. 
화재를 감지하는 연 감지기 또는 열 감지기를 더 구비하고, 상기 화재감지신호는 상기 연 감지기 또는 상기 열 감지기로부터 입력될 수도 있다.",G08B17/06;G08B17/10;G08B21/02;G08B25/10;G08B3/00;G09F27/004;H04Q9/00,G08B17/06;G08B3/00,HUMANCARE CO LTD,20111214,2011,KR,1,True,True,False
49114878,US-2013238347-A1,Systems and Methods for Secure (HIPAA Compliant) Communication of Healthcare and Private Information,,"Systems and methods for allowing communications basics, such as personal email and various application accounts, as well as assisted use of the technologies and a method for safely, and with HIPAA compliance, sharing such communications. Access templates are created, assigned, and registered for each of the participants in the system acting as information sources, information receivers, or both. The systems and methods allow the elderly, disabled, or ill individuals to have access to their family and friends through phone contact, mail contact, email, video mail, and video chat, as well as other communication methods. The sharing of information through current and future communications technologies is made possible without the individual needing to possess the technology or know how to use it specifically. Families are able to share their lives and events in a much more personally connected way and the elderly, disabled, or ill patient can do the same.",,G06F21/6245;G06Q10/06;G06Q10/107;G06Q40/08;G06Q50/22;G16H10/60;G16H40/67,G06Q10/06;G16H10/60;G16H40/67,DENTON MARCIA MARYE,20110831,2012,US,1,False,False,True
49172529,JP-2013160035-A,Building structure,,"PROBLEM TO BE SOLVED: To provide a facility for aged people, people having difficulty in walking and people in wheelchairs, etc., to evacuate in emergency from a flood disaster in a short time basically by themselves from a flat road/passage of a residential location without going through a steep hill or stairs when a fire/power failure occurs following an earthquake, while the facility for emergency evacuation of the aged people, the people having difficulty in walking and the people in wheelchairs, etc., for the time of a flood disaster like tsunami is not provided in an ordinary living area near a seashore.SOLUTION: A mid-rise/high-rise building structure has a cylindrical structure in the inside and rises high upwards, a floating structure which is capable of floating on a water surface and vertically movable accompanying the vertical movement of the water surface is provided inside the cylindrical structure, and also a guide part capable of allowing the vertical movement of the floating structure but limiting the movement in front, back, left, and right transverse directions is provided inside the cylindrical structure.",,Y02A10/30,E04H1/00;E04H9/14,KIDO KUNIO,20120201,2012,JP,1,False,True,False
49217879,KR-20130093865-A,Emergency exit guidance lamp,비상구 유도등,PURPOSE: An emergency exit light is provided to secure visibility from the smoke in case of emergency such as fire or a power outage by being brightly radiated in the emergency more than usual and to efficiently guide evacuees to an emergency exit by broadcasting an emergency. CONSTITUTION: An emergency exit light comprises a power unit (10) supplying an electricity; a light emitting diode (LED) lighting unit (20) with one or more multicolored LED lamps capable of being flashed; a visibility detecting unit (30) detecting the visibility surrounding an installation place; a control unit (40) variably controlling the brightness of the LED lighting unit according to the visibility detected in the visibility detecting unit by controlling a flashing movement of the LED lighting unit in an emergency; and a voice output unit (50) outputting an emergency guide broadcast by being driven with a control signal of the control unit in the emergency. [Reference numerals] (10) Power unit; (20) LED lighting unit; (30) Visibility detecting unit; (31) Camera; (32) Gas sensor; (33) Illumination sensor; (40) Control unit; (50) Sound output unit; (AA) Power,"본 발명은 비상구 유도등에 관한 것으로서, 보다 상세하게는 화재나 정전 등의 비상시에 연기로부터 시인성을 확보하여 대피자를 안내하는 능력을 향상시킬 수 있으며 비상 사태임을 올바르게 인식시킬 수 있고, 내부의 램프를 다색 LED 램프로 사용하여 다양한 색상을 표현할 수 있도록 하고, 각 램프의 다양한 패턴의 점멸 조합을 통해 문자, 기호, 이미지 등의 입체적인 연출을 가능하게 하여 보다 쉽고 안전하게 비상구의 위치를 알릴 수 있을 뿐 아니라, 라디오 주파수를 이용한 비상 안내 방송의 동시 송출이 가능하여, 대피자가 비상구 유도등의 표시를 시각적으로 인지하는 것이 사실상 불가능한 상황이거나 시각 장애인인 경우에도 대피를 유도하는 것이 가능하여 인명 피해를 최소화할 수 있는 비상구 유도등에 관한 것이다. 
상기와 같은 목적을 달성하기 위한 본 발명에 따른 비상구 유도등은, 전기를 공급하는 전원부와; 점멸이 가능한 하나 이상의 다색 LED 램프를 구비하는 LED 조명부와; 설치된 장소 주변의 가시도를 검출하는 가시도 검출부와; 비상 사태 발생시에, 상기 LED 조명부의 점멸 동작을 제어하는 것으로써, 상기 가시도 검출부에서 검출된 가시도에 따라 상기 LED 조명부의 휘도를 가변적으로 제어하는 제어부; 및 비상 사태 발생시에, 상기 제어부의 제어 신호에 의해 구동되어 비상 안내 방송을 출력하는 음성 출력부를 포함하는 것을 특징으로 한다. 
본 발명의 일 측면에 따르면, 상기 가시도 검출부는 카메라이며, 상기 제어부는 상기 카메라에 촬영되는 주변 영상과 미리 저장된 영상 패턴을 비교 분석하여 현재의 주변 가시도를 판단하고, 주변 가시도가 낮을수록 상기 LED 조명부의 휘도가 증가하도록 제어한다. 다른 측면에 따르면, 상기 가시도 검출부는 주변 연기 농도를 감지하는 가스 센서이며, 상기 제어부는 상기 주변 연기 농도에 기초하여 현재의 주변 가시도를 판단하고, 주변 가시도가 낮을수록 상기 LED 조명부의 휘도가 증가하도록 제어하게 된다. 또 다른 측면에 따르면, 상기 가시도 검출부는 주변 조도를 감지하는 조도 센서이며, 상기 제어부는 상기 주변 조도에 기초하여 현재의 주변 가시도를 판단하고, 주변 가시도가 낮을수록 상기 LED 조명부의 휘도가 증가하도록 제어하는 것이 가능하다. 뿐만 아니라 상기 가시도 검출부는 주변 영상을 촬영하는 카메라, 주변 연기 농도를 검출하는 가스 센서, 주변 빛의 밝기를 검출하는 조도 센서 중 적어도 2가지 이상을 포함할 수도 있다. 
그리고 상기 음성 출력부는 설치된 건물의 중앙 관제부에서 미사용 라디오 주파수 대역으로 송출하는 비상 안내 방송을 수신할 수 있도록, 상기 라디오 주파수로 튜너가 기 설정된 라디오 수신기; 및 상기 라디오 수신기에 수신된 비상 안내 방송을 출력하는 스피커를 포함한다. 또한 상기 제어부는 설치된 건물의 중앙 관제부로 비상 사태의 발생 유무 정보를 전송하고, 상기 중앙 관제부로부터 비상 사태의 발생이 감지된 장소에 설치된 상기 비상구 유도등의 위치 정보를 수신하여, 상기 위치 정보가 상기 LED 조명부를 통해 표시되도록 제어할 수 있다.",G08B17/10;G08B25/00;H05B45/10;H05B45/22;H05B47/11;Y02B20/40,G08B17/06;G08B21/02;H05B37/02,ADMOTECH,20120215,2012,KR,2,True,True,False
49583382,CN-104363872-A,Wheelchair movement assistance device,,"Provided is a wheelchair movement assistance device capable of assisting an emergency evacuation in a disaster or the like, assisting travel on uneven ground surfaces such as sand, snow, gravel, and mud, and assisting the travel and movement of the wheelchair on an ascending road, capable of being easily mounted to the wheelchair in a short time, and capable of being stowed without requiring an excessive space. This wheelchair movement assistance device comprises: a pair of mounting members which is mounted to the left and right front pipes or the left and right leg pipes of a wheelchair in a removable manner by being clamped or engaged therewith; and a square C-shaped pipe frame, to both ends of which the pair of mounting members is mounted. The mounting members are provided with clamping sections formed at the ends of pipe frame, and with grasping sections attached to the ends of the pipe frame at positions in front of the clamping sections. Each of the grasping sections grips a portion of each of the front pipes of the wheelchair or a portion of each of the leg pipes of the wheelchair, and each of the clamping sections is in pressure contact with a portion of each of the front pipes of the wheelchair or a portion of each of the leg pipes of the wheelchair.",,A61G5/003;A61G5/027;A61G5/06;A61G5/10;A61G5/1094,A61G5/00,NAKAMURA MASAYOSHI,20120513,2013,CN,2,True,True,False
49633944,KR-20130113280-A,Supporter of inclination for threshold,문턱용 경사받침대,"PURPOSE: An inclined support unit for a threshold prevents a safety accident in which the children, the elderly, and the infirm trip on the threshold and fall down when entering a door and allows a wheel chair of the infirm or a baby walker for an infant to easily enter the door. CONSTITUTION: An inclined support unit (100) for a threshold includes a main body (10), a bottom plate (20), and a handle (30). The main body is adjacent to the threshold protruding from the bottom surface. The upper surface of the main body is open, and the main body includes a guide groove (12) to mutually correspond to both sides. Mounting protrusions (22) on both sides are mounted on the guide groove so that the bottom plate is lifted to be drawn in the main body or be drawn out from the main body through the opened upper surface of the main body. The mounting protrusions of both sides are mounted on the guide groove when drawn out from the main body, and the bottom plate is rotated around the mounting protrusions which are a rotary shaft so that an inclined surface is formed on between the threshold and the bottom surface. The handle is formed on the bottom plate.","본 발명은 문턱용 경사받침대에 관한 것으로, 더욱 상세하게는 어린이나 노약자들이 문을 출입할 때에 문턱에 걸려 넘어져 발생할 수 있는 안전사고를 미연에 방지할 수 있을 뿐만 아니라 유아들의 보행기나 몸이 불편한 사람들이 휠체어를 타고 문 출입을 용이하게 할 수 있도록 하는 문턱용 경사받침대에 관한 것이다. 
본 발명에 따르면 문턱용 경사받침대에 있어서, 바닥으로부터 돌출된 문턱에 이웃하여 배치되고, 상면이 개방되며, 양측에 상호 대응되도록 안내홈이 형성되는 본체; 본체의 개방된 상면을 통해 본체에 인입 또는 인출되도록 양측이 안내홈에 장착되어 승강되고, 인출시 안내홈에 장착되는 양측을 회전축으로 회전 가능하여 문턱과 바닥 사이에 경사면을 형성할 수 있는 바닥판; 및 바닥판에 형성되는 손잡이; 를 포함하되, 안내홈은, 바닥판이 승강 가능하도록 직선상으로 형성되는 승강부; 및 승강부의 상측에 연결되고, 본체의 바닥측을 향해 구부러져 형성되며, 바닥판이 걸림되어 고정되는 걸림부; 를 포함하는 것을 특징으로 하는 문턱용 경사받침대를 제공한다.",E05Y2900/132;E06B1/70;E06B7/28,E06B1/70,HAN JONG YOON,20120405,2012,KR,2,True,True,False
49634889,KR-20130115435-A,Escaping equipment for high-rise building,고층건물 피난장치,"PURPOSE: An escaping equipment for a high-rise building is provided to enable safe and rapid escape by rescuing an elevator through an elevating structure. CONSTITUTION: An escaping equipment for a high-rise building is a high-rise building escaping equipment for escaping to downstairs in emergency by being installed in a slab of the building, wherein the equipment comprises a main body (10) that is fixedly installed on the slab and has opened upper and lower surfaces; an elevator (20) having a box shape which accommodates and closes the main body therein and provides a space for an evacuee to stand thereupon; and an elevation guide unit (30) formed of a winding reel included in the elevator, multiple guide rollers that are included in one side of the winding reel, a wire of which one end is connected to the winding reel and the other end is connected to the main body along the multiple guide rollers.","본 발명은 고층건물 피난장치를 개시한다. 
본 발명의 고층건물 피난장치는 건물의 슬래브에 설치되어 위난시 아래층으로 대피하기 위한 고층건물 피난장치에 있어서, 슬래브에 고정 설치되는 것으로 상·하면이 개방된 본체와; 상기 본체의 내부에 수용되어 차폐시키는 것으로, 그 상면으로 대피자가 올라설 수 있도록 평탄면을 제공하는 상자 형상을 갖는 승강체와; 상기 승강체의 내부에 구비되는 권취릴 및 이 권취릴의 일측에 복수 구비되는 안내롤러 및 일단이 권취릴에 연결되고 타단은 복수의 안내롤러를 따라 상기 본체에 연결되는 와이어로 이루어지는 승강안내수단으로 구성된다. 
상기와 같이 구성되는 본 발명은 간소한 구조이면서 직관적인 조작에 의해 승강체가 하강됨에 따라 노인, 어린아이, 임산부, 장애인 등과 같이 노약자의 경우에도 신속하고 안전한 대피가 가능한 이점이 있다. 
즉, 종래의 사다리 구조의 경우 현실적으로 노약자의 경우 이용이 불가능할 뿐만 아니라 일반인의 경우에도 평소 사다리를 이용하지 않기 때문에 사다리에 대한 불안감을 갖고 있을 뿐만 아니라 특히 수직하게 기립된 상태의 사다리를 이용하기에는 많은 두려움을 가지고 있음에 따라 신속한 대피가 곤란하고, 자칫 추락 등의 안전사고의 위험성이 큰 단점이 있다. 반면 본 발명은 대피자가 승강체에 안전하게 착석하거나 또는 별도로 제공되는 손잡이를 잡고 있는 상태에서 승강체 전체가 저속으로 하강 이동함에 따라 안전하고 신속한 대피가 가능한 효과가 있는 것이다.",A62B1/02,A62B1/02;A62B1/06,PARK KWANG DON,20120412,2012,KR,1,False,True,False
49634919,KR-20130115473-A,Escaping equipment for high-rise building,고층건물 피난장치,"PURPOSE: An escaping equipment for a high-rise building is provided to allow rapid and safe evacuation for a weaker people, such as pregnant women, children, old people, and disabled people, as a slider is forcibly withdrawn along an inclined surface to downstairs in connection with an operation of an evacuee opening a hatch. CONSTITUTION: An escaping equipment (1) for a high-rise building is a high-rise building escaping equipment for escaping to downstairs in emergency by being installed in a slab of the building, wherein the equipment comprises a main body (10) in a box shape having a hatch (13) capable of opening and closing that is hinge-included on an upper surface; a slider (20) that is accommodated in the main body and includes multiple slide boards (23) stacked in multiple steps; and an unfolding unit (30) that opens the multiple slide boards in connection with an opening operation of the hatch.","본 발명은 고층건물 피난장치를 개시한다. 
본 발명의 고층건물 피난장치는 건물의 슬래브에 매립 설치되어 화재 등의 위급한 상황시 아래층으로 대피하기 위한 고층건물 피난장치에 있어서, 상면에 개폐 가능한 해치가 힌지 구비되는 상자 형상의 본체와; 상기 본체의 내부에 수용되는 것으로 복수의 슬라이드판을 다단 적층으로 구비하는 슬라이더와; 상기 해치의 개방 동작시 이에 연동하여 상기 복수의 슬라이드판을 전개시키는 전개수단을 포함하여 구성되는 것에 있다. 
상기와 같이 구성되는 본 발명은 대피자가 해치를 여는 조작에 연동하여 슬라이더가 강제 아래층으로 강제 인출되면서 경사면을 형성함에 따라 임산부, 어린아이, 노인, 장애인 등과 같은 대피 취약자의 경우에는 신속하고 안전한 대피가 가능한 이점이 있다. 즉, 종래의 수직형 사다리 구조의 경우 현실적으로 노약자의 경우 이용이 불가능할 뿐만 아니라 일반인의 경우에도 평소 사다리를 이용하지 않기 때문에 사다리 이용에 대한 불안감을 갖고 있음에 따라 신속한 대피가 곤란하고, 자칫 추락 등의 안전사고의 위험성이 큰 단점이 있는 반면 본 발명은 대피자가 미끄럼틀 형태로 전개되는 슬라이더를 이용하여 짧은 시간내에 연속적으로 많은 사람을 안전하고 신속하게 아래층으로 대피 이동시킬 수 있는 효과가 있다.",A62B1/20,A62B1/20;A62B5/00,PARK KWANG DON,20120412,2012,KR,1,False,True,False
49679193,JP-2014111873-A,Tsunami evacuation underground shelter,,"PROBLEM TO BE SOLVED: To devise a method for significantly reducing the evacuation time, while considering that the movement distance to each of evacuation facilities is very long for elderly persons, children, handicapped persons, and the like, and thus more than twenty thousands people could not finish evacuation and passed away in the Great East Japan Earthquake.SOLUTION: An underground shelter is housed in a shelter dock (1) buried in a ground, has an escape hatch (13) in its upper part, and is provided with steel connectors (11), (12) in its lower part. An upper part of a shelter body (2) is locked by a connection wire (9).",,,E02D29/00;E04H9/14,KOJIMA KAZUTAKA,20121031,2013,JP,1,False,True,False
49992032,CN-204121290-U,Evacuation device for transporting handicapped person,,"An evacuation device for carrying a person with mobility disability comprises a cushion body and a fixing piece, wherein the cushion body is of a flexible structure and is provided with a first surface and a second surface which correspond to each other, and the first surface is used for the person with mobility disability to lie; the fixing piece is fixedly arranged on the first surface and used for fixing the body of the person who is inconvenient to move. Therefore, when a disaster occurs and a person with mobility difficulty needs to be evacuated, the rescue personnel can place the person with mobility difficulty on the first surface of the cushion body and fix the body of the person with mobility difficulty by the fixing piece, the rescue personnel can directly grab the cushion body to drag, and meanwhile, the cushion body is used for covering and protecting the person with mobility difficulty, so that the person with mobility difficulty can be evacuated from dangerous places quickly under the condition of considering safety.",,,A61G1/00;A61G1/04,LIN PEIZHEN,20130627,2014,CN,1,True,True,False
50194680,JP-2014019301-A,Emergency evacuation device,,"PROBLEM TO BE SOLVED: To provide an emergency evacuation device capable of enabling the occupant of a front passenger seat or a rear passenger seat to operate a vehicle.SOLUTION: An emergency evacuation device 1 gives emergency evacuation assistance for stopping a vehicle at a safe position irrespective of a driver&#39;s running operation of the vehicle. After the start of the emergency evacuation assistance or the stop of the vehicle by the emergency evacuation assistance, operation means (e.g., levers 20e) included in the vehicle or screen input operable display means (e.g., touch monitor 20f) is operated to enable a moving operation of the vehicle (e.g., operation of start or stop of preventive safety assistance included beforehand in the vehicle, operation of start of stop of automatic running of the vehicle, operation of back-and-forth or lateral movement of the vehicle, or operation of stop).",,,B60K28/06;B60R21/00;B60W30/06;B62D1/12;B62D1/28;B62D6/00;G08G1/16,TOYOTA MOTOR CORP,20120718,2012,JP,1,False,True,False
50619226,JP-2014198984-A,Underground shelter for evacuation from tsunami,,"PROBLEM TO BE SOLVED: To provide a construction method that greatly shortens evacuation time and a movement distance to evacuation facilities to give consideration to aged people, children, disabled people and the like.SOLUTION: A mobile shelter, which is an underground shelter connected to a concrete shelter dock 2, can move upward and downward along a shelter rail 3. A waterproof front panel made of steel is provided in a lower position. A shelter body 1 descends to be automatically and hermetically closed.",,Y02A50/00,E04H9/14,KOJIMA KAZUTAKA,20130315,2013,JP,1,False,True,False
50741644,JP-2014064619-A,Electric wheelchair,,"PROBLEM TO BE SOLVED: To provide an electric wheelchair which is capable of releasing electromagnetic brakes by a simple method to enable emergency evacuation by hand movement or the like, in the occurrence of abnormality such as dead batteries and failure of a control system, in an electric wheelchair having non-excitation operative electromagnetic brakes which are operated during non-energization to immobilize a driving wheel.SOLUTION: An electric wheelchair is equipped with non-excitation operative electromagnetic brakes 307, 308 which are operated during non-energization to immobilize a driving wheel. The control circuit of the electromagnetic brakes is configured to have a switching means 310 that changes over to electric power from an external batteries, and a small portable spare batteries are composed of dry batteries. Consequently, a means for releasing the electromagnetic brakes 307, 308 can be effectuated by a simple method, materializing the electric wheelchair capable of emergency evacuation by hand movement or the like in the occurrence of abnormality.",,,A61G5/04,QUEST ENGINEERING KK,20120925,2012,JP,1,False,True,False
51128659,KR-20140076286-A,Emergency broadcasting system for hearing difficulties person,청각장애인을 위한 재난 및 비상상황 방송시스템,"The present invention relates to a disaster and emergency broadcasting system for deaf people. The purpose of the present invention is to provide the disaster and emergency broadcasting system for deaf people capable of quickly and safely performing an evacuating process by efficiently making an announcement which the deaf people can recognize in a broadcasting device connected to a remote server through Ethernet or internet network when various disasters or emergency situations occur, and constructing a system with minimum costs and space by implementing the system with a small embedded module and digitally transmitting multifunctional signals such as an audio, data, and a contact through one LAN.","본 발명은 청각장애인을 위한 재난 및 비상상황 방송시스템에 관한 것으로, 그 목적은 각종 재난 및 비상상황의 발생 시에 원격지의 서버 측과 이더넷 및 인터넷망을 통해 연결된 방송장치 측에서 청각장애인의 인지가 가능한 안내방송이 효율적으로 실시되도록 하여 신속하고 안전한 대피가 가능해지도록 하는 한편, 한 개의 LAN망을 이용하여 오디오, 데이터, 접점 등의 다기능 신호를 디지털 전송하도록 함과 아울러 시스템을 소형의 임베디드 모듈로 구현하여 최소비용 및 최소공간으로 시스템을 구축할 수 있도록 한 청각장애인을 위한 재난 및 비상상황 방송시스템을 제공하기 위한 것이다.",H04H20/08;H04H20/59;H04H20/61;H04H20/82,H04H20/61;H04H60/82,SONG CHANG HEON,20121212,2012,KR,1,False,True,False
51409528,JP-2015142682-A,Bed equipped with heat storage tank enabled to be partitioned into zones,,"PROBLEM TO BE SOLVED: To reconsider the case that nearly twenty thousands people could not finish evacuation and passed away in the Great East Japan Earthquake, moreover, nearly 1600 elderly people or the like passed away after evacuation because the living environment in a shelter is too severe even though they got to the refuge facility, they all had to sleep together in a huddle in the shelter for a long period or the like, got ill and died as a result.SOLUTION: A bed equipped with a heat storage tank enabled to be partitioned into zones is characterized by that the sleeping bed is a heat storage tank and equipped with capsules for the bed to interrupt the field of vision around above it.",,Y02E60/14,A47C21/04;F28D1/06;F28D20/00,KOJIMA KAZUTAKA,20140131,2014,JP,1,False,True,False
51427255,JP-2015116449-A,Bunk bed capable of inter-sectional partition indoors,,"PROBLEM TO BE SOLVED: To solve problems that many elderly people died after evacuation because they became indisposed through a long lasting life such as sleeping bundled together in a room in a shelter, which was due to too severe living environment in shelters even if they somehow arrived at refuge facilities with much effort for example in a situation where more than 20,000 citizens lost their lives without completing refuge in the east Japan earthquake disaster.SOLUTION: A bank bed capable of inter-sectional partition is characterized in that a cubic framework is configured to have a plurality of bed posts (1), bed transverse beams (2) and partition posts (27) and that a lower stage bed (3) and an upper stage bed (4) mounted on the bed posts (1) are prepared inside.",,,A47C19/20;E04B2/74;E04H1/12,KOJIMA KAZUTAKA,20131220,2013,JP,1,False,True,False
51437514,CN-104020700-A,Digital voice talkback smart fire-fighting emergency lamp,,"The invention discloses a digital voice talkback smart fire-fighting emergency lamp which comprises an emergency lamp controller, an input module, a voice input module, a voice output module and a communication module. The digital voice talkback smart fire-fighting emergency lamp achieves digital fire-fighting talkback with the help of a network transmitting voice signal used by an intelligent fire-fighting evacuation indicating system. By means of the digital voice talkback smart fire-fighting emergency lamp, a user of the digital voice talkback smart fire-fighting emergency lamp is quickly positioned, the trapped persons can report the states of the trapped persons, the number of personnel, whether the trapped persons are injured or not, whether the elderly, infirm sick, disabled, pregnant and other special populations exist or not and environmental information, so that the fire-fighting and rescue personnel can carry the necessary rescue devices timely and precisely, and time spent on the round trips is avoided. In addition, the digital voice talkback smart fire-fighting emergency lamp will provide broadcast in a small range in sub-areas, the voice of broadcast is more targeted, much more information is provided, escape of the trapped persons is facilitated, a traditional fire-fighting broadcast system is replaced, and the fire-fighting system cost in the building is reduced.",,Y02B20/40,G05B19/042;H05B37/02,BAOXING ELECTRIC SHANGHAI CO LTD,20140603,2014,CN,1,False,True,False
51525026,US-2014266642-A1,Caregiver rounding with real time locating system tracking,,An information technology system for a healthcare facility is provided. The system includes a first computer device to keep track of rounding intervals for caregivers and to determine whether the caregivers successfully complete their rounds in a timely manner for their assigned patients. The system also has a real time locating system (RTLS) that tracks locations of the plurality of caregivers and that is in communication with the first computer device. The system further has a number of graphical displays in communication with the first computer device. Each graphical display is operable to display a list of patients for whom rounds are due and to display reminder messages to the plurality of caregivers relating to rounding.,,G06F19/327;G06Q10/063114;G06Q30/018;G06Q50/22;G08B25/10;G16H40/20;G16H40/67;G16Z99/00,G06F19/00;G06Q10/06;G06Q30/00;G06Q50/22;G08B25/10,HILL ROM SERVICES INC,20130315,2014,US,8,True,False,True
51579145,JP-2015121907-A,"Rf tag to detect invasion into and withdrawal from base station vicinity, and system using the same",,"PROBLEM TO BE SOLVED: To provide: an RF tag to detect invasion into and withdrawal from a base station vicinity, the tag being improved in energy consumption of conventional RF tags and allowing selective use of invasion and withdrawal by detection and use in, for example, an elderly care facility, an emergent arrangement of investigators from a police office, disposal of a suspicious object, and a display strategy of products; and a system usable for an evacuation behavioral analysis in a large scale evacuation training on the assumption of a disaster.SOLUTION: An RF tag according to the present invention stores the presence or absence of a communication with a base station, and uses it for a logical determination to stop a real time handshake communication to save consumption of a secondary battery. The weak radio wave of the base station includes a designation information as a modulated signal to designate either an invasion or a withdrawal to select an invasion detection mode or a withdrawal detection mode from an upper base station. A practical system using the RF tag to detect a position of a movable object is disclosed.",,,G01S13/78;G06K17/00;G06K19/07;G08B13/24;G08B25/04;H04B1/59,MARUI TOMOTAKA,20131223,2013,JP,1,False,True,False
52068444,CN-204028604-U,A kind of digital speech intercommunication intelligent fire emergency light,,"The utility model discloses a kind of digital speech intercommunication intelligent fire emergency light, comprising: emergency light controller, load module, voice input module, voice output module, communication module; Realized the Internet Transmission voice signal utilizing by intelligent fire evacuation indication system, digital fire-fighting intercommunication.The utility model is located the intercommunication people of use fast, by two-way voice transmissions, allow trapped personnel report the state of self, personnel amount, whether injured, whether there are the pregnant special population of the old,weak,sick and disabled and environmental information, so that fire-fighting and rescue personnel can promptly and accurately carry necessary rescue aid, avoid repeatedly coming and going and losing time, in addition, the utility model will provide subregional narrowcast, the voice of playing are more targeted, abundanter information is provided, be beneficial to the escape of trapped personnel, substituted traditional fire broadcast system, reduced fire-fighting system cost in building.",,Y02B20/40,G05B19/042;H05B37/02,BAOXING ELECTRIC SHANGHAI CO LTD,20140603,2014,CN,1,True,True,False
52136333,JP-2015212482-A,Tsunami evacuation underground shelter for wheelchair user,,"PROBLEM TO BE SOLVED: To devise a method for largely shortening an evacuation time, since a movement distance to an evacuation facility is very long for an aged person, a child and a visually handicapped person, particularly, including a wheelchair user, and twenty thousands or more of citizens were lost without completing evacuation in the East Japan Earthquake Disaster.SOLUTION: There is provided a structure that a wheelchair user can evacuate to the inside of a shelter body 1 by oneself without requiring assistance of a third person and that the wheelchair user is escapable to the outside of the shelter body 1 and a shelter dock 2 by oneself also when escaping.",,,E04H9/14,KOJIMA KAZUTAKA,20140502,2014,JP,1,False,True,False
52145020,JP-2015004203-A,Shelter unit of tsunami danger district,,"PROBLEM TO BE SOLVED: To devise a method for largely shortening an evacuation time, since a moving distance up to an evacuation facility is very long for an aged person, a child and a disabled person therefore, since 20 thousands or more persons are lost without completing evacuation by the East Japan earthquake disaster.SOLUTION: A shelter unit (1) of underground Tsunami evacuation is installed by connecting escape tube stairs 13 and an escape entrance 3 equipped with a watertight door (32) to be connected to a central shelter (4) and a public shelter (8) buried underground from a reinforced concrete penthouse (5) projecting on the ground.",,Y02A50/00,E02D29/045;E04H9/14;E21D13/00,KOJIMA KAZUTAKA,20130620,2013,JP,1,False,True,False
52295558,JP-2015000803-A,Emergency evacuation elevator for tenant of social welfare institution,,"PROBLEM TO BE SOLVED: To provide an emergency evacuation elevator for tenant of a social welfare institution which allows all tenants who use a bed or a wheelchair to be transported to a rooftop efficiently at short time surely for evacuation, when tidal wave or flood occurs.SOLUTION: The emergency evacuation elevator is used for transporting tenants who use a bed B or a wheelchair K to a rooftop O of the building for evacuation from tidal wave. The elevator comprises at least: a pole frame body 1 whose upper part is opening and which is disposed on an emergency stairway H or a veranda V of the building in a standing state; an elevator cage 2 having a multistep-state floor 21 which is disposed so as to be lifted up and down in an inside of the pole frame body 1, and coping with each stair and an intermediate floor 22; and pulling up means 3 for pulling up the elevator cage 2.",,,B66B5/02;B66B9/00,FSEKEI CO LTD,20130618,2013,JP,1,False,True,False
52822447,US-9010489-B1,Helix fire escape structure,,"Improvements in a fire escape having a structure of a Helix/Spiral Cylinder shape. It&#39;s a building within a building. It provides a quick and safe evacuation for all fire victims, including the A.D.A., the injured and the elderly. Its spiral design can accommodate a large number of floor levels. It eliminates the hazards acquainted with stairs and elevators. It has the capability of removing some of the smoke from the high-rise fire by way of a metal Ducting System. It draws the smoke into the center smoke shaft. The spiral is a two-way traffic pathway, which offers Fire Department personnel and their equipment a method of upward transportation to any floor-level they need for fighting this fire incident. My design can be retrofitted to any existing building.",,A62B1/20;A62B5/00;E04F11/002,A62B1/20;A62B5/00,EDMONDSON DAVID LEE,20130624,2014,US,1,True,True,False
53048598,JP-2015085161-A,Rail for evacuate using stairs provided with travel hanging band,,"PROBLEM TO BE SOLVED: To provide an evacuation rail with travel hanging bands which, in a disaster such as an earthquake, a fire, moves down with the gravity along the inclination of stairs in order to safely and quickly evacuate a physically disabled person such as an elderly people, a handicapped person who depends on a wheelchair or the like from a high-level floor to a low-level floor.SOLUTION: Constantly, a rail (1) is laid along the inclination of the stairs and a hanger (3) with hanging bands (10) is housed in the vicinity of a platform of the stairs. In emergency, the hanger (3) is inserted into the rail (1) and the bands (10) are fixed to a wheelchair of an evacuating person to move down. This allows safe and quick evacuation from the high-level floor to the low-level floor without motive power.",,,A62B1/20,KOZUGE YASUNOBU;MIYAGAWA AKIRA,20131031,2013,JP,1,False,True,False
53155949,CN-204319543-U,A kind of external hanging type high-rise building personnel emergency evacuation device,,"The utility model discloses a kind of external hanging type high-rise building personnel emergency evacuation device, on the bottom that described steel column support is fixed on detrainment device and fire wall, described steel column support PLASTIC LAMINATED seals, described evacuation cabin is arranged in steel column support, described evacuation cabin is moved up and down by main frame traction by steel cable, the outlet of described evacuation cabin is docked with ground passage, described evacuation cabin entrance docks with passageway for fire apparatus or corridor corridor, described fire-fighting cup is positioned at evacuates porch, cabin, described fire resistant doorsets are positioned at fire-fighting cup side, described rack beam is connected with steel column support, described generating set is positioned at the outside of building.The utility model forms the high-rise building personnel emergency evacuation device of functional, safe and reliable a, highly effective, energy-conserving and environment-protective, be specially adapted to social wellfare home, home for destitute, hospital, high-rise building old man, be situated between and protect the emergency evacuation needs of the weak populations such as old man, bed patient, disabled person, children.",,,A62B1/06,KANG GUOAN,20141029,2014,CN,1,True,True,False
53267951,US-9053588-B1,Roadside assistance management,,"Methods, computer-readable media, software, and apparatuses provide a system for establishing base stations and allocating service vehicles to the base stations in order to provide roadside assistance. The system may include computing devices associated with customer vehicles and service vehicles as well as network computing devices. The system may receive a service request from a customer regarding a disabled vehicle. The system may then identify an appropriate service vehicle to assist the customer and assign the service request to the identified service vehicle. The system may select the appropriate service vehicle based on a location of the disabled vehicle. In an example, the system may choose a service vehicle from a base station closest to or within the shortest driving time to the disabled vehicle. By setting-up base stations in advance of service requests, service vehicles may reach disabled vehicles within a predetermined period of time.",,G01M17/00;G06Q10/06312;G06Q10/06315;G06Q10/067;G06Q10/10;G06Q10/20;G06Q20/14;G06Q30/02;G07C5/006;G07C5/008;H04L67/12;H04W4/02;H04W4/029,G01M17/00;G06F19/00;G06F7/00;G06Q10/00;G06Q10/06;G06Q10/10;G06Q20/14;G06Q30/02;G07C5/00;H04L29/08;H04W4/02;H04W4/029,ALLSTATE INSURANCE CO,20140313,2014,US,6,True,False,True
53515237,KR-20150067427-A,Guidance lighting system equipped with emergency exit direction guiding function,비상구 방향 안내 기능을 가지는 유도등 시스템,"The present invention relates to a guidance lighting system having a function of guiding the direction of an emergency exit. The purpose of the present invention is to provide a guidance lighting system having a function of guiding the direction of an emergency exit, which is normally used as an emotional lighting lamp and which detects emergency to provide a visual and audio guidance for the direction of emergency exit for safe evacuation in case of emergency such as a fire and a blackout, conducts tactile guidance through a heat generation of a luminescent device for visually and hearing-impaired users and performs an emotional guidance by changing the brightness and color of a luminescent device. For the above purpose, the guidance lighting system having a function of guiding the direction of an emergency exit of the present invention comprises: a sensor unit detecting an emergency and generating an emergency detection signal; a power supply unit normally supplying utility power and supplying charging power in case of emergency; a display unit normally used as a usual lighting and displaying the guidance of the predetermined direction of the closest emergency exit when the emergency detection signal is received; and a control unit controlling the luminescence, voice and alert of the display unit according to a normal state or an emergency state.","본 발명은 비상구 방향 안내 기능을 가지는 유도등 시스템에 관한 것으로서, 평상시에는 감성 조명등으로 활용하며, 화재 및 정전 등의 비상 상황시 안전하게 대피하기 위하여, 비상 상황을 감지하여 비상구 방향에 대한 시청각 안내를 수행하고, 시각 및 청각 장애인을 위하여 발광 소자 열 발생에 의한 촉각 안내를 수행하며, 발광 소자 밝기 및 색깔의 변화를 통한 감성 안내를 수행하는 비상구 방향 안내 기능을 가지는 유도등 시스템을 제공함에 그 목적이 있다.  
이러한 기술적 과제를 달성하기 위한 본 발명은 비상구 방향 안내 기능을 가지는 유도등 시스템에 관한 것으로서, 비상 상황을 감지하여, 비상 상황 감지신호를 생성하는 센서부; 평상시 상용전원을 공급하고, 비상 상황시 충전전원을 공급하는 전원 공급부; 평상시 일반 조명으로 사용되며, 비상 상황 감지신호가 전달된 경우, 기 설정된 최근접한 비상구 방향을 안내하도록 표시하는 표시부; 및 평상시 및 비상 상황에 따라 상기 표시부의 발광과, 음성 및 경보를 제어하는 제어부; 를 포함한다.",H05B47/105,H05B37/02,PARK KEE YOUNG;SUNMEDITEC CO LTD,20131210,2013,KR,2,True,True,False
53519706,KR-101531197-B1,Air breathing apparatus for emergency escape,매연 및 가스 발생 공간에서 비상 탈출용 산소 흡입장치,"The present invention relates to an oxygen inhalation apparatus for emergency evacuation in a place emitting exhaust and gas which enables the elderly and children to inhale cleaned air with a little suction power by forming an air storage space portion inside a bellows tube where a suction pipe is connected. The present invention comprises: the bellows pipe built in a vertical direction as a lower portion is open, having an upper cover with the suction pipe fixed into an upper portion, and made of a material having sealability; a pipe lower cover for covering the lower portion of the bellows tube, and having a central groove on the center; and an air filter element installed in the central groove, filtering outdoor air, and introducing the outdoor air to the inside of the bellows tube.","본 발명은 흡입관이 연결된 자바라관의 내부에 공기 저장공간부를 형성함으로써 노약자나 아동 들이 적은 흡입력으로도 정화된 공기를 흡입할 수 있도록 하는 매연 및 가스 발생 공간에서 비상 탈출용 산소 흡입장치에 관한 것으로, 하부가 개방되어 수직 방향으로 신축되고, 상부에는 흡입관을 가지는 상부커버가 고정되며, 밀봉성을 가지는 재질로 구성되는 자바라관과; 상기 자바라관의 하부를 커버하고 중앙에는 중앙홀이 형성되는 관 하부커버와; 상기 중앙홀에 설치되어 외부 공기를 정화시켜 상기 자바라관의 내부로 유입시키는 공기 필터수단;을 포함하는 것을 특징으로 한다.",A62B23/00,A62B23/00;A62B7/10,INJI ELECTRIC IND CO LTD,20141219,2014,KR,1,True,True,False
53525897,JP-2015110896-A,Shelter,,"PROBLEM TO BE SOLVED: To provide a shelter which is easily installable in the neighborhood of an evacuee, and capable of reducing installation costs, in which even an elderly person or a sick person or the like can quickly and safely evacuate.SOLUTION: A shelter 1 having an evacuation space with earthquake resistance and water tightness is configured of: a foundation part 10 installed underground; and a main body part 20 fixed to the foundation part 10, and the upper part of the main body part 20 is formed in an elliptical dome shape or a lemon shape in a planar view, and more than half the whole shelter 1 is embedded underground, and a hatch 30 for a doorway is mounted on a place exposed on the ground of the upper part of the main body part 20.",,Y02A10/30,A62B99/00;E04H9/14,DAISHO KK,20131031,2014,JP,2,False,True,False
53532543,JP-2015120491-A,Ring buoy boat for tsunami evacuation,,"PROBLEM TO BE SOLVED: To provide a ring buoy boat for tsunami evacuation to boarded for protecting a person&#39;s life when there is no evacuation site nearby such as an upland and a high building in a coastal area when a tsunami is generated by a giant earthquake.SOLUTION: There is provided a ring buoy boat for tsunami evacuation in which: a bottom is attached to a cylindrical side; a ring buoy is attached to an outer peripheral wall of a body provided with a freely openable/closable lid 7; and a balance weight for stabilizing the body is placed at the bottom. By the balance of the buoyant force of the ring buoy attached to the outer peripheral wall of the body and the weight of the balance weight placed at the bottom, an effect for the ring buoy boat to always keep an erect posture on the water surface is generated so that though the ring buoy boat is caused to drift by waves when attacked by a tsunami, it is unlikely to sink, thereby reducing victims such as a person who cannot swim, an elderly person who is short on physical strength, and an infant, to say nothing of ordinary people, as much as possible.",,,B63B43/08;B63C9/04;E04H9/14,KOBAYASHI MASATAKE,20131220,2013,JP,1,False,True,False
53546117,US-10878957-B2,Need determination system,,"The invention relates to a need determination system including a user interface for enabling a person to input a current combination of a current subject, at least one current informal caregiver (ICG) giving care to the current subject, and at least one relationship between the current subject and the at least one current ICG. A combination similarity measure is applied to the current combination and stored combinations, in order to determine a stored combination which is similar to the current combination, where a need of the current subject and/or a need of the at least one current ICG are determined based on one or more needs assigned to a stored subject and/or stored ICGs of the determined similar stored combination. This allows for a reliable and fast determination of needs of a subject and/or an ICG with relatively low technical efforts.",,A61B2505/07;G06F19/3406;G06N20/00;G06N99/005;G06Q10/06315;G06Q10/105;G06Q50/22;G16H10/20;G16H10/60;G16H40/63,G06F19/00;G06N20/00;G06Q10/06;G06Q10/10;G06Q50/22;G16H40/63,KONINKLIJKE PHILIPS NV,20150630,2016,US,2,True,False,True
54599398,KR-101565727-B1,Fire detection and alarm system for the blind and the deaf,시각 및 청각 장애인을 위한 화재 감지 및 경보 시스템,"The present invention relates to a fire detection and warning system for visually and hearing impaired persons. The fire detection and warning system for visually and hearing impaired persons of the present invention comprises: an audio-visual output unit for broadcasting an auditory emergency guide in accordance with a sound warning which guides an evacuation guide path from a sound input unit and for displaying a visual evacuation direction by using a data signal and power; a data signal generating unit for generating the data signal for controlling a guide direction display displayed through the audio-visual output unit; an oxygen supply equipment unit for supplying oxygen when oxygen is insufficient in a space due to smoke or gas leakage as a result of a fire occurrence; a PLC communications unit for synthesizing a sound signal, a data signal, and power to an evacuation guide signal and thereby transmitting to the audio-visual output unit and for transmitting an operation control signal to the oxygen supply equipment unit; and a control unit for monitoring a state of each component and for controlling an operation thereof. According to the present invention, when a fire occurs, a voice guide broadcast is performed to guide the visually and hearing impaired persons to an exit far away from the fire occurrence point, a letter, a sign and a specific pattern having an improved visibility are displayed through a blinking light having a variety of patterns, and oxygen is provided as needed. Therefore, it is possible to safely evacuate visually and hearing impaired persons.","본 발명은 시각 및 청각 장애인을 위한 화재 감지 및 경보 시스템에 관한 것이다. 본 발명의 시각 및 청각 장애인을 위한 화재 감지 및 경보 시스템은, 음향 입력부로부터의 대피 유도 경로를 안내하는 음향 신호에 따른 청각적 비상 안내 방송을 하고, 데이터 신호 및 전원을 이용하여 시각적 대피 유도 방향을 표시하는 시청각 출력부와, 시청각 출력부를 통해 표시되는 유도 방향 표시를 제어하는 상기 데이터 신호를 생성하는 데이터 신호 생성부와, 화재 발생에 따른 연기나 가스 누출로 인해 산소가 부족할 경우 해당 공간에 산소를 공급하는 산소 공급 설비부와, 음향 신호, 데이터 신호 및 전원을 대피 유도 신호로 합성하여 시청각 출력부로 전송하고, 산소 공급 설비부로 동작 제어 신호를 전송하는 PLC 통신부와, 제 구성요소의 상태 점검 및 동작을 제어하는 제어부를 포함한다. 이와 같은 본 발명에 의하면, 화재 발생시 화재 발생지점으로부터 멀어지는 쪽의 대피 비상구나 출입구 쪽으로 유도하는 음성 안내 방송을 수행하고, 다양한 패턴의 점멸 조명을 통해 시인성을 높인 문자, 기호, 특정 이미지를 표시하며, 필요에 따라서 산소를 함께 공급함으로써, 시각 및 청각 장애인이 안전하게 대피할 수 있다.",F21V33/0076;G08B17/00;G08B17/10;G08B17/125;G08B25/00;G08B3/1033;G08B5/36;G08B7/062;G08B7/066,G08B17/00;G08B17/10;G08B17/12;G08B25/00;G08B3/10;G08B5/36;G08B7/06,SUN MIN WOO,20150312,2015,KR,1,True,True,True
54883127,KR-20150134738-A,A fire alarm function Flashing LED lights,화재 경보 기능을 갖는 점멸 led 등기구,"According to the present invention, a flickering LED lamp having a fire alarm function comprises: a power unit (10) receiving an outputted fire signal to supply power to a control unit (20); a microprocessor (MPU) (21) controlling an operation of a pulse output unit (22); a control unit (20) including the pulse output unit (22), which outputs a pulse having a predetermined amplitude and period; and a power switch (30) controlling at least one LED lamp (2) to continuously flicker. Therefore, the flickering LED lamp minimizes damage of human life due to fire.","본 발명은 화재 경보 기능을 갖는 점멸 LED 등기구에 관한 것으로, 그 구성은 화재경보기가 구축된 건물에 설치되는 LED 등기구에 있어서, 
상기 화재경보기와 연결되어 화재 발생으로 인해 상기 화재경보기에서 화재신호가 출력되면, 그 출력된 화재신호를 전송받아 제어부로 전원을 공급하는 전원부;와, 상기 전원부와 연결되어 상기 전원부로부터 전원을 공급받아 작동하는 것으로, 펄스 출력부의 작동을 제어하는 마이크로프로세서(MPU)와, 상기 마이크로프로세서의 제어를 통해 작동하는 것으로, 상기 전원부의 전원을 이용하여 일정한 진폭과 주기를 가진 펄스를 출력시키는 펄스 출력부로 구성되는 제어부;와, 상기 LED 등기구로 전원을 공급하는 메인 전선 상에 형성되어 상기 펄스 출력부에서 출력하는 펄스 신호를 전송받고, 그 펄스 신호를 기반으로 상기 메인 전선으로 도통되는 전원의 흐름을 제어하여 하나 이상의 상기 LED 등기구가 연속적으로 점멸(點滅)되도록 제어하는 전원스위치(SMPS:Switch Mode Power Supply);를 포함하여 구성된 것을 특징으로 하는 것으로서,  
건물에 구축되는 화재경보기와 연결되어 화재경보기에서 화재가 감지되면, 그 화재 감지신호를 전송받는 제어부에서 건물에 설치되는 수많은 LED 등기구가 연속적으로 점멸되도록 제어하여 LED 등기구가 화재 발생을 신속하게 전파하는 경보등의 기능을 수행하도록 함으로, 건물 내부에 있는 사람들이 LED 등기구의 연속적인 점멸을 통해 화재발생 상황을 명확하고 신속하게 인지하고 대피할 수 있도록 유도하여 화재로 인한 인명피해를 최소화할 수 있는 효과가 있다. 
더욱이, 큰 소음이 발생하는 공장건물에 작업하는 작업자나 청각 장애인들은 건물 내부에 필수적으로 설치되는 수많은 LED 등기구의 점멸을 통해서 시각적으로 화재발생 상황을 용이하게 인지하고 대피할 수 있어 종래에 작업자나 청각 장애인들이 화재발생 상황을 신속하게 인지하지 못하여 발생하는 인명피해를 방지할 수 있는 효과가 있다. 
또한, 별도의 교체 없이 통상 건물에 설치되는 화재경보기와 LED 등기구에 전원부와 제어부 및 전원스위치를 간편히 적용 실시할 수 있어 제품의 사용범용성을 확보할 수 있는 효과가 있다.",H05B47/10;Y02B20/40,H05B37/02,WOOSHIN APEC CO LTD,20140523,2014,KR,1,False,True,False
55350531,WO-2016027581-A1,Wheelchair front suspension device,,"The purpose of the present invention is to provide an assistance device for moving a wheelchair upon a stairway, which is capable of reducing the burden upon a caregiver or a worker at a facility when such as a patient in a hospital or a care facility makes an emergency evacuation via the stairway in the wheelchair. Provided is a wheelchair assistance device having a structure which is adapted to a structure which is common to typical wheelchairs, allowing ease of movement of the wheelchair upon a stairway by the attachment of the assistance device to the wheelchair. Specifically: a rigid rectangular frame is used; L-shaped hooks and plates forming support parts are disposed thereupon, having rigidity which withstands use; the frontal frame of the rectangular frame is positioned ahead of footrests of a wheelchair when the rectangular frame is detachably suspended by the L-shaped hooks upon the frame of the wheelchair; and the plates hold the footrests of the wheelchair from below. Thus, the wheelchair can be supported from the footrest side thereof.",,A61G5/00,A61G5/00,TANIGUCHI GENJIRO,20140820,2015,WO,1,False,True,False
55447655,KR-101598112-B1,escaping braille device from a fire for blinfperson,시각장애인용 화재대피 점자장치,"The present invention relates to a Braille device for a fire evacuation of a blind person. In the Braille device for a fire evacuation of a blind person according to the present invention, a central assembly unit is attached on an inner wall of a corridor at a predetermined height. The central assembly unit comprises: a base plate to which a central control unit and a power supply unit connected by a wire are attached; a speaker unit which is attached to a front surface of the base plate and is connected to the central control unit and the power supply unit by the wire; a toxic gas measuring device which is attached to the front surface of the base plate and is connected to the central control unit and the power supply unit by the wire; a central driving assembly which is attached to the front surface of the base plate, accommodates a driving unit connected to the central control unit and the power supply unit by the wire, and is configured such that a first push bar or a second push bar is alternatively projected and inserted by the driving unit; a first Braille plate and a second Braille plate which have a plurality of Braille protrusions indicating a specific direction or characters ; and a cover box which has a toxic gas inlet port at a bottom, accommodates the central driving assembly and the Braille plate, and is detachably connected to the base plate. Therefore, a person who cannot see the front such as the blind person as well as an ordinary person can easily evacuate in case of fire.","본 발명에 따른 시각장애인용 화재대피 점자장치는 일정높이를 가지도록 복도 내벽에 수평방향으로 중앙 조립부가 부착되며, 상기 중앙 조립부는, 전선으로 연결된 중앙 제어부 및 전원부가 부착된 베이스 플레이트; 상기 베이스 플레이트의 전면에 부착되며, 상기 중앙 제어부 및 상기 전원부와 전선으로 연결된 스피커부; 상기 베이스 플레이트의 전면에 부착되며, 상기 중앙 제어부 및 상기 전원부와 전선으로 연결된 유독가스 측정기; 상기 베이스 플레이트의 전면에 부착되며, 상기 중앙 제어부 및 상기 전원부와 전선으로 연결된 구동부를 수용하며, 상기 구동부에 의해 제 1 푸쉬바 또는 제 2 푸쉬바가 번갈아 돌출 및 삽입되는 중앙 구동조립체; 특정 방향 또는 문자를 나타내는 다수의 점자 돌기가 형성된 제 1 점자 플레이트 및 제 2 점자 플레이트; 및 하단에 유독가스 흡입구가 마련되며 상기 중앙 구동조립체 및 상기 점자 플레이트를 수용하며 상기 베이스 플레이트와 분리 가능하게 결합되는 커버 박스;를 포함하는 것을 특징으로 한다.  
따라서, 일반인뿐만 아니라 시각장애인과 같이 앞을 볼 수 없는 사람도 화재 발생시 그 대피를 용이하게 할 수 있다.",G08B17/00;G08B21/02;G08B21/14;G08B3/00;G08B6/00,G08B17/00;G08B21/02;G08B3/00;G08B6/00,P&K POWERSYS,20150527,2015,KR,1,True,True,False
55789627,KR-20160038448-A,System for guiding evacuation exit path and led braille block,비상 대피로 안내 시스템 및 엘이디 점자 블록,"The present invention relates to a system for guiding an emergency exit route and an LED Braille block capable of effectively guiding a user exit route on the basis of a detection result of an emergency situation such as a fire. The system for guiding an emergency exit route according to an embodiment of the present invention can include: an LED Braille block which has an LED inserted therein and is installed on a bottom surface of a prescribed structure to be able to guide moving lines to blind people, wherein the LED is turned on, light from the LED is displayed on the surface of the LED Braille block; a detecting unit including a detecting sensor capable of detecting an emergency situation; a memory for storing the detected result or information on a plurality of light emitting patterns; a power supplying unit for supplying power to the LED Braille block for lighting the LED; and a control unit for controlling the LED Braille block to be lighted according to a first light emitting pattern, when the emergency situation is not detected, extracting a second light emitting pattern from among the plurality of light emitting patterns in consideration of an emergency-detected position, when the emergency situation is detected, controlling the LED Braille block to be lighted according to the extracted second light emitting pattern, and controlling the detecting unit, the memory, and the power supplying unit.","본 발명은 화재 등의 비상 상황 감지 결과에 근거하여 사용자의 대피 경로를 효과적으로 안내할 수 있는 비상 대피로 안내 시스템 및 엘이디 점자 블록에 관한 것이다. 
본 발명의 일실시예에 의한 비상 대피로 안내 시스템은 내부에 삽입된 엘이디를 구비하고, 소정 구조물의 바닥면에 설치되어 시각 장애인들의 동선을 안내할 수 있는 엘이디 점자 블록-상기 엘이디 발광 시, 상기 엘이디 점자 블록 표면으로 엘이디 발광이 표시됨-; 비상 상황을 감지할 수 있는 감지 센서를 포함하는 감지부; 상기 감지 결과 또는 복수 개의 발광 패턴에 대한 정보를 저장하는 메모리; 상기 엘이디 발광을 위해 상기 엘이디 점자 블록에 전원을 공급하는 전원부; 상기 비상 상황이 감지되지 않은 경우는 제1발광 패턴에 따라 상기 엘이디 점자 블록이 발광되도록 제어하고, 상기 비상 상황이 감지된 경우는 복수 개의 발광 패턴 중 상기 비상 감지 위치를 고려하여 제2발광 패턴을 추출하고, 상기 추출된 제2발광 패턴에 따라 상기 엘이디 점자 블록이 발광되도록 제어하며, 상기 감지부, 상기 메모리, 상기 전원부를 제어하는 제어부를 포함할 수 있다.",F21W2111/027;F21Y2115/10;G08B21/10;G08B5/00;H05B47/10,F21W111/027;G08B21/10;G08B5/00;H05B37/02,ATOM COMM,20140930,2014,KR,2,True,True,True
56242622,JP-2016116791-A,Wheelchair movement support tool incorporated in wheelchair,,"PROBLEM TO BE SOLVED: To provide a wheelchair movement support tool which supports emergency evacuation in a disaster time, etc. and travel movement on an irregular ground such as a sand, snowy road, gravel road, and muddy slough, and an upward slope, is incorporated in a wheelchair, and includes a drawer structure of a handrail.SOLUTION: The wheelchair movement support tool incorporated in wheelchair includes: two pipe frame storage parts fixed on and adjacently to an upper side, outer side, or lower side of right/left arm pipes of a wheelchair or fixed on and separated from the lower side of the arm pipe; and plural pipe frame members stored in the pipe frame storage part and having different diameters. The storage part serves as the pipe frame in the first stage, the pipe frames in respective stages are fitted and inserted to each other so as to slide in a nest shape, thereby allowing the pipe frame members in many stages expand/contract in a linear way. An end of the pipe frame having the smallest diameter in the final stage is curved or bent to form a grip part. By gripping the right/left grip part or gripping a connection member connected with the right/left grip part, the wheelchair can be moved.SELECTED DRAWING: Figure 1",,,A61G5/00;B62B5/06,NAKAMURA MASAYOSHI,20141222,2014,JP,1,False,True,False
56625994,CN-105853085-B,A kind of evacuation robot,,"The present invention provides a kind of evacuation robots, including wheelchair, middle control chipset, micro database, communication module, mobile control module, voice output, video input, voice input, navigation module.The present invention can be evacuated automatically by navigation system by medical staff&#39;s navigation, patient&#39;s manual operation or according to the evacuation procedures originally set, so as to assist realizing the disaster emergency evacuation of the handicapped crowds such as patient, old man well, it avoids the disasters such as fire, toxic gas leakage from being rescued under people&#39;s difficulty and dangerous situation when occurring and rescues professional firefighters&#39; injures and deaths brought by people, the evacuation especially suitable for disasters such as ward fire, poison gas leakages；The present invention can complete simple acute care well again simultaneously and assist personnel completes pre- diagnosis, and the medical care that medical aid station may cause after avoiding medical staff that from must first diagnosing face-to-face is not in time.",,A61G2200/34;A61G2203/12;A61G2203/22;A61G5/00;A61G5/04;A61G5/10,A61G5/00;A61G5/04;A61G5/10,XIANG YU,20160325,2016,CN,2,True,True,False
56708788,KR-101645220-B1,Evacuation Routes notification system for visually impaired,시각 장애인을 위한 대피경로 알림시스템,"The present invention relates to an evacuation route notification system for a visually impaired person and, more specifically, to an evacuation route notification system which provides an evacuation direction for a visually impaired person by a plurality of vibrator units installed in a handrail or a guide foothold which guides the movement direction of the visually impaired person by being installed along the wall surface of a building. The vibrator units are driven by a phase difference vibrator circuit comprising: a control box which provides a direction signal by a fire signal received from a fire sensor; a forward/reverse shift register which generates a time difference vibration signal by the direction signal received from the control box; and a plurality of vibrators which vibrates by receiving the time difference vibration signal received from the forward/reverse shift register.","본 발명은 시각 장애인을 위한 대피경로 알림시스템에 관한 것으로, 더욱 바람직하게는 건물의 벽면을 따라 설치되어 시각장애인의 이동방향을 안내하는 핸드레일의 내부 또는 안내발판에 설치되는 다수개의 진동자유닛에 의해 시각 장애인에게 대피방향을 제공하는 것으로써 상기 진동자유닛은 화재감지기로부터 수신한 화재신호에 의해 방향신호를 제공하는 컨트롤박스와 상기 컨트롤박스에서 수신한  방향신호에 의해 시간차 진동신호를 발생하는 정/역 시프트레지스터와 상기 정/역 시프트레지스터로부터 수신한 시간차 진동신호를 수신 받아 진동하는 다수개의 진동자로 구성된 위상차 진동자 회로에 의해 구동되는 것을 특징으로 한다.",G08B17/00;G08B21/02;G08B23/00;G08B6/00,G08B17/00;G08B21/02;G08B23/00;G08B6/00,MOKPO NAT UNIV IND ACAD COOP,20150619,2015,KR,1,True,True,False
56714094,KR-20160095405-A,Openable fence,개폐가능 펜스,"The present invention relates to an openable fence capable of safely evacuating injured people or old and weak people and preventing the fence from becoming an obstacle by being opened to a passage in case of emergency. The present invention comprises: posts stood in both sides at a distance from the ground; multiple cross beams placed between the posts at regular intervals; a hanging beam keeping the cross beams at regular intervals by being inserted into the posts to be hung on both end parts of the cross beams; a rotating beam hinged with the bottom of the posts to form a tread as the cross beams are arranged and laid; and a manipulating tool moving the cross beams downward to gather and arrange the beams on the rotating beam by releasing the hung hanging beam. Therefore, the present invention is capable of safely evacuating injured people or old and weak people and preventing the fence from becoming an obstacle to a rescue in an accident by being opened to a passage, enabling moving units such as a wheelchair or trolley to easily move by placing the cross beams of the fence over a boundary stone between a sidewalk and a vehicle road, and preventing a secondary accident through a lighting lamp installed on the fence.","본 발명은 필요 상황 발생시에 통로로 열 수 있게 하여 부상자나 노약자를 안전하게 대피시키고 펜스가 사고 수습의 장애가 되지 않게 하는 개폐가능 펜스에 관한 것이다. 
본 발명의 개폐가능 펜스는 지면에 간격을 두고 양측에 세워지는 포스트와, 포스트 사이에 일정 간격으로 배치된 복수의 가로대와, 포스트 내에 삽입되어 가로대의 양단부를 걸리게 함에 따라 가로대를 일정간격으로 유지시키는 걸림대와, 포스트의 하부에 힌지결합되어 세워져 포스트를 따라 이동한 가로대가 배열되어 눕혀지게 됨에 따라 트레드를 이루는 회동대와, 걸림대의 걸림을 해제하여 가로대를 하측으로 이동시킴에 따라 회동대에 모여 배열되게 하는 조작기구를 포함한다. 
이러한 구성에 의하면, 필요 상황 발생시에 통로로 열 수 있게 하여 부상자나 노약자를 안전하게 대피시키고 펜스가 사고 수습 및 활동에 장애가 되지 않게 하며, 펜스의 가로대가 인도와 차도의 경계턱에 걸쳐져서 휠체어나 운반 수레 등의 이동기구들이 쉽게 통과할 수 있게 하며, 펜스에 설치되는 조명램프를 통해 사고 시에 2차 사고를 방지하게 하는 효과가 있다.",E01F15/04;E01F15/12;E04H17/14;E04H17/1445;E04H2017/1495;E06B11/027,E01F15/04;E04H17/14;E06B11/02,NAT UNIV KUNSAN IACF,20150203,2015,KR,2,True,True,False
57146275,KR-20160117064-A,System for preventing missing dotard using wireless broadcasting system for village,무선 마을방송 시스템을 이용한 치매노인 실종 방지 시스템,"The present invention relates to a system for preventing a missing demented elderly using a wireless village broadcasting system. The present invention relates to a system for preventing a missing demented elderly using a wireless village broadcasting system which induces a protector to move a demented elderly to a safe place right away by notifying through a village broadcasting system when an activity pattern of the demented elderly is escaped from a reference region, additionally puts an accessory for communication on the demented elderly, and induces the demented elderly not to escape from the activity pattern by transferring an electric impulse when the demented elderly escapes from the activity pattern by assigning, to the accessory for communication, an apparatus for giving a warning impulse.","본 발명은 무선 마을방송 시스템을 이용한 치매노인 실종 방지 시스템에 있어서, 치매노인의 활동 패턴이 기준 지역을 벗어나면 마을방송 시스템을 통해 통보하여 보호자가 곧바로 치매노인을 안전장소로 이동시킬 수 있도록 유도하며, 아울러 치매 노인에게 통신용 악세서리를 착용시키고, 상기 통신용 악세서리에는 경고성 자극을 주는 장치를 부가하여 활동반경을 벗어나면 전기적 자극을 전달함으로서 치매 노인이 활동반경을 이탈하지 않토록 유도하는 것을 특징으로 하는 무선 마을방송 시스템을 이용한 치매노인 실종 방지 시스템에 관한 것으로, 
치매환자가 소지하는 것으로, 지피에스 방식으로 위치정보를 송출하고, 전기적 자극을 가할 수 있는 장치를 부가 설치하여 이루어지며, 환자 단말기가 지정된 구역을 벗어나면 치매 환자에게 전기 충격부를 구동하여 전기적 자극을 가함으로서 정해진 경로를 이탈하지 않토록 유도하는 환자단말기(110)와;  상기 환자단말기(110)로부터 상기 위치정보를 수신하는 것으로, 상기 치매환자를 보호하는 보호자의 입력을 통해 전송받은 보호자의 개인정보, 치매환자의 개인정보, 치매환자의 개인일정, 및 치매환자의 개인일정에 따르는 안전반경이 저장되고, 상기 위치정보로부터 상기 치매환자의 위치정보를 획득하고, 상기 치매환자의 위치정보를 통해 상기 안전반경을 기준으로 하여 행동이력을 저장하되, 상기 행동이력을 상기 치매환자의 위치정보가 상기 안전반경 내에서 정상적으로 이동하는 정상행동, 상기 안전반경 외로 이탈하는 이탈행동, 및 상기 안전반경 내에서 배회하는 배회행동으로 구분 저장하여 패턴화하면서, 상기 치매환자의 위치정보가 상기 이탈행동 혹은 상기 배회행동으로 감지되면, 위험알림서비스를 발생시켜 상기 이탈행동 혹은 배회행동에 따르는 상기 치매환자의 위치정보와 이동경로를 전송하는 관리서버(120)와;  상기 보호자가 소지하는 것으로, 상기 보호자의 입력을 통해 상기 보호자의 개인정보, 상기 치매환자의 개인정보, 상기 치매환자의 개인일정, 상기 안전반경을 상기 관리서버(120)에 전송하여 저장하되, 상기 관리서버(120)에서 발생하는 상기 위험알림서비스를 제공받아 상기 이탈행동 혹은 상기 배회행동에 따르는 상기 치매환자의 위치정보와 이동경로를 상기 관리서버(120)로부터 전송받아 표시하고, 상기 보호자의 입력에 따라 상기 이탈행동 혹은 배회행동에 대한 후속조치를 처리하는 보호자단말기(130)와;  상기 관리서버(120)에 연동되어 작동되며, 관리서버(120)에서 치매환자에 안내방송을 실시요청할때 공개적 방송을 통해 치매환자의 발견을 이웃들에게 알리고 집으로 되도록가도록 유도하는 마을방송 출력부(140)를 포함하여 이루어짐이 특징이다.",G08B21/0205;G08B21/0211;G08B21/0261;G08B21/182;G08B25/10;G08B27/00;G08B6/00,G08B21/02;G08B21/18;G08B25/10;G08B27/00;G08B6/00,DABIN TECH CO LTD;DY LNJ CO LTD,20150331,2015,KR,1,False,False,True
57251429,KR-20160123476-A,Transfer pocket with bedridden patient escaping means and emergency escaping apparatus with thereof,와상 환자 이송낭 피난수단 및 이를 가지는 비상탈출장치,"The present invention provides a device to evacuate a casualty bag for a bedridden patient, comprising: a housing fixated on an upper side of an evacuation and escape door constructed in an emergency escape space of a corresponding facility; a rotating shaft arranged in a longitudinal direction within the housing; a pair of rotating pulleys fixatedly installed on edges of both sides of the rotating shaft, opening an evacuation and escape door by a weight of the casualty bag as the casualty bag is fastened to a first fastening unit formed on one end of a rope in a state which a portion of the rope is guided, guiding and moving a remaining portion thrown out of the emergency escape space to move up a second fastening unit formed on the other end of the rope, and continuously fastening and dropping another casualty bag and simultaneously rotating the rotating shaft; a rotating gear formed on one side of the rotating pulleys to rotate together with the rotating pulleys; and a speed controller reducing a rotational speed of the rotating shaft to lower the casualty bag at a regular speed in a state of being engaged with the rotating gear in a case where the rotating gear rotates at a set speed or more. The present invention is installed in an emergency escape space of a welfare facility for the elderly to enable the casualty bag, in which the bedridden patient lies, to be lowered to an escape floor at a regular speed when an emergency state occurs.","본 발명에 의하면, 해당 시설의 비상탈출공간에 구성되는 피난탈출구도어의 상측부에 고정되는 하우징; 하우징의 내부에 길이 방향으로 배열되며 공회전 가능한 상태로 구성되는 회전축; 회전축의 양측 가장자리부위에 각각 고정 설치되고 로프의 일부분이 가이드된 상태를 가지며 로프의 일단부에 구성된 제1결속수단에 이송낭이 결속됨에 따라 이송낭의 무게에 의해 피난탈출구도어가 개방된 후 비상탈출공간 외부로 던져진 로프의 나머지 부분이 가이드 이동되도록 하여 로프의 타단부에 구성된 제2결속수단이 상향 이동되도록 하여 연속적으로 다른 이송낭이 결속 및 하강되도록 함과 동시에 회전축이 회전되도록 하는 한 쌍의 회전풀리; 회전풀리의 일측에 구성되어 회전풀리와 함께 회전되는 회전기어; 및 회전기어에 맞물림 구성된 상태에서 회전기어가 일정 속도 이상으로 회전되는 경우 회전축의 회전이 감속되도록 하여 이송낭이 일정한 속도로 하강되도록 하는 속도조절기를 포함하는 와상 환자 이송낭 피난수단이 제공된다.",A62B1/10;E06B3/36;E06B5/00,A62B1/10;E06B5/00,NAT REHABILITATION CT,20150415,2015,KR,1,False,True,False
57358169,JP-2016196733-A,Tsunami evacuation facility,,"PROBLEM TO BE SOLVED: To inexpensively provide a simply-configured tsunami evacuation facility for a tsunami evacuation difficulty area, which enables evacuation of persons including a physically disabled person, an aged person and an infant.SOLUTION: In a tsunami evacuation facility, a steel pipe with a steel pipe diameter of 0.3-1.0 m is used as a foundation pile by being driven radially from the center of a circular shape by half a length of 10-30 m into ground; half of an above-ground part is used as an above-ground part steel pipe support; a circular crown steel beam and a circular crown steel beam provided on a steel pipe head at the center of a circle are connected to its head; a circular evacuation floor slab is provided; and the whole floor slab is covered with a dome type roof or a deck roof. Furthermore, the tsunami evacuation facility comprises a circular raised-floor tsunami evacuation structure with no roof.SELECTED DRAWING: Figure 1",,,E04H9/14,TANAKA KAZUO,20150402,2015,JP,1,False,True,False
57483248,JP-2017080062-A,Auxiliary tool for knapsack,,"PROBLEM TO BE SOLVED: To reduce a burden on the shoulder with weight of a knapsack by devising a shape of a tool to be held between the shoulder and the back of the lower end of the knapsack, as pain on the shoulder may be felt when a heavy object is shouldered for a long time and also the shoulder is sometimes pulled back when the knapsack gets warped, with the upper part of the knapsack separated from the body and bent backward.SOLUTION: The auxiliary tool for a knapsack is placed between the back and the back of the lower end of the knapsack, with the knapsack shouldered, so that the weight of the knapsack is dispersed to the shoulder and the back. The tool has a curved face along the back and a surface along the knapsack, the upper part of the auxiliary tool for the knapsack is narrower than the lower part, and the auxiliary tool has a shape making the knapsack inclined to the body side. Also, as there is a space formed above the auxiliary tool of the knapsack, it is adaptable to the anti-sweating measures of the back, making the shouldering comfortable. Men and women of all ages frequently have an opportunity of shouldering in various scenes. As it enables the elderly to comfortably shoulder a knapsack as well as being generally used in attending school and mountain-climbing, the auxiliary tool for a knapsack is also useful for emergency evacuation in a disaster for example.SELECTED DRAWING: Figure 1",,,A45F3/04,KIDA ETSUKO,20151028,2015,JP,1,False,True,False
57754395,JP-2017004477-A,Safety confirmation system for elderly people,,"PROBLEM TO BE SOLVED: To provide precise safety confirmation means that does not make elderly people conscious of being watched and does not force a watcher to bear personnel and cost burden.SOLUTION: In the home of an elderly people, a tablet terminal 1 operated daily as a living tool, a server 2 that collects, transmits, and accumulates its operation state, and a personal computer 3 that provides a watcher side with safety information are provided. The server 2 notifies the tablet terminal 1 in the home of an elderly people of a message, and disaster prevention and disaster-proof information. In a peacetime disaster prevention training, training is performed meticulously to read disaster prevention and disaster-proof information without delay and to stay indoors or move to an evacuation place according to the information. Through perfect training and by reading state confirmation means provided with a watcher side, elderly people who have read the information can be presumed to have avoided disaster.SELECTED DRAWING: Figure 1",,,G08B21/02;G08B25/04;H04M11/04,DEC JAPAN CO LTD,20150611,2015,JP,1,False,True,False
57990743,KR-101701085-B1,Emergency escape door of fireproof shutter,방화셔터의 비상탈출문,"The present invention relates to an emergency escape door of a fireproof shutter. The emergency escape door (100) is separated into a lower emergency escape door (110) and an upper emergency escape door (120), and only the lower emergency escape door (120) is opened when the lower emergency escape door (110) is opened. Moreover, both the upper and lower emergency escape doors (110, 120) are simultaneously opened when the upper emergency escape door (120) is opened, and hinges (111, 121) of the lower emergency escape door (110) and the upper emergency escape door (120) can maintain a closed state in a case of a free condition by using a spring hinge. Moreover, elasticity of a spring enables the lower emergency escape door (110) to be weaker than the upper emergency escape door (120) to enable the lower emergency escape door to be linked to be opened and closed with the upper emergency escape door, simultaneously, when the upper emergency escape door is used. In addition, only the lower emergency escape door can be opened and closed when the lower emergency escape door is used to allow ordinary persons, the elderly, and the infirm to easily move to a safety zone to escape through the lower emergency escape door.","본 발명은 방화셔터의 비상탈출문에 관한 것으로, 비상탈출문(100)은 하부비상탈출문(110)과 상부비상탈출문(120)으로 분리하여 형성하되, 하부비상탈출문(110)을 열때에는 하부비상탈출문(110)만 열리도록 하고, 상부비상탈출문(120)을 열때에는 상하부비상탈출문(110,120) 모두가 동시에 열릴 수 있도록 함과 동시 하부비상탈출문(110)과 상부비상탈출문(120)의 경첩(111, 121)은 스프링 경첩을 이용하여 자유상태에서 닫힌 상태를 유지할 수 있도록 하되 스프링의 탄성이 상부비상탈출문(120)보다 하부비상탈출문(110)를 약하게 형성하여 상부측 비상탈출문을 사용할 때에는 하부측 비상탈출문이 연동하여 동시에 개폐하도록 하고 하부측 비상탈출문을 사용할 때에는 하부측 비상탈출문만 단독으로 개폐할 수 있도록 하여 일반인은 물론 노약자가 하부측 비상탈출문을 통해 손쉽게 안전지대로 이동하여 대피할 수 있도록 하는 것이다.",E05Y2201/47;E05Y2600/632;E05Y2800/362;E06B5/162;E06B7/32;E06B9/11,E06B5/16;E06B7/32;E06B9/11,CHANG JONG BOK,20160330,2016,KR,1,True,True,False
58580336,KR-101725864-B1,Safty guardrail having refuge ability for building,피난 기능을 구비한 건축용 안전 난간,"According to the present invention, a safety guardrail having refuge ability for a building comprises a fixing type guardrail unit, a moving type guardrail unit, a refuge guide unit, a closing maintaining unit, a drawing out unit, and a cutting unit. The present invention provides the safety guardrail having refuge ability for a building, which enables the old and the infirm, children, and the disabled in addition to a normal adult to easily and quickly take refuge.","본 발명에 따른 피난 기능을 구비한 건축용 안전 난간은, 내부에 빈 공간이 형성된 직사각형 틀 형상으로 형성되고, 건축물에 시공된 창문과 일정간격 이격되는 수직프레임과, 상기 수직프레임의 상,하측 양단에서 건축물의 외벽을 향해 수평방향으로 절곡되고 그 끝단이 건축물의 외벽에 고정되는 고정바와, 상기 수직프레임의 내부공간을 따라 서로 간격을 두고 형성되는 수직보강바 및 수직프레임의 하측 양단에 형성된 고정바의 사이에 서로 간격을 두고 형성되는 수평보강바로 구성되는 고정형난간부, 
일측은 건축물의 상층부와 하층부 사이 경계지점에 위치되는 슬래브의 내부에 마련된 수용공간에 수용되고, 타측은 상기 수용공간의 외부로 돌출되어 상기 수직프레임의 하측에 형성된 고정바 및 수평보강바의 저면과 일정간격 이격되되, 상기 수용공간의 외부로 돌출된 부분에는 상,하 방향으로 관통되는 피난구가 구비된 확장부와, 상기 확장부의 끝단에서 상측을 향해 절곡되고 상기 수직프레임과 일정간격 이격되는 추락방지용가드부로 구성되는 이동형난간부, 
상기 피난구에 경첩을 통해 설치되고, 하 방향으로 회동시 상기 피난구를 개방시키면서 하층부로의 대피를 안내하는 경사진 형태의 대피로를 형성하는 대피가이드부, 
상측은 상기 수평보강바에 고정되고, 하측은 상기 대피가이드부의 상면에 고정되어, 상기 대피가이드부가 상기 피난구를 폐쇄시킨 상태를 유지하도록 하는 폐쇄유지부, 
길이방향이 수평을 향하도록 상기 슬래브의 수용공간에 설치되고, 상기 이동형난간부를 건축물의 외벽과 멀어지는 방향으로 이동시켜 상기 수직프레임의 일측으로 상기 대피가이드부가 노출되도록 하는 인출부, 
상기 확장부의 상면에 설치되며, 상기 폐쇄유지부와 접촉된 상태를 유지하고 있다가 상기 이동형난간부가 전진될 경우 함께 전진되면서 상기 폐쇄유지부를 커팅하여 상기 대피가이드부가 자중에 의해 하 방향으로 회동되도록 하는 커팅부를 포함한다.",A62B1/00;A62B3/00;E04F11/181,A62B1/00;A62B3/00;E04F11/18,KYUNG JIN ARCH CO LTD,20161121,2016,KR,1,True,True,False
59223525,KR-101743876-B1,Wheelchair having detachable stretcher,침대형 휠체어용 탈부착 들것,,"본 발명은 침대형 휠체어용 탈부착 들것에 관한 것으로서, 제1 프레임, 제2 프레임 및 제3 프레임이 연속해서 결합되고, 제2 프레임의 양측종단에서 제1 프레임 및 제3 프레임이 회동하도록 결합되는 중공형상의 한 쌍의 프레임; 제3 프레임의 종단을 연결하여 한 쌍의 프레임을 이격 배치시키는 간격유지 프레임; 및 한 쌍의 제1 프레임을 서로 연결하는 제1 천막, 제2 프레임을 서로 연결하는 제2 천막 및 제3 프레임을 서로 연결하는 등받이 천막을 포함하며, 제1 프레임은 다리 프레임에 이웃하여 배치되고, 제2 프레임은 좌석 프레임에 이웃하여 배치되며, 제3 프레임은 등받이 프레임에 이웃하여 배치된다. 
본 발명에 의하면, 평상시에는 침대형 휠체어로 사용하다가 필요에 따라 침대형 휠체어에서 들것을 분리시켜 사용할 수 있다. 특히, 화재와 같은 긴급 상황 시 침대형 휠체어에서 들것을 분리시켜 사용함으로써 시간을 단축하여 환자를 신속하게 이동시킬 수 있으며, 탄소강 재질의 경량으로 형성되어 힘이 약한 보호자라도 몸에 무리를 덜 받으면서 환자를 이동할 수 있다.",A01G5/02;A61G1/017;A61G1/052;A61G5/006;A61G5/10,A01G5/02;A61G1/017;A61G1/052;A61G5/00;A61G5/10,KNU INDUSTRY COOPERATION FOUND,20160627,2016,KR,1,True,True,False
59271481,JP-2017119494-A,Three-wheel bicycle for flood evacuation,,"PROBLEM TO BE SOLVED: To enable a quick evacuation of a person without a driver&#39;s license, an elderly person, a disabled person, or the like to a designated evacuation place or to an upland without a risk of being submerged at a time of generation of a large-scale flood such as a big Tsunami or flood (flood of river), and to enable a floating of a vehicle on the water surface if the vehicle has danger of submergence during the evacuation.SOLUTION: A three-wheel bicycle for flood evacuation is provided with a platform 2 specified for a wheelchair having a seat, a handrail, a foot rest, a seat belt and the like attached to the platform positions of the rear part of the vehicle 1 of an existing electric motor-driven three-wheel bicycle or engine-driven three-wheel bicycle. Further, the three-wheeled bicycle has airbags 3 which are installed in an airless state and which can enclose air in such an amount as to float the vehicle 1 on the water surface, and an air filling device 4 capable of filling air into the air bags 3 at an appropriate position of the vehicle 1. As the result, the three-wheeled bicycle is configured to float the vehicle 1 on the water surface by inflating the airbag 3 at an occurrence of a large-scale flood where the vehicle 1 may be submerged.SELECTED DRAWING: Figure 1",,,B60F3/00;B60R21/00;B62J7/04;B62K5/02,BABA KEIJI,20151228,2015,JP,1,False,True,False
59504652,JP-2017131258-A,Wheelchair front suspension device,,"PROBLEM TO BE SOLVED: To provide a wheelchair front suspension device in which, preferably, a wheelchair suspension device compatible with a wheelchair having a detachable footrest in an emergency evacuation by a wheelchair may be provided, and the wheelchair may not be limited, and also an auxiliary device for stair evacuation of a lightweight and convenient configuration meeting a structure such as a simple type bed is required.SOLUTION: A wheelchair front suspension device is structured as follows: a pair of left and right protrusions is provided in both ends and a central part of a rectangular main frame configured in aluminum pipes, respectively; protrusions of an end and a central part are suspended in a pair of left and right lower frames of wheelchairs; and the wheelchairs are suspended by using the end of a front side as a supporting unit. In the wheelchair front suspension device, a slidable connection frame is provided in which an interval width can be adjusted and suspended so as to be compatible with the interval width different in length such as the wheelchair to be suspended.SELECTED DRAWING: Figure 6",,,A61G5/00,TANIGUCHI GENJIRO,20160125,2016,JP,1,False,True,False
59652740,KR-20170091327-A,Fire alarm and emergency escaping system for the deaf and the senior,노약자 및 청각장애인들을 위한 화재 경보 및 대피 시스템,"The present invention informs the senior or the deaf with a weak sensing ability who sleeps of a fire and escapes the senior or the deaf when the fire breaks out in a building. The losses of properties and casualties are prevented by the reduction of the escape time of rescuers and the quick fire response of firefighters, by vibrating a pillow, opening an entrance door by automatically unlocking a door lock, and reporting the occurrence of the fire to surrounding fire stations and police stations through a transmitter by comprising the vibration type pillow, the automatic open and close door lock, and the transmitter to wirelessly transmit and receive a signal to and from a fire reception board if the fire breaks out.","본 발명은 건물 내 화재 발생 시 수면중인 감지 능력이 부족한 노약자나 청각장애인들에게 화재가 발생하였음을 알리고 대피시키기 위한 것으로서, 화재 수신반과 무선으로 신호를 주고받는 “진동형 베개”, “자동개방 도어락”, “발신기”를 구성하여 화재가 발생하면 베개를 진동시키고, 도어락을 자동으로 해제하여 출입문을 개방하고, 발신기를 통하여 주변의 소방서 및 경찰서에 화재 발생 사실을 통보함으로써 요구조자들의 대피시간 단축 및 소방관들의 신속한 화재대응으로 인명피해 예방과 재산상의 손실을 방지하는 것이다.",E05B47/00;E05B65/108;G08B17/00;G08B21/0277;G08B25/10;G08B6/00,E05B47/00;E05B65/10;G08B17/00;G08B21/02;G08B25/10,KYUNGIL UNIV INDUSTRY-ACADEMIC COOP,20160201,2016,KR,1,False,True,False
59684982,WO-2017145319-A1,"Elevator control device, elevator remote monitoring server, evacuation assistance system, and evacuation assistance method using elevators",,"This elevator control device which implements a self-diagnosis function comprises a first evacuation guidance control unit that executes the self-diagnosis function by transferring a command received from an elevator remote monitoring server to a control device. When a diagnosis execution command for executing the self-diagnosis function is sent as a command from the elevator remote monitoring server, the first evacuation guidance control unit executes the self-diagnosis function by transferring the diagnosis execution command to the control device and sends the executes results of the self-diagnosis function received from the control device to the elevator remote monitoring server as elevator state information.",,B66B5/00;B66B5/0006;B66B5/02;B66B5/021;B66B5/022;B66B5/024;B66B5/027,B66B5/02,MITSUBISHI ELECTRIC CORP,20160225,2016,WO,1,False,True,False
59870684,CN-107183864-A,A kind of multi-functional Non-falling walking stick,,"A kind of multi-functional Non-falling walking stick.There is provided a kind of multi-functional Non-falling walking stick, for solving the problem of existing crutch easily skews, and it is multi-functional to assign crutch.Including handle and cane body, the cane body is hollow structure, umbrella is provided with above, the pack includes the equal some short umbrella frames and some long umbrella ribs of umbrella cover, the lasso being enclosed on cane body, the stator for being located at cane body upper end, quantity, one end of the short umbrella frame is hingedly fixed in the lower end of cane body, and the other end is hingedly fixed in the middle part of correspondence long umbrella rib；Some long umbrella ribs are used to support whole umbrella cover, and one end is hinged on lasso.The present invention sets umbrella on common crutch, opens, keeps out wind and rain when rainy, is packed up when not raining, and umbrella frame forms around cane body a circle support, crutch is not skewed, it is to avoid the elderly bends over the potential safety hazard of pickup crutch.",,A45B21/00;A45B9/04,A45B21/00;A45B9/04,PAN LEI,20160315,2016,CN,1,False,True,False
59876649,CN-107194608-A,A kind of mass-rent towards disabled person community marks Task Assigned Policy,,"The invention belongs to mass-rent label technology field, specially a kind of mass-rent towards disabled person community marks Task Assigned Policy；The strategy is to be combined and mix the mode actively claimed to complete the distribution to marking task with manual allocation by automatic distribution.The allocation strategy proposed marks task to mass-rent and work for the disabled person is modeled, and builds the mass-rent towards disabled person community and marks task pool.The beneficial effects of the present invention are：The problem of same task duplication is distributed is effectively prevent, reduces and wastes disabled person labour；Certain element task amount is distributed for the disabled person that participates in mass-rent mark worker, while disclosure satisfy that a certain degree of more pay for more work again.",,G06Q10/06311;G06Q10/06313,G06Q10/06,UNIV FUDAN,20170613,2017,CN,1,False,False,True
60385526,KR-20170123798-A,Fire-warning band for hearing-impaired,청각장애인용 화재 경보밴드,"Fire, one of the most common emergencies in a typical building, often makes a fire alarm bell ring to evacuate people in the entire building if it is not in a fire zone. In the case of a building that employs a hearing-impaired person, it is inevitable that the evacuation will be delayed because the hearing-impaired person cannot hear the sound of the fire alarm bell. When a fire signal is detected or a central control room activates a fire alarm, the signal is sent to a wirelessly connected band with the fire alarm to vibrate a band. Therefore, the present invention provides technology to announce an emergency situation through vibration of a band. A fire-warning band includes a wireless communication module, a smoke detection sensor, a vibration module, a flashing lamp and a band part.","일반적인 건물에서 가장 많이 발생하는 긴급상황 중에 하나인 화재는 화재가 발생한 구역에 있지 않는 경우 건물 전체에 대피 명령을 하기 위해 화재경보벨을 울리는 일이 많은데, 청각장애인을 고용하고 있는 건물의 경우, 청각장애인은 화재경보벨의 소리를 들을 수 없기 때문에 필연적으로 화재에 대한 대피가 늦어질 수 밖에 없다. 화재 신호를 감지하거나 중앙통제실에 의해 화재경보기가 울리게 되면, 화재경보기와 무선으로 연결되어 있는 밴드에 해당 신호를 송부하여, 밴드가 진동하는 것으로 긴급상황임을 전달할 수 있는 기술을 제공한다.",A44C5/0007;F21V33/0076;G08B17/10;G08B17/103;G08B21/0205;G08B25/10;G08B6/00,A44C5/00;F21V33/00;G08B17/10;G08B17/103;G08B21/02;G08B25/10;G08B6/00,CANON KOREA BUSINESS SOLUTIONS INC,20160429,2016,KR,1,False,True,False
60489883,CN-107451741-A,A kind of disabled person&#39;s vocational training effect evaluation method,,"The invention discloses a kind of disabled person&#39;s vocational training effect evaluation method, including three layers of indicator evaluation system, three layers of indicator evaluation system is made up of learning layer index, application layer index and effect layer index three parts；Three layers of indicator evaluation system include 14 sub- indexs, wherein learning layer index includes four training contents, training method, training facilities and classroom atmosphere indexs, application layer index includes five professional skill, mode of handling affairs, method of work, operating efficiency and work quality sub- indexs, and effect layer index includes five salary and conditions, post stability, space of promoting, working effect and job satisfaction sub- indexs；During evaluation effect, assignment first is carried out to 14 sub- indexs, calculates each layer effect score value, further determine general effect evaluation.The comprehensive quantitative appraisal disabled person&#39;s skills training effect of energy of the invention, the result of training of the energy said institution or organization, can help related training organization to adjust training, enhancement training effect in time.",,G06Q10/0639;G06Q50/205,G06Q10/06;G06Q50/20,UNIV HOHAI,20170803,2017,CN,1,False,False,True
60575988,JP-2017213011-A,Disaster prevention cooperation system,,"PROBLEM TO BE SOLVED: To support fire fighting and evacuation activities by facility staff in a fire, and enable safe evaluation and suppression of the fire by the cooperation between an equipment management system provided with a desktop interface device that manages a work robot and a fire notification system.SOLUTION: Upon receipt of a fire information signal from a receiver 14, a desktop interface device 15 causes a map of a facility in which a place of fire is indicated to be displayed on a table screen, transmits a conveyance instruction signal to a conveyance robot 34, conveys fire fighting apparatuses such as a fire extinguisher from a conveyance source such as an apparatus storage space to a conveyance destination corresponding to the place of fire, and supports fire fighting by facility staff. Also, the desktop interface device 15 transmits an evacuation instruction signal to a stretcher robot 36 and a wheelchair robot 38 to cause them to move to an evacuation source such as a hospital room, and supports evacuation work in which the facility staff load persons having difficulty in evacuating on the robots and carry them to a safe evacuation destination.SELECTED DRAWING: Figure 1",,,A62C27/00;A62C37/00;G08B17/00,HOCHIKI CO,20160530,2016,JP,1,False,True,False
60808531,KR-20170126338-A,Sexual offenses prevention system utilizing big data,빅데이터를 활용한 성범죄 예방 시스템,"A sexual offense prevention system using big data is disclosed. The sexual offense prevention system comprises: a management server (20) in which big data (10) of a database of a sex offender (60) identified by a governmental organization is stored; an electronic anklet (30) to which an ID (70) is assigned for identifying an individual wearer when worn by the sex offender (60), and in which the ID (70) is stored; a transceiver (31) which is attached to the electronic anklet (30) to transmit/receive a location and a movement line of the sex offender (60), to which the ID (70) has been assigned, to/from the management server (20) in conjunction with a GPS (40); and a smartphone (50) configured to alert vulnerable people such as children and women if the sex offender (60) approaches as the management server (10) identifies the position and movement line of the sex offender (60) transmitted/received by the transceiver (31) of the electronic anklet (30). Therefore, when a sex offender wearing an electronic anklet equipped with a transceiver which is capable of tracking a location of the sex offender is within a certain distance (within a safe behavior radius range) from vulnerable classes such as children or women in a local area or a remote area, it is possible to provide a danger warning, a picture, and personal information to help the vulnerable classes such as women, teenagers, and children evade in advance and take personal safety measures.","빅데이터를 활용한 성범죄 예방 시스템이 개시된다. 정부기관에서 성범죄자(60)의 신상을 파악하여 데이터베이스 한 빅데이터(10)를 저장한 관리서버(20); 성범죄자(60)에게 착용하여 개개인을 식별할 수 있도록 ID(70)를 부여하여 ID(70)가 저장된 전자발찌(30); ID(70)가 부여된 성범죄자(60)의 위치동선을 GPS(40)와 연계하여 관리서버(20)와 송수신할 수 있게 전자발찌(30)에 장착된 송수신부(31); 및 전자발찌(30)의 송수신부(31)에서 송수신된 성범죄자(60)의 위치동선을 관리서버(10)에서 파악하여 어린이, 여성의 취약계층 사람들에게 접근하게 되면, 위험경보를 알려주기 위한 스마트폰(50)을 구성한다. 따라서 성범죄자의 위치를 추적할 수 있는 송수신부가 장착된 전자 발찌를 착용한 성범죄자가 근거리지역이나 원거리지역의 어린이, 여성 등 취약계층의 사람들에게 일정거리(안전 행동 반경 범위 내)에 들어올 경우 스마트폰을 통해 위험경보와 사진 및 신상정보를 제공하여 여성이나 청소년, 아동과 같은 취약 계층 사람들이 미리 대피하여 신변 안전을 도모할 수 있는 효과를 제공한다.",G01S19/01;G06Q50/10;G06Q50/26;G06Q50/265;G08B21/0205;G08B21/0269;G08B25/14;G08B27/006;H04W4/003;H04W4/60;H04W88/02,G01S19/01;G06Q50/26;G08B21/02;G08B25/14;G08B27/00;H04W88/02,ATEK INFORMATION TECH CO LTD,20160509,2016,KR,1,False,True,True
60920934,KR-101804823-B1,Structure of slide for refuge,피난용 미끄럼대의 고정구조,"The present invention relates to a fixing structure of a slide for evacuation which is configured to, in the event of an emergency such as a fire or an earthquake, enable a slide for evacuation installed in facilities for elderly people, such as a day care center, a kindergarten, a facility for the disabled, and a nursing home so as to be reliably installed in a building. To this end, the present invention includes: a first plate fixedly installed on a concrete body of a building; a second plate provided at an upper end of a slide; and a connecting anchor bolt for integrating the first plate and the second plate, wherein the connecting anchor bolt is formed of a body portion and a thread portion on a longitudinal plane, wherein a trench groove is formed in the body portion in a longitudinal direction, wherein a tensile member is inserted into and installed in the trench groove such that compressive stress is generated in the connecting anchor bolt by the tensile member.","본 발명은 화재나 지진 등 비상사태의 발생시 어린이집이나 유치원, 장애인 시설, 요양병원 등 노약자를 위한 시설에 설치되는 피난용 미끄럼대가 건축물에 안정적으로 설치될 수 있도록 하는 피난용 미끄럼대의 고정구조에 관한 것으로서, 건축물의 콘크리트체에 고정설치되는 제1플레이트와, 미끄럼대에 상부 선단에 구비되는 제2플레이트와, 상기 제1플레이트와 제2플레이트를 일체화시키는 연결앵커볼트로 이루어지되, 상기 연결앵커볼트는 종단면상으로 몸체부와 나사산부로 이루어지되 상기 몸체부에는 트랜치홈이 길이방향으로 형성되고, 상기 트랜치홈에는 인장재가 삽입 설치되어 상기 인장재에 의해 연결앵커볼트에 압축응력이 발생되도록 하는 것을 특징으로 한다.",A62B1/20;E04B1/4114,A62B1/20;E04B1/41,BOOKOOK TECH CO LTD,20170717,2017,KR,1,True,True,False
60920939,KR-101804904-B1,Balcony structure of apartment building with escaping function for fire-fighting,비상대피 가능한 공동주택 건축물의 발코니 구조,"The present invention relates to a balcony structure of an apartment building with an emergency exit, comprising: a main body; a storage case; a wire; a handle portion; a support; a driving portion; a sudden drop prevention portion; and a discharge portion, wherein the sudden drop prevention portion comprises: a tube member; a storage space portion; a water supply pipe; an attachment and detachment portion; a reverse flow prevention portion; and a control portion. The control portion supplies firefighting water to the tube member by opening a valve installed in the water supply pipe when the driving portion is operated, and receives an operation signal in the discharge portion when a weight of the tube member rises above a set value, the operation signal is transmitted to the discharge portion so that the tube member is fallen to an external side of the storage space portion. By using the present invention, the elderly and infirm or a child is able to perform lowering operation by sitting thereon, and is able to adjust a lowering speed.","본 발명은, 베란다 또는 발코니 내벽에 설치되고 드럼이 회전 가능하게 설치되는 본체; 상기 본체 일측에 설치되고 수납공간을 제공하는 수납케이스; 상기 드럼에 권취되고 상기 본체 외측으로 연장 가능하게 설치되는 와이어; 상기 와이어의 단부에 설치되는 손잡이부; 상기 손잡이부에 착탈 가능하게 연결되는 거치패드; 사용자가 착석할 수 있도록 상기 거치패드와 연결되고 상기 수납케이스에 보관되는 안착패널; 건물의 외벽을 따라 지면까지 연장되도록 설치되는 가이드레일; 상기 와이어에 설치되는 본체블록; 상기 본체블록에 설치되고 상기 가이드레일 측으로 연장되는 지지대; 상기 지지대에 설치되고 상기 가이드레일에 슬라이딩 가능하게 삽입되며 상기 가이드레일과 상기 지지대 사이의 마찰력을 제공하는 마찰부; 상기 본체블록에 설치되고 상기 마찰부와 상기 가이드레일를 접촉 또는 분리 시키는 스위치부; 베란다 또는 발코니 바닥면에 건물 외측 방향으로 슬라이딩 가능하게 설치되고 이동난간이 구비되는 돌출패널; 상기 이동난간이 착탈 가능하게 연결되는 고정난간에 회전 가능하게 설치되고 상기 본체블록이 안착되는 회전구동축; 상기 회전구동축을 회전시켜 상기 가이드레일에 상기 마찰부를 슬라이딩 가능하게 연결시키는 구동부; 상기 거치패드를 상기 손잡이부에 연결 또는 분리시키는 연결착탈부; 상기 손잡이부 및 상기 안착패널이 하강할 때에 상기 와이어에 장력을 제공하여 상기 손잡이부 및 상기 안착패널이 일정 속도 이상으로 낙하되는 것을 방지하는 급강방지부; 및 상기 급강방지부가 오작동되어 상기 와이어에 장력이 제공되지 않을 것을 방지하는 배출부를 포함하고, 상기 급강방지부는, 상기 와이어의 타측 단부에 설치되고, 소방수가 담수되는 튜브부재; 상기 튜브부재가 수납되도록 주택의 외벽에 형성되는 수납공간부; 상기 튜브부재의 유입구와 소화전 사이에 설치되는 급수관; 상기 급수관과 상기 유입구를 연결 또는 분리시키는 착탈부; 상기 유입구에 설치되고, 상기 튜브부재에 담수되는 소방수가 상기 튜브부재 외측으로 배출되는 것을 방지하는 역류방지부; 및 상기 구동부가 작동되면 상기 급수관에 설치되는 밸브를 개방하여 상기 튜브부재에 소방수를 공급하고, 상기 튜브부재의 무게가 설정치 이상으로 상승되면 상기 배출부에 작동신호를 송신하여 상기 튜브부재를 상기 수납공간부 외측으로 낙하시키는 제어부를 포함하는 것을 특징으로 한다.",A62B1/08;B66D1/58;B66D1/60;E04B1/003;E04B1/94;E04B2001/949;E04F11/1865;E04F2011/1876,A62B1/08;B66D1/58;B66D1/60;E04B1/00;E04B1/94;E04F11/18,TAE WON CO LTD,20171024,2017,KR,1,True,True,False
60949394,JP-2018005631-A,Evacuation forecasting system,,"PROBLEM TO BE SOLVED: To provide an evacuation forecasting system capable of forecasting a minimum evacuation time required.SOLUTION: An evacuation forecasting system includes a step (step S805 and step S808) of calculating, by using a genetic algorithm, a minimum value of a cumulative time for evacuating a disaster care-needed person with a support by a caregiver. The calculation is performed on the basis of: evacuation space information relating to a set evacuation space; initial location information in the evacuation space information of the disaster care-needed person to be evacuated by the support of the caregiver, a required care level of the disaster care-needed person, and the caregiver that cares the disaster care-needed person; and walking speed information of the disaster care-needed person according to the required care level.SELECTED DRAWING: Figure 17",,,G06Q50/22;G08B27/00,SHIMIZU CONSTRUCTION CO LTD,20160704,2016,JP,1,False,True,True
60954141,KR-101805060-B1,Corridor safety railing for building evacuation,건물 대피용 복도식 안전난간,"The present invention relates to a corridor type safety handrail for evacuation in a building. An existing evacuation device installed in a veranda for stairs to downwardly be unfolded in an emergency has problems difficult to be evacuated due to acrophobia when a person wanting to be evacuated is move and is incapable of moving a patient who cannot move, and a wheelchair which is a carrying means for the patient. According to the present invention, when it is difficult to be evacuated from a household of a high rise building through a front door during an emergency situation such as intrusion of an outsider or a fire, a safety handrail is deployed forward from a handrail of the veranda to ensure a corridor (passage) in order to quickly realize evacuation to a safe neighboring household with a wall interposed therebetween; thereby allowing people of all ages and both sexes and a wheelchair carrying a patient who cannot move to quickly and easily be evacuated. The present invention comprises: a veranda handrail; an evacuation safety handrail; side surface supporting means; a footplate folding means; a fixing means; and an emergency alarm means.","본 발명은 건물 대피용 복도식 안전난간에 관한 것으로서, 기존 베란다에 설치되어 비상시 하향식으로 계단이 펼쳐지도록 하는 대피장치는 대피자가 이동할 때 고소공포증에 의해 탈출이 용이하지 않고, 또한 거동이 불편한 환자 및 그 운반수단인 휠체어의 이동이 불가능한 문제점이 있었던 바, 본 발명은 고층건물의 입주세대로 외부인의 침입 또는 화재와 같은 긴급상황 발생 시 현관을 이용하여 대피가 곤란할 경우 벽체를 사이에 둔 안전한 옆세대로 신속하게 대피하도록 베란다 난간에서 전방으로 전개시켜 복도(통로)를 확보하는 안전난간을 설치하여 남녀노소 및 거동이 불편한 환자를 운반하는 휠체어가 신속하고 용이하게 대피할 수 있도록 하는 건물 대피용 복도식 안전난간을 제공할 수 있는 것이다.",A62B3/00;E04F11/18;E04F11/1863;G08B21/18;G08B3/10;G08B5/36,A62B3/00;E04F11/18;G08B21/18;G08B3/10;G08B5/36,YOON HYUN JI,20170426,2017,KR;WO,2,True,True,False
61140607,CN-107676006-A,It is a kind of to be opened flat sliding door using door leaf side as axle,,"The application, which is related to, meets fire-fighting evacuation and a kind of daily accessible sliding door that is opened flat using door leaf side as axle using difunctional requirement, and technical scheme is：One upper corner of door leaf is provided with slidably rotatable first upper bracket with hanging the junction of slide rail；One lower corner of door leaf and the junction of glidepath are provided with slidably rotatable undersetting；First upper bracket and undersetting are located on same longitudinal axis, door leaf can be that door-hinge rotates to parados direction along axis, another upper corner of door leaf is provided with slidable second upper bracket with hanging slide rail junction, the electromagnetic lock or latch of door leaf are arranged on the junction of the second upper bracket and door leaf, and connecting rod connects the first upper bracket and the second upper bracket.It mainly solves the accessible middle place for wheelchair using design and design for fire protection contradiction.",,E05D7/081;E06B3/5054;E06B5/10;E06B7/28,E05D7/081;E06B3/50;E06B5/10;E06B7/28,SHANGHAI INSTITUTE OF ARCHITECTURAL DESIGN & RES CO LTD,20171019,2017,CN,1,False,True,False
61793744,CN-207194506-U,Active type facilities for the elders building structure,,"The utility model provides a kind of active type facilities for the elders building structure, including the 1st public elevator and the 1st elevator hall, the 2nd public elevator and the 2nd elevator hall, the 3rd public elevator and the 3rd elevator hall, public evacuation verandah, the 1st public escape stair, the 2nd public escape stair, the 1st set of type, the 2nd set of type, the 3rd set of type, the 4th set of type, the 5th set of type, the 6th set of type and the 7th set of type；Public evacuation verandah is outdoor vestibule space, is connected between the 1st public escape stair and the 2nd public escape stair；3rd set of type, the 4th set of type, the 5th set of type and the 6th set of type respectively have two family doors, and a family door is daily life family door, and another family door is emergency evacuation family door, and emergency evacuation family door connects with public evacuation verandah.With advantages below：The utility model provides a kind of active type facilities for the elders building structure, can effectively improve the elderly&#39;s living quality and quality of the life, has that privacy is good, safety and calamity reducing is strong and the advantages such as construction cost is low.",,,E04H1/04,BEIJING FRACTAL TECH CO LTD,20170527,2017,CN,1,True,True,False
61901163,KR-101828239-B1,Evacuation guiding apparatus for visually handicapped person,시각장애인을 위한 피난 유도 장치,"An evacuation guiding apparatus for a visually handicapped person according to a first aspect of the present invention comprises: a fire sensing unit arranged in a facility to sense an occurrence of a fire; a plurality of smoke sensing units arranged in the facility to sense an amount of smoke generated by the fire after the occurrence of the fire is sensed by the fire sensing unit; a plurality of units for sensing the number of persons arranged in corridors connected to a fire exit of the facility to sense the number of persons passing the corridors; a transmission unit wirelessly outputting signals corresponding to sensing results by the fire sensing unit, the smoke sensing unit and the person sensing units; a main body worn on a wrist of the visually handicapped person by a band; a receiving unit arranged in the main body to receive signals from the transmission unit; a warning unit, if the receiving unit receives a fire situation, informing the visually handicapped person of the fire situation; and a path guiding unit arranged in the main body to inform the visually handicapped person of an evacuation path. The present invention is able to sense the occurrence of the fire and inform the handicapped person of the evacuation path where the amount of smoke is small and the number of moving persons is small, is configured in a smart watch, which is a type to be worn on the wrist of the visually handicapped person to inform the visually handicapped person of fire through sound signals, band pressure, and vibration when the fire occurs, and is able to inform the visually handicapped person of a safe evacuation path through the sound signals and tactile signals on the evacuation path when the fire occurs.","본 발명의 제1 측면에 의하면, 본 발명은, 시설물에 배치되어 화재 발생을 감지하는 화재 감지부; 상기 시설물에 복수로 배치되어 상기 화재 감지부에 의해 화재 발생이 감지된 후, 화재에 의해 발생된 연기의 양을 감지하는 연기 감지부; 상기 시설물의 비상구로 연결되는 복도에 복수로 배치되어 상기 복도를 지나는 인원의 수를 감지하는 인원 감지부; 상기 화재 감지부, 상기 연기 감지부 및 상기 인원 감지부에서 감지 결과에해당하는 신호를 무선으로 출력하는 송신부; 시각장애인의 손목에 밴드에 의해 착용되는 본체; 상시 본체에 배치되어 상기 송신부가 송신하는 신호를 수신하는 수신부; 상기 수신부에 의해 화재 상황이 수신되면, 이를 시각장애인에게 알려주는 경보부; 및 상기 본체에 배치되어 상기 시각장애인의 피난 경로를 알려주는 경로 안내부를 포함하는 시각장애인을 위한 피난 유도 장치를 제공한다.  
본 발명은, 화재 발생 시 이를 감지하여 연기 발생량이 적고 이동 인원수가 적은 대피 경로를 장애인에게 알려줄 수 있고, 시각장애인의 손목에 채워지는 스마트 워치 형태로 이루어져 화재 발생 시 음향 신호, 밴드 압박, 진동을 통해 시각장애인에게 화재를 알려주고 안전한 대피 경로를 알려줄 수 있으며, 화재 발생 시 대피 경로상에서 음향 신호 및 촉각 신호를 통해 시각 장애인에게 안전한 대피 경로를 알려줄 수 있다.",G08B17/10;G08B21/12;G08B21/18;G08B25/10;G08B27/00;G08B3/10,G08B17/10;G08B21/12;G08B21/18;G08B25/10;G08B27/00;G08B3/10,NAT DISASTER MANAGEMENT RES INST,20161118,2016,KR,1,True,True,True
61909093,JP-2018057666-A,Method for setting stockpile bedding and stockpile bedding set,,"PROBLEM TO BE SOLVED: To provide a method for setting stockpile bedding and a stockpile bedding set that can be shipped and stored in a compact state, is suitable for stockpile by local governments in preparation for a relatively long-term life as an evacuee is forced in disaster, particularly in an earthquake disaster, facilitates preparation when in use, and can provide slightly preferable feeling in bed to people who are not suitable for laying at a blanket and a cardboard in a floor such as a gymnasium as for an elderly person or a pregnant woman, etc.SOLUTION: A method for setting stockpile bedding comprises: a step of arranging multiple spring mattress dividing units in a state of keeping a predetermined interval and hanging a quilt thereon; a step of putting the above in a film bag body while hanging the quilt; a step of compressing the entire surface while being put in the film bag body and sucking air in the film bag body to seal the air suction side of the film bag body; and a step of folding the bedding being in a compressed state and fixing it while overlapping the spring mattress dividing units.SELECTED DRAWING: Figure 6",,,A47C27/00;A47G9/02;A47G9/10,KAGOYA CO LTD,20161006,2016,JP,1,False,True,False
61910635,KR-101840434-B1,Fire escape balustrade,화재 대피용 난간,"The present invention relates to a fire escape balustrade which secures a passage between balconies of neighboring houses when a fire occurs and enables a wheelchair or a bed in which a patient with a severe disease sits or lies to be pushed and escape to a neighboring house through the passage. The fire escape balustrade comprises: a fixed frame (2) which is installed at an end of a balcony (A) of a building to form a balustrade (1) of the balcony (A); a movable frame (3) which has a side able to spread and be restored, and which is assembled to the fixed frame (2) to be used as the balustrade (1) usually and to secure a passage as the side spreads in case of a fire, thereby providing an escape route, wherein the passage is rotated to reach a balcony (A-1) of a neighboring house and be positioned over both houses so that a person who needs to escape can escape to the balcony (A-1) of the neighboring house using the passage; a door (4) which is rotatably installed in the fixed frame (2) to form the balustrade (1) of the balcony (A) together with the fixed frame (2) and movable frame (3) usually, and which is rotated by a person who is to escape to provide an entrance to the passage from the balcony (A); a first locking means (5) for locking the movable frame (3); and a second locking means (6) for locking the door (4). When the fire occurs, the fire escape balustrade of the present invention can be used to secure the passage by spreading the side of the movable frame (3), to secure the entrance connected to the balcony (A) by rotating the door (4) after rotating the movable frame (3) wherein the passage is secured, and then to escape to the balcony (A-1) of the neighboring house.","본 발명은 화재 발생시양측 이웃세대 발코니 사이에 통로를 확보하여 이 통로를 통해 중증환자가 탑승한 휠체어나 침대를 간단히 밀어서 옆 이웃세대로 탈출시키는 것으로, 
이의 구성은 건축물 발코니(A)의 단부에 설치되어 발코니(A)의 난간(1)을 형성하는 고정프레임(2); 측면이 펼침과 복원가능하게 구성되고, 상기 고정프레임(2)에 회전가능하게 조립되어 평상시 난간(1)으로 사용하고 화재발생시 측면이 펼쳐져 통로를 확보한 상태에서 이 통로가 이웃세대 발코니(A-1)까지 도달하여 양측 세대에 위치하도록 회전시켜 탈출자가 통로를 이용하여 이웃세대 발코니(A-1)로 탈출할 수 있도록 탈출로를 제공하는 이동프레임(3); 상기 고정프레임(2)에 회전가능하게 설치되어 평상시 상기 고정프레임(2) 및 이동프레임(3)과 함께 발코니(A)의 난간(1)을 형성하며, 화재발생시 탈출자에 의해 회전하여 발코니(A)에서 통로로 진입하는 출입구를 제공하는 도어(4); 이동프레임(3)을 잠그는 제1잠금수단(5); 및 도어(4)를 잠금하여 제2잠금수단(6);을 포함하고,  
화재발생시 이동프레임(3) 측면을 펼쳐 통로를 확보하고, 통로가 형성된 이동프레임(3)을 회전시킨 다음, 도어(4)를 회전시켜 발코니(A)와 연결된 출입구를 확보하여 이 출입구를 통해 이웃세대 발코니(A-1)로 탈출할 수 있도록 하는 것임.",A62B5/00;E04F11/1865;E04F2011/1876,A62B5/00;E04F11/18,KIM SUNG YOUL,20170716,2017,KR,1,True,True,False
62046439,US-9965819-B1,Real-time school bus and student tracking,,"School District Administrators have the real-time monitoring of students and school buses during daily school transportation. The IRITRANS® system will provide school districts with real-time bus locations and more importantly the “specific identity of all students on-board”. The system prevents students from becoming lost by boarding or exiting at the wrong assigned bus stop. The iris scanning process is completely mobile from all points of the bus for loading and unloading students with special needs requirements. If a student has a medical emergency the medical history is available to responders for correct treatment. In a hijacking event authorities have access to the real-time GPS location of the bus and the specific identity of students onboard. In the event of a school evacuation, administrators know where the students have been taken and the identity of the students on a specific bus to provide parents. On field trips students are accounted for and not left behind on the return trip. Students will not be abandoned or left sleeping on the school bus.",,G06K9/00604;G06K9/00617;G06Q50/20;G06Q50/265;G06V40/197;G08G1/127;G08G1/205;H04W4/021,G06K9/00;G06Q10/00;G06Q10/06;G06Q10/08;G06Q50/20;G06Q50/26;G08G1/127;H04W4/02,DEVRIES JOHN,20151125,2016,US,1,True,False,True
62272526,CN-207296764-U,It is a kind of to be opened flat sliding door using door leaf side as axis,,"This application involves meeting fire-fighting evacuation and a kind of daily accessible sliding door that is opened flat using door leaf side as axis using difunctional requirement, technical solution is：One upper corner of door leaf is equipped with slidably rotatable first upper bracket with hanging the junction of slide；One lower corner of door leaf and the junction of glidepath are equipped with slidably rotatable undersetting；First upper bracket and undersetting are located on same longitudinal axis, door leaf can be rotated along axis for door-hinge to parados direction, another upper corner of door leaf is equipped with slidable second upper bracket with hanging slide junction, the electromagnetic lock or latch of door leaf are arranged on the junction of the second upper bracket and door leaf, and connecting rod connects the first upper bracket and the second upper bracket.It mainly solves the accessible middle place for wheelchair using design and design for fire protection contradiction.",,,E05D7/081;E06B3/50;E06B5/10;E06B7/28,SHANGHAI INSTITUTE OF ARCHITECTURAL DESIGN & RES CO LTD,20171019,2017,CN,1,True,True,False
62451379,KR-101861752-B1,Integrated emergency broadcasting system and method,통합 비상 방송 시스템 및 방법,"The present invention relates to an integrated emergency broadcasting system and method, and more particularly, to an integrated emergency broadcasting system and method, in which, when an emergency such as a disaster occurs, an emergency broadcast is transmitted through internal broadcasting and public address broadcasting, the emergency broadcast is provided through a DMB for users in a shadow area where the emergency broadcast cannot be viewed in a building, and the emergency broadcast and evacuation information are provided through a user terminal to allow a user to effectively cope with the emergency situation. The present invention provides an emergency broadcast to a user terminal, which is carried by an individual person and capable of displaying DMB, through DMB broadcasting, so that an emergency broadcast can be delivered to target persons who are in a position where it is difficult to watch the emergency broadcast through public address broadcasting and internal broadcasting. The location of relief targets is identified through a beacon device installed in each place, and the guidance for evacuation route is provided to the relief targets. In the case of the emergency relief target such as a handicapped person or an elderly person, a separate mark is assigned such that the rapid relief can be realized. Thus, the effective relief can be achieved upon emergency situation.","본 발명은 통합 비상 방송 시스템 및 방법에 관한 것으로서, 더욱 상세히는 재난과 같은 비상 상황 발생시 구내 방송과 전관 방송을 통해 비상 방송을 송출 가능하도록 지원하고, 건물 내 비상 방송을 시청할 수 없는 음영 지역의 사용자에 대한 비상 방송이 DMB를 통해 제공되도록 지원하는 동시에 사용자 단말을 통해 비상 방송 및 대피 정보를 제공하여 비상 상황에 효과적으로 대처할 수 있도록 지원하는 통합 비상 방송 시스템 및 방법에 관한 것이다. 본 발명은 개별 인원이 소지하는 DMB 시청이 가능한 사용자 단말로 DMB 방송을 통해 비상 방송을 제공함으로써, 전관 및 구내 방송 시스템을 통한 비상 방송의 시청이 어려운 위치에 있거나 이동 중인 구호 대상자에게도 비상 방송이 전달될 수 있도록 지원하는 동시에 각지에 설치된 비콘 장치를 통해 구호 대상자의 위치를 파악하여 구호 대상자에게 대피 경로를 안내하거나 장애인이나 노약자와 같은 긴급구호 대상자의 경우 별도의 표식을 설정하여 신속한 구호 조치가 이루어지도록 지원함으로써 비상 상황 발생시 효율적인 구호가 이루어지도록 지원하는 효과가 있다.",H04H20/59;H04H20/61;H04H2201/11;H04W4/12,H04H20/59;H04H20/61;H04W4/12,GREEN IT KOREA,20171108,2017,KR,1,True,True,False
62918757,KR-20180074570-A,Multi-directional vibration system that can safely evacuate from disaster area in the situation of communication failure,통신장애 상황에서 재난지역으로부터 안전한 대피가 가능한 다 방향 진동시스템,"The present invention relates to a multidirectional vibration system capable of safely evacuating from a disaster area in a communication trouble situation, which provides a user′s smart device with a safe moving path based on real-time disaster information by using a detection device installed in an area to detect danger, and analyzing data stored in a database when a disaster occurs in the area, where global positioning system (GPS) transmission/reception is disabled. According to the present invention, the system comprises: the detection device (100) installed in the area, where the GPS transmission/reception is disabled, detecting a disaster occurring in the corresponding installation area, and converting detected information into data to transmit the data to the database; the database (200) receiving the data generated from the detection device (100), and comparing and analyzing the received data and previously stored data to transmit safe moving path data based on real-time disaster information to the user′s smart device; and the smart device (300) displaying an evacuation path and disaster information based on the data compared and analyzed in the database (200).","본 발명은 GPS 송수신이 불통되는 에어리어에서의 재난발생시 상기 에어리어에 기 설치되어 위험성을 감지하는 감지장치 및 데이터베이스에 저장되어진 데이터의  분석을 통해 사용자 스마트장치에 실시간 재난정보에 기초한 안전한 이동경로를 알려주는 통신장애 상황에서 재난지역으로부터 안전한 대피가 가능한 다 방향 진동시스템에 있어서, 상기 시스템은상기 GPS 송수신이 불통되는 에이리어에 설치되어지고, 설치된 해당 에어리어 구간에서 발생된 재난을 감지하며, 상기 감지된 정보를 데이터화하여 데이터베이스에 전송하는 감지장치(100)와, 상기 감지장치(100)에서 발생된 데이터를 수신하며, 상기 수신된 데이터를 기존에 저장되어진 데이터와 비교 및 분석하여 실시간 재난정보에 기초한 안전한 이동경로 데이터를 사용자 스마트장치에 전송하는 데이터베이스(200)와, 상기 데이터베이스(200)에서 비교 및 분석되어진 데이터를 통해서 피난경로 및 재난정보를 표출하는 스마트장치(300)를 포함하는 것을 특징으로 한다.",A45C11/00;A45C15/00;A45C2011/002;A45C2011/003;G08B17/06;G08B17/10;G08B17/125;G08B25/10;G08B5/227;G08B6/00;G08B7/066;H04W4/043,A45C11/00;A45C15/00;H04W4/02,KOREA DISSASTER SAFETY TECH INSTITUTE,20161223,2017,KR,1,False,True,True
63453363,KR-101893422-B1,Fire exit guides,화재시 발현되는 비상구 안내 장치,"Disclosed is a fire exit guiding device activated in the event of a fire. The fire exit guiding device of the present invention comprises: a body unit installed on a bottom surface; a braille unit protruding upward from the body unit; a temperature sensitive sheet formed on an upper surface of the braille unit; and a melting unit filled between the braille units and liquefied in the event of a fire. According to the present invention, if a fire occurs and the ambient temperature rises, the fire exit guiding device capable of evacuating a blind person as well as a non-disabled person can be provided that thermopaint of the same color as the bottom surface turns into a conspicuous color to guide the exit and the blind person can read braille with a cane since the melting unit is liquefied.","화재시 발현되는 비상구 안내 장치가 개시된다. 본 발명의 화재시 발현되는 비상구 안내 장치는, 바닥면에 설치되는 몸체부; 몸체부로부터 상측으로 돌출된 점자부; 점자부 상면에 형성된 온도감응시트; 및 점자부 사이에 채워지고, 화재시 액화되는 멜팅부를 포함하는 것을 특징으로 한다. 본 발명에 의하면, 화재가 발생하여 주위의 온도가 올라가면, 바닥면과 같은 색인 시온도료가 눈에 잘 띄는 색으로 변하여 비상구를 안내하고, 멜팅부가 액화되어 시각장애인이 케인으로 점자를 읽을 수 있게 되는, 비장애인뿐만 아니라 시각장애인의 대피를 돕는 비상구 안내 장치를 제공할 수 있게 된다.",G01K11/12;G08B17/00;G08B5/00;G08B6/00,G01K11/12;G08B17/00;G08B5/00;G08B6/00,UNIV INCHEON IND ACAD COOP,20170619,2017,KR,1,True,True,False
63865221,KR-20180110808-A,Apparatus for determining the emergency situation of the old and the infirm,노약자의 응급 상황을 판별하는 장치,"The present invention relates to an apparatus for determining an emergency situation of the elderly and infirm which senses a bio-signal of the elderly and infirm and whether the elderly and infirm enters a specific space through a contactless method by being arranged in a living space of the elderly and infirm, determines whether an emergency situation of the elderly and infirm occurs by sensing the bio-signal of the elderly and infirm, determines whether the emergency situation of the elderly and infirm occurs as the elderly and infirm pushes a button, and determines whether the emergency situation of the elderly and infirm occurs through a movement of a body of the apparatus. To this end, the apparatus comprises: a bio-radar; a warning sound occurring button; a gyro sensor; and a control unit.","본 발명은 노약자의 응급 상황을 판별하는 장치에 관한 것이다. 
본 발명은 노약자의 주거 공간 내에 배치되어 노약자의 특정 공간 진입 여부와 노약자의 생체신호를 비접촉 방식으로 감지하고, 노약자의 생체신호 감지를 통해 노약자의 응급 상황 발생 여부를 판단하고, 노약자의 버튼 누름을 통해서도 노약자의 응급 상황 발생 여부를 판단하며, 장치 몸체의 움직임을 통해서도 노약자의 응급 상황 발생 여부를 판단하는 장치를 제공한다.",G01S19/14;G08B21/0211;G08B21/0438;G08B21/0453;G08B21/18;G08B3/10;G08B5/22,G01S19/14;G08B21/02;G08B21/04;G08B21/18;G08B3/10;G08B5/22,CIS4U,20170330,2017,KR,1,False,True,False
63865238,KR-20180110814-A,Apparatus for determining the emergency situation of the old and the infirm,노약자의 응급 상황을 판별하는 장치,The present invention relates to an apparatus for determining an emergency situation of the elderly and infirm. The apparatus according to the present invention is installed in a residential space of the elderly and infirm and detects whether the elderly and infirm enter a specific space and a biological signal of the elderly and infirm in a contactless manner so as to determine whether the elderly and inform has an emergency situation through the biological signal detection. The apparatus comprises a bio radar; a wireless communication part; and a control part.,"본 발명은 노약자의 응급 상황을 판별하는 장치에 관한 것이다. 
본 발명은 노약자의 주거 공간 내에 배치되어 노약자의 특정 공간 진입 여부와 노약자의 생체신호를 비접촉 방식으로 감지하고, 노약자의 생체신호 감지를 통해 노약자의 응급 상황 발생 여부를 판단하는 장치를 제공한다.",G01S19/14;G08B21/0211;G08B21/0438;G08B21/18;G08B25/10;G08B25/14;G08B3/10,G01S19/14;G08B21/02;G08B21/04;G08B21/18;G08B25/10;G08B25/14;G08B3/10,CIS4U,20170330,2017,KR,1,False,True,False
65005288,JP-2019000534-A,Posture change mat and movement tool for evacuation,,"To provide a posture change mat enabling a caregiver to transfer a care-receiver from a supine posture to a seated posture (or from the seated posture to the supine posture) without burden, and a movement tool for evacuation enabling caregivers to move a care-receiver with less burden at the time of disaster.SOLUTION: A mat body 1 is formed of a rectangle soft resin foam, longitudinal side edge parts L, L of the mat body are formed with first slit parts 11, 11, the first slit parts and second slit parts 12, 12 are provided, the mat body is formed with a back pad part B, a seat part H and a footrest part F, the back pad part of the mat body is attached with a first belt member 2 and the footrest part F of the mat body is attached with a second belt member 3.SELECTED DRAWING: Figure 1",,,A61G1/017,SAKAI TOSHIMITSU,20170619,2017,JP,1,False,True,False
65227698,JP-2019011031-A,Manufacturing method for floating type home nursing disaster prevention shelter,,"To provide a floating type home care disaster prevention shelter for protecting life and property by being lived in as a final abode and floating accommodating family and nearby residents in timeS of disaster such as a tsunami or a flood.SOLUTION: Leaving jobs to nurse family which presently occurs for approximately 100,000 persons is capable of being prevented since the elderly can be nursed at home without anxiety by: covering a strong frame body connecting a barge type platform and a deck framework by a corner strut and a strut by an insulation plate with an inner packing of cypress plate and inner packing; improving shock resistance property and environmental resistance property by bilayer polyurea resin and protective coating; preventing a turn-over due to a tsunami or traverse waves by installing a drinking water tank also used as ballast on a bottom; installing sanitary facilities and a nursing assistance device for nursing, an AI speaker, and a camera in a room with an atmosphere of forest bathing drifting with aroma of cypress; having a wearable terminal capable of grasping the health situation worn on an elderly person&#39;s arm and connected to IoT; having family observe by a smart phone while working in a work place; and responding with close cooperation with a home care medical support hospital and a nursing service support dealer when something occurs.SELECTED DRAWING: Figure 7",,Y02A50/00,B63C9/06;E04H1/12;E04H9/14,DEBARI HIROYASU;DEBARI NOBUAKI;DEHARI MAIKO;DEHARI TOSHIAKI,20170630,2017,JP,1,False,True,False
65474440,CN-109410540-A,A kind of old man based on Internet of Things goes on a journey safely bracelet control system,,"It goes on a journey safely bracelet control system the invention discloses a kind of old man based on Internet of Things, belongs to internet of things field.It is main including circuit board, microphone, miniature shock motor, flash appeal button and flexible material bracelet band.Circuit board is equipped with central processing unit, memory, position sensor, Internet of Things and network connection device, Audio Controller and control chip.The central processing unit handles the signal received and assigns instruction.The Internet of Things and network connection device are used for connection network, receive traffic light signal judging result, and the location information and help signal of old man are sent to the mobile phone of guardian.The Audio Controller connection microphone gives a warning to old man with miniature shock motor together in abnormal cases for acquiring sound.Old man can determine real time position, safety road using the bracelet, avoid dangerous obstacles, can also in case of emergency seek help, provide safety guarantee for the trip of the elderly.",,A44C5/0007;G08B25/016;G08B7/06;G08G1/005,A44C5/00;G08B25/01;G08B7/06;G08G1/005,UNIV KUNMING SCIENCE & TECHNOLOGY,20181121,2018,CN,1,False,False,True
65722485,WO-2019053971-A1,"Roadside device, communication system and pedestrian assistance method",,"In the present invention, a pedestrian terminal (1) transmits, from an ITS communication unit (12) to a roadside device, a message which includes pedestrian information. When the roadside device (5) receives, with an ITS communication unit (31), the message transmitted from the pedestrian terminal (1), the roadside device (5) stores the pedestrian information included in the message in a storage unit (34), as passage history information. A control unit (33) generates, on the basis of the passage history information in the storage unit (34), route guidance information (pedestrian assistance information) relating to an evacuation route for when a disaster occurs, and in particular: detects people requiring aid, such as elderly people, and people engaged in a lot of dangerous behavior; generates route guidance information aimed at such people; and transmits, to pedestrian terminals (1) in the surrounding area, a message which includes the route guidance information.",,G01C21/26;G06F16/00;G08B21/00;G08B21/10;G08B25/10;G08B27/00;G08G1/005;G08G1/0116;G08G1/0133;G08G1/0141;G08G1/164;G08G1/166;H04L67/55;H04W4/024;H04W4/029;H04W4/40,G01C21/26;G06F16/00;G08B21/00;G08B21/10;G08B25/10;G08B27/00;G08G1/005;G08G1/09;G08G1/16,PANASONIC IP MAN CO LTD,20170913,2018,CN;WO,3,True,True,True
66254369,WO-2020063783-A1,Safety protection system for passengers and drivers of online ride-hailing and taxi services,,"Disclosed is a safety protection system for passengers and drivers, the system including passenger and driver seat belt fastening state detection apparatuses, passenger and driver emergency alarm apparatuses, a car roof sounding alarm, passenger and driver fastening apparatuses, and passenger and driver isolation and protection apparatuses, wherein if a passenger is a single female, a pregnant woman, an elderly man or woman, a child, an infant, a person with difficulty in moving and an intoxicated person, an order will only be assigned to a vehicle provided with the above-mentioned apparatuses; when the passenger or a driver presses an emergency alarm button, the car roof sounding alarm gives an alarm; and when the passenger is still in an automobile and the driver attempts to unfasten a seat belt, the safety protection system gives an alarm immediately, the passenger can open a door using an automobile door remote control key on the passenger emergency alarm apparatus and escape, the car roof sounding alarm gives an alarm, and a mobile phone camera of the driver is turned on to monitor the driver, or the driver is fastened to the driver&#39;s seat.",,B60Q1/50;B60Q1/503;B60Q1/52;B60Q5/001;B60Q5/005;B60Q9/00;B60R2021/0027;B60R2022/4816;B60R2022/4875;B60R21/00;B60R21/12;B60R22/48;B60R25/23;G06Q20/326;G06Q50/30;G06Q50/40;G08B21/02;G08B25/016;G08B7/06;G08G1/00;G08G1/205;H04M1/725;H04N7/18,B60Q1/50;B60Q5/00;B60R21/12;B60R22/48;B60R25/23;G06Q20/32;G06Q50/30;G08B21/02;H04M1/725,JIANG HONGMING,20180926,2019,US;WO,2,False,False,True
66976246,JP-2019100004-A,Earthquake-resistant shelter for indoor installation,,"To provide an earthquake-resistant shelter for indoor installation capable of allowing even a person with a physical disability to easily enter/get out of the same.SOLUTION: The earthquake-resistant shelter for indoor installation includes at least a plurality of supporting columns each erected vertically along the vertical direction at four corners of an installation area formed in a square on the floor surface and a plurality of beam members extending along four sides of the square installation area, each connecting the upper ends of the neighboring supporting column. The earthquake-resistant shelter for indoor installation also includes a rail that extends between an upper portion of one surface of the aseismic shelter for indoor installation and an upper portion of the other surface extending in parallel to the one surface, the rail extending vertically from one side of the installation area, and a carrier device having a lift for lifting an object to be carried along the vertical direction, which is attached so as to move along the rail.SELECTED DRAWING: Figure 2",,,E04H9/02,FUKUVI CHEM IND CO,20171129,2017,JP,1,False,True,False
67065184,KR-101992700-B1,Construction Method of Screw Type Sliding Equipment for Emergency escape,비상탈출용 나선형 미끄럼틀 시공방법,"The present invention relates to a method for constructing a spiral sliding frame for emergency escape, wherein the spiral sliding frame is constructed at one side surface of a building such that children and the elderly can rapidly and safely escape from a building in case of emergency situations such as a fire or disaster, comprising the steps of: (A) selecting an installation position of the sliding frame; (B) installing a fireproof door on a wall of the building at the installation position; (C) performing excavation for a set area on the ground at the installation position, distributing reinforcement steel and assembling an anchor, and then placing concrete; (D) assembling a main column, having a set length, by fastening a bolt to the anchor assembled by a foundation construction to vertically install the main column on the installation position; (E) coupling and assembling a column fixation band considering an interlayer height and a tilt angle for installing a slide at the main column; (F) coupling and assembling a slide support bracket on each column fixation band wherein the bracket has a seating support groove for supporting and seating the sliding frame; (G) seating and arranging the pipe shaped slide at each seating support groove of the slide support bracket and then performing a welding operation; (H) fixating a floor fixation support with a circular shape on the ground where the slide lands; (I) arranging a side column support pipe, positioned at an outer side of the slide and bent along the slide, at an outer side end of the slide support bracket and performing a welding operation; (J) arranging side columns in a radial structure to be spaced apart along the circular periphery of the floor fixation support; (K) bending and arranging a fall prevention handrail along the slide to be positioned at an upper side in the outer side direction of the slide; and (L) horizontally arranging a start floor plate at an outer side of the fireproof door and fixatedly coupling the start floor plate to the slide.","본 발명은 건축물에 화재나 재난 등의 비상사태 발생시 노인이나 어린이들이 건축물 밖으로 신속하고 안전하게 탈출할 수 있도록 건축물의 일측면에 시공하는 비상탈출용 나선형 미끄럼틀 시공방법에 관한 것으로서, (A) 화재나 재난시 사람들이 건축물로부터 용이하게 탈출할 수 있는 동선을 파악 및 미끄럼대의 착지부 측 구급차량의 통행까지 고려하여 미끄럼틀의 설치위치를 선정하는 단계; (B) 미끄럼틀의 설치위치가 선정되면, 설치위치의 건축물 벽체 상에 방화문을 설치하는 단계; (C) 설치위치의 지면에 일정 면적으로 터파기를 하고 철근 배근과 앵커를 조립한 후 콘크리트를 타설하는 기초 공사단계; (D) 기초 공사에 의해 조립된 앵커에 볼트 체결을 통해 조립하여 일정 길이를 갖는 메인기둥을 설치위치 상에 수직 설치하는 단계; (E) 메인기둥에 미끄럼대를 설치하기 위한 층간 높이와 경사각도를 고려하여 기둥고정밴드를 체결 조립하되, 수직 설치되는 메인기둥의 길이방향으로 간격 배치하는 단계; (F) 미끄럼대의 안착 지지를 위한 안착지지홈을 갖는 미끄럼대 지지브래킷을 각 기둥고정밴드 상에 체결 조립하는 단계; (G) 미끄럼대 지지브래킷의 각 안착지지홈마다 관체의 미끄럼대를 안착 배치한 후 용접하여 고정 결합하되, 미끄럼대를 밴딩하여 상측에서 하측 방향으로 미끄러져 내려가도록 나선형 구조로 미끄럼대를 설치 및 설치위치의 지면에 미끄럼대의 착지부가 접촉되게 하는 단계; (H) 원형 구조로 구비되는 바닥고정대를 미끄럼대가 착지되는 지면 상에 고정 배치하는 단계; (I) 미끄럼대의 외측에 위치 및 미끄럼대를 따라 밴딩되는 사이드기둥 지지파이프를 미끄럼대 지지브래킷의 외측단부에 안착 지지된 상태가 되게 배치하고 용접하여 고정 결합하는 단계; (J) 바닥고정대의 원둘레를 따라 방사상 구조로 간격 배치하되, 바닥고정대와 사이드기둥 지지파이프 측에 일정 길이를 갖는 사이드기둥을 수직 설치한 후 용접하여 고정 결합하는 단계; (K) 미끄럼대를 따라 밴딩하여 미끄럼대의 외측방향 위쪽에 위치되게 추락방지난간을 배열하되 수직 설치되는 사이드기둥의 내면 지지상태에서 용접하여 고정 결합하는 단계; (L) 방화문 측 외부에 출발참바닥판을 수평 배치 및 미끄럼대에 연결되게 고정 결합하되, 기둥고정밴드에 체결 조립 및 메인기둥 상에 간격 배치된 어느 하나의 미끄럼대 지지브래킷을 이용하여 지지를 받도록 설치하는 단계;를 포함하는 것을 특징으로 한다.",A62B1/20;E02D27/42;E04F11/032,A62B1/20;E02D27/42;E04F11/032,MODEUNTNS,20181203,2018,KR,1,True,True,False
67473893,KR-101962704-B1,Vehicle accident prevention device,차량용 2차사고 방지장치,"The present invention relates to a secondary accident prevention device for a vehicle and, more specifically, to a secondary accident prevention device installed in a vehicle and enabling a driver of the following vehicle to recognize an emergency situation such as an accident or a failure occurs. The secondary accident prevention device for a vehicle comprises: a fixing unit installed in the accident vehicle or in the disabled vehicle to be detached; an unfolding light emitting unit enabling the driver of the following vehicle to recognize the emergency situation since the upper end of the unfolding light emitting unit is fixed to the fixing unit; and a weight bar is fixed to a lower end of the unfolding light emitting unit. The fixing unit comprises: a housing main body having an operation space inside and a slit on one side; a winding roller installed in the housing main body, wherein an upper end of the winding roller is fixed to the unfolding light emitting unit; and a driving motor rotating the winding roller. The unfolding light emitting unit comprises: a connection unit comprising connection wires connecting the fixing unit and weight bar; and lamps emitting the light by being formed in the connection wire. The fixing unit is connected to a ring formed in the vehicle to be detached, by having a hook. The weight bar is formed of a synthetic resin material having elasticity. When a failure or accident occurs in a vehicle, the secondary accident prevention device for a vehicle prevents a collision by informing other drivers of the emergency situation by being installed in the vehicle. Also, the secondary accident prevention device for a vehicle enables following drivers to rapidly reduce speed after checking the emergency situation as the unfolding light emitting unit is installed to correspond to following drivers′ eye level. So, the secondary accident prevention device can prevent secondary accidents.","본 발명은 차량용 2차사고 방지장치에 관한 것으로서, 보다 상세하게는 차량에 설치되어 사고 또는 고장과 같은 위급상황 발생시 뒤따르는 차량의 운전자에게 위급상황을 인지시키토록 된 2차사고 방지장치로서, 사고 또는 고장 차량에 탈착가능하게 설치되는 고정유닛과, 상기 고정유닛에 상단부가 고정되어 뒤따라 주행하는 차량의 운전자에게 위급상황을 인지시키도록 된 전개발광부와, 상기 전개발광부의 하단부에 고정되는 무게바로 이루어지며, 상기 고정유닛은 내부에 작동공간이 마련되고 일면에 슬릿홀이 형성된 하우징본체와, 상기 하우징본체의 내부에 마련되고 상기 전개발광부에 상단부가 고정되는 권취롤러와, 상기 권취롤러를 회전시키는 구동모터로 이루어지고, 상기 전개발광부는 상기 고정유닛과 상기 무게바를 연결하는 연결전선들로 이루어진 연결부와, 상기 연결전선에 형성되어 발광하는 램프들로 이루어지며, 상기 고정유닛은 후크가 마련되어 차량에 형성되는 고리에 탈착가능하게 연결되고, 상기 무게바는 탄성을 갖는 합성수지재로 이루어져, 주행중이던 차량에 고장 및 사고가 발생시 2차사고 방지장치를 차량에 설치하여 뒤따르는 차량의 운전자에게 위급상황을 알려 추돌사고를 방지하게 되고, 운전자의 눈높이에 맞게 전개발광부가 배치되어 뒤따르는 운전자가 신속하게 위급상황을 확인한 후 빠르게 속도를 줄일 수 있어 2차 사고를 미연에 방지할 수 있게 되는 효과가 있다.",B60Q1/2696;B60Q2300/43;B60Q7/00;F21V21/14;F21W2111/00,B60Q1/26;B60Q7/00;F21V21/14;F21W111/00,KIM WOO SEOK,20181217,2018,KR,1,True,True,False
67474185,KR-20190089469-A,Air pocket for bed,침대용 에어 포켓,"The present invention relates to an air pocket for a bed, for disabled patients currently living in bed only in hospitals, nursing homes, homes and the like. In the event of a fire, an evacuation method of the patients is elevators, descenders, emergency exits and the like, but the method is not practical. Therefore, it is possible to form a double tent in an instant by using an elastic steel wire and a flame retardant, waterproof, and smoke prevention functional fabric on the bed in use without evacuation, thereby preventing toxic gases and protecting the same from flames.","본 발명은 현재 병원, 요양원, 가정 등에서 오로지 침대에서 생활하고 있는 거동 불능 환자들을 위한 것이다. 화재 발생 시 상기의 환자들의 대피 방법이 엘리베이터, 완강기, 비상구 탈출 등이나 현실적으로는 불가능할 수 있다. 따라서 대피를 하지 않고 사용 중인 침대에 탄성체 강선 및 방염, 방수, 방연의 기능성 직물을 이용하여 순식간에 이중 텐트를 형성하여 유독 가스 차단은 물론 화염으로부터도 보호할 수 있다.",A47C29/003;A61G7/05,A47C29/00;A61G7/05,GIM SEONG MO,20180122,2018,KR,1,False,True,False
67763778,KR-101970146-B1,Sliding Equipment for Emergency escape,비상탈출용 미끄럼틀,"The present invention relates to a slide for emergency evacuation, which is installed at one side surface of a building to allow the elderly or children to speedily and safely evacuate from the building when an emergency occurs in the building such as a fire or a disaster. To this end, the present invention comprises: a main pillar assembled to a base anchor to be vertically installed; a pillar fixating band arranged after being spaced in a longitudinal direction of the main pillar before being fastened and assembled; a slide support bracket fastened and assembled to the pillar fixating band to be used for installing and supporting a slide, and having a mounting supporting groove for mounting and supporting the slide; the slide of a tubular body which is fixated and coupled after being mounted on the mounting supporting groove of the slide support bracket, and installed to allow a user to slide from an upper side to a lower side; a fall prevention banister which is the same tubular body as the slide, and is arranged along the slide at an outer upper side of the slide, while being fixated and coupled to be supported with an inner surface of a side pillar; a bottom fixating rack provided in a circular structure, which is arranged on the ground surface on which the slide is landed; a side pillar support pipe located at an outer lower end portion of the slide, provided along the slide, and fixedly coupled to the slide support bracket; and the side pillar welded to the bottom fixating rack and the side pillar support pipe to be vertically installed, and arranged after being spaced apart along a circular periphery.","본 발명은 건축물에 화재나 재난 등의 비상사태 발생시 노인이나 어린이들이 건축물 밖으로 신속하고 안전하게 탈출할 수 있도록 건축물의 일측면에 설치되는 비상탈출용 미끄럼틀에 관한 것으로서, 기초 앵커에 조립되어 수직 설치되는 메인기둥; 상기 메인기둥의 길이방향으로 간격 배치되어 체결 조립되는 기둥고정밴드; 상기 기둥고정밴드에 체결 조립되어 미끄럼대의 설치 및 지지를 위해 사용되고, 미끄럼대의 안착 지지를 위한 안착지지홈을 갖는 미끄럼대 지지브래킷; 상기 미끄럼대 지지브래킷의 안착지지홈에 안착 배치되어 고정 결합되고, 상측에서 하측 방향으로 미끄러져 내려가도록 설치되는 관체의 미끄럼대; 상기 미끄럼대와 동일한 관체를 미끄럼대의 외측방향 위쪽에 미끄럼대를 따라 배치 및 사이드기둥의 내면에 지지되게 고정 결합되는 추락방지난간; 상기 미끄럼대가 착지되는 지면 상에 배치 및 원형 구조로 구비되는 바닥고정대; 상기 미끄럼대의 하단부 외측에 위치되고, 미끄럼대를 따라 구비 및 상기 미끄럼대 지지브래킷 측에 고정 결합되는 사이드기둥 지지파이프; 상기 바닥고정대와 사이드기둥 지지파이프 측에 용접 결합되어 수직 설치되고, 원둘레를 따라 간격 배치되는 사이드기둥;을 포함하는 것을 특징으로 한다.",A62B1/20,A62B1/20,MODEUNTNS,20181203,2018,KR,1,True,True,False
67776292,KR-20190101237-A,Single elderly person solitary death prevention system using communication terminal,LoRa 통신  단말기를  이용한  독거노인  고독사  예방 시스템,The system for preventing lonely death of a senior citizen who lives alone using a LoRa communication terminal comprises: a LoRa communication terminal for finding an active state of a senior citizen who lives alone; a management server for assigning an ID of the LoRa communication terminal and managing a use place and an emergency contact; and a control server for storing and analyzing active state information received from the LoRa communication terminal to provide the active state information to a web service. The LoRa communication terminal transmits a state of movement of a door of home of the senior citizen who lives alone to the control server using LoRa communication and the control server stores and analyzes the active state and determines a sign of lonely death to generate an alert to a computer or smartphone so that the management server is operated to automatically call a registered emergency contact.,"LoRa 단말기를 이용한 독거 노인 고독사 사전예방 시스템은, 독거노인의  활동상태를  파악하기  위한  LoRa   통신  단말기와, LoRa  통신  단말기의 ID를 부여하고 사용처 및 비상 연락처를 관리하기 위한 관리서버와, LoRa 통신 단말기로부터 수신된 활동상태 정보를 저장 및 분석하여 웹서비스를 제공하는 관제서버를 포함하며, LoRa  통신  단말기가 독거노인 가정의 문 움직임 상태를 LoRa 통신을 이용하여 관제서버에 전달하고, 관제서버에서 활동상태를 저장 및 분석하여 고독사 정후를 판단하여 컴퓨터 또는 스마트폰으로 경고를 발생하여 관리서버에 의해 등록된 비상연락처로 자동으로 연락하도록 동작하는 것을 특징으로 한다.",G06Q50/10;G06Q50/22;G08B21/0415;G08B25/14;G08B27/005,G06Q50/10;G06Q50/22,LEE IN CHUL,20180222,2018,KR,1,False,False,True
67807861,KR-102013776-B1,Auxiliary apparatus for pushing a button of automatic door for the safety evacuation for children,어린이 안전대피를 위한 자동문 버튼 누름 보조 장치,"The present invention relates to an automatic door button pressing assistance device for safe child evacuation. The automatic door button pressing assistance device includes: a housing having a storage space therein; a fixing member fixing one side of the housing to a position adjacent to an automatic door button installed on the outer wall of an entrance of a building; a first disc installed in the storage space to be able to be rotated normally or reversely; a second disc fixed to one side of the upper surface of the first disc; a pressing piece fixed to the center axis of the second disc to be rotated along with the second disc in accordance with the rotation of the first disc; and a manipulation part controlling the pressing piece to make the piece press one side of the upper surface of the automatic door button by rotating the first disc in one direction through the manipulation of a user. Therefore, the automatic door button pressing assistance device is capable of enabling a child or a wheelchair, who cannot reach an automatic door button, to easily press the automatic door button.","본 발명은 어린이 안전대피를 위한 자동문 버튼 누름 보조 장치에 관한 것으로서, 내부에 수용 공간이 마련된 하우징과, 상기 하우징의 일측을 건물의 출입구 외벽에 설치된 자동문 버튼과 인접한 위치에 고정시키는 고정 부재와, 상기 수용 공간에 정역회전 가능하도록 설치되는 제1 원판과, 상기 제1 원판의 상면 일측에 고정 설치되는 제2 원판과, 상기 제2 원판의 중심축에 고정되어 상기 제1 원판의 회전에 따라 상기 제2 원판과 함께 회전되는 소정 길이의 가압편과, 사용자의 조작에 의해 상기 제1 원판을 일방향으로 회전시켜 상기 가압편이 상기 자동문 버튼의 상면 일측을 가압하도록 제어하는 조작부를 포함하는 것을 특징으로 한다. 이에 따라, 자동문 버튼에 손이 닿지 않는 키가 작은 어린이나 휠체어 이용자의 경우에도 쉽게 자동문 버튼을 누를 수 있는 효과가 있다.",H01H13/12;H01H13/26,H01H13/12;H01H13/26,NAT DISASTER MANAGEMENT RES INST,20180403,2018,KR,1,True,True,False
68023682,CN-110281964-A,It is a kind of can side door evacuation rail traffic vehicles and its side door evacuate structure,,"The invention discloses a kind of rail traffic vehicles side doors to evacuate structure, the components such as module, skirtboard turnover panel can be stirred including the fixation pedal at vehicle side door, guest room floor by being arranged, connect guest room floor and low evacuation platform, evacuating system is formed with car door united opening, to realize that passenger carries out emergency evacuation by side door in disabled vehicle, and when being not turned on emergency evacuation structure, the car door again can normal on-board and off-board purpose.",,B61D19/023;B61D23/02,B61D19/02;B61D23/02,CN RAILWAY SIYUAN SURVEY & DES,20190722,2019,CN,1,False,True,False
68023721,CN-110281965-A,Can side door evacuation rail traffic vehicles and flexible side door may be reversed evacuate structure,,"The invention discloses a kind of flexible side doors that may be reversed of rail traffic vehicles to evacuate structure, the components such as module, telescopic pedal, skirtboard turnover panel can be stirred including the fixation pedal at vehicle side door, guest room floor by being arranged, connect guest room floor and low evacuation platform, means of escape is formed with car door united opening, to realize that passenger carries out emergency evacuation by side door in disabled vehicle, and when being not turned on emergency evacuation structure, the car door again can normal on-board and off-board purpose.",,B61D19/023;B61D23/02,B61D19/02;B61D23/02,CN RAILWAY SIYUAN SURVEY & DES,20190722,2019,CN,1,False,True,False
68098637,KR-102026664-B1,Apparatus for Informing Door Opening and Indicating Position of Panic Bar,도어 개방 알림 및 패닉바 위치표시장치,"The present invention relates to an apparatus for informing door opening and indicating location of a panic bar. Specifically, the apparatus for informing door opening and indicating position of the panic bar notifies the disabled that a door is opened, so that it is possible to effectively prevent the collision with an opening door, and since location of the panic bar is easily acknowledged, the disabled can quickly open the door and evacuate.","본 발명은 도어 개방 알림 및 패닉바 위치표시장치에 관한 것으로, 도어의 반대편에 있는 사람 특히 장애인에게 도어가 개방됨을 알려줌으로써 개방되는 도어와의 충돌을 효과적으로 방지하고 화재발생시 패닉바의 위치가 용이하게 시인될 수 있어 도어를 신속하게 열고 대피할 수 있도록 한 도어 개방 알림 및 패닉바 위치표시장치이다.",E05B17/0083;E05B17/10;E05B17/226;E05B65/1046;G08B17/10;G08B17/12;H01H21/22,E05B17/00;E05B17/10;E05B17/22;E05B65/10;G08B17/10;G08B17/12;H01H21/22,IDGATE CO LTD;LEE KWANG HYUN;YUNZUTECH CO LTD,20190410,2019,KR,1,True,True,False
68163655,WO-2019199044-A1,Door opening notification and door handle/panic bar position indication device,도어 개방 알림 및 도어손잡이/패닉바 위치표시장치,"The present invention relates to a door opening notification and door handle/panic bar position indication device, which notifies a person on the other side of the door, particularly the disabled, that the door is being opened, thereby effectively preventing a collision with the door being opened, and allows a user to easily locate the position of the door handle/panic bar in the event of fire, thereby allowing the user to open the door and escape quickly.","본 발명은 도어 개방 알림 및 도어손잡이/패닉바 위치표시장치에 관한 것으로, 도어의 반대편에 있는 사람 특히 장애인에게 도어가 개방됨을 알려줌으로써 개방되는 도어와의 충돌을 효과적으로 방지하고 화재발생시 도어손잡이/패닉바의 위치가 용이하게 시인될 수 있어 도어를 신속하게 열고 대피할 수 있도록 한 도어 개방 알림 및 도어손잡이/패닉바 위치표시장치이다.",E05B17/10;E05B17/22;E05B3/00;E05B41/00;E05B45/06;G08B17/06,E05B17/10;E05B17/22;E05B3/00;E05B41/00;E05B45/06;G08B17/06,IDGATE CO LTD,20180411,2019,WO,1,False,True,False
68207616,KR-101999506-B1,Fire escape apparatus,화재 피난기,"The present invention provides a fire evacuator which is installed on the veranda of an apartment or high-rise building to safely evacuate occupants in an emergency such as a fire, descends to the weight of refugees when the refugees boards thereto, and automatically moves up and down between upper and lower floors of the veranda where the fire evacuator is installed by a folding method through a drive part, a first connection part, a second connection part, a folding part, and a balancing part, when the evacuator is lifted by the restoring force of a rising power part formed by a gas cylinder after the refugees gets off therefrom, thereby allowing all refugees to evacuate quickly as the elderly and children are readily available.","본 발명은 화재와 같은 비상시에 거주자를 안전하게 피난시키기 위해 아파트 또는 고층 건물의 베란다에 설치되어 피난자가 탑승하면 피난자의 자중에 하강하고, 파난자가 하차한 후에 가스실린더로 형성되는 상승동력부의 복원력에 의해 승강할 때에 구동부, 제1 연결부, 제2 연결부, 접철부, 및 균형유지부를 통한 접철방식에 의해 화재 피난기가 설치된 베란다의 윗층과 아래층 사이에서 자동으로 신속하고 안전하게 승하강동작을 구현하여 노약자나 어린아이까지도 용이하게 이용할 수 있게 됨에 따라 모든 피난자를 신속하게 대피시킬 수 있는 화재 피난기를 제공하는 것이다.",A62B1/02;A62B1/04;B66B5/284;B66B9/04;B66B9/16,A62B1/02;A62B1/04;B66B5/28;B66B9/04;B66B9/16,KIM HYOUNG SIK,20190404,2019,KR,1,True,True,False
68421921,KR-102037201-B1,Pull type multi purpose door lock,풀 타입 다목적 도어락,"The present invention relates to a pull-type multipurpose door lock comprising: a housing including first and second covers; a rotation plate; a latch bolt; a dead bolt; and a driving unit. According to the present invention, a latch bolt and a dead bolt are integrally installed inside a housing, and a rotation plate in a handle shape is integrally shaft-coupled to one side of an outer surface of the housing, thereby providing a convenient installation effect.","본 발명은 풀 타입 다목적 도어락에 관한 것으로서, 보다 상세하게는 도어의 일측면에 설치되되, 내측에 설치공간이 형성되도록 양측으로 결합되는 제1, 제2커버를 포함하는 하우징과, 상기 제1커버의 일면에 일단부가 회동가능하게 축결합되고, 상기 제1커버의 일면과 일정간격 이격되어 타측으로 연장되는 파지부가 형성되며, 상기 하우징의 내측으로 걸림쇠가 돌출형성되는 회동플레이트와, 일단부가 상기 도어의 모서리 부분으로 돌출되도록 상기 하우징 내측에 설치되며, 타측면에는 상기 걸림쇠가 걸리도록 내측으로 함몰된 걸림홈이 형성되는 래치볼트와, 길이방향을 따라 일단부가 상기 도어의 모서리 부분으로 돌출되도록 상기 하우징 내측에 설치되어, 상기 도어의 락기능을 수행하는 데드볼트와, 상기 제1커버의 일면에 열쇠구멍이 관통형성되고, 일단부가 상기 열쇠구멍 내측으로 삽입되는 열쇠에 고정되기 위한 열쇠홈이 형성되며, 타단부가 상기 데드볼트의 일측에 연결되어 상기 열쇠와 일체로 회동되면서 상기 데드볼트를 길이방향으로 구동시키는 구동부를 포함하여, 상기 회동플레이트의 파지부를 파지한 상태에서 상기 회동플레이트를 외측으로 당겨 상기 걸림쇠가 상기 걸림홈에 걸리면서 상기 래치볼트의 일단부가 상기 하우징 내측으로 인입되도록 한다. 
상기와 같은 본 발명에 따르면, 하우징 내측에 래치볼트와 데드볼트가 일체로 설치되고, 하우징의 외면 일측에 손잡이 형태의 회동플레이트가 일체로 축결합되어 도어 내측에 하우징을 삽입시키고 도어의 외측으로 노출되는 하우징의 일면에 회동플레이트를 결합시켜 설치가 매우 편리한 효과가 있다. 
또한, 도어에 설치된 상태에서 회동플레이트를 옆으로 미는 동작만으로도 도어가 개방되어 회동플레이트가 패닉바의 기능으로 사용 가능하여 일반 주택, 비상대피공간, 장애인 시설, 캠핑카, 공장 등 다양한 공간 내에서 적용될 수 있는 효과가 있다.",E05B17/2007;E05B63/22;E05B65/1046;E05B9/02;E05C1/10,E05B17/20;E05B63/22;E05B65/10;E05B9/02;E05C1/10,KIM JIN SEON,20180913,2018,KR,1,True,True,False
68836951,KR-102053083-B1,Device for emergency escape,비상탈출장치,"Provided in the present invention is an emergency evacuation device which provides a high space utilization of a building and is easy to use even for children or the elderly. To this end, the emergency evacuation device which is installed at an outer wall of a building is characterized by comprising: an outer wall frame unit which is installed to be foldable so as to switch between a folded state of being close to the outer wall and an unfolded state of protruding from the outer wall to the outside to form a vertical moving space at a gap from the outer wall; a rotating frame unit which is rotatably fixated at a floor of the building and is operated between a standby state of being vertically arranged on the floor and a rotating state of being horizontally laid on an axial line of the vertical moving space; a control unit which operates the outer wall frame unit and the rotating frame unit; and an elevating unit including an elevating plate which is installed at the rotating frame unit to be elevatable along the vertical moving space, and a descending life line which elevates the elevating plate.","본 발명은 건물의 공간활용성이 높고, 어린이나 노약자도 쉽게 이용할 수 있는 비상탈출장치를 제공하기 위한 것으로, 건물의 외벽에 설치되는 비상탈출장치에 있어서, 상기 외벽에 근접하는 접힘상태와, 상기 외벽으로부터 외부로 돌출되어 상기 외벽과의 사이에 수직이동공간을 형성하는 펼침상태 간을 절첩가능하게 설치되는 외벽프레임부와, 상기 건물의 바닥에 회동 가능하게 고정되어, 바닥에 수직하게 배치된 대기상태와 상기 수직이동공간의 축선에 가로방향으로 ?혀진 회동상태 간을 동작하는 회동프레임부와, 상기 외벽프레임부와 상기 회동프레임부를 작동하는 조작유니트와, 상기 회동프레임부에 설치되어 상기 수직이동공간을 따라 승강 가능한 승강판과, 상기 승강판을 승강구동하는 완강기를 포함하는 승강유니트를 가지는 것을 특징으로 한다.",A62B1/02;A62B1/04;B66B9/187,A62B1/02;A62B1/04;B66B9/187,KIM PYUNG UK,20190510,2019,KR,1,True,True,False
69103592,KR-20190141880-A,Smart evacuation map for the deaf and blind.,시각 및 청각 장애인을 위한 스마트 피난 안내도,"The present invention relates to a smart evacuation guide map for the visually and hearing impaired, which comprises: an LCD display for showing; a guide map outputted on the LCD display; a current location displaying a point in which the current guide map is located; an emergency exit representing the spot for evacuation based on the current location; an evacuation route representing a route to move in accordance with the emergency exit display; a current situation output unit displaying the current situation and a response method; and a speaker helping the visually impaired to act on the current situation and evacuation tips.","본 발명은 시각 및 청각 장애인을 위한 스마트 피난 안내도에 관한 것으로 우리 눈에 보여주기 위한 LCD 디스플레이, LCD디스플레이에 출력되는 안내도, 현재 안내도가 위치해 있는 지점을 표시하는 현재위치, 현재위치를 기준으로 대피할 수 있는 곳을 나타내는 비상구, 비상구 표시를 따라 이동해야 하는 경로를 나타내는 피난경로, 현재상황과 대처방법을 보여주는 현재상황 출력부, 시각 장애인들이 현재상황과 대피요령을 행동할 수 있게 도와주는 스피커를 포함하는 것을 특징으로 한다.",G08B7/062;G08B7/066;G09F19/22;G09F2019/225,G08B7/06;G09F19/22,KIM KI HONG,20180615,2018,KR,1,False,True,True
69591583,EP-3854679-A1,A vehicle with at least one emergency exit system,적어도 하나의 비상구 시스템을 갖는 운송 수단,"The invention relates to a vehicle with at least one emergency exit system 5c, the at least one emergency exit system 5c comprising a jettisonable component 2i that is accommodated and locked in an associated frame structure 2l of the vehicle in normal operation mode and releasable from the associated frame structure 2l for being jettisoned from the vehicle in an emergency mode; and further comprising an emergency evacuation assistance device 9 that is adapted to assist in an emergency evacuation of the vehicle via the associated frame structure 2l in the emergency mode; wherein the emergency evacuation assistance device 9 is attached to the jettisonable component 2i such that the emergency evacuation assistance device 9 is deployed by means of the jettisonable component 2i when the jettisonable component 2i is jettisoned from the vehicle in the emergency mode.","본 발명은 적어도 하나의 비상구 시스템(5c)을 갖는 운송 수단에 관한 것이고, 적어도 하나의 비상구 시스템(5c)은 정상 작동 모드에서 상기 운송 수단의 연관된 프레임 구조(2l)에 수용 및 잠겨지고 비상 모드에서 운송 모드로부터 사출되도록 연관된 프레임 구조(2l)로부터 해제가능한 사출가능 컴포넌트(2i)를 포함하고; 비상 모드에서 연관된 프레임 구조(2l)를 통해 운송 수단의 비상 대피를 지원하도록 적응된 비상 대피 지원 디바이스(9)를 더 포함하고; 비상 대피 지원 디바이스(9)는, 사출가능 컴포넌트(2i)가 비상 모드에서 운송 수단으로부터 사출될 때 비상 대피 지원 디바이스(9)가 사출가능 컴포넌트(2i)에 의해 전개되도록 사출가능 컴포넌트(2i)에 부착된다.",B64C1/1407;B64C1/1438;B64C1/1461;B64C1/1484;B64C1/1492;B64C1/24;B64C1/32;B64C27/00;B64C27/04;B64D25/08,B64C1/14;B64C1/24;B64C1/32;B64C27/00;B64C27/04;B64D25/08,AIRBUS HELICOPTERS;Airbus Helicopters Deutschland GmbH,20200124,2020,EP;KR;US,4,True,True,False
69647650,KR-102081193-B1,Walking assistance device for the blind and walking system having it,시각장애인 보행 보조기구 및 이를 구비한 보행시스템,"The present invention relates to a walking aid device for a blind person, which comprises: a glass body including a frame formed to cover a face to be worn on the face of a blind person in a glass shape, a lens installed at the frame to protect an eye, and a leg installed to be folded on both sides of the frame to be hung on both ears of the blind person so as to support the frame; an obstacle detection amplifying unit installed in front of the frame to recognize a position of an obstacle disposed in front of the blind person and a distance from the obstacle; a GPS receiving unit installed at one side of the glass body to receive position information on the blind person; an output unit for outputting voice and vibration when the obstacle is detected; and a voice recognition unit for recognizing voice of the blind person to receive information on a destination. Therefore, safe walking can be performed by receiving a voice message to the destination while receiving a current position from the GPS receiving unit. Also, an emergency button is set for an emergency situation to issue a notification to a remote management server so as to allow a guardian and a consignment organization to take an emergency measure. In addition, a disabled person can live and show ability like normal people, thereby minimizing loss of a social opportunity.","본 발명에 따른 시각장애인 보행 보조기구는 시각 장애인의 안면에 안경 형태로 착용할 수 있도록 상기 안면을 감싸는 형태로 형성된 프레임과, 상기 프레임에 설치되는 눈을 보호하는 렌즈와, 상기 프레임의 양측에 절첩 가능하게 설치되어 시각 장애인의 양측 귀에 걸림되도록 하여 상기 프레임을 지지하는 다리로 이루어지는 안경 몸체와; 상기 프레임 전방에 설치되어 시각 장애인의 전방에 배치된 장애물의 위치와 장애물까지의 거리를 인식할 수 있도록 하는 장애물 검지 증폭부와; 상기 시각 장애인의 위치 정보를 수신하도록 상기 몸체의 일측에 설치된 GPS 수신부와; 상기 장애물이 검지될 경우에 음성 및 진동을 출력하는 출력부와; 상기 시각 장애인의 음성을 인식하여 목적지에 대한 정보를 수신하는 음성인식부를; 포함함으로써, GPS 수신부로부터 현재 위치를 수신 받으면서 목적지까지 음성 메세지를 전달받아 안전하게 보행을 할 수 있도록 하고, 비상시 응급버튼을 설정함으로써 원격지의 관리 서버로 통보하여, 보호자, 위탁기관으로 응급조치를 취할 수 있고 장애자가 정상인과 같은 생활과 능력을 발휘할 수 있도록 함으로써 사회적 기회 손실을 최소화 할 수 있도록 하는 현저한 효과가 있다.",A61F9/08;A61H2003/063;A61H2201/501;A61H3/061;G01C21/36;G01S19/01;G06Q50/20;G10L15/02,A61F9/08;A61H3/06;G01C21/36;G01S19/01;G06Q50/20;G10L15/02,INDUSTRY ACADEMIC COOPERATION FOUNDATION DAEGU UNIV,20181116,2018,KR,1,True,True,False
70282383,KR-102096780-B1,Fire truck having basket and high rise ladder of folding type,굴절식 고가사다리 및 바스켓을 구비한 소방차,"The present invention relates to a fire truck with a folding ladder and a basket. The object of the present invention is to provide the fire truck that can safely evacuate the elderly and children and allows many people to quickly evacuate using the ladder. To this end, the fire truck of the present invention includes: a ladder lift device provided at the rear of a driving unit of a fire truck; and the ladder provided in multiple stages to be folded, wherein an uppermost ladder is folded at a certain angle. A folding unit (A) of the uppermost ladder enters a ladder structure, and a basket (30) is detachably mounted at the front end of the uppermost ladder.","본 발명은 굴절식 고가사다리 및 바스켓을 구비한 소방차에 관한 것으로서, 노약자나 어린이를 안전하게 대피시킬 수 있음과 동시에, 다수의 사람이 사다리를 타고 신속하게 대피할 수 있는 소방차를 제공하는 데 그 목적이 있다. 
이를 위하여 본 발명은, 소방차 차량 구동부의 후방에 구비되는 사다리 승강장치와, 다단으로 구비되어 신축되며 최상부의 사다리가 일정각도로 굴절되는 고가사다리를 포함하여 이루어지는 소방차에 있어서, 상기 최상부 사다리의 굴절부(A)가 사다리 구조체의 내부로 진입되고, 상기 최상부 사다리의 선단에 바스켓(30)이 탈착식으로 장착되는 것을 특징으로 한다.",A62B1/02;A62B1/04;A62C27/00;B66F11/046;E06C5/04;E06C5/44,A62B1/02;A62B1/04;A62C27/00;B66F11/04;E06C5/04;E06C5/44,HANSEO PREC INDUSTRY CORPORATIION,20190619,2019,KR,1,True,True,False
70472367,KR-102104204-B1,Safety Shelter for Emergency Evacuation,긴급 대피용 안전고,"The present invention relates to a safety shelter for emergency evacuation, which comprises: a safety shelter made of incombustible materials, and having an evacuation space inside; an entrance and a door, in which a plurality of bumps are formed on an engagement unit, and a sealing is mounted to prevent hazardous gas from being introduced; a sprinkler installed on an upper side of the safety shelter to prevent the inside of the safety shelter from being overheated when a fire occurs; a towing ring formed on an upper side of the safety shelter; a slider and a rail mounted on a lower side of the safety shelter; and a filter and a ventilation fan which exchange the air inside the safety shelter with the outdoor air. The present invention is able to separate the safety shelter itself from the building while the residents are evacuated into the safety shelter, implement more smooth evacuation for the elderly and the infirm, and prevent casualties by a secondary accident arising during the process of emergency evacuation.","본 발명은 불연성 재질로 이루어지고, 내부에 대피 공간이 형성되는 안전고와, 결합부에 복수의 턱이 형성되고, 실링이 장착되어 유독가스의 유입을 방지하는 출입구 및 도어와, 안전고 상부에 설치되어 화재발생시 안전고 내부의 과열을 방지하는 스프링클러와, 안전고 상부에 형성된 견인 고리와, 안전고 하부에 장착되는 슬라이더 및 레일과, 안전고 내부 공기와 실외 공기와 교환하는 필터 및 환기팬으로 구성되어, 주거자가 안전고 내부로 대피한 상태에서 안전고 자체를 건물로부터 분리시킴으로써 노약자의 피난을 보다 원활하게 하고, 비상 탈출 과정에서 발생하는 2차 사고에 의한 인명피해를 방지하는 긴급 대피용 안전고에 관한 것이다.",A62B1/04;A62B13/00;A62B3/00;A62B5/00;A62C31/24,A62B1/04;A62B13/00;A62B3/00;A62B5/00;A62C31/24,CHOI JIN TACK,20190321,2019,KR,1,True,True,False
70610210,JP-2020074168-A,Control device of disaster prevention cooperation system,,"To secure a safe evacuation route in the event of a fire so that people having difficulties with evacuating, such as patients and the elderly, can be moved to a safe place by linking a fire alarm system with a device management system equipped with a desktop interface device that manages a work robot.SOLUTION: When receiving a fire signal from a fire detector 18 and outputting a fire alarm, a receiver 14 of a fire alarm system 10 transmits fire information including a fire location to a desktop interface device 15 of a device management system 12. When fire information is received from the receiver 14, the desktop interface device 15 displays a map of a facility where the fire location is shown on a screen, instructs a cleaning robot 36 to check a safety area in the facility and display it on the screen, sets a safe evacuation route based on the checked safety area, and causes a guidance display device 32 to display an evacuation guidance direction.SELECTED DRAWING: Figure 1",,,G08B17/00;G08B27/00,HOCHIKI CO,20200120,2020,JP,1,False,True,True
70614966,KR-200491585-Y1,Apparatus for fire and gas leakage warning with movable installation,시각 또는 청각 장애인 화재경고장치,,"본 고안은 시각 또는 청각 장애인 화재경고장치에 관한 것으로, 화재발생시 시각장애인 또는 청각 장애인들은 대피할 수 없어 인명사고 발생률이 높은 원인은 인식과 대처방식이 미흡하기 때문이 이러한 문제점이 해결한 시각 또는 청각 장애인 화재경고장치를 얻기 위한 것인 바, 
화재발생시 연기를 감지하는 연기 감지센서와, 화재발생시 제어부의 경보발생신호를 공급받아 화재경보를 알리며 기입력 입력된 음성으로 경보음과 화재발생멘트와 피난방법인 &#34;위층계단으로 대피하세요&#34;, &#34;좌측통로로 대피하세요&#34;를 구체적으로 음성으로 알려주는 음성경보부와, 강력한 빛을 발산하도록 엘이디점멸등;를 포함하는 메인본체(300);로 이루어져 상기와 같이 구성된 본 고안에 따른 시각 또는 청각 장애인 화재경고장치에 의하면, 화재발생시 시각장애인과 청각장애인 뿐만 아니라 어린이 및 일반인들도 인지가 쉬워 화재대피가 빨라질 수 있도록 한 매우 유용한 고안인 것이다.",G08B17/06;G08B17/10;G08B17/12;G08B7/06,G08B17/06;G08B17/10;G08B17/12;G08B7/06,,20191118,2019,KR,1,True,True,True
70729461,KR-20200050133-A,Emergency evacuation guidance system and method using sound,사운드를 이용한 비상 대피로 안내 시스템 및 방법,"Disclosed is an emergency evacuation route guidance method, as a method for guiding an emergency evacuation route to a user in a building through a guide server interworking with at least one terminal module disposed at regular intervals in the building, which includes the steps of: guiding an evacuation direction at each speaker position through at least one speaker included in the terminal module according to a disaster situation; receiving a conversation mode triggering signal from the user and operating by switching to a conversation mode that performs two-way communication between the corresponding speaker and the user; determining whether a physically disabled person requiring evacuation assistance has occurred from a user input in the conversation mode, and when the physically disabled person requiring evacuation assistance occurs, switching the operation mode of the guide server to a support mode for collecting applicants who support the physically challenged who need evacuation support.","건물 내에 일정한 간격을 두고 배치되는 적어도 하나의 단말 모듈과 연동하는 안내 서버가 건물 내 사용자에게 비상 대피로를 안내하는 방법으로서, 재난 상황 발생에 따라 상기 단말 모듈이 포함하는 적어도 하나의 스피커를 통해 각 스피커 위치에서의 대피 방향을 안내하는 단계; 사용자로부터 대화 모드 트리거링 신호를 수신하고 해당 스피커 및 사용자 간의 양방향 통신을 수행하는 대화 모드로 전환하여 동작하는 단계; 상기 대화 모드에서의 사용자 입력으로부터 대피 지원이 필요한 신체약자가 발생하였는지 판단하고, 상기 대피 지원이 필요한 신체약자가 발생한 경우 상기 안내 서버의 동작 모드를 대피 지원이 필요한 신체약자를 지원하는 지원자를 모집하는 지원 모드로 전환하는 단계를 포함하는 비상 대피로 안내 방법이 개시된다.",G08B25/10;G08B26/005;G08B3/1033;G08B7/066,G08B25/10;G08B26/00;G08B3/10;G08B7/06,ELECTRONICS & TELECOMMUNICATIONS RES INST,20181101,2018,KR,1,False,True,True
70914893,KR-102115319-B1,Sliding Equipment for Emergency escape,설치가 용이한 비상탈출용 미끄럼틀,"The present invention relates to an emergency escape slide, which is installed on one side surface of a building to enable the elderly or children to rapidly and safely evacuate to the outside of the building when an emergency such as a fire or disaster occurs in the building. The emergency escape slide of the present invention comprises: a main post assembled to a base anchor to be vertically installed; a post fixing band arranged at intervals in a longitudinal direction of the main post to be fastened and assembled; a slide support bracket fastened and assembled to the post fixing band to be used for installing and supporting a slide, and having a seating support groove for seating and supporting the slide; a tubular slide seated and arranged on the seating support groove of the slide support bracket to be fixed and coupled, and installed to be slid downward from an upper side; a fall prevention guardrail having a tubular body the same as the slide to be arranged along the slide at an upper side of the outside of the slide, and fixed and coupled to be supported by an inner surface of a side post; a floor fixture arranged on the ground on which the slide is landed, and provided in a circular structure; a side post support pipe positioned at the outside of a lower end portion of the slide, provided along the slide, and fixed and coupled to the slide support bracket; and a side post vertically installed by being welded and coupled to the floor fixture and the side post support pipe, and arranged at intervals along the circumference thereof.","본 발명은 건축물에 화재나 재난 등의 비상사태 발생시 노인이나 어린이들이 건축물 밖으로 신속하고 안전하게 탈출할 수 있도록 건축물의 일측면에 설치되는 비상탈출용 미끄럼틀에 관한 것으로서, 기초 앵커에 조립되어 수직 설치되는 메인기둥; 상기 메인기둥의 길이방향으로 간격 배치되어 체결 조립되는 기둥고정밴드; 상기 기둥고정밴드에 체결 조립되어 미끄럼대의 설치 및 지지를 위해 사용되고, 미끄럼대의 안착 지지를 위한 안착지지홈을 갖는 미끄럼대 지지브래킷; 상기 미끄럼대 지지브래킷의 안착지지홈에 안착 배치되어 고정 결합되고, 상측에서 하측 방향으로 미끄러져 내려가도록 설치되는 관체의 미끄럼대; 상기 미끄럼대와 동일한 관체를 미끄럼대의 외측방향 위쪽에 미끄럼대를 따라 배치 및 사이드기둥의 내면에 지지되게 고정 결합되는 추락방지난간; 상기 미끄럼대가 착지되는 지면 상에 배치 및 원형 구조로 구비되는 바닥고정대; 상기 미끄럼대의 하단부 외측에 위치되고, 미끄럼대를 따라 구비 및 상기 미끄럼대 지지브래킷 측에 고정 결합되는 사이드기둥 지지파이프; 상기 바닥고정대와 사이드기둥 지지파이프 측에 용접 결합되어 수직 설치되고, 원둘레를 따라 간격 배치되는 사이드기둥;을 포함하는 것을 특징으로 한다.",A62B1/20,A62B1/20,MODEUNTNS,20190329,2019,KR,1,True,True,False
71405816,KR-20200070034-A,Gauss principle emergency hammer,가우스원리를 이용한 비상 대피용 망치,"The present invention relates to a hammer for emergency evacuation using the Gaussian principle, which uses the force of a magnet based on the Gaussian principle to be easily used by the elderly and the infirm, and completes all operations with a button and a trigger to make a wide space unnecessary, thereby solving the problem in a prior art that it is difficult for the elderly and the infirm to use a hammer because a force has to be directly applied, and a space for swinging the hammer is required. The hammer for emergency comprises: a hammer body formed in an L shape to be conveniently gripped with the user′s hand; a hammer trigger formed to enable magnet balls to move to the tip of a tube through a mechanical apparatus if the trigger is pulled for loading the hammer so as to break glass; neodymium magnet balls positioned in a row within the tube in order to implement the Gaussian principle if the button is pushed by enabling the magnets to fly with the Gaussian principle to break glass with the force; a hammer tube formed to have a spring at one side tip thereof and a hole with a proper size at the other side tip so that the neodymium balls can be positioned and discharged; and the button configured to put the final ball if the button is pushed so that the foremost ball can be discharged by using the Gaussian principle. Therefore, the present invention uses the force of the magnets based on the Gaussian principle to be easily used by the elderly and the infirm, and completes all operations with the button and the trigger to make a wide space unnecessary, thereby solving the problem in a prior art that it is difficult for the elderly and the infirm to use a hammer because a force has to be directly applied, and a space for swinging the hammer is required.","본 발명은 가우스원리를 이용한 비상 대피용 망치에 관한 것으로서 가우스 원리를 이용해 자석의 힘을 이용하기 때문에 노약자 등이 이용하기 용이하며 버튼과 방아쇠로 모든 조작을 끝내기 때문에 넓은 공간이 필요하지 않음하도록 함으로써 기존의 직접 힘을 주어야해서 노약자 등이 사용하기 어려우며 망치를 휘두를 공간이 필요한 문제점을 해소 하도록 한 것이다. 즉 본 발명은, 비상용 망치에 있어서 손으로 편하게 쥘 수 있게 ㄱ자로 형성한 망치 몸체, 유리를 깨기 위해 망치를 장전할 수 있게 방아쇠를 당기면 기계장치를 통해 자석공을 관 끝으로 움직일 수 있게 형성한 망치 방아쇠, 가우스 원리를 통해 자석을 날려 그 힘으로 유리를 파괴할 수 있게 버튼을 누르면 가우스원리를 실현할 수 있게 관 속에 일렬로 위치한 네오디뮴 자석 구슬, 네오디뮴 구슬을 위치하고 발사할 수 있게 한쪽 끝에는 스프링이 있고 한쪽 끝은 적당한 크기의 구멍이 있도록 형성한 망치 관, 가우스 원리를 이용해 가장 앞 자석을 발사할 수 있게  버튼을 누르면 마지막 구슬이 놓아지도록 구성한 버튼으로 구성한 것이다. 따라서, 본 발명은 가우스 원리를 이용해 자석의 힘을 이용하기 때문에 노약자 등이 이용하기 용이하며 버튼과 방아쇠로 모든 조작을 끝내기 때문에 넓은 공간이 필요하지 않음하도록 함으로써 기존의 직접 힘을 주어야해서 노약자 등이 사용하기 어려우며 망치를 휘두를 공간이 필요한 문제점을 해소하도록 한 효과를 갖는 것이다.",B25D1/02;B25D2222/12;B25D2250/141;B25D2250/255;B25D2250/271;B25D2250/321,B25D1/02,KIM HYEON U,20181208,2018,KR,1,False,True,False
71405841,KR-20200069800-A,Employment consignment management system for persons with disabilities,장애인 고용 위탁 관리 시스템,"The present invention relates to a system for consigned management of employment of the disabled, which is characterized by comprising: a job selecting step of selecting a job which can be managed by the disabled among the jobs of a consigning company; a disabled personnel-linked pool selection step of selecting a disabled person to be hired for the selected job from an employable disabled personnel-linked pool; a job supporting person placement step of selecting and dispatching a job supporting person who supports such that the selected disabled person may perform the appointed job; an education completion step of allowing the disabled person and the job supporting person to complete orientational education with respect to the appointed job; a diversified support system construction step of supporting the disabled person by constructing a local community network and constructing a company network; a job performing step of allowing the disabled person and the job supporting person to be placed for the appointed job to perform the job; a job performance example collecting step of collecting and managing real-time examples in accordance with the job performance in the job performing step; and a repeated education step of performing repeated education through virtual reality with respect to an area which is proven to require re-education by means of the job performance example collecting step. Therefore, employment of the disabled can be stably maintained.","본 발명은 장애인 고용 위탁 관리 시스템에 관한 것으로, 위탁 기업의 직무 중 장애인이 담당할 수 있는 직무를 선정하는 직무선정단계와, 선정된 직무에 채용할 장애인을 취업 가능한 장애인 인력 연계 풀에서 선발하는 장애인 인력 연계 풀 선발 단계와, 선발된 장애인이 담당 직무를 수행할 수 있도록 지원하는 직무지원인을 선정하여 파견하는 직무지원인 배치단계와, 장애인과 직무지원인이 함께 담당할 직무에 대한 사전 교육을 이수하는 교육이수단계와, 지역사회 네트워크 구축 및 사내 네트워크 구축을 통해 장애인을 지지할 수 있는 다각적 지지시스템 구축 단계와, 장애인과 직무지원인이 담당 직무에 배치되어 직무를 수행하는 직무수행 단계와, 직무수행 단계에서 직무수행에 따른 실시간 사례를 수집하여 관리하는 직무수행 사례 수집 단계; 및 직무수행 사례 수집 단계를 통해 재교육이 필요한 부분을 가상현실을 통한 반복교육을 수행하는 반복교육 단계를 포함하여 이루어지는 것을 특징으로 하였다.",G06Q10/0631;G06Q10/1053;G06Q50/2057;G06Q50/22,G06Q10/06;G06Q10/10;G06Q50/20;G06Q50/22,HYANGKI CO LTD,20181207,2018,KR,1,False,False,True
71421519,CN-210983611-U,Drawer type express delivery case placed in corridor,,"The utility model discloses a place drawer type express delivery case in corridor, including fixed box, activity box, fixed box is fixed on the wall of corridor or in the wall, sets up the slide rail in the curb plate inboard or the bottom plate inboard of fixed box, and the activity box is relative motion through slide rail and fixed box and realizes express delivery case space size change. The movable box body is provided with a box door, and the box door is opened and closed by a lock control device. Compare with the current technique of placing the express delivery case of fixed volume in the corridor, the beneficial effects of the utility model are that: the old, weak, sick and disabled groups can take the express delivery pieces without going downstairs, the size of the express delivery box in a corridor is reduced, the passing of users is not influenced, and the requirements of staircase fire fighting and evacuation are met.",,,A47G29/12;G07F17/12;G08C17/02;H04L29/08,ZHANG YONGQIANG,20200217,2020,CN,1,True,True,False
71893996,KR-20200089457-A,The curtain type device for fire sheltering space,커텐식 화재대피공간 제공장치,"The present invention relates to a curtain type fire escape space providing apparatus. More specifically, a fire barrier curtain (100) comprising a fire-proofing outer cover (101) and a heat-resisting and hermetic inner cover (102) is combined with a rail (200) connected to and installed on a ceiling to be opened and closed laterally in the form of a wrinkled curtain and, meanwhile, a fire barrier (300) is fixed to the upper part to enable only the fire barrier curtain (100) to be easily opened or closed in an emergency in which escape to the outside is difficult in case of a fire to provide a space protected from the fire, thus protecting a large number of people and articles. To achieve the purpose, the apparatus has a form and a structure, which are similar to a space separation curtain commonly used for hospital beds, and has a function for protection from a fire, and thus, the apparatus can be quickly opened and closed in case of a fire, and moreover, the apparatus can provide an escape space in which the elderly and articles can be easily and quickly accommodated and protected as there is no any separate entrance or protrusion.","본 발명은 커텐식 화재대피공간 제공장치로서, 더욱 상세하게는 천장에 연결 및 설치한 레일(200)에 방염성 외피(101)와 내열·기밀성 내피(102)로 이루어진 화재보호막커텐(100)이 결합되어 주름식 커텐의 형태로 좌우로 여닫히게 하는 한편, 상부에는 화재보호막(300)을 고정 설치하여 화재발생시 외부로 대피가 힘든 긴급 상황에 화재보호막커텐(100)만 용이하게 여닫음으로써 화재로부터 보호되는 공ㄱㄴ을 제공할 수 있게 함으로써 다수의 인명과 물품을 보호할 수 있는 커텐식 화재대피공간 제공장치에 관한 것이다. 
이를 위하여, 본 발명은 병원의 병상에서 통상적으로 사용되는 공간 분리용 커텐과 유사한 형태와 구조를 가졌지만 화재로부터 보호하는 기능을 구비함으로써 화재시 신속히 여닫을 수 있을 뿐 아니라 별도의 출입구나 턱이 없어 노약자들과 물품을 용이하고 신속히 수용하여 보호하는 대피공간을 제공하는 것을 특징으로 한다.",A62B3/00;E04H1/1261,A62B3/00;E04H1/12,RYU WON JE,20190117,2019,KR,1,False,True,False
71894449,KR-20200088705-A,Disaster Response System and Method for Disaster Vulnerable People,재해재난 취약자를 위한 재해재난대응 안내시스템 및 안내방법,"The present invention relates to a system and a method for guiding to allow a person vulnerable to a disaster to safely and quickly avoid a disaster site to evacuate to a safe place and, more specifically, to a disaster response guide system and a disaster response guide method using the same. The disaster response guide system comprises a general management server to transmit a disaster text message, and a user terminal having disaster response content consisting of software and being loaded therein. The disaster response guide system further comprises: an application activation unit allowing the disaster response content to activate the disaster response content upon receipt of the disaster text message; a location checking transmission unit to transmit current location information of a user; a disaster-related information reception unit to receive disaster evacuation facility information and disaster detail information; a location display map activation unit to display a map on which the current location of the user and the location of a disaster evacuation facility are displayed; and an optimal distance calculation unit to calculate and display an optimal evacuation route to reach the disaster evacuation facility.","본 발명은 재해(災害) 또는 재난(災難)이 발생하였을 때, 이러한 재해 또는 재난에 대한 취약자가 안전하고 신속하게 재해 또는 재난 현장을 피하여 안전한 장소로 대피할 수 있도록 안내하는 시스템 및 방법에 관한 것으로서, 재난문자를 전송하는 총괄 관리서버, 및 소프트웨어로 이루어진 재난대응콘텐츠가 탑재되어 있는 사용자 단말기를 포함하여 구성되며, 재난대응콘텐츠가 재난문자 수신에 따라 재난대응콘텐츠를 활성화시키는 앱 활성화 유닛; 사용자의 현재 위치 정보를 전송하는 위치확인전송 유닛; 재난대피시설 정보와 재난상세정보를 수신하는 재난관련 정보 수신유닛; 사용자의 현재 위치와 재난대피시설의 위치가 표시된 지도를 표출하는 위치표시 지도 활성화 유닛; 및 재난대피시설에 이를 수 있는 최적 대피경로를 연산하여 표시하는 최적거리 연산 유닛을 포함하여 구성되는 것을 특징으로 하는 재해재난대응 안내시스템과, 이를 이용한 재해재난대응 안내방법에 관한 것이다.",G01S19/14;G06Q50/10;G06Q50/26;H04W4/02;H04W4/024,G06Q50/10;G06Q50/26;H04W4/02,KOREA INST CIVIL ENG & BUILDING TECH,20190115,2019,KR,1,False,True,False
72178383,CN-112571413-B,System and method for deploying robot security importers to enhance enterprise security,,"The present invention relates to systems and methods for deploying robotic security importers to enhance enterprise security. Enterprise security is enhanced by deploying robotic security caregivers to guide guests along routes customized for the guests to ensure that the guests do not cross restricted areas where the guests are not authorized to access. A security authorization level may be assigned to the guest that defines whether the guest is permitted to access one or more predefined areas of the enterprise facility. The destination location to which the guest is to be escorted may be identified. Based on the security authorization level assigned to the visitor, the system determines an appropriate route for escort of the visitor to the destination location throughout the enterprise facility. The system may then deploy robotic security caregivers to personally guard guests along the appropriate route to obtain sufficient security for sensitive enterprise resources while the guests visit the enterprise facility.",,B25J11/008;B25J5/007;B25J9/161;B25J9/1679;G01C21/3407;G05B19/19;G05B19/4061;G05B2219/45103;G05D1/0214;G06F21/32;G06Q10/047;G06Q10/06,B25J11/00;B25J9/16;G06F21/32,,20190912,2020,CN,1,True,False,True
72198918,CN-111611749-B,Indoor crowd evacuation automatic guiding simulation method and system based on RNN,,"The invention provides an indoor crowd evacuation automatic guidance simulation method and system based on RNN, wherein the method comprises the steps of using a differential algorithm to reduce evacuation time as an optimization criterion, optimizing RNN network parameters, and establishing a relation among a real-time evacuation state, a guidance strategy and crowd evacuation time; in the evacuation process, the guidance probability among all navigation points at the current moment is obtained by acquiring crowd distribution density information of all areas in the evacuation process as the input of an RNN (RNN network) and the intermediate state of the network at the moment of front lambda, so that a temporary moving target at the next moment is created for pedestrians at the current moment by utilizing a pseudo-random selection strategy based on roulette, and further, the pedestrian evacuation movement is guided, so that the purpose of reducing crowd evacuation time is achieved; the method starts from congestion which is one of key factors affecting evacuation efficiency, utilizes the RNN to establish a mapping relation between the evacuation crowd distribution probability and the evacuation strategy, can effectively provide effective evacuation assistance for pedestrians unfamiliar with scenes and incapable of acquiring complete evacuation information, and realizes scientific guidance on the safety evacuation plan of crowd in emergency.",,G06F2111/10;G06F30/27;G06N3/045;G06N3/08;Y02A10/40,G06F111/10;G06F30/27;G06N3/0464;G06N3/08,,20200525,2020,CN,1,True,True,False
72280157,JP-2020139378-A,Vehicle reverse running prevention system,,"To solve the problems outlined by many cases in the news where signs on an approach road to an interchange leading to a conventional expressway have been overlooked by drivers, in particular elderly drivers, who enter via an exit, panic, continue reverse driving, and cause a major accident; and although there are reports that expressway companies have started taking action, they seem to have no immediate solution.SOLUTION: Reliable and inexpensive means to solve the problem is a system in which the familiar &#34;No Entry&#34; road sign is displayed in series along a road from an entry point to a danger zone on roads where reverse driving traffic is likely to occur, to allow awareness of the danger. The provision of a location for performing U-turns on the spot allows immediate evacuation to a safe zone.SELECTED DRAWING: Figure 4",,,E01F9/50,SHIOJIMA YOSHIHARU,20190228,2019,JP,1,False,True,False
72292176,KR-20200101621-A,Location-based voice guidance guide light,위치기반 음성 안내 유도등,"The present invention relates to a location-based voice guidance guide lamp, which comprises a relay (100) which detects a fire occurrence signal from a fire hydrant, a location-based voice recognition module (200) capable of re-input correction and voice guidance of a location route of an evacuation route in a building from the relay, and a speaker (300). The lamp is not limited to the role of an existing guide lamp which is recognized only with naked eyes in case of fire, but is used as a means of evacuation in case of an emergency as well as the fire occurrence by activating a location-based voice guidance function. In particular, the lamp can minimize human damage by considering the blind or the elderly with low vision. In addition, in preparation for the emergency of the location-based voice recognition module (200) through a preliminary charging circuit, and by implementing the location-based voice recognition module (200) as a Raspberry Pi, location route information of the evacuation route can be provided with a personal terminal in a fire zone.","본 발명은 위치기반 음성 안내 유도등에 관한 것으로, 소화전으로부터 화재발생신호를 감지하는 릴레이(100)와, 상기 릴레이로부터 건축물내의 정확한 피난통로의 위치 경로를 음성으로 안내하고 재입력 수정이 가능한 위치기반 음성인식 모듈(200) 및 스피커(300)를 갖는 유도등을 구현함으로써, 화재발생시 육안으로만 인식하는 기존 유도등 역할에만 국한하지 않고 위치기반 음성안내 기능을 활성화하여 화재발생뿐만 아니라 유사시 피난 수단으로 활용됨은 물론, 특히 시각장애인 또는 시야가 어두운 노약자를 배려하여 인명 피해를 최소화 할 수 있는 독특한 특징이 있다. 또한, 예비 충전회로를 통한 상기 위치기반 음성인식 모듈(200)의 유사시에 대비하고, 상기 위치기반 음성인식 모듈(200)을 라즈베리파이(Raspberry Pi)로 구현함으로써 화재구역내의 개인 단말기로 피난통로의 위치 경로 정보를 제공할 수 있는 독특한 효과가 있다.",F21S9/022;F21V33/0056;F21V33/0064;G08B17/06;G08B3/10;G10L15/02,F21S9/02;F21V33/00;G08B17/06;G08B3/10;G10L15/02,CHANGWON MOONSUNG UNIV COOPERATION FOUNDATION,20190220,2019,KR,1,False,True,False
72472135,KR-20200105034-A,Pedestrian signals for people with visual impairments using wireless communication system,무선 통신 방식을 이용하는 시각장애인용 보행자 신호등 연동 음향 안전시스템,"The present invention provides a signal guidance sound system for guiding traffic information to the visually impaired, which comprises: a tagging unit disposed at one side end part of a guide cane in the longitudinal direction and transmitting pre-stored data; a reader unit comprising a radio wave transmission portion for transmitting radio waves to the tagging unit, a conversion portion for converting the data received from the tagging unit, and a converted data transmission portion for transmitting the converted data; an output unit receiving the converted data and transmits the data as a sound signal; and a processing unit processing and determining the data converted from the reader unit, and selectively activating the output unit. In a pedestrian traffic light linked sound safety system for the visually impaired using a wireless communication method, the reader unit is disposed on the ground opposite to the tagging unit, and performs data transmission and reception which is easy in walking.","본 발명은 시각장애인에게 교통 정보를 안내하는 신호 안내 음향시스템에 있어서, 안내 지팡이의 길이 방향 일측 선단부에 배치되며, 기저장된 데이터를 송신하는 태깅부, 상기 태깅부로 전파를 송출하는 전파 송신부, 상기 태깅부로부터 수신한 데이터를 변환하는 변환부 및 변환된 데이터를 송신하는 변환 데이터 송신부를 포함하여 이루어지는 리더부, 변환된 데이터를 수신하고, 음향 신호로 송출하는 출력부 및 상기 리더부로부터 변환된 데이터를 처리하고 판단하여, 선택적으로 상기 출력부를 활성화시키는 처리부를 포함하되, 상기 리더부는 상기 태깅부와 대향되는 지면에 배치되어, 보행 시에 용이한 데이터 송수신이 이루어지는 것을 특징으로 하는 무선 통신 방식을 이용하는 시각장애인용 보행자 신호등 연동 음향 안전시스템이다.",G06K17/00;G08B7/06;G08G1/095,G06K17/00;G08B7/06;G08G1/095,KIM JAE SEOK,20190228,2019,KR,2,True,False,True
72472680,KR-102155250-B1,Distribution board with built-in battery having audio-visual guidance means,시청각 안내 수단을 구비한 배터리 내장형 분전반,"The present invention relates to a battery-embedded panel board having an audio-visual guide means. According to the present invention, the battery-embedded panel board having an audio-visual guide means comprises: a charging circuit unit for generating battery charging power; a battery to be charged by the battery charging power; an emergency lamp; a fire alarm unit; and a controller. According to the present invention, a hearing-impaired person can be guided to evacuate rapidly and safely.","본 발명은 화재와 정전 상황을 구분하여 비상등을 동작시킬 수 있으며, 특히 화재 발생 시에는 시청각 장애인이 화재 상황을 구분하여 인지할 수 있도록 하며, 비상 부하 연결 라인의 단선이나 단락 등의 사고에도 배터리를 안전하게 보호하여 비상 동작 회로부의 과열에 의한 2차 사고를 방지할 수 있도록 한 시청각 안내 수단을 구비한 배터리 내장형 분전반에 관한 것으로서, 분전반에서 분기되는 상시전원을 정류하여 배터리 충전전원을 발생시키는 충전회로부; 상기 배터리 충전전원에 의해 충전되는 배터리; 상기 배터리의 전원에 의해 동작되며 정전 시 또는 화재 발생 시에 점등되는 비상등; 상기 배터리의 전원에 의해 동작되며 화재 발생 시에 시각적 또는 청각적 경보 신호를 출력하는 화재 경보 알람부; 및 정전 시에는 상기 비상등을 점등시키며 건물 내에 설치된 화재 감지기로부터 화재 감지 신호가 발생될 때에는 상기 비상등과 상기 화재 경보 알람부를 동시에 동작시키도록 제어하는 컨트롤러를 포함하며, 상기 화재 경보 알람부는, 상기 비상등 내에 내재되며 일 방향을 따라 배치되는 제1 경보 조명용 고휘도 LED(L3, L4)와, 상기 제1 경보 조명용 고휘도 LED(L3, L4)에 교차하는 방향을 따라 배치되는 제2 경보 조명용 고휘도 LED(L1, L2)와, 상기 제1 경보 조명용 고휘도 LED(L3, L4) 및 상기 제2 경보 조명용 고휘도 LED(L1, L2)를 교호로 점멸 구동하는 경보 조명 회로부를 포함한다. 
본 발명에 따르면, 화재 발생 시에는 화재 감지 스위칭소자와 비상 동작 스위칭소자의 2단 스위칭에 의해 화재 경보 알람부와 비상등을 동작시키고, 정전 시(화재가 동반되지 않는)에는 제1 포토 커플러와 비상 동작 스위칭소자의 동작에 의해 비상등만을 동작시킴으로써, 정전 상황과 화재 발생 상황을 정확하게 구분하여 경보할 수 있으며, 특히 화재 발생 시에는 비상등에 내재된 고휘도 LED를 십자형으로 점멸시켜 표시함으로써 청각 장애인이 화재 발생과 정전을 구분하여 인지할 수 있도록 하고 신속하고 안전하게 대피하도록 유도할 수 있는 효과가 있다.",G08B17/00;G08B7/06;H02B1/24;H02J7/34;H02J9/04,G08B17/00;G08B7/06;H02B1/24;H02J7/34;H02J9/04,HONG MIN KI;HYUNG JE ELECTRIC CO LTD,20200603,2020,KR,1,True,True,True
72847490,KR-102165781-B1,Non-motorized evacuator for the disabled,장애인용 무동력 피난기,"The present invention relates to a non-powered evacuation apparatus for a disabled person. According to the present invention, the non-powered evacuation apparatus for a disabled person comprises: an evacuation apparatus frame; a guide rod; an elevation plate for a non-disabled person installed on the guide rod; an elevation plate for a disabled person; a first deceleration elevation unit connected to the elevation plate for a non-disabled person by a first wire; a second deceleration elevation unit connected to the elevation plate for a disabled person by a second wire; a load support; and a support friction unit. According to the present invention, the space required for installation can be minimized.","본 발명은 비장애인뿐만 아니라, 휠체어에 탑승한 장애인을 상층에서 하층으로 피난시키기 위한 장애인용 무동력 피난기에 관한 것이다. 본 발명의 실시예에 따른 장애인용 무동력 피난기는 상층에서 하층을 구획하는 슬라브에 관통형성된 슬라브 피난공에 설치되어 상층에서 하층으로 피난시키기 위한 장애인용 무동력 피난기로서, 상기 슬라브 피난공에 설치되며 승강판에 의해 밀폐되거나, 개방되는 탈출공이 형성된 피난기 프레임, 상기 탈출공을 통해 상기 상층에서 하층의 바닥까지 연장형성되는 가이드봉, 상기 가이드봉을 따라 승강하도록 상기 가이드봉에 설치되어 비장애인을 하층으로 탈출시키는 비장애인용 승강판, 상기 비장애인용 승강판보다는 더 큰 크기로 형성되어 장애인이 탑승한 휠체어를 하층으로 탈출시키는 장애인용 승강판, 상기 장애인용 승강판이 상기 비장애인용 승강판이 함께 승강하도록 상기 비장애인용 승강판의 하단 둘레에 상기 장애인용 승강판이 걸쳐지는 연동걸침부, 상기 비장애인용 승강판과 제1 와이어에 의해 연결되어 상기 비장애인용 승강판의 하강 속도를 감속시키거나, 하강된 상기 비장애인용 승강판을 상승시키는 제1 감속승강부, 상기 장애인용 승강판과 제2 와이어에 의해 연결되어 상기 장애인용 승강판의 하강 속도를 감소시키거나, 하강된 상기 장애인용 승강판을 상승시키는 제2 감속승강부, 상기 장애인용 승강판의 끝단에 가해지는 하중을 지지하도록 상기 장애인용 승강판의 끝단과 상기 가이드봉을 연결하며, 상기 장애인용 승강판에서 회전하여 펼쳐지거나 접히도록 상기 장애인 승강판에 설치되는 하중지지대, 및 상기 하중지지대를 상기 가이드봉에 연결하며 상기 장애인용 승강판이 하강 후 상기 하중지지대가 회전하여 펼쳐지도록 상기 가이드봉에서 상기 하중지지대에 마찰력을 부여하는 지지대마찰유닛을 포함한다.",A62B1/18;A62B1/20;B66D1/04;B66D1/14;B66D1/60,A62B1/18;A62B1/20;B66D1/04;B66D1/14;B66D1/60,ASIA FIRE PROT CO LTD,20200219,2020,KR,1,True,True,False
72865868,CN-111807191-A,Accessible structure of registering one&#39;s residence of elevator is add to existing house,,"A barrier-free entrance structure for additionally arranging elevators in existing houses comprises elevators and elevator galleries, wherein one end of the elevator gallery of each floor is connected with an elevator door of the elevator, the other end of the elevator gallery is connected with a barrier-free passage, the barrier-free passage is connected with an entrance platform, and an entrance passage opening is formed between the elevator gallery and the barrier-free passage; a passage port bearing beam is arranged at the joint of the elevator corridor and the barrier-free passage, and the lower half-layer stairs extend upwards to form evacuation stairs; and a stair bearing beam is arranged between the lower half-layer stair and the evacuation stair, and a stair bearing column is also arranged between the stair bearing beams of two adjacent layers of stairs. The technology of the invention can ensure that a resident can go upstairs to enter the home through the elevator after the elevator is additionally arranged in the old house, and particularly, people who have inconvenient legs and feet and need to sit on the wheelchair can really enter the home through an accessible passage, thereby greatly facilitating the life of the resident. The gradient of the barrier-free passage is less than or equal to 1:8, the fire-fighting authentication can be guaranteed to pass, and the practicability is high.",,B66B11/00;B66B7/00;E04B1/00;E04F11/002;E04F11/02,B66B11/00;B66B7/00;E04B1/00;E04F11/00;E04F11/02,HUNAN DEYU ELEVATOR ENG CO LTD,20200717,2020,CN,1,False,True,False
72897326,KR-20200115972-A,Rescue apparatus with slide bag structure,포대 할강 방식의 대피장치,"The present invention relates to an evacuation device of a sliding-type using a bag. The evacuation device comprises: a main body (20) which is installed to be movable in position by interposing LM guides (11, 12) and a roller (22) on a slab (10) of a building; a sliding bag (30) which is accommodated in a folded state by interposing a housing (31) in the main body (20) and is drawn out from the housing (31) while rotating on a central shaft (32); a driving means (40) installed between the main body (20) and the housing (31) and causing rotation of the housing (31) by the power of a driving motor (48); and a controller (50) for controlling a rotation position of the housing (31) under a set condition. Accordingly, in the case of rescuing a large number of people from the roof to the ground in various disasters of the building, the operation of heavy objects is easy, and even the elderly can slide continuously without fear, thereby increasing effectiveness.","본 발명은 포대을 이용하여 할강하는 방식의 대피장치에 있어서: 건물의 슬라브(10)에 LM가이드(11)(12)와 롤러(22)를 개재하여 위치 이동 가능하게 설치되는 본체(20); 상기 본체(20)의 내부에 하우징(31)을 개재하여 접은 상태로 수용되고, 중심축(32) 상으로 회동하면서 하우징(31)에서 인출되는 활강포대(30); 상기 본체(20)와 하우징(31) 사이에 설치되고, 구동모터(48)의 전동력으로 하우징(31)의 회동을 유발하는 구동수단(40); 및 상기 하우징(31)의 회동 위치를 설정된 조건으로 제어하는 제어기(50);를 포함하여 이루어지는 것을 특징으로 한다. 
이에 따라, 건물의 각종 재난상황에서 다수의 인명을 옥상에서 지상으로 구조함에 있어서 중량물의 가동이 용이할뿐더러 노약자라도 공포감 없이 연속적으로 미끄럼 가능하여 실효성을 향상하는 효과가 있다.",A62B1/20;A62B3/00;A62B5/00,A62B1/20;A62B3/00;A62B5/00,UNIV WOOSUK,20190330,2019,KR,1,False,True,False
73001052,CN-111859664-B,Method for determining horizontal evacuation speed of old people in evacuation model,,"A method for determining the horizontal evacuation speed of the elderly in an evacuation model. The method comprises the following steps: obtaining basic characteristics of the elderly, wherein the basic characteristics comprise visual acuity VA, sight line level height and evacuation speed V in a smokeless environment  0  Minimum evacuation speed V  min  The method comprises the steps of carrying out a first treatment on the surface of the Determining extinction coefficient K when evacuation speed of old people begins to drop  c0  The method comprises the steps of carrying out a first treatment on the surface of the Determining an extinction coefficient K when the evacuation speed of the elderly is reduced to a minimum  c1  The method comprises the steps of carrying out a first treatment on the surface of the Fire disaster simulation is carried out on a building needing fire disaster evacuation simulation through PyroSim software, and an extinction coefficient of the sight line level height H of the elderly at any moment of the building is obtained and is recorded as K  c  The method comprises the steps of carrying out a first treatment on the surface of the Will K  c  、K  c0  K is as follows  c1  And after comparison, determining the horizontal evacuation speed V of the elderly according to a formula. The horizontal evacuation speed of the elderly people in the fire disaster determined by the method is closer to the actual evacuation speed of the elderly people, and scientific basis can be provided for the escape management of the elderly people and the establishment of emergency evacuation plans.",,G06F30/13;G06F30/20;Y02A10/40,G06F30/13;G06F30/20,UNIV NORTHEAST PETROLEUM,20200720,2020,CN,2,True,True,False
73023374,JP-2020180445-A,Buoyancy house support structure,,"To provide a support structure for buoyant house which protects not only life but also property and house from disasters such as earthquakes, tsunamis and floods which are not predictable, and is also useful as an evacuation site for tsunami warnings, etc., so as to be able to protect as many lives as possible for people such as neighbors, those who in need of long-term care, bedridden, and have difficulty for moving by wheelchairs.SOLUTION: A lower part of a house 16 facing a coast or a lower part of a house 16 where floods are likely to occur has a blow-bye, and pipe piles 1 which support the same are used as support pillars. Pipe pillars are inserted in the pipe piles 1 so as to allow a vertical motion as buoyancy pipe pillars 2, so that a house lot as a buoyancy house foundation 7 is made, and debris etc. in the sea and rivers to be reduced by this building.SELECTED DRAWING: Figure 1",,,E04H9/02;E04H9/14,TERAUCHI TAKEO,20190424,2019,JP,1,False,True,False
73034828,KR-20200120351-A,System And Method For Evacuation Assistance,대피 지원 시스템 및 방법,"The present invention relates to an evacuation supporting system and a method thereof. According to the present invention, the evacuation supporting system comprises: a plurality of sensors installed in a predetermined position of an indoor space and detecting surrounding situation information about an installation position; a plurality of kiosk devices installed in the indoor space to perform a preset function in normal times; a user location checking unit checking a user′s location in the indoor space; and a central control server, upon an emergency, generating evacuation path information for each user detouring a dangerous area or an unavailable area based on the surrounding situation information detected by the plurality of sensors and the user′s location checked by the user location checking unit to provide the same to an exclusive mobile application or browser installed in the user terminal, and providing customized emergency situation management information in accordance with the situation of the position, where the plurality of kiosk devices are installed, to output the same to the plurality of kiosk devices. Accordingly, the system provides an advantage of using various channels, such as a mobile application, a web service, a kiosk, and the like, to efficiently evacuate a user in an emergency while minimizing that user′s evacuation moving lines are crossed and confused.","본 발명은 대피 지원 시스템 및 방법에 관한 것으로, 본 발명에 따른 대피 지원 시스템은 실내 공간의 미리 정해진 위치에 설치되고, 설치된 위치의 주변 상황 정보를 감지하는 복수 개의 센서, 실내 공간에 설치되어 평상시 미리 정해진 기능을 수행하는 복수 개의 키오스크 장치, 실내 공간에서 사용자 위치를 파악하는 사용자 위치 파악부, 그리고 위기 상황 발생 시, 복수 개의 센서에서 감지된 주변 상황 정보와 사용자 위치 파악부에서 파악된 사용자 위치에 기초하여 위험 영역 또는 이동 불가 영역을 우회하는 사용자별 대피 경로 정보를 생성하여 사용자 단말에 설치된 전용 모바일 어플리케이션 또는 브라우저를 통해 제공하고, 복수 개의 키오스크 장치가 설치된 위치의 상황에 맞추어 맞춤형 위기 상황 대응 정보를 제공하여 복수 개의 키오스크 장치에서 출력되게 하는 중앙 관제 서버를 포함한다. 본 발명에 의하면, 모바일 애플리케이션, 웹 서비스 및 키오스크 등 다양한 채널을 활용하여 위기 상황에서 사용자의 대피 동선이 교차되어 혼잡을 일으키는 것을 최소한으로 억제하면서 효율적으로 사용자를 대피시킬 수 있는 장점이 있다.",G01C21/206;G06F3/011;G06Q50/26;G08B21/0202;H04W4/023;H04W4/024;H04W4/029,G01C21/20;G06F3/01;G06Q50/26;G08B21/02;H04W4/02;H04W4/024,DTONIC CORP,20190412,2019,KR,1,False,True,False
73043459,JP-2021129626-A,Wheelchair with function which prevents disaster of tsunami,,"To allow a wheelchair user, who often suffers a disaster of tsunami with his or her carer or the like because he or she generally has difficulty in evacuation before a flood of tsunami without help by a carer or another, to escape and survive by himself or herself.SOLUTION: The wheelchair is equipped with a floating object, detects a flood of tsunami, and inflates the installed floating object to float the wheelchair user together with the wheelchair to prevent drowning. Thus, the wheelchair user comes into a state as if he or she were in a single-seated boat, which prevents the disaster of tsunami and enables him or her to escape by himself or herself. This reduces anxiety of a carer and neighboring persons and allows them to concentrate on their own escape.SELECTED DRAWING: Figure 2",,Y02A10/30,A61G5/10;B63C9/08,HAMADA HIDETO,20200218,2020,JP,1,False,True,False
73050780,KR-102417935-B1,,피난 장치,,"휠체어 이용자를 안전하게 피난시킬 수 있는 피난 장치의 제공을 목적으로 한다. 피난 장치는, 상층에 마련된 피난용 개구(2) 내에 보유지지되는 대기 위치로부터 하층까지 강하하는 승강대(4)와, 승강대(4)의 올라타는 측의 변 가장자리부 에 배치되어, 승강대(4) 표면으로부터 돌출하는 기립 위치측으로 바이어스되는 바퀴 멈춤용 플랩(5)과, 상기 승강대(4)의 승강시에 로크 상태가 되어 상기 플랩(5)의 도복 위치측으로의 이동을 규제하고, 승강 종단 위치에서 로크 상태가 해제되는 플랩 로크부(6)를 가진다.",A62B1/00;A62B1/02;A62B1/04;A62B1/08,A62B1/02;A62B1/04;A62B1/08,NAKA CORP,20190508,2020,KR,2,True,True,False
73136146,KR-20200122019-A,Sliding system for emergency escape,비상 탈출용 슬라이딩 시스템,"The present invention relates to a sliding system for emergency escape. According to the present invention, the sliding system for emergency escape comprises: a sliding chute for emergency escape (100) which allows a user to escape to the outside of a building (10) along a slide for emergency escape (20) installed in the building (10); and a chute dispenser (200) in which the sliding chute for emergency escape (100) is stored. The exterior and frames of the sliding chute for emergency escape (100) are formed by a wearing main frame (110). The wearing main frame (110) has an accommodation space (112) accommodating the legs of a refugee inside. On both sides of an external surface of the wearing main frame (110), handle (130) are placed to be gripped by a refugee (P), respectively. On a lower side of the wearing main frame (110), a damper (120) is placed to absorb an impact transferred from the outside. As such, according to the present invention, there are merits to allow the refugees who cannot easily keep the balance of their body such as the disabled, the elderly, and children to rapidly and conveniently get on the sliding chute for emergency escape, and slide and move along the slide for emergency escape, thereby safely escaping to the outside.","본 발명은 비상 탈출용 슬라이딩 시스템에 관한 것이다. 본 발명에서 비상 탈출용 슬라이딩 시스템은 건물(10)에 설치된 비상 탈출용 슬라이드(20)를 따라서 건물(10) 외부로 탈출하도록 비상 탈출용 슬라이딩 슈트(100)와, 상기 비상 탈출용 슬라이딩 슈트(100)가 수납되는 슈트 디스펜서(200)를 포함한다. 상기 비상 탈출용 슬라이딩 슈트(100)의 외관 및 골격은 착용본체(110)에 의해 형성된다. 상기 착용본체(110)에는 내부에 대피자의 다리가 수용되는 수용공간(112)이 형성된다. 상기 착용본체(110)의 외면 양측에는 대피작(P)가 파지하는 손잡이(130)가 각각 구비된다. 상기 착용본체(110)의 하부에는 외부로부터 전달되는 충격을 흡수하는 댐퍼(120)가 구비된다. 이와 같은 구성을 가지는 본 발명에 의하면, 장애인, 노인, 어린이 등 신체의 중심을 잡기 어려운 대피자들이 신속하고 편리하게 비상 탈출용 슬라이딩 슈트에 탑승하여, 비상 탈출용 슬라이드를 따라 슬라이드 이동하여 외부로 안전하게 탈출할 수 있는 이점이 있다.",A62B1/20;A63G21/02;A63G21/12;B65G2201/02;B65G2814/0308;B65G59/067,A62B1/20;A63G21/02;A63G21/12;B65G59/06,NAT UNIV CHANGWON IND ACADEMY COOP CORPS,20190417,2019,KR,2,True,True,False
73136278,KR-20200122018-A,Sliding apparatus for emergency escape,비상 탈출용 슬라이딩 장치,"The present invention relates to a sliding apparatus for an emergency escape. According to the present invention, the sliding apparatus for an emergency escape comprises: a sliding boat for emergency escape (100) which allows a user to escape to the outside of a building (10) along a slide for emergency escape (20) installed in the building (10); and a boat dispenser (200) in which the sliding boat for emergency escape (100) is stored. The exterior and frames of the sliding boat for emergency escape (100) are formed by a first main frame (110), a second main frame (120), and a corrugated member (130). The first main frame (110) has an accommodation space (112) accommodating the legs of a refugee inside. The second main frame (120) is a part where the refugee sits, and is placed at a position facing the first main frame (110). The corrugated member (130) connects the first main frame (110) and the second main frame (120), and has a plurality of wrinkles. The first main frame (110) has a buffer member (140) which absorbs an impact. As such, according to the present invention, there are merits to allow refugees who cannot easily keep the balance of their body such as the disabled, the elderly, and children to rapidly and conveniently get on the sliding boat for emergency escape and slide and move along the slide for emergency escape, thereby safely escaping to the outside.","본 발명은 비상 탈출용 슬라이딩 장치에 관한 것이다. 본 발명에서 비상 탈출용 슬라이딩 장치는 건물(10)에 설치된 비상 탈출용 슬라이드(20)를 따라서 건물(10) 외부로 탈출하도록 비상 탈출용 슬라이딩 보트(100)와, 상기 비상 탈출용 슬라이딩 보트(100)가 수납되는 보트 디스펜서(200)를 포함한다. 상기 비상 탈출용 슬라이딩 보트(100)의 외관 및 골격은 제 1본체(110), 제 2본체(120), 및 주름부재(130)에 의해 형성된다. 상기 제 1본체(110)에는 내부에 대피자의 다리가 수용되는 수용공간(112)이 형성된다. 상기 제 2본체(120)는 대피자가 착석하는 부분으로, 상기 제 1본체(110)와 마주보는 위치에 구비된다. 상기 주름부재(130)는 상기 제 1본체(110)와 제 2본체(120) 사이를 연결하고, 복수 개의 주름이 구비된다. 상기 제 1본체(110)에는 충격을 흡수하는 완충부재(140)가 구비된다. 이와 같은 구성을 가지는 본 발명에 의하면, 장애인, 노인, 어린이 등 신체의 중심을 잡기 어려운 대피자들이 신속하고 편리하게 비상 탈출용 슬라이딩 보트에 탑승하여, 비상 탈출용 슬라이드를 따라 슬라이드 이동하여 외부로 안전하게 탈출할 수 있는 이점이 있다.",A62B1/20;A63G21/04;A63G21/12;B63B23/62;B63C9/02,A62B1/20;A63G21/04;A63G21/12;B63B23/62;B63C9/02,NAT UNIV CHANGWON IND ACADEMY COOP CORPS,20190417,2019,KR,2,True,True,False
73393471,CN-111968020-A,Pedestrian evacuation method considering movement characteristics of disabled people,,"The invention relates to a pedestrian evacuation method considering the movement characteristics of disabled people, which comprises the following steps: step S1, acquiring exit information and internal structure information of the area to be evacuated; step S2, acquiring personnel distribution information and calculating the static field distribution in the area to be evacuated; step S3, acquiring the motion characteristics of various pedestrians through simulation; step S4, calculating the distribution of the dynamic field and the prediction field in the area to be evacuated; s5, obtaining various pedestrian decisions through simulation; step S6, simulating the pedestrian movement path according to the movement module; and step S7, analyzing the preliminary simulation result, and optimizing the personnel decision and evacuation scheme to obtain the optimal evacuation scheme. The invention considers the movement characteristics of disabled people and effectively improves the evacuation efficiency aiming at the evacuation of complex and multi-category people in large public buildings.",,G06N3/002;G06Q10/04;G06Q10/067;G06Q50/265,G06N3/00;G06Q10/04;G06Q10/06;G06Q50/26,UNIV FUZHOU,20200903,2020,CN,2,True,False,True
73544671,JP-2021178569-A,Dry suit like suit with life jacket for evacuation assistance in flood disaster and tsunami,,"To prevent shock and hypothermia since a method for escaping by wearing a life jacket in a flood disaster and tsunami only provides buoyancy to a wearer and a disaster victim is thrown into cold mud water mixed with debris.SOLUTION: A heat insulation suit attached to a life jacket is provided. The suit has sufficient buoyancy, heat insulation property, easy wear ability, and is inexpensive. A disaster victim should evacuate to a hill top after wearing the suit. The suit is capable of handling tsunami of any height. The suit considerably increases a lifesaving rate in a time of disaster.SELECTED DRAWING: Figure 1",,,A41D13/012;B63C9/087,ASAMA JUNICHI,20200513,2020,JP,1,False,True,False
73837048,JP-2020204967-A,Evacuation guidance system of atomic power plant,,"To provide an evacuation guidance system capable of safely and surely guiding indoor evacuees to an outside of a building even when communication means such as a portable terminal or the like is disabled, during occurrence of an accident in an atomic power plant.SOLUTION: There are provided a plurality of lighting devices 2 provided in a passage 21 of a building 20 constituting an atomic power plant, and a controller 1 for controlling flickering of the plurality of lighting devices 2. A dosimeter is installed in each of the plurality of lighting devices 2. The controller 1 calculates an evacuation route 17 out of the passage 21 based on dosage information received from the plurality of lighting devices 2 to transmit, to the plurality of lighting devices 2, an illumination pattern indicating a traveling direction toward an exit 22 of the building 20 along the evacuation route 17.SELECTED DRAWING: Figure 2",,,G01T1/00;G01T1/16;G01T1/17;G08B21/12;G08B25/10;G08B27/00;G08B5/00,HITACHI GE NUCLEAR ENERGY LTD,20190618,2019,JP,1,False,True,True
73936000,CN-212292418-U,Accessible structure of registering one&#39;s residence of elevator is add to existing house,,"A barrier-free entrance structure for additionally arranging elevators in existing houses comprises elevators and elevator galleries, wherein one end of the elevator gallery of each floor is connected with an elevator door of the elevator, the other end of the elevator gallery is connected with a barrier-free passage, the barrier-free passage is connected with an entrance platform, and an entrance passage opening is formed between the elevator gallery and the barrier-free passage; a passage port bearing beam is arranged at the joint of the elevator corridor and the barrier-free passage, and the lower half-layer stairs extend upwards to form evacuation stairs; and a stair bearing beam is arranged between the lower half-layer stair and the evacuation stair, and a stair bearing column is also arranged between the stair bearing beams of two adjacent layers of stairs. The utility model discloses a technique can make old house resident family go upstairs through the elevator and get into the family behind the additional installation elevator, especially the inconvenient people that need sit the wheelchair of leg foot, has really done and has gone into the family through accessible passageway, great life that has made things convenient for the resident. The gradient of the barrier-free passage is less than or equal to 1:8, the fire-fighting authentication can be guaranteed to pass, and the practicability is high.",,,B66B11/00;B66B7/00;E04B1/00;E04F11/00;E04F11/02,HUNAN DEYU ELEVATOR ENG CO LTD,20200717,2020,CN,1,True,True,False
74102327,US-2021012268-A1,Systems and methods for employment evaluation for individuals with disabilities,,A method including obtaining a plurality of job titles in which each of the plurality of job titles is associated with a plurality of job elements. The method also can include assigning a respective importance value to each respective job element of the plurality of job elements for each of the plurality of job titles. The method additionally can include determining action scores for an applicant. Each respective action score of the action scores is based at least in part on a respective ability of the applicant in performing each of a plurality of abilities related to one or more disabilities. The method further can include generating a respective final score for each job title of the plurality of job titles based at least in part on the respective importance values assigned to the plurality of job elements associated with the job title and the action scores for the applicant. The method additionally can include generating a stratification of the plurality of job titles based at least in part on the respective final scores for the plurality of job titles. The method further can include determining first job titles of the plurality of job titles for presentation to the applicant based at least in part on the stratification. The method additionally can include sending job postings to the applicant based on the first job titles. Other embodiments are described.,,G06Q10/063112;G06Q10/06393;G06Q10/1053,G06Q10/06;G06Q10/10,LIGILO INC,20190712,2020,US;WO,2,False,False,True
74130338,KR-200493709-Y1,A three-dimensional evacuation guide lamp for living room with visual alarm,시각경보장치를 구비한 거실용 입체형 피난구 유도등,,"본 고안은 시각경보장치를 구비한 거실용 입체형 피난구 유도등에 관한 것으로, 거실 또는 복도 등에서 피난구에 설치되는 피난구 유도등을 벽이나 문틀 등의 어느 일면에도 접하지 않는 완전한 입체형으로 구현하여 피난구의 위치를 보다 효과적으로 표출하기 위한 것이다. 
이를 위하여 본 고안은 몸체의 내부로 전선을 통과시킬 수 있도록 중공형 관로 형성되고 몸체의 상단부는 피난구 전방의 천정에 고정되어 설치되며 몸체의 하단부에 유도등 결합부가 형성되어 피난구 유도등과 결합되는 지지대, 지지대 하단부에 설치되며 지지대를 통과하는 전선으로부터 전기적인 신호를 공급받아 평상시에는 점등되어 피난안내정보를 표시하고 비상시에는 수신기의 화재신호에 의해 점멸되어 위급상황 알림정보를 표출하는 피난구 유도등, 및 피난구 유도등의 몸체 내측 또는 외측에 설치되며 비상시 수신기의 화재신호에 의해 자동으로 구동되어 청각 장애인을 위한 시각적인 경보를 발하는 시각경보장치를 포함하여, 위급한 상황에서 피난구 주위의 모든 방향에서뿐만 아니라 원거리에서도 피난구나 대피로의 위치를 신속하고 정확하게 인지하여 재실자의 안전한 피난을 유도할 수 있게 한다.",G09F13/0413;G09F13/0436;G09F13/0445;G09F13/0481;G09F13/22;G09F2013/0436;G09F2013/0445;G09F2013/0459;G09F2013/0481;G09F2013/05;G09F2013/222;G09F27/00;Y10S362/80,G09F13/04;G09F13/22;G09F27/00,,20190701,2019,KR,2,True,True,False
74688142,KR-20210019732-A,Safety bar for the blind,시각장애인을 위한 안전바,"The present invention relates to a safety bar for the blind and, more specifically, to a safety bar for the blind, which helps the blind to escape more quickly when the blind needs to escape to the outside in case of an emergency such as a fire. The safety bar for the blind can help the blind, who have difficulty in finding a direction toward an escape route, to escape in case of an emergency by escaping while holding onto the safety bar having the shape of a right-angled triangular column. In addition, the safety bar can have a speaker capable of delivering announcements related to evacuation, thereby helping the blind having keen hearing to escape faster. In addition, the safety bar can be installed low, thereby enabling the blind to naturally lower the posture when the blind escape while holding onto the safety bar. In addition, the safety bar can have an LED light, thereby helping sighted people, who have difficulty in remaining calm in case of an emergency, to easily know an escape direction.","본 발명은 시각장애인을 위한 안전바에 관한 것으로, 더욱 상세하게는 화재와 같은 비상상황이 발생하여 서둘러 밖으로 대피해야 할 때에 시각장애인들이 더욱 빨리 대피하는 것을 돕는 시각장애인을 위한 안전바에 있어서, 직각삼각기둥 모양의 안전바를 잡고 대피함으로써 비상시에 대피로의 방향을 찾기 어려운 시각장애인들의 대피를 도울 수 있다. 또한 본 발명에 따르면, 안전바에 대피와 관련된 안내방송을 전할 수 있는 스피커를 설치함으로써 청각이 예민한 시각장애인들이 대피를 더욱 빨리 할 수 있도록 도울 수 있다. 또한 본 발명에 따르면, 안전바를 낮게 설치함으로써 안전바를 잡고 대피할 시에 자연스럽게 자세를 낮출 수 있다. 또한 본 발명에 따르면, 안전바에 LED불빛을 설치함으로써 비상상황에 침착한 사고를 하기 힘든 사람들도 대피 방향을 쉽게 알 수 있도록 도울 수 있다.",E04F11/1802;E04F2011/1872;E04F2011/1876;G08B7/06,E04F11/18;G08B7/06,LEE SOO BIN,20190813,2019,KR,1,False,True,True
75913711,KR-102248212-B1,Stand-Alone Type Fire Alarm Having Light Part,조명부를 포함하는 단독경보형 화재경보기,"Disclosed is a single alarm type fire alarm. The single alarm type fire alarm according to an embodiment of the present invention comprises: a main body part attached to a ceiling or a side wall of a room, and having a gas detection sensor, a control unit, and a power supply unit mounted therein; a lighting unit mounted on a lower surface of the main body part and emitting the light downward or sideways according to a control signal from the control unit; an alarm unit mounted inside or on one side of the main body part and outputting an audible signal according to a control signal of the control unit; and the control unit mounted inside the main body part and determining whether a fire has occurred based on data detected by the gas detection sensor, and then controlling operations of the lighting unit and the alarm unit. According to the present invention, the single alarm type fire alarm including a lighting unit has effects of: preventing casualties that may occur by difficulties in securing visibility for evacuation in the event of a fire; enabling a user to secure visibility for evacuation in the event of a fire; and performing visual alarm for a hearing-impaired person.","단독경보형 화재경보기가 개시된다.  본 발명의 실시예에 따른 단독경보형 화재경보기는, 실내의 천정 또는 측벽에 부착되고, 내부에 가스검출센서, 제어부 및 전원공급부를 탑재하는 본체부; 상기 본체부의 하부면에 장착되고, 제어부의 제어 신호에 의해 조명을 하방 또는 측방으로 조사하는 조명부; 상기 본체부의 내부 또는 일측에 장착되고, 제어부의 제어 신호에 의해 청각적 신호를 출력하는 알람부; 및 상기 본체부의 내부에 탑재되고, 가스검출센서로부터 검출된 데이터를 바탕으로 화재 발생 여부를 판단한 후, 조명부 및 알람부의 작동을 제어하는 제어부;를 포함하는 것을 구성의 요지로 한다. 
본 발명에 따르면, 화재 발생 시 피난을 위한 시야확보가 어려워 발생할 수 있는 인명피해를 방지할 수 있도록, 화재 발생 시 피난을 위한 시야를 확보해 줄 수 있고, 청각장애인을 위한 시각경보를 수행할 수 있는 조명부를 포함하는 단독경보형 화재경보기를 제공할 수 있다.",F21V14/02;G08B17/00;G08B25/10;G08B7/06,F21V14/02;G08B17/00;G08B25/10;G08B7/06,LEE YEON JAE,20200903,2020,KR,1,True,True,True
76005272,CN-112862563-B,Network appointment vehicle dispatching method,,"The invention discloses a network appointment vehicle dispatching method, which comprises the following steps: s1, receiving an order request; s2, extracting and judging information parameters in a registered account initiating the order request, and when the information parameters in the registered account meet set parameters, calibrating the order request as a special order request; and S3, collecting all order requests in the set area in the set time period, and after the special order requests are subjected to order dispatching processing, dispatching the non-special order requests in the current set area. The method disclosed by the invention is used for identifying the orders sent by the elderly people and giving the orders with priority, so that the waiting time of the elderly people can be reduced, and the vehicle using requirements of the elderly people are guaranteed preferentially at the peak time of vehicle using.",,G06Q10/06311;G06Q30/0609;G06Q30/0635;G06Q30/0639;G06Q30/0645;G06Q50/40,G06Q10/06;G06Q30/06;G06Q50/30,HEBEI ZHISHENG INFORMATION TECH CO LTD,20210108,2021,CN,2,True,False,True
76344966,CN-112978535-B,Elevator and danger avoidance assistance information providing method for elevator user,,"Provided are an elevator and a method for providing danger avoidance assistance information for elevator users, wherein information for assisting a danger avoidance operation can be provided to users in the elevator car when an emergency situation occurs in a building. According to an embodiment, an elevator includes an output device provided in a car, a risk avoidance assistance information storage unit, and a risk avoidance assistance information output control unit. The evacuation support information storage unit stores evacuation support information including evacuation route information of an evacuation layer of a building in which the elevator is installed. The evacuation assistance information output control unit acquires the evacuation assistance information from the evacuation assistance information storage unit when an emergency occurs, and outputs the acquired evacuation assistance information from the output device so as to provide the user in the car with the acquired evacuation assistance information.",,B66B3/008;B66B5/021,B66B3/00;B66B5/02,,20191217,2020,CN,1,True,True,False
76411802,KR-102264802-B1,Smart fire detection device for fire fighting in buildings,건축물 소방용 스마트 화재감지장치,"A smart fire detection device for building firefighting of the present invention comprises: a housing (110) having an air inlet (111) formed on the side and a predetermined receiving-groove (113) formed in the central part; a fire extinguishing means (120) having extinguishing gas or reinforcement liquid therein, accommodated in the receiving-groove (113), and ejecting the extinguishing gas or reinforcement liquid by descending when a fire is detected; a nitrogen gas pocket (130) accommodated in the upper part of the fire extinguishing means (120) in a state in which nitrogen gas is charged and an outlet is blocked and the nitrogen gas ejected to exert a force to lower the fire extinguishing means (120) when a fire is detected; and a control module (140) for analyzing the air input through the air inlet (111) to determine whether there is a fire and lowering the fire extinguishing means (120) when a fire is detected. Therefore, the present invention can extinguish by itself, so it is possible to extend the evacuation time, and thereby, it is possible to secure sufficient evacuation time even for the elderly or disabled.","본 발명의 건축물 소방용 스마트 화재감지장치는 측면에 공기 유입구(111)가 형성되고 중앙부에 소정의 수용-홈(113)이 형성되는 하우징(110); 소화 가스 또는 강화액을 내장하고 상기 수용-홈(113)에 수용되며, 화재 감지시 아래로 강하여 상기 소화가스 또는 강화액을 분출하는 소화수단(120); 질소가스가 충전되고 배출구가 차단된 상태로 상기 소화수단(120) 상부에 수용되어, 화재 감지시 상기 소화수단(120)을 강하시키는 힘을 발휘하도록 질소가스를 분출하는 질소가스 포켓(130); 상기 공기 유입구(111)를 통해 입력되는 공기를 분석하여 화재 여부를 결정하고, 화재 감지시 상기 소화수단(120)을 하부로 강하시키는 제어모듈(140)을 포함한다. 따라서, 본 발명은 자체적으로 진화가 가능하여, 대피 시간을 연장시킬 수 있고, 이로 인해, 노약자 또는 장애인의 경우에도 충분한 대피 시간을 확보할 수 있는 장점이 있다.",A62C3/0271;A62C37/40;A62C37/46;A62C99/0018;G08B17/10;G08B3/10,A62C3/02;A62C37/40;A62C37/46;A62C99/00;G08B17/10;G08B3/10,YU WON ENF CO LTD,20210408,2021,KR,1,True,True,False
76412122,KR-102264813-B1,An emergency escape apparatus,장애인 안전대피장치,"The present invention relates to an evacuation facility for disabled persons. The evacuation facility for disabled persons comprises: first and second post assemblies (10, 10&#39;) protruding through the evacuation hole (H) of a ceiling slab (S1) while being supported by the bottom slab (S2) to face each other; a lifting carrier (20) lifted while being guided by the first and second post assemblies (10, 10&#39;), and allowing a wheelchair (W) for disabled persons to ride; first and second centrifugal brakes (30, 30&#39;) installed on upper ends of the first and second post assemblies (10, 10&#39;) to generate braking force according to rotational speeds; first and second winch parts (40, 40&#39;) meshing with the first and second centrifugal brakes (30, 30&#39;); first and second weights (50, 50&#39;) installed to be lifted along the first and second post assemblies (10, 10&#39;); first and second wires (60, 60&#39;) for connecting the lifting carrier (20) and the first and second weights (50, 50&#39;) while being wound around the first and second winch parts (40, 40&#39;); first and second stoppers (70, 70&#39;) for fixing the lifting carrier (20) to the first and second post assemblies (10, 10&#39;) or releasing the same therefrom; and first and second operation parts (80, 80&#39;) installed on the inner wall of the lifting carrier (20) to control the operation of the first and second stoppers (70, 70&#39;) by being operated by a disabled person being in the wheelchair (W) for disabled persons. Therefore, the wheelchair (W), which is heavy and bulky, can be safely evacuated.","본 발명은 장애인 안전대피장치에 관한 것으로서, 상호 대향되게 마주보도록 바닥슬라브(S2)에 지지된 상태로 천정슬라브(S1)의 대피홀(H)을 관통하여 돌출되는 제1,2기둥조립체(10)(10&#39;)와; 제1기둥조립체(10)와 제2기둥조립체(10&#39;)에 가이드된 상태로 승강되는 것으로서 장애인 휠체어(W)가 탑승하는 승강캐리어(20)와; 제1,2기둥조립체(10)(10&#39;)의 상단에 설치되는 것으로서 회전속도에 따라 브레이킹력을 발생하는 제1,2원심브레이크(30)(30&#39;)와; 제1,2원심브레이크(30)(30&#39;)와 기어결합된 제1,2윈치부(40)(40&#39;)와; 제1,2기둥조립체(10)(10&#39;)를 따라 승강 가능하게 설치되는 제1,2무게추(50)(50&#39;)와; 제1,2윈치부(40)(40&#39;)에 권회된 상태로 승강캐리어(20)와 제1,2무게추(50)(50&#39;)를 연결하는 제1,2와이어(60)(60&#39;)와; 승강캐리어(20)를 제1,2기둥조립체(10)(10&#39;)에 동시에 위치 고정시키거나 동시에 고정 상태를 해재하기 위한 제1,2스토퍼(70)(70&#39;)와; 승강캐리어(20)의 내측벽에 설치된 것으로서, 휠체어(W)에 탑승한 장애인에 의하여 조작되어 제1,2스토퍼(70)(70&#39;)의 동작을 제어하는 제1,2조작부(80)(80&#39;);를 포함하는 것을 특징으로 한다.",A62B1/02;A62B1/04;B66B1/46;B66B11/0005;B66B11/0226;B66B9/16,A62B1/02;A62B1/04,ASIA FIRE PROT CO LTD,20201028,2020,KR,2,True,True,False
76412132,KR-102264692-B1,Mobile vehicle for vulnerable groups of disasters having autonomous evacuation function in the event of a disaster,재난 발생 시 자율 대피 가능한 재난 취약 계층용 이동식 탑승 수단,"An autonomous driving-type boarding means according to each embodiment of the present invention is capable of not requiring the need for assistance from a manager such as a nursing home staff and a nurse through some mobility assistance for mild patients and the elderly in a disaster vulnerable group, efficiently approaching a boarding-person and inducing him/her to board even if he/she is ignorant in evacuating to a safe area and a means of evacuation during a disaster, and evacuating to a safe area autonomously when boarding, comprises: a boarding body on which the boarding-person boards; at least one moving wheel provided so as to move the boarding body; a driving part comprising a power part and a steering means for providing a moving force to the moving wheel and controlling a moving direction; and a computing device that controls the movement of the boarding body by controlling the driving of the driving part, wherein the computing device comprises: a disaster occurrence signal receiving part that receives a disaster occurrence signal from the outside; a path determination part that calculates, when the disaster occurrence signal receiving part receives a disaster occurring signal, a distance and direction to a signal transmission part using a guidance signal received from a signal receiving part that receives the guidance signal generated from the signal transmission part installed in a boarding area for which the boarding-person is located; and a movement control part that generates and transmits a control command to the driving part so that the boarding body is moved along a first movement path.","재난 취약 계층 중 경증 환자 및 노약자 등, 일부 이동 보조를 통해 요양사 및 간호사 등 관리자의 보조가 필요 없고, 재난 발생 시 대피 가능한 수단 등 안전 영역으로의 대피에 대하여 무지하더라도, 효율적으로 탑승자에게 접근하여 탑승을 유도하고, 탑승 시 자율적으로 안전 영역으로 대피할 수 있는 본 발명의 각 실시예에 따른 자율 주행 형 탑승 수단은, 탑승자가 탑승하는 탑승체; 탑승체가 이동되도록 구비되는 적어도 하나의 이동 휠; 이동 휠에 이동력을 제공하고 이동 방향을 제어하는 동력부 및 조향 수단을 포함하는 구동부; 및 구동부의 구동을 제어하여 탑승체의 이동을 제어하는 컴퓨팅 장치;를 포함하고, 컴퓨팅 장치는, 외부로부터 재난 발생 신호를 수신하는 재난 발생 신호 수신부; 재난 발생 신호 수신부가 재난 발생 신호를 수신 시, 탑승자가 위치된 탑승 영역에 설치된 신호 송출부에서 발생되는 유도 신호를 수신하는 신호 수신부에서 수신한 유도 신호를 이용하여 신호 송출부까지의 거리 및 방향을 연산하여, 신호 송출부까지의 제1 이동 경로를 산출하는 경로 판단부; 및 제1 이동 경로를 따라 탑승체가 이동되도록 구동부에 제어 명령을 생성하여 전송하는 이동 제어부;를 포함하는 것을 특징으로 한다.",B60R21/0134;B60R21/01516;B60W10/20;B60W2050/0002;B60W2050/143;B60W2554/00;B60W30/08;B60W30/10;B60W40/02;B60W40/08;B60W50/14;B60W60/0015;B60Y2300/08;B60Y2300/10;B60Y2400/301;G01S15/42;G01S17/42;G05D1/0212;G05D1/0238;G05D1/0255;G08B21/10;G08B7/06;H04W12/06;H04W4/80,B60W10/20;B60W30/08;B60W30/10;B60W40/02;B60W40/08;B60W60/00;G05D1/02;G08B21/10;H04W12/00;H04W12/06;H04W4/80,KFUBIS CO LTD,20201124,2020,KR,1,True,True,True
76429571,JP-2022082302-A,Disaster prevention level display body,,"To provide a disaster prevention level display body by which even children or elderly people can visually recognize the level of water and the degree of danger by intuition from all directions and can take appropriate measures such as evacuation according to the level of water on the basis of their own judgement.SOLUTION: The present invention relates to a long display body which can be fixed to the surface of a pole P with a round cross section. On the surface of the display body, there are alternately arranged a scale display unit 1 and an information display unit 2 across a boundary unit 3 in a longer direction, and the information display unit 2 has information for each range of the scale display unit 1. When the display body is fixed to the surface of the pole P, at least one boundary unit 3 is made visible from all directions in a side planer view of the pole P, and at least a part of the scale display unit 1 and an information display unit 2 is made visible.SELECTED DRAWING: Figure 2",,Y02A50/00,G01F23/04;G09F3/00;G09F3/02;G09F7/00,FUJITA NORIHIRO,20201120,2020,JP,1,False,True,False
77126061,KR-20210089985-A,Audio visual alarm,시청각 경보기,"The present invention relates to an audio-visual alarm device comprises: a base including an internal receiving part opened upwards and an accommodating part formed to be recessed downward on the bottom of the receiving part; a sound generation means disposed in the accommodated part of the base; a light emitting means disposed in the receiving part of the base; a reflective plate disposed on the lower surface of the base; a light-transmitting cover coupled to the lower surface of the base in a form of surrounding the reflective plate; and a mounting unit coupled to the base in a form of covering the receiving part of the base to be mounted on a ceiling or wall. According to the present invention, in the event of an emergency such as fire, earthquake, or power outage, the audio-visual alarm device enables the visually impaired as well as normal persons to safely evacuate by a specific sound alarm. In addition, the audio-visual alarm device maximizes an identification effect for the visually impaired as well as normal persons by a flashing signal of a specific pattern.","본 발명은 상방 개구(開口)된 내부 수용부 및 상기 수용부 바닥에 하방 요입되게 형성되는 수납부를 갖는 베이스; 상기 베이스의 수납부에 배치되는 음향발생수단; 상기 베이스의 수용부에 배치되는 발광수단; 상기 베이스의 하부면에 배치되는 반사플레이트; 상기 반사플레이트를 감싸는 형태로 상기 베이스의 하부면에 결합되는 투광성(透光性) 커버; 및 상기 베이스의 수용부를 덮는 형태로 상기 베이스에 결합되어 천장이나 벽체에 장착되는 마운팅유닛;으로 이루어지도록 구현함으로써, 화재, 지진 및 정전 등의 비상 시 특정 음향의 경보음을 통해 일반인은 물론 시각 장애인으로 하여금 안전하게 대피할 수 있도록 유도하고, 또 특정 패턴의 점멸 신호를 통해 일반인은 물론 청각 장애인으로 하여금 식별효과를 극대화할 수 있도록 한 시청각 경보기에 관한 것이다.",F21V5/04;F21V7/22;F21Y2115/10;G08B3/10;G08B5/36;G08B7/06,F21V5/04;F21V7/22;F21Y115/10;G08B3/10;G08B5/36;G08B7/06,WOO YONG SEONG,20200109,2020,KR,2,True,True,True
77366259,WO-2021173595-A1,Systems and methods for analyzing multiple variables in dynamic resource distribution,,"A caregiver assignment (CA) computing system is described. The CA computing system includes a processor coupled to a database. The processor is configured to receive caregiver data and convert the caregiver data into a shared format, the converted caregiver data including an indication of the current workload for the at least one caregiver. The processor is also configured to receive patient data associated with a patient, determine care data from the patient data, the care data including an estimated amount of time required to administer care to the patient, and convert the care data into the shared format, the converted care data indicating the estimated amount of time required to administer care to the patient. The processor is further configured to automatically generate, based at least upon the converted caregiver data and the converted care data, an assignment of a caregiver of the plurality of caregivers to the patient.",,G06Q10/063112;G06Q10/063116;G06Q10/06312;G06Q10/06398;G16H40/20;G16H80/00,G06Q10/00;G06Q10/06;G06Q10/0631;G16H40/20;G16H80/00,CENTENE CORP,20200224,2021,US;WO,4,True,False,True
77466800,KR-20210102710-A,Safe place induction device for each safety vulnerable group,안전취약계층별 안전장소 유도 장치,"The present invention relates to an evacuation place guidance device for each safety vulnerable group which can provide a safe route for evacuating to a safe place for each safety vulnerable group type. More specifically, the evacuation place guidance device for each safety vulnerable group comprises: a dangerous place determining unit determining a dangerous area based on the type of an accident; a safety identifier assigning unit receiving safety vulnerable group types for each member of an evacuation group within the dangerous area through a beacon to classify evacuation group members into the safety vulnerable group types and assign a safety identifier; a safe place search unit searching for a safe place to be reached from the dangerous area within a specific time; and an evacuation place guidance unit for each safety vulnerable group determining a customized safe route from a starting point to the safe place for each evacuation group member based on the safety identifier, and providing a guide for each safety vulnerable group type while each evacuation group member moves through the safe route.","본 발명은 안전취약계층별 대피장소 유도 장치에 관한 것으로, 보다 상세하게는 안전사고의 종류를 기초로 위험영역을 결정하는 위험장소 결정부, 위험영역 내에 있는 대피집단 구성원 각각에 대하여 비콘을 통해 안전취약계층 유형을 수신하여 대피집단 구성원 각각을 상기 안전취약계층을 유형별로 분류하고 안전 식별자를 부여하는 안전 식별자 부여부, 위험영역으로부터 특정시간 이내에 도달할 수 있는 안전장소를 검색하는 안전장소 검색부 및 안전 식별자를 기초로 대피집단 구성원 각각에 관해 출발지로부터 안전장소까지 맞춤형 안전경로를 결정하고 대피집단 구성원 각각이 안전경로를 통해 이동하는 동안의 안전취약계층 유형별 가이드를 제공하는 안전취약계층별 대피장소 유도부를 포함한다.",G08B21/0225;G08B7/066,G08B21/02;G08B7/06,NAT DISASTER MANAGEMENT RES INST,20200212,2020,KR,2,True,True,True
77466954,CN-113345169-A,Drawer type express delivery case placed in corridor,,"The invention discloses a drawer type express box placed in a corridor, which comprises a fixed box body and a movable box body, wherein the fixed box body is fixed on the wall or in the wall of the corridor, a slide rail is arranged on the inner side of a side plate or the inner side of a bottom plate of the fixed box body, and the movable box body and the fixed box body do relative motion through the slide rail to realize space size change of the express box. The movable box body is provided with a box door, and the box door is opened and closed by a lock control device. Compared with the prior art of the express box with fixed volume placed in the corridor, the invention has the beneficial effects that: the old, weak, sick and disabled groups can take the express delivery pieces without going downstairs, the size of the express delivery box in a corridor is reduced, the passing of users is not influenced, and the requirements of staircase fire fighting and evacuation are met.",,A47G29/12;G07C9/00571;G07F17/12;G08C17/02;H04L67/12,A47G29/12;G07C9/00;G07F17/12;G08C17/02;H04L29/08,ZHANG YONGQIANG,20200217,2020,CN,1,False,True,False
78085774,EP-4156610-A1,Method and system for automated personalized messages and personalized evacuation guidelines indoors or outdoors,,"The invention relates to a method and a system (10) for automated personalized messages and personalized evacuation guidelines indoors or outdoors. In particular, a system providing automated personalized messages and/or personalized evacuation guidelines indoors or outdoors avoiding overcrowded routes adaptable to the user&#39;s special needs at a given period as well as a combination of these options is described.",,G08B7/066;H04L12/1845;H04L12/1895;H04L51/18;H04L51/214;H04L51/222;H04L67/52,G08B7/06;H04L12/18;H04L51/00;H04L51/18;H04L51/214;H04L51/222;H04L67/52,ATOS PUBLIC SAFETY;ATOS PUBLIC SAFETY LLC;UNIFY PATENTE GMBH & CO KG,20210922,2021,EP;US,3,True,True,True
78716826,KR-102326992-B1,Method and system for generating and guiding indoor evacuation route for types of disorders,장애유형맞춤 실내대피경로를 생성하고 안내하는 방법 및 시스템,"The present invention relates to a method and a system for generating and guiding an indoor evacuation route by disability type. The method includes: a step of receiving a disaster alert signal for disaster alert from a user terminal; a step of acquiring current location data on the current location of the user terminal and user data indicating user information on the user terminal; a step of acquiring indoor map data indicating the indoor space where the user terminal is located based on the current location data; a step of generating an indoor evacuation route by disability type depending on the type of the user terminal user&#39;s disability based on the current location data, the indoor map data, and the user data; and a step of transmitting the indoor evacuation route by disability type to the user terminal. The user data includes disability type information on the type of the user terminal user&#39;s disability. Accordingly, the disabled user can quickly and safely escape to a shelter in the event of a disaster in the indoor space.","장애유형맞춤 실내 대피경로 생성 및 안내 방법 및 시스템에 관한 것으로, 사용자 단말로부터 재난이 발생하였음을 나타내는 재난알림신호를 수신하고, 사용자 단말의 현재 위치를 나타내는 현재위치데이터 및 상기 사용자 단말의 사용자 정보를 나타내는 사용자 데이터를 획득하고, 현재위치데이터에 기초하여 상기 사용자 단말이 위치하는 실내 공간을 나타내는 실내지도데이터를 획득하고, 현재위치데이터, 상기 실내지도데이터, 상기 사용자 데이터에 기초하여, 상기 사용자 단말의 사용자의 장애유형에 따른 장애유형맞춤 실내대피경로를 생성하고, 그리고 장애유형맞춤 실내대피경로를 사용자 단말로 전송하는데, 사용자 데이터는 상기 사용자 단말의 사용자의 장애유형을 나타내는 장애유형정보를 포함함으로써, 실내 공간에서 재난이 발생하더라도 장애를 가진 사용자로 하여금 빠르고 안전하게 대피장소로 대피할 수 있게 한다.",G08B21/0202;G08B21/10;G08B7/06,G08B21/02;G08B21/10;G08B7/06,,20210319,2021,KR,1,True,True,True
78716849,KR-102327004-B1,Method and system for generating and guiding indoor evacuation route for blind people,시각장애인을 위한 실내 대피 경로를 생성하고 안내하는 방법 및 시스템,"The present invention relates to a method and a system for generating and guiding an indoor evacuation route for a visually impaired person. The method includes: a step of receiving a disaster alert signal indicating the occurrence of a disaster in an indoor space; a step of collecting current location data on the current location of a user terminal from the user terminal; a step of acquiring indoor map data indicating the indoor space where the user terminal is located and data on a facility for a visually impaired person related to the indoor space based on the current location data on the user terminal; a step of generating an evacuation route for the visually impaired person based on the current location data, the indoor map data, and the visually impaired person-related facility data; and a step of transmitting the evacuation route for the visually impaired person to the user terminal. With the present invention, visually impaired persons can quickly and safely escape to a shelter in the event of a disaster in the indoor space.","시각장애인을 위한 실내대피경로 생성 및 안내 방법 및 시스템에 관한 것으로, 실내공간에 재난이 발생하였음을 나타내는 재난알림신호를 수신하고, 사용자 단말로부터 사용자 단말의 현재 위치를 나타내는 현재위치데이터를 수집하고, 사용자 단말의 현재위치데이터에 기초하여, 사용자 단말이 위치하는 실내공간을 나타내는 실내 지도 데이터 및 실내공간과 연관된 시각장애인용 시설물 데이터를 획득하고, 현재위치데이터, 실내 지도 데이터 및 연관된 시각장애인용 시설물 데이터에 기초하여, 시각장애인 대피경로를 생성하고, 그리고 시각장애인 대피경로를 사용자 단말로 전송함으로써, 실내공간에서 재난이 발생하더라도 시각장애인도 빠르고 안전하게 대피장소로 대피할 수 있다.",G08B21/0202;G08B21/10;G08B25/10;G08B7/06,G08B21/02;G08B21/10;G08B7/06,,20210319,2021,KR,1,True,True,True
78717506,KR-20250026795-A,Percel service system for providng notification and method thereof,알림을 제공하는 택배 서비스 시스템 및 그 방법,"The present invention relates to a parcel delivery service system and, more specifically, to a parcel delivery service system and a method thereof, which provide a notification for providing a delivery location of a current parcel delivery product to a sender and a receiver in real time with respect to a parcel delivery case. According to an embodiment of the present invention, an invoice number is assigned to a parcel delivery case received from a parcel delivery company server when a parcel delivery product is delivered, and when a sender and a receiver are different from each other, the invoice number is transmitted to both a sender terminal and a receiver terminal, so that women or the elderly who receive the parcel alone can be protected from various dangerous situations or events, and the occurrence of a difficult situation of revisiting the deliverer or processing the parcel delivery product due to the absence of the receiver is minimized.","본 발명은 택배 서비스 시스템에 관한 것으로, 특히 택배 배송건에 관하여 발송자 및 수령자 측에 현재 택배물품의 배송 위치를 실시간으로 제공하는 알림을 제공하는 택배 서비스 시스템 및 그 방법에 관한 것이다. 
본 발명의 실시예에 따르면, 택배물품의 배송시 택배사 서버에서 접수된 택배건에 대하여 송장번호를 부여하고, 발송자와 수령자가 서로 다른 경우 그 송장번호를 발송자 단말 및 수령자 단말에 모두 전송함으로써 홀로 택배를 받는 여성이나 노약자들이 여러가지 위험한 상황이나 사건들로부터 보호 받을 수 있고, 수령자 부재로 인한 배송자의 재방문 또는 택배물품 처리의 곤란한 상황의 발생이 최소화되는 효과가 있다.",G06Q10/063114;G06Q10/0833;G06Q10/0838;G06Q10/10;G06Q50/10,G06Q10/0631;G06Q10/083;G06Q10/0833;G06Q10/10;G06Q50/10,YUN SANG HYEOK,20200513,2025,KR,1,False,False,True
79176395,KR-20210156193-A,Emergency evacuation system for blind person based on location and method for providing emergency evacuation service,시각 장애인을 위한 위치기반 재난 대피 시스템 및 이의 재난 대피 서비스 제공방법,"The present invention discloses a disaster evacuation system. More specifically, provided are a location-based disaster evacuation system and a disaster evacuation service providing method thereof, for the visually impaired who have difficulty evacuating immediately when a disaster such as an unexpected fire, earthquake or the like occurs in an indoor space, such as a building or the like, or for people who have difficulty in securing visibility. According to an embodiment of the present invention, when a public or visually impaired person located in a building recognizes the occurrence of a fire and executes a disaster evacuation application, in addition to transmitting the current location of a user terminal to a control room, by providing the current location of the user and the evacuation route in real time on the building drawing of the building, the user is allowed to quickly evacuated from the disaster site.","본 발명은 재난 대피 시스템을 개시한다. 보다 상세하게는, 본 발명은 건물 등의 실내 공간에서 예기치 못한 화재, 지진 등의 재난 발생시 즉각적으로 대피가 어려운 시각 장애인 또는 시야확보가 어려운 사람들을 위한 위치기반 재난 대피 시스템 및 이의 재난 대피 서비스 제공방법에 관한 것이다. 
본 발명의 실시예에 따르면, 건물 내 위치한 일반인 또는 시각 장애인이 화재 발생을 인지하고 재난 대피 어플리케이션을 실행하면, 사용자 단말의 현재 위치를 상황실로 전송함과 아울러 해당 건물의 건물도면상에 사용자의 현재 위치 및 피난경로를 실시간으로 제공함으로써 사용자가 신속하게 재난 장소에서 대피할 수 있도록 하는 효과가 있다.",G08B21/0208;G08B25/10;G08B7/06,G08B21/02;G08B25/10;G08B7/06,PARK YOUNG SIM,20200617,2021,KR,2,True,True,True
79176971,KR-102344465-B1,Fire emergency escaping apparatus,화재 비상탈출장치,"The present invention relates to a fire emergency escape device, wherein the device is installed on a veranda of an apartment or a high-rise building to evacuate residents safely in an emergency such as a fire, allow them to descend safely while preventing the shaking of a boarding unit using a balancing unit when lowered by the self-weight of evacuees when the evacuees board, and automatically ascends through an operation part and a compression part of a lifting part after the evacuees alight, and the ascent and descent are carried out swiftly and safely by a folding method, a gas cylinder, a hydraulic brake, a gear, a roller, and a wire. Accordingly, the elderly and children can escape safely, vibration, operational stability and swiftness can be improved to maximize the stability and reliability of a safety facility, manufacturing costs and installation costs can be reduced, miniaturization is promoted to minimize an installation space and to maximize space utilization, and human accidents can be minimized in an emergency.","본 발명은 화재와 같은 비상시에 거주자를 안전하게 피난시키기 위해 아파트 또는 고층 건물의 베란다에 설치되어 피난자가 탑승하면 피난자의 자중에 의해 하강할 때에 밸런싱유닛에 의해 보딩유닛의 흔들림 없이 안전하게 하강하고, 피난자가 하차한 후에 리프팅부의 작동부와 압축부를 통해 자동으로 승강하고, 이러한 하강과 승강이 접철방식과 가스실린더와 유압브레이크 및 기어와 롤러와 와이어를 통해 신속하고 안전하게 이루어짐에 따라 노약자나 어린아이도 안전하게 비상탈출이 가능하고, 흔들림과 작동상의 안정성 및 신속성을 향상하여 안전설비로서의 안정성과 신뢰성을 극대화하고, 제조비용과 설치비용을 감소하며, 소형화를 도모하여 설치공간을 최소화하여 공간활용도를 극대화하고, 비상시에 인사사고를 최소화할 수 있는 화재 비상탈출장치에 관한 것이다.",A62B1/02;A62B1/04;B66B11/0065;B66B9/16,A62B1/02;A62B1/04;B66B11/00;B66B9/16,KIM HYOUNG SIK,20201214,2020,KR,1,True,True,False
80358824,US-11995943-B2,Methods of and systems for controlling access to networked devices provided with machine-readable codes scanned by mobile phones and computing devices,,"A multi-level machine-readable code system and method deployed in an environment supported by a wireless access control system network. The multi-level machine-readable code system including multi-level codes including facility-level codes, site-level codes and device-level codes, that are scanned by mobile computing devices such as mobile smart phones to initiated web-based e-commerce-enabled transactions that allow guest users to select and rent the particular networked devices available for rental and use within a facility, such as, for example, storage lockers, strollers, EVCs, wheelchairs and the like at a site selected within the environment. The wireless access and control system network can automatically assign an available device to the guest user at the selected site. When the guest reads the device-level machine-readable code on a device available for rental at a site, the wireless control access network also enables the guest users to scan the code and rent the device at the selected site and automatically control access to the rented device at the selected site, for access and use in the environment.",,G06F16/9554;G06Q10/02;G06Q10/028;G06Q10/063;G06Q20/127;G06Q20/202;G06Q20/308;G06Q20/3224;G06Q20/325;G06Q20/3276;G06Q20/3278;G06Q20/389;G06Q20/4012;G06Q20/40155;G06Q30/0241;G06Q30/04;G06Q30/0645;G07C2009/00769;G07C9/00309;G07C9/00571;G07C9/00896;G07C9/00912;G07C9/22;G07C9/27;G07F17/0028;G07F17/0057;G07F17/12,G06F16/955;G06Q10/02;G07C9/00;G07C9/22;G07C9/27;G07F17/00;G07F17/12,SAFEMARK SYSTEMS L P;SCOOTERBUG INC,20200811,2021,US,5,True,False,True
80474757,KR-102364334-B1,Fire door with overpressure protection,과압 방지기능을 갖춘 방화문,"The present invention relates to a fire door which makes it possible to rotate around a hinge formed on the inner side of a damper mechanism on one side of the fire door in a stairwell, and comprises: a flap part that discharges (flows) the air inside an ancillary room in one direction to the outside of the ancillary room when the pressure difference between the inside and outside of the ancillary room, etc., is out of a certain range due to positive or negative pressure generated inside and outside the fire door in the stairwell; a weight that is fixed to the hinge of the flap part to help the rotation of the flap rotating with air and automatically return the flap by the load; and a limiting part having a stopper that is formed close to the flap of the flap part and limits the rotation angle of the flap returned by the weight. According to the present invention, a damper mechanism having an opening/closing function of appropriate differential pressure is integrally provided on one side of a fire door in a stairwell, which is mainly installed in an evacuation area and in multi-use places such as smoke control facilities, etc. in an emergency platform and in an ancillary room where an elevator, etc. are installed in a high-rise building and an apartment. Therefore, it is possible to prevent accidents such as suffocation or burning to death in advance as children, the elderly, and others struggle to open a fire door for home that has become harder and fail to escape due to the sudden difference in air pressure or air between the inside of a house and the ancillary room (including a front room, etc.) when various emergencies such as large and small fires, gas explosions, etc. occur in the interior of the house, etc.","본 발명은 계단실 방화문의 일 측 부분에 있는 댐퍼기구의 내측부에 형성된 힌지 중심으로 회전이 가능하도록 하고, 계단실 방화문의 내 · 외부에서 발생되는 양압 또는 음압으로 부속실 등의 실내와 실외 간의 압력 차이가 일정 이상의 범주를 벗어났을 때 부속실 내부의 공기를 부속실 외부의 일 방향으로 배출(유동)시키는 플랩을 구비하는 플랩부; 플랩부의 힌지에 고정되어 공기로 회전되는 플랩의 회전을 도우면서 하중에 의해 플랩을 자동 복귀시키는 무게추 및 플랩부의 플랩에 근접 형성되어 무게추에 의해 복귀되는 플랩의 회전 각도를 제한하는 스토퍼를 구비한 제한부로 이루어짐을 특징으로 한다. 
 이러한 본 발명에 따르면, 고층건물 및 아파트의 엘리베이터 등이 설치되어 있는 부속실 · 비상용승강장의 제연설비 장소 등의 다중이용 장소 및 대피장소 등지에 주로 설치되는 계단실 방화문의 일 측편에 적정 차압의 개폐기능을 가진 댐퍼기구를 일체로 구성함으로써 집안 등의 실내부에서 크고 작은 화재 및 가스폭발 등과 같은 각양의 비상사태가 터졌을 때에 집안 내부와 부속실(전실 등 포함)과의 급격한 기압 내지 공기 등의 압력 차이로 말미암아 더욱 단단해져 버린 주택용 방화문을 어린이 · 노약자 등이 힘에 부쳐 잘 열지 못하고 탈출에 실패함에 따라 질식사하거나 불에 타 죽는 등의 불상사를 미연에 방지할 수 있는 효과를 제공한다.",E06B5/162;E06B7/28,E06B5/16;E06B7/28,SON JU DAL,20200811,2020,KR,1,True,True,False
80490212,KR-20220022155-A,Management System for employment of impairment person,장애인 고용관리 시스템,"The present invention relates to a disabled employment management system which is entrusted with hiring, training, management, and operation according to employment of the disabled from a company which needs to employ the disabled, thereby stably performing from hiring the disabled to vocational job training and employment management. More specifically, since a multifaceted support system capable of monitoring the disability level, work environment, and job mastery level of the disabled worker on a site after a disabled worker is placed on the site and providing appropriate feedback is established, adaptation and job mastery of the disabled are supported, and thus the system aims growing as one expert. In addition, disabled workers independently perform job training by using virtual reality (VR) and mobile applications, thereby increasing job competency and tenure of the disabled workers and reducing employment insecurity of employers. The disabled employment management system comprises a checklist database, a checklist matching unit, and a checklist relay unit.","본 발명은 장애인 고용이 필요한 기업으로부터 장애인 고용에 따른 채용, 교육 및 관리 운용을 위탁받아 장애인 채용에서부터 직업 직무훈련 및 고용관리까지 안정적으로 이루어지도록 하는 장애인 고용 관리 시스템에 관한 것으로, 더욱 자세하게는 장애인 근로자의 현장 배치 이후, 장애인의 장애도, 직무환경 및 직무 숙달도 등을 현장에서 모니터링하고, 이에 적절한 피드백을 제공할 수 있는 다각적 지지체계를 설립하여, 장애인의 현장 적응 및 직무 숙달을 지원함으로써 한명의 전문가로의 육성을 목표로 하는 장애인 고용관리 시스템을 제공하고, 또한, 가상현실(VR) 및 모바일 어플리케아션을 이용하여 장애인 근로자가 주체적으로 직무교육을 수행할 수 있도록 함으로써, 장애인 근로자의 직무 역량 및 근속 기간을 향상시킴과 동시에 고용 기업체의 고용 불안을 완화 할 수 있는 장애인 고용관리 시스템에 관한 것이다.",G06Q10/063112;G06Q10/063114;G06Q10/0639;G06Q10/103;G06Q10/1053;G06Q50/10;G06Q50/2057,G06Q10/06;G06Q10/10;G06Q50/10;G06Q50/20,PEOPLE WITH FRAGRANCE INC,20200818,2020,KR,2,True,False,True
80491882,WO-2022049725-A1,Wheelchair with tsunami disaster prevention function,,"[Problem] It is generally difficult for the user of a wheelchair to evacuate without assistance of a caregiver or another person before tsunami inundation. Often the user is struck by a tsunami disaster together with the caregiver and other people related to the user. The problem to be solved by this invention is to provide a device which enables the wheelchair user to evacuate on their own to evade the danger. [Solution] Provided is a wheelchair comprising floating bodies. The wheelchair detects inundation by tsunami, inflates the installed floating bodies, and floats the user of the wheelchair together with the wheelchair to prevent the user from drowning. The wheelchair establishes a state as if the user were riding on a single-passenger boat to prevent a tsunami disaster and enable self-evacuation. Moreover, the wheelchair alleviates anxiety of the caregiver and people around and enables them to concentrate on their own evacuation.",,A61G5/10;B63C9/08;Y02A10/30,A61G5/10;B63C9/08,HAMADA EIGAI,20200904,2020,WO,1,False,True,False
80498113,JP-2022038616-A,"Program, device, and method for processing information",,To allow for efficiently evacuate disaster vulnerable people.SOLUTION: An information processing program provided herein makes a computer perform processes of: generating evacuation support information for supporting evacuation for each disaster vulnerable individual on the basis of disaster vulnerable people-related information and disaster situation information; and sending the evacuation support information to terminal devices of supporters associated with disaster vulnerable individuals.SELECTED DRAWING: Figure 12,,G11B5/73921;G11B5/82;G11B5/8404,G06Q50/26;G16Y10/35,FUJITSU LTD,20200827,2020,JP,1,False,True,False
80817463,KR-102370891-B1,Non-face-to-face baby care education system and its service method,비대면 아기 돌봄 교육시스템 및 그 서비스방법,"The present invention relates to an untact baby care education system and a service method thereof. In accordance with a purpose of the technical embodiment, baby caregivers such as pre-parents, inexperienced parents, nurturers, gynecological nurses and the like are instructed through a learning device, which is formed into a baby-shaped model, about situational measures for situations of which the baby caregivers must be fully aware, and, in particular, the baby caregivers are enabled to systematically and professionally learn such a series of baby care learning procedures through an online lecture communication system and a dedicated baby care application, and, accordingly, the untact baby care education system can significantly maximize the professionalism and efficiency of education, and the convenience of learning. Therefore, to achieve the purpose, the untact baby care education system comprises a baby care education operation server, a teacher smart terminal in which a baby care application is installed, a learner smart terminal in which the baby care application is installed, and a baby-shaped model learning device. Moreover, the system is used to perform an education registration preparation step, an introduction lecture video production step, an online lecture step, a baby care education lecture step, a virtual nurturing practice step, a fulfillment assignment setting step, a fulfillment result information setting step, a fulfillment assignment grading step, and a practice fulfillment result report step.","본 발명은 비대면 아기 돌봄 교육시스템 및 그 서비스방법에 관한 것으로; 
그 기술구현의 목적은, 예비부모, 초보부모, 보육사, 산부인과 간호사 등과 같이 육아교육이 필요한 보육자를 대상으로 아기돌봄시 숙지해야 하는 상황에 대하여 그 상황별 대처방법을 아기모형으로 제작된 학습장치에 의해 습득할 수 있도록 하고, 특히 그러한 일련의 아기돌봄 습득과정을 온라인 강의 커뮤니케이션 시스템 및 전용화된 아기돌봄 어플리케이션을 통해 체계적이고 전문적으로 교육 및 학습할 수 있게 함으로써, 교육의 전문성과 효율성, 그리고 학습의 편리성을 극히 증대시킬 수 있도록 한 비대면 아기 돌봄 교육시스템 및 그 서비스방법을 제공함에 있다. 
따라서, 상기 목적을 달성하기 위한 본 발명의 구체적 수단으로는; 
돌봄교육 운영서버와, 아기돌봄 어플리케이션이 설치된 교사 스마트단말과,  아기돌봄 어플리케이션이 설치된 교육생 스마트단말과, 아기모형 학습장치로 이루어진 시스템을 구축하여 달성한다. 
또한, 상기와 같이 구축된 시스템을 이용하여 교육수강 준비단계와, 입문 강의영상 제작단계와, 온라인 출강단계와, 아기돌봄교육 강의단계와, 가상육아 실습단계와, 수행과제 출제단계와, 수행결과정보 제출단계와, 수행과제 채점단계와, 실습수행결과 통보단계를 행하도록 하여 달성m 한다.",G06F3/0482;G06Q10/06393;G06Q50/20;G06Q50/22;G09B19/00;G09B23/32,G06F3/0482;G06Q10/06;G06Q50/20;G06Q50/22;G09B19/00;G09B23/32,JUNG JAE EUN,20210524,2021,KR,1,True,False,True
81182028,KR-20220043682-A,Building Fire Evacuation Route Guidance System,건물의 화재 피난경로 안내 시스템,"The present invention relates to an evacuation route guide system which notifies residents of an evacuation route in case of a building fire, wherein a variable evacuation guidance lamp visually indicates an evacuation route and a speaker at an exit on the evacuation route audibly guides the evacuation route to help the weak and elderly or people with vision or hearing impairment rapidly evacuate in case of a fire, thereby reducing damage to a human life caused by a fire. The evacuation route guide system of the present invention comprises: a plurality of fire detectors disposed in the inside of a building to detect any fire; a server receiving a fire signal and a unique ID from the fire detectors, sensing a location of the fire based on the fire signal and the unique ID, and selecting one of the safest evacuation routes among the predetermined routes according to the location of the fire; a plurality of evacuation guidance lamps operated by the server in case of a fire to indicate the evacuation route inside the building; and a plurality of speakers receiving a message set by the server and outputting a voice signal to guide occupants in the safest direction and location of the evacuation route.","본 발명은 건물에 화재가 발생할 경우, 거주하는 사람들에게 피난경로를 알리는 안내 시스템에 관한 기술로서, 가변형 피난 유도등이 시각적으로 피난경로를 안내하고, 피난경로의 비상구에서 스피커를 통해 청각적으로 피난경로를 안내함으로써, 화재 발생시 노약자나 시각 또는 청각 장애인 등이 신속하게 대피할 수 있으므로, 화재로 인한 인명 피해를 줄이는 건물의 화재 피난경로 안내 시스템에 관한 기술이다. 
이러한 본 발명의 주요 구성은, 화재 발생 여부를 감지하고, 건물 내부에 배치되는 다수의 화재 감지기; 상기 화재 감지기로부터 화재 신호와 고유 아이디가 수신되며, 화재 신호와 고유 아이디를 통해 화재 위치를 감지하고, 화재 위치에 따라 설정된 피난경로 중에서 가장 안전한 피난경로를 선택하는 서버; 상기 서버를 통해 화재 발생시 작동하며, 건물 내부에서 피난경로를 표시하는 다수의 피난 유도등; 및 상기 서버에서 설정된 메시지를 수신하고, 음성 신호를 출력하여 피난경로의 방향과 위치를 안내하는 다수의 스피커;를 포함하여 구현된다.",G08B17/06;G08B17/10;G08B3/10;G08B5/22;G08B7/066,G08B17/06;G08B17/10;G08B3/10;G08B5/22;G08B7/06,DAELIM MEC,20200929,2020,KR,1,False,True,True
81211364,KR-20220046112-A,High-rise building fire evacuation device,고층 건물 화재 피난 장치,"The present invention relates to a high-rise building fire evacuation device, and more specifically, to a high-rise building fire evacuation device, which comprises: a main passage installation unit which is installed at the banister of a balcony to provide an evacuation passage by using an evacuation ladder which allows downward movement to a lower floor; an approach passage installation unit which is coupled to the banister of the balcony and the main passage installation unit at one side of the main passage installation unit, establishes a moving route such that evacuees may move between the banister of the balcony of each household and the main passage installation unit after being expanded and protruding to the front of the banister of the balcony when a fire or a disaster occur, and is installed for each household to prevent safety accidents by blocking the approach of children by being maintained in a folded state at the side of the banister of the balcony at normal times to close the moving route; and an elevating device installed at the main passage installation unit to downwardly move to the lower floor while children and the elderly with mobility difficulties are aboard. In particular, provided is the high-rise building fire evacuation device, wherein the elevating device is characterized by: an elevator which is rail-coupled to the vertical frame of both sides of the evacuation ladder of the main passage installation unit to ascend and descend in a vertical direction; an elevator moving means to which the elevator is connected to allow the ascending and descending operation by means of the driving force of the motor; and an elevator control means which is provided to control the elevating operation of the elevator driving means. Therefore, children and the elderly may safely evacuate.","본 발명은 고층 건물 화재 피난 장치에 관한 것으로서, 발코니 난간에 설치되어  하부층으로 내려갈 수 있는 피난사다리를 이용한 대피통로를 제공하는 메인통로설치부; 상기 메인통로설치부 일측에서 발코니 난간 및 메인통로설치부에 결합되고, 화재 또는 재난이 발생시 발코니 난간의 전방으로 확장 돌출되어 각 세대의 발코니 난간과 메인통로설치부 사이에 대피자가 이동할 수 있는 이동로를 개설하고, 평상시에는 발코니 난간 측에 접혀진 상태로 유지시켜 이동로가 폐쇄되도록 하여 어린이의 접근을 차단시켜 안전사고를 예방하도록 세대별로 설치되는 접근통로설치부; 및 상기 메인통로설치부에 설치되어 어린이나 거동이 불편한 노약자를 탑승한 채로 하부층으로 하강 작동하는 승강장치;를 포함하는 고층 건물 화재 피난 장치로서, 
상기 승강장치는, 메인통로설치부의 피난사다리 양측 수직프레임에 레일 결합되어 수직방향으로 승하강되는 승강기; 상기 승강기를 연결하여 모터 동력에 의해 승하강 작동되도록 하는 승강기 구동수단; 및 상기 승강기 구동수단의 승강 작동을 제어하도록 된 승강기 제어수단;을 포함하는 것을 특징으로 하는 고층 건물 화재 피난 장치가 제공된다.",A62B1/02;A62B3/00;A62B5/00;B66B11/043;B66B13/16;B66B9/16;E04B1/003;Y02B50/00,A62B1/02;A62B3/00;A62B5/00;B66B11/04;B66B13/16;B66B9/16;E04B1/00,RYU SOON MO,20201007,2020,KR,1,False,True,False
81980456,KR-20220080487-A,Emergency response safety seat,응급상황시 이동약자를 긴급이동시킬 수 있는 안전시트,,"본 발명은 휠체어 이용자, 병약자 등과 같이 거동이 불편한 이동약자의 침대 매트리스의 하부에 보관되어 외부 노출을 방지하여 분실이나 훼손의 염려가 없으며, 화재와 같은 응급상황이 발생되면 구조자에 의해 매트리스로부터 인출되어 이동약자를 매트리스와 함께 결속시킴으로써 신속하게 현장으로부터 대피시킬 수 있는 응급상황시 이동약자를 긴급이동시킬 수 있는 안전시트를 개시한다.",A61G1/003;A61G1/01;A61G1/013;A61G1/04;A61G1/042;A61G1/044;A61G2200/32;A61G2203/70;A61G7/0504,A61G1/01;A61G7/05,IM SOO JEONG,20201207,2020,KR,2,True,True,False
82386219,US-11393319-B1,Personal tracking and communication system and method,,"An individual tracking and communication system and method is presented herein. The system and method includes a wearable device adapted to be worn by a user and a caregiver device operated by a caregiver. The wearable device and caregiver device are paired to one another by being assigned to the same group via a management dashboard, and thereby allowing for communications to occur there between. The wearable device is configured to initiate and receive voice communications with the caregiver device, and to automatically initiate a communication with an emergency service if an attempt to initiate a voice communication with the caregiver device fails.",,G08B21/0261;G08B21/043;G08B21/0453;G08B25/005;G08B27/005,G08B21/04;G08B25/00;G08B27/00,MAISANO PATRICIA;REMI Device Company,20190729,2020,US,2,True,False,True
82396378,KR-102418665-B1,Method and Apparatus for Providing Emergency Escape by using Biometric,생체 인식을 이용한 대피용 비상 탈출 장치 및 방법,"Disclosed are an emergency escape device and method for evacuation using biometrics. An embodiment of the present invention provides an emergency escape device and method for evacuation using biometrics, in which an early warning system for fire, securing an emergency evacuation route, an evacuation device to help safe evacuation, and checking a video of the scene and the number of people remaining in a building in the event of fire are provided to prepare safety measures for the elderly and children in a situation where social welfare facilities and nursing homes for the elderly are rapidly increased, to construct a safer digital safety system for the socially vulnerable.","생체 인식을 이용한 대피용 비상 탈출 장치 및 방법을 개시한다. 
본 실시예는 사회취약계층의 보다 안전한 디지털 안전시스템을 구축하기 위해 사회복지시설과 노인요양원의 급속한 증가로 인한 노유자(老幼者)에 대한 안전대책을 마련하기 위해 화재에 대한 초기 경보 시스템, 긴급 피난통로 확보, 안전한 대피를 도와주는 피난기구, 화재 시 현장에 대한 영상과 건물에 잔존하는 인원을 확인할 수 있도록 하는 생체 인식을 이용한 대피용 비상 탈출 장치 및 방법을 제공한다.",G07C9/00563;G07C9/00896,G06K9/00;G07C9/00,INNOCNS CO LTD,20211122,2021,KR,1,True,True,False
82610167,KR-102422681-B1,Wheelchair ramp having visibility,시인성을 갖는 휠체어 경사로,"The present invention relates to a wheelchair ramp having visibility. The wheelchair ramp installs a ramp in a width appropriate to a size of the wheelchair and stairs by allowing the entire width of the ramp to be adjusted, prevents accidents by preventing deviation of wheels during driving of the wheelchair, illuminates an LED light source to have visibility on the ramp to be easily visible for a user of the ramp during daytime and nighttime to improve safety, shortens an assembly time and reduces costs by not separately assembling a rib improving strength of the ramp, to which weight is applied, and forming the rib integrally with a foothold, achieves flattening by adjusting a gradient of the ramp, and quickly removes snow and ice formation on the ramp in winter by using heat. The wheelchair ramp includes: outer plates disposed on each of both sides; a width adjustment plate fixed and interposed between the outer plates; a speed bump cover installed and finished on the side surface of the outer plate and preventing deviation of the wheels of the wheelchair; and an LED module installed inside the speed bump cover and illuminating the light source on the ramp to improve visibility.","본 발명은 시인성을 갖는 휠체어 경사로에 관한 것으로서, 경사로의 전체폭을 조절할 수 있도록 하여 휠체어 및 계단의 크기에 적합한 폭으로 경사로를 설치하고 또한, 휠체어 주행 중 바퀴의 탈선을 방지하여 안전사고를 예방하며, 아울러 경사로에 시인성을 갖추도록 엘이디 광원을 투광시켜 경사로 이용자가 주간 및 야간에 용이하게 식별하여 안전성을 향상시키고 더불어, 하중이 가해지는 경사로의 강도를 향상시키는 리브를 별도로 조립하지 않고 발판과 일체로 형성시켜 조립시간의 단축 및 비용을 절감하고 아울러, 경사로의 기울기를 조절하여 평탄화를 이룰 수 있게 하며 또한, 겨울철 경사로에 쌓이는 눈 및 결빙을 열을 이용하여 신속하게 제거할 수 있도록 하는 시인성을 갖는 휠체어 경사로를 제공도록, 양측에 각각 배치되는 외측플레이트와 그 외측플레이트 사이에 개재되어 고정되는 폭조절플레이트와, 상기 외측플레이트 측면에 설치되어 마감하는 동시에 휠체어 바퀴의 탈선을 방지하는 방지턱커버와, 그 방지턱커버 내부에 설치되어 경사로에 시인성을 향상시키도록 광원을 투광하는 엘이디모듈을 포함한다.",E04F11/002;E04F2011/005,E04F11/00,AN BYEONG EON;HAN KYUNG YOUL,20220418,2022,KR,1,True,True,False
83111487,KR-20220118117-A,System and method for supporting emergency/disaster relief and quarantine using augmented reality,증강현실 기반의 응급/재난 구호와 방역지원 시스템 및 방법,"The present invention relates to a system and method for remotely providing the elderly (especially elderly families) with help from experts based on augmented reality in urgent situations, emergencies, and disease spread situations to escape from the urgent/emergency situations and avoid infected areas anytime anywhere. The present invention proposes the system providing a senior-friendly social safety/disinfection service by using a smartphone and smart glass for the elderly living alone and elderly families whose number is naturally increasing due to an increase of aging population and nuclear families, which: firstly, provides the elderly with help from experts in emergency situations such as traffic accidents, natural disasters, and fires so as to quickly evacuate; secondarily, in the event of an emergency such as a sudden cardiac arrest of a spouse in an elderly family, allows the elderly to give first aid until emergency technicians arrive; and lastly, in a situation where viral infectious diseases such as COVID-19 are spreading, provides supports to avoid infected areas and movement trace of infected people. The system comprises a storage unit, a processing unit, and a communication unit.","본 발명은 고령자(특히 노인가정)가 긴급상황, 응급상황, 질병확산 상황에서 원격으로 전문가의 도움을 증강현실 기반으로 제공하여 언제, 어디서나 긴급/응급상황에서 벗어나고 감염지역을 회피할 수 있게 하는 시스템 및 방법에 관한 것으로, 늘어나는 고령인구와 핵가족화로 인해 자연적으로 숫자가 증가하고 있는 독거노인 및 노인가정을 위하여 스마트폰과 스마트글라스를 이용하여 첫째, 교통사고, 천재지변, 화재 등의 긴급상황에서 전문자의 도움을 원격으로 제공받아 신속하게 대피하고, 둘째로, 노인가정에서 갑자기 배우자에 심정지 등의 응급상황이 발생했을 때, 응급구조대가 오기 전까지 응급처치를 할 수 있게 하고, 마지막으로 COVID-19와 같은 바이러스성 감염병이 확산되는 상황에서 감염지역, 감염자 동선을 회피하도록 지원받는 고령친화적 사회 안전/방역 서비스를 제공하는 시스템을 제안한다.",G01S19/14;G02B2027/0178;G02B27/017;G06Q50/22;G06Q50/265;G06T19/006;G08B25/12;G08B25/14;G16H50/20;G16H50/80;Y02A10/40,G01S19/14;G06Q50/26;G06T19/00;G08B25/12;G08B25/14;G16H50/20;G16H50/80,SEMYUNG UNIV DIVISION OF INDUSTRY ACADEMY COOPERATION GROUP,20210218,2021,KR,1,False,True,False
83112334,KR-102433559-B1,Fire detection system for the disabled,장애인용 화재감지 시스템,"The present invention relates to a fire detection system (100) for the disabled, which comprises: a plurality of fire detectors (120) installed inside a building (110) to detect an occurrence of a fire in the building (110); a plurality of induction devices (130) connected to the fire detector (120) through wireless communications, installed at each entrance door or emergency exit inside the building (110) and turned on to guide a fire escape exit when one of the fire detectors (120) detects the fire; and an alarm device (140) installed at an entrance door or an emergency exit outside the building (110) and connected to the fire detector (120) or the induction device (130) through wireless communications so that an alarm sound is transmitted when the fire detector (120) detects an occurrence of the fire or the induction device (130) is turned on, wherein the fire detector (120), the induction device (130) and the alarm device (140) are connected through wireless communications so that the induction device (130) and the alarm device (14) propagate the occurrence of the fire through wireless communications when the fire detector (120) detects the fire in the building (110), wherein the induction device (130) transmits the alarm sound and an announcement and turns on a guidance lamp (131) to guide the entrance door or the emergency exit, and wherein the alarm device (140) transmits the alarm sound and turns on a light source device (not shown) to propagate the occurrence of the fire to the outside. According to the present invention, the disabled can easily escape upon the occurrence of the fire, and a situation of the fire is automatically propagated to the outside, thereby enabling the disabled inside the building (110) to quickly evacuate with outside help.","본 발명은 장애인용 화재감지 시스템(100)에 관한 것으로서, 건물(110) 내부에 설치되어 건물(110)의 화재 발생을 감지하는 복수 개의 화재감지기(120); 상기 화재감지기(120)와 무선통신을 통해 연결되되, 건물(110) 내부 각각의 출입문 또는 비상구에 설치되어 상기 화재감지기(120) 중 어느 하나가 화재 발생을 감지하면 점등되어 화재 대피 출구를 안내하는 복수 개의 유도장치(130); 및 상기 화재감지기(120) 또는 유도장치(130)와 무선통신을 통해 연결되어, 상기 화재감지기(120)가 화재 발생을 감지하거나 상기 유도장치(130)가 점등되면 경보음을 송출하되, 건물(110) 외부의 출입문 또는 비상구에 설치되는 경보장치(140);를 포함하고, 상기 화재감지기(120), 유도장치(130) 및 경보장치(140)는 무선통신을 통해 연결되어 화재감지기(120)가 건물(110)의 화재를 감지하는 경우 상기 무선통신을 통해 유도장치(130) 및 경보장치(140)에 화재 발생을 전파하고, 상기 유도장치(130)는 경보음 및 안내멘트를 송출하고, 유도등(131)을 점등하여 출입문 또는 비상구를 안내하고, 상기 경보장치(140)는 경보음을 송출하면서 광원장치(미도시)를 점등하여 화재 발생 사실을 외부에 전파한다. 본 발명에 의하면, 화재 발생 시 장애인들의 탈출을 용이하도록 하고, 외부에 화재 상황을 자동으로 전파함으로써, 화재 건물(110) 안의 장애인들이 외부의 도움을 받아 빨리 대피할 수 있다.",G08B17/06;G08B25/10;G08B3/10,G08B17/06;G08B25/10;G08B3/10,MI CHANG CO LTD,20210820,2021,KR,1,True,True,False
83282004,KR-20220121443-A,Separate fire detection device for the disabled,유니버설디자인을 적용한 단독경보형 화재감지기,"The present invention relates to a separate alarm type fire detector to which a universal design is applied. The fire detector detects the occurrence of a fire independently without going through a fire receiver and notifies a non-disabled person as well as the visually or hearing impaired of the occurrence of a fire. The separate alarm type fire detector to which a universal design is applied according to an embodiment of the present invention comprises: a detection body installed and fixed to the ceiling; a detection sensor installed inside the detection body to detect one or two or more of heat, smoke, or gas together and generate a fire signal; a warning sound output unit audibly notifying occurrence of a fire through sound when the fire signal is generated from the detection sensor; and a flashing output unit visually notifying the occurrence of a fire through light when the fire signal is generated from the detection sensor. In addition, the warning sound output unit includes: a first speaker installed on one side of the detection body to output a first sound; and a second speaker installed on the other side of the detection body and installed on a straight line with the first speaker to output a second sound. As the first sound and the second sound are sequentially output, an escape direction for the hearing-impaired person is induced. Therefore, people with disabilities, non-disabled people, and the elderly can easily know the occurrence of a fire and can evacuate quickly.","본 발명은 화재수신기를 통하지 않고 단독으로 화재의 발생을 감지하여 시각 또는 청각 장애인뿐만 아니라 비장애인에게 화재의 발생을 알리는 유니버설디자인을 적용한 단독경보형 화재감지기에 관한 것이다. 본 발명의 실시예에 따른 유니버설디자인을 적용한 단독경보형 화재감지기는 천정에 고정설치되는 감지본체, 상기 감지본체의 내부에 설치되어 열, 연기, 또는 가스 중 어느 하나 또는 둘 이상을 함께 감지하여 화재신호를 발생하는 감지센서, 상기 감지센서에서 화재신호가 발생되면 소리를 통해 청각적으로 화재의 발생을 알리는 경고음출력부, 및 상기 감지센서에서 화재신호가 발생되면 빛을 통해 시각적으로 화재의 발생을 알리는 섬광출력부를 포함하고, 상기 경고음출력부는 상기 감지본체의 일측에 설치되어 상기 제1 소리를 출력하는 제1 스피커, 및 상기 감지본체의 타측에 설치되고 상기 제1 스피커와 일직선상에 설치되어 상기 제2 소리를 출력하는 제2 스피커를 포함하여, 상기 제1 소리와 제2 소리를 순차적으로 출력함에 따라 청각 장애인의 탈출방향을 유도한다. 따라서, 장애인, 비장애인, 노약자들이 화재발생을 용이하게 알 수 있어 신속하게 대피할 수 있다.",G08B17/00;G08B21/02;G08B7/06,G08B17/00;G08B21/02;G08B7/06,CHOI KYU CHOOL,20210225,2021,KR,2,True,True,True
83452587,KR-20220129761-A,Personal Safety Prevention Portable Devices and Safe-Zone Deployment Systems,개인 안전을 위한 방범용 휴대장치와 세이프존 구축 시스템,"The present invention relates to a portable security device for personal safety and a safe zone establishment system, which allow anyone (such as housewives, children, the elderly) to evacuate to a safe zone closest to a current location and make an emergency call at the same time to protect oneself from a criminal. The portable security device for personal safety and a safe zone establishment system, which help prevention and primary containment of crime, includes a device comprising: a danger call terminal that includes a main power supply supplying power, a main control unit electrically connected to the main power source and, when power is supplied, controlling the danger call terminal according to a preset program, and a main communication unit electrically connected to the main control unit and transmitting a call signal to the outside when a person in danger presses a call button, so as to transmit a danger call signal, and an identification number of a danger call terminal, a face photo and personal information of the person in danger to the outside when the call button is pressed; and a safe zone terminal that is installed in a safe zone facility, receives a danger call from the danger call terminal, and transmits a flashing signal of a warning light, a warning sound signal, and a video signal recorded in real time to a security patrol officer to notice emergency evacuation.","본 발명은 누구나(예를 들어, 주부 여성, 어린이, 노약자 등) 현재위치에서 가장 가까운 구역에 위치한 안전구역(Safe Zone)에 긴급피난을 할 수 있도록 함과 동시에 긴급호출을 할 수 있도록 하여 범죄자로부터 자신을 보호할수 있도록 한 개인 안전을 위한 방범용 휴대장치와 세이프존 구축 시스템에 관한 것으로, 전원을 공급하는 주전원부와 상기 주전원부에 전기적으로 연결되어 전원공급시, 기 설정된 프로그램에 따라 위험자호출단말기를 제어하는 주제어부와 전기적으로 연결되어 위험자의 호출버튼 입력시, 외부로 호출신호를 보내는 주통신부를 포함하여 호출버튼의 누름시 위험 호출신호, 위험자의 위험자호출 단말기고유번호, 얼굴 사진 및 인적사항을 외부로 보내는 위험자호출 단말기 및 세이프존 시설물에 설치되어 상기 위험자호출단말기로부터 위험 호출을 수신하여 방범순찰자에게 경광등의 조명 점멸신호, 경고음 발생신호 및 실시간적으로 촬영된 동영상신호를 보내어 긴급피난을 알려주는 세이프존 단말기를 포함한 장치로 구성된 범죄의 예방과 원천 봉쇄를 도와주는 개인 안전을 위한 방범용 휴대장치와 세이프존 구축 시스템이다.",G08B21/0202;G08B25/016;G08B25/14;G08B7/06;H04N7/18,G08B21/02;G08B25/01;G08B25/14;G08B7/06;H04N7/18,KIM DONG HEUI,20210317,2021,KR,1,False,True,True
83462153,KR-102448734-B1,IoT based emergency escape apparatus,IoT 기반 휠체어 안전대피장치,"The present invention relates to an IoT-based wheelchair-safe evacuation device, which can safely evacuate the general handicapped, and the blind or hearing impaired, comprising: first and second columns (10, 10&#39;); a rim plate (20); an elevating car (30); first and second winch units (50, 50&#39;); first and second load recovery units (60, 60&#39;); first and second wires (70, 70&#39;); first and second lockers (80, 80&#39;); first and second stoppers (90, 90&#39;); and first and second manipulation units (100, 100&#39;).","본 발명은 IoT 기반 휠체어 안전대피장치에 관한 것으로서, 상호 대향되게 마주보도록 바닥슬라브(S2)에 지지된 상태로 천정슬라브(S1)를 관통하여 돌출되는 제1,2기둥(10)(10&#39;)과; 관통홀에 결합된 상태에서 천정슬라브(S1)의 표면과 편평해지게 설치되는 것으로서 내측에 사각형태의 대피홀(21)이 형성되는 테두리플레이트(20)와; 제1기둥(10)과 제2기둥(10&#39;)에 가이드된 상태로 승강되는 것으로서 장애인 휠체어(W)가 탑승하는 승강카(30)와; 제1,2기둥(10)(10&#39;)의 상단에 설치되는 것으로서 회전속도에 따라 브레이킹력을 발생하는 제1,2원심브레이크(40)(40&#39;)와 축결합된 제1,2윈치부(50)(50&#39;)와; 제1,2기둥(10)(10&#39;)을 따라 승강 가능하게 설치되는 제1,2하중복귀부(60)(60&#39;)와; 제1,2윈치부(50)(50&#39;)에 권회된 상태로 상기 승강카(30)와 제1,2하중복귀부(60)(60&#39;)를 연결하는 제1,2와이어(70)(70&#39;)와; 대피홀(21) 내측의 상기 테두리플레이트(20)에 설치되는 제1,2록커(80)와; 승강카(30)에 설치되어 제1,2록커(80)(80&#39;)에 동시에 위치 고정시키거나 고정 상태를 해제하기 위한 제1,2스토퍼(90)(90&#39;)와; 승강카(30)에 설치된 것으로서, 휠체어(W)에 탑승한 장애인에 의하여 조작되어 제1,2스토퍼(90)(90&#39;)의 동작을 제어하는 제1,2조작부(100)(100&#39;);를 포함하는 것을 특징으로 한다.",A62B1/02;A62B1/04;B66B1/46;B66B11/0005;B66B11/0226;B66B9/16;F21V33/0064;G08B21/18;G16Y40/10;G16Y40/30,A62B1/02;A62B1/04;B66B1/46;B66B11/00;B66B11/02;B66B9/16;F21V33/00;G08B21/18;G16Y40/10;G16Y40/30,ASIA FIRE PROT CO LTD,20211028,2021,KR,1,True,True,False
83805246,KR-20220142320-A,A method of constructing a work-based map library to respond to disasters,재난대응 업무기반 맵 라이브러리 구축방법,"The present invention relates to a method for constructing a task-based map library to respond to disasters. The method for constructing a task-based map library, according to the present invention, comprises the processes of: 1) classifying pieces of natural disaster-related information according to disaster type; 2) classifying the pieces of information into two or more among information about areas with risk factors, information about areas with damage history, and information about areas where vulnerable people live; 3) constructing the pieces of information into map ports, respectively, together with location information; and 4) constructing a map library by combining the constructed map ports. According to the present invention, practicality and utilization of map information in the field are greatly improved.","본 발명은 상황관리 매핑콘텐츠 정보를 하나의 시스템에서 조회가 가능하도록 제공하기 위한 재난상황 관리시스템에 관한 것으로, 
풍수해를 포함한 자연재난 관련정보들과, 상기 정보들에 의해 풍수해를 예측하기 위한 프로그램(GIS 기반 통합상황 관리시스템)이 내장된 운영컴퓨터와, 상기 프로그램에 의한 결과물을 화면에 표시하기 위한 모니터로 구성되어진 시스템에서, 상기 프로그램에 의해 다음과 같은 과정으로 수행되는 것을 특징으로 하는 재난대응 업무기반 맵 라이브러리 구축방법. 
1) 상기 자연재난 관련정보들이 운영컴퓨터의 프로그램에 입력되면 상기 프로그램에 의해  재난유형(예를 들어, 태풍, 가축전염병 등)에 따라 분류되는 과정, 
2) 상기 1)과정에서 재난유형별 분류된 정보들이 상기 프로그램에 의해 위험요인 보유지역에 대한 정보와, 피해이력 보유지역에 대한 정보와, 취약자 거주지역에 대한 정보 중에서 2개 이상으로 분류되는데, 
상기 위험요인 보유지역 및 피해이력 보유지역에 대한 정보는 사전 점검 및 예찰을 위해 시간에 따라 누적된 정보이고, 
상기 취약자 거주지역에 대한 정보는 사전 대피를 위한 정보로서 분류되는 과정, 
3) 상기 2)과정에서 위험요인 보유지역에 대한 정보와, 피해이력 보유지역에 대한 정보와, 취약자 거주지역에 대한 정보로 분류된 정보들이  각각 상기 프로그램에 의해 위치정보와 함께 지도정보 기반의 맵포트(재난대비 업무활용지도)로 구축되는 과정, 
4) 상기 3)과정에서 위험요인 보유지역에 대한 정보와, 피해이력 보유지역에 대한 정보와, 취약자 거주지역에 대한 정보로 나뉘어 구축된 맵포트(재난대비 업무활용지도)들이 합쳐져서 맵 라이브러리(지도 정보 묶음집)로 구축되는 과정.",G06F16/29;G06Q50/26;G08B21/10;Y02A10/40,G06F16/29;G06Q50/26;G08B21/10,NAT DISASTER MANAGEMENT RES INST,20210414,2021,KR,1,False,True,True
84040873,KR-102462397-B1,Emergency situation notification system for disabled person,장애인을 위한 비상 상황 알림 시스템,"The present invention relates to an emergency notification system for people with disabilities. The emergency notification system of the present invention comprises: an emergency notification device that detects the occurrence of an emergency situation, transmits an emergency detection signal to the outside, and records the inside of a building in which the emergency situation has occurred; an emergency situation management server that receives the emergency detection signal and a recorded video of the inside the building from the emergency notification device, generates and transmits a first emergency notification signal visually informing the occurrence of the emergency situation, a second emergency notification signal audibly informing the occurrence of the emergency situation, and a third emergency notification signal informing the occurrence of the emergency situation, identifies a safe evacuation route based on the recorded video, a cause of the emergency situation and information and structure of the inside the building, generates a first evacuation notification signal visually informing the safe evacuation route and a second evacuation notification signal audibly informing the safe evacuation route, and transmits the first and second evacuation notification signals to the emergency notification device; and a government office server that receives the third emergency notification signal from the emergency management server and receives the occurrence of the emergency situation, wherein a plurality of components constituting the emergency notification device and the emergency management server are configured to mutually communicate by a first communication unit, while the emergency notification device, when determining the occurrence of the emergency situation in the building, detects disconnection of signal lines constituting the first communication unit, and when determining disconnection of the signal lines, mutual communication can be performed by a second communication unit. An emergency notification system enables people, including people with disabilities, to immediately grasp the occurrence of an emergency situation.","본 발명은 장애인을 위한 비상 상황 알림 시스템에 관한 발명으로, 본 발명은 비상 상황 발생 여부를 감지하여 비상 상황 감지 신호를 외부에 전송하고, 비상 상황이 발생한 건물 내부를 촬영하는 비상 상황 알림 장치, 비상 상황 알림 장치로부터 비상 상황 감지 신호 및 상기 건물 내부 촬영 영상을 수신하여 시각적으로 비상 상황 발생 여부를 알리는 제1 비상 상황 알림 신호, 청각적으로 비상 상황 발생 여부를 알리는 제2 비상 상황 알림 신호 및 비상 상황 발생을 알리는 제3 비상 상황 알림 신호를 생성하여 외부로 전송하고, 촬영 영상을 바탕으로 비상 상황 발생 원인 및 건물 내부의 정보와 구조를 기반으로 하여 안전한 대피로를 파악하여 시각적으로 안전한 대피로를 알리는 제1 대피 알림 신호 및 청각적으로 안전한 대피로를 알리는 제2 대피 알림 신호를 생성하여 비상 상황 알림 장치에 전송하는 비상 상황 관리 서버 및 비상 상황 관리 서버로부터 제3 비상 상황 알림 신호를 수신하여 비상 상황 발생을 접수하는 관공서 서버를 포함하고, 비상 상황 알림 장치는 비상 상황 알림 장치를 구성하는 복수의 구성들 및 비상 상황 관리 서버가 제1 통신부에 의해 상호 통신하도록 구성되되, 건물 내 비상 상황이 발생된 것으로 판단되면 제1 통신부를 이루는 신호 라인들의 단선을 감지하여 신호 라인들이 단선된 것으로 판단되면 제2 통신부에 의해 상호 통신이 이루어지도록 구성될 수 있다.",G08B27/00;G08B29/02;G08B7/06;H04N7/18,G08B27/00;G08B29/02;G08B7/06;H04N7/18,DICON CO LTD,20210722,2021,KR,1,True,True,True
84041138,KR-102462453-B1,Indicator device for guiding evacuation,화재 또는 비상시에 안전하게 피난할 수 있는 기능성 피난구 유도지시장치,"The present invention relates to an evacuation guide indicating device capable of indicating an escape route in case of fire and emergency. An objective of the present invention is to provide a functional evacuation guide indicating device that can be installed to protrude from an installation wall at a crossing part, has excellent brightness in case of fire, forms an indicator light, and makes it easy to evacuate by displaying text and evacuation instruction display with voice and laser beam to indicate a doorway or an emergency exit in case of fire. The evacuation exit guide indicating light for indicating a guide sign that can enable people to escape in case of fire or emergency comprises: a main body part; an upper plate support frame having a guide rail groove capable of fixing a display panel on the upper part of the main body part; a lower plate support frame having a guide rail groove capable of fixing a display panel at the lower part of the main body part; a control unit controlling a power supply unit of an external power source or/and an internal rechargeable battery unit; an LED lamp providing light with the power source; a speaker providing notification of an announcement and an emergency state; and a wall fixing plate with a hook for fixing to a wall or pillar. The present invention has the effect of providing an efficient guide during emergency evacuation and evacuation to an evacuation exit. In addition, the present invention prioritizes evacuation in case of fire or emergency. In particular, the present invention is a very useful invention that provides a voice service that can guide people by voice when it is difficult to secure a visual field due to smoke, such as a blind person.","본 발명은 화재시 비상시에 탈출경로를 알려주도록 한 피난유도지시장치에 관한 것으로 교차하는 부분에 설치 벽면으로부터 돌출되도록 설치할 수 있으면서 화재시에 휘도도 뛰어나 유도등의 형성하고, 화재시에 출입구나 비상구를 알리는 음성과, 레이저빔으로 문자, 피난지시표시를 나타나게 하여 대피가 용이하도록 한 기능성 피난유도 지시장치를 얻기 위한 것이 바, 화재 또는 비상시 탈출할 수 있는 안내표시가 나타내도록 한 피난구 유도지시등에 있어서, 본체부; 상기 본체부의 상부에는 표시판을 고정할 수 있는 가이드레일홈이 형성된 상판지지프레임; 상기 본체부의 하부에는 표시판을 고정할 수 있는 가이드레일홈이 형성된 하판지지프레임; 상기 외부전원의 전원공급부 또는/및 내부충전지부를 제어하는 제어부; 상기 전원으로 불빛을 제공하는 엘이디램프; 상기 안내멘트와 비상상태의 알림을 제공하는 스피커; 상기 벽체 또는 기둥에 고정하기 위한 걸이구가 형성된 벽체고정판;으로 이루어짐으로 서, 비상탈출과 피난구로 대피시에 효율적을 안내가 이루어지는 효과가 있으며, 또한, 화재시, 비상상태 등에서 피난을 최우선적으로 하도록 하고, 특히, 시각장애인 등, 연기로 인한 시야 확보가 어려운 경우에 음성으로 안내해줄 수 있는 음성서비스를 제공하는 매우 유용한 발명인 것이다.",F21V33/0064;G08B3/10;G08B5/22;G08B7/066;H01S3/0007,F21V33/00;G08B3/10;G08B5/22;G08B7/06;H01S3/00,TAEHANBANGJA SOLUTION CO LTD,20220224,2022,KR,1,True,True,True
84157276,CN-115402910-A,Elevator with a movable elevator car,,"An elevator, which can operate a two-layer cage in a single shaft, or operate a plurality of single-layer cages in a single-layer and multi-layer mixed mode, can improve the transport capacity by times. The uppermost car of the central hoisting structure bears overweight and is changed into a hoisting structure on two sides. Hoisting structure wire ropes on two sides of the lift car interfere with each other, and a structure that the diameter of a lift car pulley is increased from top to bottom is adopted. Half-landing parking mode: the passengers at the floor openings can select two half-floor stations to take the elevator, one car can serve two floors, the passengers automatically balance the load of the cars, the parking time of the elevator is shortened, and the operation efficiency of the elevator is improved. The stairs are changed into ramps, so that the wheelchair can safely and quickly ride the stairs and is convenient for emergency evacuation, and the wheelchair can be pushed to the top layer from one layer. The floor mouth sets up button panel and tally function and control system data correction function, can &#34;judge that the passenger goes to, selects the car, dredge passenger flow, reduces the car number of times of operation, shortens passenger latency and takes advantage of the terraced time&#34;, improves the single well transport capacity, satisfies emergent needs during the epidemic situation.",,B66B1/06;B66B1/3476;B66B11/02;B66B5/00;B66B9/00,B66B1/06;B66B1/34;B66B11/02;B66B5/00;B66B9/00,ZHAO SHIXING,20220614,2022,CN,1,False,True,False
84622240,CN-218165502-U,Fire-fighting evacuation wheelchair combined bed,,"The utility model discloses an evacuation wheelchair combination bed of fire control, including the waist backup pad, the one end swing joint of waist backup pad has the bearing seat, horizontal track is installed to the bottom of bearing seat, vertical track is installed to the bottom of horizontal track one end, the wheelchair frame is installed to the bottom of the horizontal track other end, a supporting bench is installed to the bottom of vertical track and wheelchair frame, the support column is installed to the bottom of supporting bench, swing joint has the bearing bar between two sets of support columns, the utility model discloses an install star type wheelset, the wheel that promotes the star type wheelset of wheelchair below rotates, drives the wheelchair displacement, and when stair or stair down, the bearing bar rotates three groups of fourth connecting rods that drive the outside and rotates, and the star type wheelset of three groups fourth connecting rod one end follows to rotate, and the wheel on the star type wheelset is taken on the step, conveniently promotes the combination bed at stair removal, can be nimble removal on stair at medical personnel.",,,A61G1/017;A61G1/02;A61G1/04,LIU CHENYANG;TANG HONGTAO,20220908,2022,CN,1,True,True,False
84945709,CN-115637823-A,Old and young buffering passageway based on architectural design,,"The invention discloses a building design-based old and young buffer channel, and relates to the technical field of escape channels; the device comprises a supporting bottom plate, wherein L-shaped pedals distributed in an array manner are fixedly arranged on the supporting bottom plate, one side of the supporting bottom plate is fixedly connected with a first side plate, the top end of the first side plate is detachably provided with a protection mechanism, one side of the supporting bottom plate far away from the first side plate is fixedly connected with a second side plate, and one side of the second side plate close to the first side plate is provided with an installation sinking groove; under the coordination action of the buffer mechanism and the auxiliary mechanism, the buffer sliding plate can be quickly rotated to the parallel state to be provided for old people or children to slide off from a high position in case of fire and other dangerous situations, and the old people or children can be quickly pushed down from the buffer sliding plate through a wheelchair or a baby carriage, so that the evacuation efficiency of the old people or children is effectively improved, and the safety and the convenience of the old people or children in emergency evacuation are guaranteed.",,,E04F11/00;E04F11/02;E04F11/18,UNIV KAILI,20221019,2022,CN,1,False,True,False
85229343,US-2023053701-A1,Systems and methods for providing real-time tracking services,,"Systems and methods herein provide real-time tracking services regarding individuals (e.g., school children) being transported from origin to destination. Host servers may selectively assign each individual to respective ones of the transports based on input from caregiver-specific user interfaces, and generate an expected group of individuals for transport to each respective driver via transport driver-specific interfaces. Each individual is identified upon boarding a respective transport vehicle, at least in part by capturing identification data from a QR dot associated with the individual via a verification device associated with the transport vehicle. If at least one individual is unexpectedly aboard/ not aboard a specified one of the transport vehicles, an intervention alert is generated to the associated caregiver(s) and/or transport driver interfaces substantially in real time. In an embodiment, all relevant parties accordingly can confirm whether a child has boarded the correct bus, gotten off the bus, and at what location.",,G06Q10/063;G06Q50/265;G06Q50/40;G07C9/00563;G07C9/37;G07C9/38,G06K19/06;G06Q50/22;G06Q50/26;G06Q50/30;G06Q50/40;G07C9/00;G08B21/02;H04W4/029,SAFEPOINT LLC;THE SAFE DOT LLC,20210820,2022,CN;EP;US;WO,4,False,False,True
85255865,CN-115719178-A,Geological disaster identification and evolution intelligent perception early warning system and method,,"The invention discloses a geological disaster identification and evolution intelligent perception early warning system and a method, belonging to the field of geological disaster monitoring early warning, wherein the intelligent perception early warning system comprises a monitoring perception subsystem, a disaster discrimination subsystem, an intelligent early warning subsystem and an AI disaster relief subsystem, and can realize data information acquisition, preprocessing, storage and transmission of three levels of sky-ground, perform intelligent simulation analysis on data to obtain a risk assessment quantitative index system and risk grade, construct a real-time early warning model according to the risk assessment quantitative index system and the risk grade to obtain a corresponding early warning threshold value, and divide early warning risk grades to perform early warning information push of different grades; and carrying out disaster condition blind estimation intelligent pre-judgment, emergency life line intelligent optimization and intelligent driving robot assisted evacuation according to the early warning information. The intelligent sensing and monitoring system can realize intelligent sensing and monitoring of the geological disaster, and carry out intelligent judgment, identification and early warning on the formation and evolution mechanism of the geological disaster, and carry out intelligent evacuation and rescue in the technical modes of AI artificial intelligence, internet of things and the like.",,,G06F30/10;G06F30/20;G06Q10/04;G06Q10/0635;G06Q10/0639;G06Q50/26;G08B21/10;G08B21/18;G08B25/08;G08B7/06,UNIV NORTHWESTERN,20221117,2022,CN,1,False,True,True
85386721,US-12157498-B2,Assistance from autonomous vehicle during emergencies,,"An approach for assisting users with disabilities in an emergency situation relating to a vehicle is disclosed. The approach determines the profile of the passenger in a vehicle by noting preferences and disabilities associated with the passenger. After a vehicle accident, the approach determines the condition of the vehicle and the condition of the passenger. Based on various information received, the approach creates an action list of solutions for the passenger, wherein the action list has assigned dynamic risk scores. The approach determines the best solution based on the risk scores and selects the best solution from the action list.",,B60W2030/082;B60W2040/0818;B60W2040/0872;B60W2540/22;B60W2540/221;B60W30/08;B60W40/08;B60W40/12;B60W50/0205;B60W50/14;B60W60/0016;G07C5/0808,B60W30/08;B60W40/08;B60W40/12;B60W50/02;B60W50/14;B60W60/00;G07C5/08,IBM,20210908,2021,US,2,True,True,False
85653435,CN-115853335-B,Earthquake-resistant shelter suitable for old and young in building,,"The invention discloses an earthquake-resistant shelter suitable for old and young in a building, belongs to the technical field of suitable space design and disaster prevention and reduction of residential buildings, and solves the problem that the conventional earthquake emergency escape device or method is not suitable for old people and infant groups in the prior art. The anti-seismic shelter comprises a main body frame, a bottom plate, a buffer net and a protection plate, wherein the bottom plate is arranged on the bottom surface of the main body frame, the buffer net is arranged on the top surface of the main body frame, the protection plate is arranged on the side surface of the main body frame, and at least one side surface of the main body frame is provided with an inlet; in the earthquake, the buffer net, the protection plate and the entrance are taken as escape exits; when the earthquake is not an earthquake, the earthquake-resistant shelter is used as a disaster prevention and reduction science popularization platform, and when the earthquake is an earthquake, the earthquake-resistant shelter is used as a safe refuge space. The invention can be used for the avoidance of the elderly and infants in earthquake.",,,E04B1/94;E04B1/98;E04F11/18;E04H9/02,,20221227,2022,CN,1,True,True,False
85917995,KR-20230046585-A,"In-flight adaptation and emergency evacuation training with 4D,VR","4d,vr을 이용한 기내 적응 및 비상대피훈련","The present invention relates to in-flight adaptation and emergency evacuation training using 4D and VR, which enables a program operator to proceed smoothly by operating an in-flight adaptation experience and emergency evacuation training reception site (DB server), enables a motion detection and tracking unit to measure the completion of a program of experiencers, enables a control unit to perform normal operation on the program, enables a video output unit to allow participants to check the program through VR and 4D screens, and enables a simulator DB server to convert a data format into a form that can be recognized by a VR engine. According to the present invention, provided is an effect of solving the problem that people with transportation disabilities, such as physically disabled people or children, have difficulties to understand and adapt to actual situations.","본 발명은 4D,VR을 이용한 기내 적응 및 비상대피훈련에 관한 것으로서 기내 적응체험 및 비상대피 훈련 접수 사이트 운영(DB서버)에 의하여 프로그램 운영자가 원활한 진행을 할 수 있게 하고, 동작감지 및 추적부에 의하여 체험자들의 프로그램 이수도를 측정할 수 있게 하고, 제어부에 의하여 프로그램의 정상적 운영을 위해 하고, 영상 출력부에 의하여 프로그램의 VR과 4D 화면을 통해 참여자가 확인할 수 있게 하고, 시뮬레이터 DB 서버에 의하여 VR 엔진 인식 가능한 형태로 데이터 포멧을 변환할 수 있게 하고, 훈련결과 DB 서버에 의하여 DB에 저장된 훈련결과 데이터를 정리할 수 있게 하고, 데이터 수집부에 의하여 프로그램의 체험자들의 이수도, 개인별 성공률 등을 종합적으로 평가할 수 있게 하고, 시나리오 작성부에 의하여 체험자의 성향과 재난의 유형에 따라 프로그램을 선택할 수 있게 하고, 시뮬레이션 결과 분석부에 의하여 체험자의 프로그램 이수도가 떨어지는 부분을 잡아내고 나은 상황을 설정할 수 있게  함으로써 지체 장애인이나 어린이와 같은 교통 약자들이 이해하고 실제상황에 적용하기 어려운 문제점을 해소하도록 함으로써 기존의 지체 장애인이나 어린이와 같은 교통 약자들이 이해하고 실제상황에 적용하기 어려운 문제점을 해소 하도록 한 것이다. 즉 본 발명은, 기내 비상 대피 훈련 에 있어서 기내 난기류 상황을 미리 체험하고 학습할 수 있게 난기류와 같은 강도의 흔들림을 재연한 4D장치, 좀 더 실감나게 기내 상황을 체험하고 교통약자들이 실제 기내에 탑승 했을 때 빠르게 적응 할 수 있게 기내 탑승 순서와 상황을 시뮬레이션한 영상을 제작하여 장치와 연결한 VR장치, 프로그램 운영자가 원활한 진행을 할 수 있게 주최사 사이트에서 &#39;신청-신청자 정보 수집-프로그램 참여 및 완수-기내 적응체험 및 비상대피교육이수증 발급&#39; 절차를 밟는한 기내 적응체험 및 비상대피 훈련 접수 사이트 운영(DB서버), 체험차들이 본 프로그램을 각종 응급 훈련 키트 등으로 참여할 수 있게  안전 구조물, 필요 물품 등이 구비해  형성한 훈련장, 체험자들의 프로그램 이수도를 측정할 수 있게 센서를 구비하고, 사용자의 신체동작을 감지하RH 상기 동작감지부에서 감지된 동작을 추적한 동작감지 및 추적부, 프로그램의 정상적 운영을 위해 상기 동작추적부에서 추적된 동작의 좌표 값을 산출하고 ,상기 제어부에서 좌표 값이 산출되지 않는 동작을 간소화한 동작과 매칭시켜 동작 데이터로 저장하고, 상기 동작추적부에 의해 추적된 상기 간소화된 동작을 상기 좌표 값이 산출되지 않는 동작으로 변환한 제어부, 프로그램의 VR과 4D 화면을 통해 참여자가 확인할 수 있게 훈련 컨텐츠와 상기 제어부에서 산출된 좌표 값과 상기 매칭부에서 전송된 동작 데이터를 영상 객체로 출력한 영상 출력부, VR 엔진 인식 가능한 형태로 데이터 포멧을 변환할 수 있게 해석 모델 및 지배 방정식을 선정하여 해석 결과를 도출한 시뮬레이터 DB 서버, DB에 저장된 훈련결과 데이터를 정리할 수 있게 각 회원별 개인정보와 상황을 파악하여 저장한 훈련결과 DB 서버, 프로그램의 체험자들의 이수도, 개인별 성공률 등을 종합적으로 평가할 수 있게 데이터를 수집하고 보관해 프로그램의 원활한 운영을 일끌어내도록한 데이터 수집부, 체험자의 성향과 재난의 유형에 따라 프로그램을 선택할 수 있게 가상현실 기반의 화재 대피 시뮬레이션 장치는 건물 정보, 요구조자(체험자) 정보를 포함을 활용해 상기 수집된 데이터에 기초하여 화재 및 대피 시나리오를 작성한 시나리오 작성부, 체험자의 프로그램 이수도가 떨어지는 부분을 잡아내고 나은 상황을 설정할 수 있게  대피 시뮬레이션을 실행하여 건물에서 화재가 발생하고 요구조자(체험자)가 대피하는 가상현실 영상을 제공해  반복훈련까지 연결한 시뮬레이션 결과 분석부, 인식하기 어려운 동작을 특정 간단한 동작과 매칭하여 영상 개체의 출력을 원활히 진행할 수 있게  훈련 중에 발생하는 오류를 최소화할 수 있는 효과한 카메라로 구성한 것이다. 따라서, 본 발명은 기내 적응체험 및 비상대피 훈련 접수 사이트 운영(DB서버)에 의하여 프로그램 운영자가 원활한 진행을 할 수 있게 하고, 동작감지 및 추적부에 의하여 체험자들의 프로그램 이수도를 측정할 수 있게 하고, 제어부에 의하여 프로그램의 정상적 운영을 위해 하고, 영상 출력부에 의하여 프로그램의 VR과 4D 화면을 통해 참여자가 확인할 수 있게 하고, 시뮬레이터 DB 서버에 의하여 VR 엔진 인식 가능한 형태로 데이터 포멧을 변환할 수 있게 하고, 훈련결과 DB 서버에 의하여 DB에 저장된 훈련결과 데이터를 정리할 수 있게 하고, 데이터 수집부에 의하여 프로그램의 체험자들의 이수도, 개인별 성공률 등을 종합적으로 평가할 수 있게 하고, 시나리오 작성부에 의하여 체험자의 성향과 재난의 유형에 따라 프로그램을 선택할 수 있게 하고, 시뮬레이션 결과 분석부에 의하여 체험자의 프로그램 이수도가 떨어지는 부분을 잡아내고 나은 상황을 설정할 수 있게  함으로써 지체 장애인이나 어린이와 같은 교통 약자들이 이해하고 실제상황에 적용하기 어려운 문제점을 해소하도록 함으로써 기존의 지체 장애인이나 어린이와 같은 교통 약자들이 이해하고 실제상황에 적용하기 어려운 문제점을 해소하도록 한 효과를 갖는 것이다.",A62C99/0081;G06Q50/20;G06T19/003;G09B9/00,A62C99/00;G06Q50/20;G06T19/00;G09B9/00,LEE JAE YEON,20210930,2021,KR,1,False,True,False
85929053,KR-20230044895-A,Method and apparatus for providing evacuation simulation of buildings,건물의 대피 시뮬레이션 제공 방법 및 장치,"The present invention relates to a method for providing an evacuation simulation of a building, which comprises the steps of: obtaining building data related to the structure of a building; obtaining types of non-disabled and disabled people present in the building, and determining occupant data related to behavioral attributes of the disabled and non-disabled people; performing an evacuation simulation for a disaster situation based on the building data and the occupant data; and outputting the results of the simulation on a display screen.","본 발명은, 건물의 대피 시뮬레이션 제공 방법에 관한 것으로서, 상기 방법은, 건물의 구조와 관련된 건물 데이터를 획득하는 단계, 상기 건물에 존재하는 비장애인 및 장애인 유형을 획득하고, 상기 장애인 및 비장애인의 행동 속성과 관련된 재실자 데이터를 결정하는 단계, 상기 건물 데이터 및 상기 재실자 데이터를 기초로 재난 상황에 대한 대피 시뮬레이션을 수행하는 단계 및 상기 시뮬레이션의 결과를 디스플레이 화면에 출력하는 단계를 포함하도록 구성된다.",A62C99/0081;G08B17/00;G09B9/00,A62C99/00;G08B17/00;G09B9/00,KOREA INSTITUTE OF BUILDING ENERGY TECH,20210927,2021,KR,2,True,True,False
86183503,CN-116071211-A,Accurate matching method for people evacuation personnel placement,,"The utility model discloses a precise matching method for people-air-defense evacuation personnel arrangement, which comprises the following steps of S1, establishing a people-air-defense masking engineering information acquisition database in a server, and acquiring people-air-defense masking engineering information; s2, issuing a civil air defense warning evacuation instruction to a server; s3, a management and control platform is arranged in the management and control platform, a civil air defense masking project data acquisition library is built in a server, the management and control platform is arranged, information pushing permission of a mobile terminal in a region needing evacuation is forcedly obtained, and a civil air defense warning evacuation instruction is forcedly pushed, so that people can be evacuated orderly, people are prevented from leading to the civil air defense masking project independently, the priority of entering the civil air defense masking project and the priority of entering the civil air defense masking project are displayed in real time according to the personnel status, old, weak, sick and disabled people are limited to enter the nearest civil air defense masking project, a management and control area model is arranged in the management and control platform, and accident occurrence points on the model plot the gas diffusion range obtained according to meteorological data and diffusion gas data.",,G06F16/29;G06F16/9537;G06F16/9538;G06F21/31;G06Q50/265;G08B21/10,G06F16/29;G06F16/9537;G06F16/9538;G06F21/31;G06Q50/26;G08B21/10,CHENGDU SIXIANXING TECH CO LTD,20230214,2023,CN,1,False,True,True
86381229,KR-102529583-B1,Evacuation slides for wheelchair usersn,휠체어 탑승이 가능한 피난용 슬라이드,"In accordance with the present invention, in order to enable both a general pedestrian and an elderly person to use a slide by their own efforts, and, in particular, control an angle and speed such that a wheelchair can be slid in a stable posture, and minimize essential attachment components for a wheelchair, thereby improving use quality, provided is an evacuation slide for a wheelchair including: a slide mechanism including an inlet located in an upper part, an outlet located in a lower part at a distance from the inlet, and a slide body connecting the inlet with the outlet and having an inclined shape; and a driving mechanism provided in the slide body, allowing an end of a guide support rod provided on a wheelchair to be fitted and coupled, and leading the guide support rod to be moved from the inlet toward the outlet.","본 발명은, 일반 보행자 및 노약자 모두가 이용 가능함과 더불어, 자력으로 이용할 수 있고, 특히, 휠체어가 안정적인 자세로 활강하기 위해 각도와 속도를 제어하도록 되며, 휠체어에 대한 필수적인 보조부착물의 구성을 최소화하도록 되어, 사용품질이 향상되도록; 
상부에 위치하는 진입구와, 상기 진입구와 간격을 가지면서 하부에 위치하는 퇴출구와, 상기 진입구와 상기 퇴출구를 연결하며 경사진 슬라이드몸체를 구비하는 슬라이드장치와; 상기 슬라이드몸체에 구비되며 휠체어에 구비된 안내지지봉의 종단이 끼움결속되며 상기 안내지지봉을 상기 진입구에서 상기 퇴출구측 방향으로 이동운동시키도록 된 구동장치;를 포함하는 휠체어 탑승이 가능한 피난용 슬라이드를 제공한다.",A62B1/20;B66B21/04,A62B1/20;B66B21/04,SPACE ENG INC,20220812,2022,KR;WO,2,True,True,False
86498824,US-2023186209-A1,"Systems and methods to define, rebalance, and repurpose a fleet of vehicles",,"Example embodiments described in this disclosure are generally directed to systems and methods for defining and operating a fleet of vehicles. In a first example method, a processor may evaluate a personal attribute of an individual such as, for example, an age of the individual (65+, under 65, infant, etc.) and/or a physical disability (requiring a wheelchair, for example). The processor selects a shared mobility service model that is defined, at least in part, on the basis of the personal attribute of the individual, and then applies the shared mobility service model to identify a first vehicle (having a wheelchair ramp, an infant seat, etc.). The identified vehicle is then assigned to provide service to the individual. In a second example method, a processor may evaluate a demography of a service area (various age groups, various physical disabilities, etc.) and generate a shared mobility service model based on the demography.",,G06Q10/0283;G06Q10/04;G06Q10/06315;G06Q50/40,G06Q10/04;G06Q10/06;G06Q10/0631;G06Q50/30,FORD GLOBAL TECH LLC,20211210,2021,CN;US,2,False,False,True
86543564,KR-20230075596-A,Shelter Information Visualization System and Method of Operation for Response to Heat Wave and Cold Wave Disaster,"폭염, 한파 재난 대응을 위한 쉼터 정보 시각화 시스템 및 이의 구동방법","According to the present invention, a shelter information visualization system for responding to heat wave and cold wave disasters comprises: an area selection unit selecting, in detail, areas from cities, counties, and districts to eups, myeons, and dongs; a map display unit displaying, on a map, the areas selected by the area selection unit and shelters located in the vicinity; a shelter location display unit enabling users to select desired shelters in the map display unit and read detailed information; a shelter information unit datafying all shelter information in the areas selected by the map display unit and delivering information and analysis graphs to the users; and a dangerous area display unit displaying, on the map display unit, dangerous areas with a relatively high risk of heat waves or cold waves, based on the risk of heat waves or cold waves analyzed through artificial intelligence, and data on vulnerable groups in the areas and shelters in the areas. Therefore, the users can easily check regional shelter information for natural disasters such as heat waves and cold waves.","본 발명에 따른 폭염, 한파 재난 대응을 위한 쉼터 정보 시각화 시스템은 시, 군, 구에서 읍, 면, 동까지 상세하게 지역을 선택하는 지역선택부와, 상기 지역선택부에서 선택된 지역 및 주변에 위치한 쉼터를 지도에 표시하는 지도표시부와, 상기 지도표시부에서 사용자가 원하는 쉼터를 선택하여 상세정보를 열람하는 쉼터위치표시부와, 상기 지도표시부에서 선택된 지역 내의 전체 쉼터 정보를 데이터화하여 정보제공 및 분석 그래프를 사용자에게 전달하는 쉼터정보부와, 인공지능을 통해 분석된 폭염 또는 한파 위험도, 지역 내 취약계층 및 지역 내 쉼터 데이터를 기반으로 상기 지도표시부에 폭염 또는 한파 위험도가 상대적으로 높은 지역을 위험하다고 표시하는 위험지역 표시부를 구비할 수 있다.",G06N3/02;G06Q50/22;G06Q50/26;G09B29/007,G06N3/02;G06Q50/22;G06Q50/26,ENGSOFT,20211123,2021,KR,2,True,True,False
86544389,KR-20230071660-A,A fire evacuation aid case,화재 대피 보조용 케이스,"The present invention relates to a case for assisting fire evacuation, which is provided indoors out of public places and can be opened in an event of a fire to provide an evacuee with an evacuation assistance device such as a built-in mask. More specifically, the case for assisting the fire evacuation of the present invention is located on a movement path of the evacuee, but does not have an excessive installation area, so installation and storage can be performed without difficulty. Additionally, in the event of the fire, opening can be done automatically or manually, and the evacuation assistance device such as the built-in mask can be provided to the evacuee. The case for assisting the fire evacuation comprises: a case frame (100); the evacuation assistance device; a fire sensor (200); and a control unit (300).","본 발명은 공공장소 중 실내에 구비되어 화재 발생시 개방되어 내장된 마스크 등 대피보조기구를 대피자에게 제공할 수 있는 화재 대피 보조용 케이스에 관한 것으로, 보다 상세하게는 대피자의 이동경로상에 위치하되 과도한 설치면적을 가지지않아 설치 및 보관에 어려움을 가지지 않으며, 화재 발생시 자동 또는 수동으로 개방될 수 있고, 내장된 마스크 등 대피보조기구가 대피자에게 제공될 수 있는 화재 대피 보조용 케이스에 관한 것이다.",A62B25/00;A62B3/00;A62B7/10;A62B7/12;E05F15/70;E05F15/72;E05Y2800/252;G09F19/22;G09F2019/225,A62B25/00;A62B3/00;A62B7/10;A62B7/12;E05F15/70;G09F19/22,SUNIL EDUCATION FOUND,20211116,2021,KR,1,False,True,False
87157472,KR-20230097578-A,Notification device for disaster situation for the hearing impaired,청각장애인용 재난상황별 알림 장치,"The present invention relates to a notification device for each disaster situation for the hearing impaired. The notification device includes: a sensor which is mounted on an indoor fire hydrant and transmits a signal; a wearable band which is worn on a wrist of the hearing impaired and receives signals from the sensor to recognize disaster situations. The present invention installs a vibration detection sensor on the indoor fire hydrant, so that when a disaster such as an earthquake occurs, a wearable band worn on the wrist of the hearing impaired can quickly recognize the disaster and evacuate, thereby preventing safety accidents in advance.","본발명은 청각장애인용 재난상황별 알림 장치에 관한 것으로,실내 소화전에 장착되어 신호를 전송하는 센서; 
청각장애인의 팔목에 착용되며 센서로부터 신호를 전송받아 재난상황을 인지하게 하는 웨어러블밴드;로 구성되는 것으로, 
본발명은 실내소화전에 진동감지센서를 설치하여 지진등의 재난이 발생한 경우 청각장애인의 팔목에 채워진 웨어러블밴드에 의해 신속하게 재난을 알게 되어 대피하게 하여 안전사고를 미리 예방할 수 있는 현저한 효과가 있다.",A62C35/20;G01H17/00;G08B6/00;H04W4/38;H04W4/90,A62C35/20;G01H17/00;G08B6/00;H04W4/38;H04W4/90,UNIV INJE IND ACAD COOP FOUND,20211224,2021,KR,2,True,True,True
87433240,KR-20230112238-A,Functional evacuation guidance map equipped with the internet of things,사물인터넷 기능을 겸비한 기능성 피난안내도,"The present invention relates to an evacuation guide map, comprising: a guide map (10) attached to a conspicuous place; an evacuation route unit (20) that informs evacuees of the evacuation route using lights such as electroluminescence (EL) and LED so that they can appropriately select the direction of the evacuation route toward a safe emergency exit to avoid the fire ignition point on the guide map; a detection means (30) provided with a sensor unit to detect the fire ignition point in conjunction with the evacuation route unit on the guide map; a warning means (40) such as a speaker and a subtitle display board that provides information in the form of a notification alarm or text to warn evacuees of a fire outbreak on the guide map; and an information confirmation means (50) that communicates with a terminal (B) and a fire department management office (C) and enables real-time guidance on evacuation routes or improvement of malfunctions and errors. According to the present invention, in the event of a fire, secondary accidents are prevented by guiding residents in the building to avoid the point of fire and clearly guiding them to choose an evacuation route. Rapid detection of a fire outbreak and a flashing warning message to evacuees effectively inform normal people and the disabled of the fire evacuation route, enabling rapid evacuation. The present invention also has the effect of allowing a manager to communicate information on the evacuation guide map in real time through individual terminals such as mobile phones, so that the evacuation guide map operates properly and emergency calls are also possible, so that when a dangerous event occurs at night, an emergency call to a fire station, etc., is possible.","본 발명은 피난안내도에 관한 구성으로서, 피난안내도를 형성함에 있어서: 눈에 띄는 장소에 부착되는 안내도(10); 안내도에 화재발화점을 피해 안전한 비상구로 향하는 대피경로 방향을 적절히 선택할 수 있도록 EL(Electroluminescence) 및 LED 등의 불빛을 이용하여 피난자들에게 대피경로를 알려주는 피난경로부(20); 안내도에 피난경로부와 연동하여 화재발화점을 감지하게끔 센서부를 구비하는 감지수단(30); 안내도에서 대피자에게 화재발생을 경고하게끔 통고알람 · 글자 등의 형태로 알려주는 스피커와 자막표시판 등의 경고수단(40) 및 단말기(B)와 소방서버관리처(C)와의 교신과 함께 실시간 형태로 대피경로를 안내받거나 오작동 및 오류개선 등이 가능하게끔 하는 정보확인수단(50)을 포함함을 특징으로 한다. 
이러한 본 발명에 따르면, 화재발생 시 건물 내 상주인들에게 화재발생지점을 피하도록 하면서도 대피경로를 명확하게 택일토록 안내하여 2차 사고를 예방하는 한편, 화재발생의 빠른 감지와 함께 대피자들에게 번쩍거리는 경고문 등으로 정상인과 장애인에게 화재피난 경로를 효율적으로 알려줌으로써 신속한 대피가 가능함은 물론, 피난안내도의 정보를 관리자가 휴대폰 등의 개별단말기를 통해 실시간 교신하여 해당 피난안내도가 제대로 작동되고 비상호출도 가능하여 야간에 위험한 일이 발생할 시 소방서 등으로의 비상호출이 가능토록 한 효과를 제공한다.",G08B25/12;G08B7/062;G09F19/22;G09F2019/225,G08B25/12;G08B7/06;G09F19/22,CHO HYUN JUN;JUNG MYUNG WON,20220120,2022,KR,1,False,True,True
87603628,CN-116588022-A,Vehicle-mounted disaster emergency system and automobile,,"The invention discloses a vehicle-mounted disaster emergency system and an automobile, wherein the vehicle-mounted disaster emergency system can receive disaster warning information through the arrangement of a communication module, so that the existence or imminence of disasters such as earthquake can be perceived; by arranging the alarm module, people such as car owners and the like can be timely reminded of keeping in mind the disaster or the possibility of the disaster, so that evacuation behaviors can be timely made; through setting up processing module, can control on-vehicle functional unit and get into standby state in advance, when personnel such as car owner need use car to refuge because of the calamity influence, can operate on-vehicle functional unit that has got into standby state in advance as early as possible to under the circumstances such as personnel panic is spent or even is disabled, reduce the operation such as start on-vehicle functional unit that need make for using the car, thereby be favorable to personnel such as car owner to control the car as early as possible, strive for valuable refuge time, be favorable to protecting the security of lives and property when the calamity takes place. The invention is widely applied to the technical field of automobiles.",,B60R2021/0104;B60R21/01;B60R21/01512;G08B21/10,B60R21/01;B60R21/015;G08B21/10,GUANGQI HONDA AUTOMOBILE CO;GUANGZHOU HONDA RES & DEVELOPMENT CO LTD,20230423,2023,CN,1,False,True,True
87711330,CN-116657958-A,Five-generation residential building structure,,"The invention discloses a five-generation residential building structure, wherein the standard floor plane structure of a residential unit is in multi-level annular arrangement, namely, evacuation stairs are taken as cores, fireproof isolation belts are connected to the periphery of the residential unit, elevators are respectively distributed and arranged in the fireproof isolation belts, the periphery of the fireproof isolation belts is connected with a house type, the fireproof isolation belts are outdoor spaces with at least one direction of natural convection ventilation, and the fireproof isolation belts of the floor plane of at least one residential unit are communicated with all evacuation stair inlets and all elevator inlets in a closed loop manner or are respectively communicated with two evacuation stair inlets and two elevator inlets in two arc manners. The invention ensures that the evacuation stairs and the elevator entrance are safer and more reliable, the fireproof and smoke-discharging capability is greatly improved, and the safety and the reliability of escape channels and transportation hubs are ensured, and the risks brought to resident escape and fire rescue due to the potential safety hazard that fire smoke enters each public area or fire-fighting facilities are aged and disabled are avoided.",,A62C3/0214;E04B1/941;E04F17/00;E04H1/04;F24F2007/004;F24F7/00,A62C3/02;E04B1/94;E04F17/00;E04H1/04;F24F7/00,GUIZHOU JIEYING TECH DEVELOPMENT CO LTD,20230601,2023,CN,1,False,True,False
87936415,WO-2023170894-A1,"Evacuation assistance system, evacuation assistance device, evacuation assistance method, and non-transitory computer-readable medium",,"The evacuation assistance system (1001) according to the present disclosure comprises an acquisition unit (1), an evacuation route generation unit (2), and a notification unit (3). The acquisition unit (1) acquires location information of an evacuation source and congestion information of candidate evacuation destinations. The evacuation route generation unit (2) determines an evacuation destination on the basis of the congestion information, and generates an evacuation route from the evacuation source to the determined evacuation destination. The notification unit (3) reports the generated evacuation route.",,G01C21/206;G01C21/34;G01C21/3461;G06V20/54;G08B27/00,G08B27/00,NEC CORP,20220310,2022,WO,1,False,True,True
88507819,KR-20230146277-A,Emergency delivery system and its method,비상시 외부저장장치의 영상송출시스템과 그 것의 제어방법,"The present invention relates to a video transmission system of an external storage device in case of emergency and a control method thereof which deliver information on emergency situations and evacuation information guidance in real time by high-definition video also with sound in a realism manner to not only the general public but also foreigners and hearing-impaired people through a TV in public buildings, public places or the like so as to raise awareness and simultaneously minimize casualties caused by disasters. The system switches to an emergency broadcast in case of emergency while transmitting a general broadcast to perform transmission by using data from an external storage device.","본 발명은 공공건물이나 공공장소 등에서 일반인뿐만 아니라 외국인이나 청각장애인에게 TV를 통하여 음향과 함께 고화질 영상으로 비상상황에 대한 정보와 대피정보안내 등을 실시간으로 현장감 있게 전달함으로써, 경각심을 일으키는 동시에 재해 및 재난으로 인한 인명 사고를 최소화할 수 있는 것으로, 
일반적인 방송을 송출하다 비상시에 비상방송으로 전환하여 외부저장장치의 자료를 이용하여 송출하는 비상시 외부저장장치의 영상송출시스템과 그 것의 제어방법에 관한 것이다.",G08B21/10;G08B27/008;H04H20/40;H04H20/59;H04H20/72,G08B21/10;G08B27/00;H04H20/40;H04H20/59;H04H20/72,SAM IL INC;SEKISAT,20220412,2022,KR,1,False,True,True
88778029,CN-117087710-A,Full-width type electric emergency safety device for low-floor modern tram,,"The application relates to a railway vehicle emergency evacuation device, in particular to a low-floor modern tram full-width electric emergency safety device, which comprises: a fully open door leaf; sealing the door frame; a ramp retrieval mechanism; expanding the ramp; the control console is positioned at one side of the ramp recovery mechanism; and a moving ramp assembly disposed on a side of the console adjacent to the fully-opened door leaf, the moving ramp assembly comprising: the first plate body is provided with a bottom plate and a side plate, the first plate body is also provided with a rotating plate, and the top of the rotating plate is provided with a second mounting groove; and the guide assembly is arranged in the second mounting groove in a lifting manner. The application can evacuate passengers who walk inconveniently and the wheelchair can not deviate in the moving process by effectively utilizing the self structural configuration, and is suitable for the low-floor vehicle.",,,A61G3/06;B61D23/02,NINGBO CRRC RAIL TRANSIT EQUIPMENT CO LTD;NINGBO RAIL TRANSIT GROUP CO LTD,20230818,2023,CN,2,True,True,False
89124442,KR-20230163679-A,Evacuation route guidance system for the visually impaired,시각장애인을 위한 대피로 안내 시스템,"The present invention relates to an evacuation route guide system for the visually handicapped, capable of guiding the nonhandicapped as well as the visually handicapped to quickly evacuate the scene of a fire by providing a guide for an evacuation route in a building, and, in particular, applying a control force when a visually handicapped person is trying to walk to a fire occurrence spot, thereby guiding the visually handicapped person to safely evacuate to the other side of the fire occurrence spot. In accordance with the present invention, the evacuation route guide system for the visually handicapped includes: an entry/exit guide part installed on a wall, and having a plurality of protruding guide holes formed at regular intervals along a passage direction on a surface facing a passage; a guide part housed in each of the protruding guide holes, and, when rotated by a predetermined angle in a normal or reverse direction, having a predetermined area protruding to the outside of the protruding guide holes while forming a structure inclined to one side or the other side, guiding people in a direction for evacuation; and a rotation drive part installed in the entry/exit guide part, and rotating the guide part by a predetermined angle when receiving an emergency occurrence signal, wherein the guide part is rotated such that the guide part can guide the people to the other side of an emergency occurrence spot.","본 발명은 시각장애인을 위한 대피로 안내 시스템에 관한 것으로, 건축물의 내부에 대피로를 안내하는 가이드를 제공하여 일반인과 시각장애인 모두가 화재현장을 신속하게 대피하도록 가이드해줄 수 있고, 특히, 시각장애인이 화재발생지점으로 이동하려고 할 경우 억제력을 부여하여, 화재발생지점의 반대 방향으로 안전하게 대피하도록 가이드해줄 수 있도록 함을 목적으로 한다. 
본 발명에 따른 시각장애인을 위한 대피로 안내 시스템은, 벽체에 설치되며, 복도를 향하는 면에 다수개의 돌출가이드홀이 복도 방향을 따라 일정간격으로 형성된 인출입가이드부; 상기 돌출가이드홀에 각각 수용되며, 정방향 또는 역방향으로 소정각도로 회전될 시, 일측 또는 타측 방향으로 경사진 구조를 이루면서 일정영역이 상기 돌출가이드홀의 외부로 돌출되어 사람을 대피방향으로 가이드 할 수 있는 가이드부; 및 상기 인출입가이드부에 설치되고, 비상상황 발생신호를 수신할 시 상기 가이드부를 소정각도로 회전작동시키되, 상기 가이드부가 비상상황이 발생된 지점의 반대 방향으로 가이드할 수 있도록 회전작동 시키는 회전구동부를 포함한다.",G08B17/10;G08B7/02;G08B7/066,G08B17/10;G08B7/02;G08B7/06,YU JI SU,20220524,2022,KR,2,True,True,True
89309110,JP-2023181762-A,"Evacuation support device, evacuation support method, and evacuation support system",,"To provide an evacuation support device, method, and system for considering personal attributes of indoor persons in a building when a disaster occurs, so as to preferentially evacuate a supported person such as a disabled person requiring a support.SOLUTION: In an in-building evacuation support system for supporting evacuation of indoor persons inside a facility when a disaster occurs, an evacuation support device 100 comprises: an actual state identification section 2 for identifying a degree of the disaster related to the facility and identifying a state of the indoor persons; and an evacuation information calculation section 3 for originating origination information including a preferential guide for a supported person whose attribute is the supported person among the persons in a building to an information output section 4 being an information provision terminal for performing provision with respect to relevant parties related to the evacuation.SELECTED DRAWING: Figure 1",,,G08B17/00;G08B27/00,HITACHI BUILDING SYST CO LTD,20220613,2022,JP,1,False,True,True
89431316,WO-2024010897-A1,Information management system and method,,"A computer-implemented method, computer program product and computing system for: interfacing with a bedside monitoring device to receive data signals; automatically obtaining patient information from a medical record associated with a patient assigned to the bedside monitoring device; and providing the patient information to the bedside monitoring device. The patient information may include one or more of: a patient name, a patient demographic, a medical history, a.medication history, caregiver assignment history and patient assignment history. The medical record may include one or more of an EMR and an EHR. The data signals may concern one or more details of the bedside monitoring device and/or uses of the bedside monitoring device.",,A61B5/0002;A61B5/0022;A61B5/7221;A61B5/7267;A61B5/746;G06F11/3072;G06F11/327;G06F3/04842;G06Q10/063;G06Q10/06315;G06Q10/105;G08B29/02;G08B7/06;G16H10/60;G16H15/00;G16H40/20;G16H40/40;G16H40/63;G16H40/67;G16H50/20;G16H50/70;G16H80/00;H04L41/022,A61B5/00;G06F18/15;G16H40/67,CALMWAVE INC,20220707,2023,EP;WO,2,False,False,True
89473374,WO-2024133020-A1,Methods and systems for creating and scaling informal care networks,,"The present disclosure is directed to systems and methods of establishing a patient care network that enables high-quality and safe involvement of selected caregivers in the care of patients receiving virtual or at-home care. As described herein, the methods comprise: identifying a first informal care recipient; identifying an informal caregiver candidate based on caregiver information; assigning the informal caregiver candidate to the first informal care recipient; evaluating a performance of the informal caregiver candidate; determining a certification classification / information for the informal caregiver candidate; and creating and/or storing a caregiver record of the informal caregiver candidate in an informal care database.",,G06Q10/063112;G06Q10/06398;G16H10/60;G16H40/20;G16H40/67;G16H80/00,G06Q10/0631;G06Q10/0639;G16H10/60;G16H40/20;G16H40/67;G16H80/00,KONINKLIJKE PHILIPS NV,20221222,2023,EP;US;WO,3,False,False,True
89539115,KR-20240001486-A,Fire information notification method based on IoT,사물인터넷을 기반으로 하는 화재정보 알림방법,"The present invention relates to an IoT-based fire information notification method, which can quickly notify the elderly or visually or hearing impaired having a lack of detection ability that a fire has occurred when an emergency situation such as a fire occurs and can evacuate the same. More specifically, the IoT-based fire information notification method comprises the steps of: 1) requesting access approval from a wireless terminal through a user terminal; 2) providing user information received in the wireless terminal to a relay server through an administrator terminal; 3) transmitting fire occurrence information to the relay server through the administrator terminal when an emergency situation due to a fire occurs; 4) enabling the relay server to transmit the fire occurrence information to the user terminal based on stored user information; and 5) enabling the user terminal receiving the fire occurrence information to execute a notification means provided in the user terminal so that a user confirms whether the emergency situation has occurred. The notification means is an alarm function including sound and vibration.","본 발명은 화재와 같은 비상상황이 발생시에 감지 능력이 부족한 노약자나 시각 또는 청각장애인들에게 화재가 발생하였음을 신속하게 알리고 대피시킬 수 있는 사물인터넷을 기반으로 하는 화재정보 알림방법에 관한 것으로, 더욱 상세하게는 1)사용자단말을 통해 무선단말부에 접속 승인을 요청하는 단계와, 2)상기 무선단말부에 수신된 사용자정보를 관리자단말에 의해 중계서버로 제공하는 단계와, 3)화재발생에 따른 비상상황이 발생시에 상기 관리자단말을 통해 상기 중계서버에 화재발생정보를 전송하는 단계와, 4)상기 중계서버는 저장된 사용자정보를 기반으로 상기 사용자단말에 화재발생정보를 송출하는 단계 및 5)화재발생정보를 수신한 상기 사용자단말은 상기 사용자단말에 구비된 알림수단을 실행하여 비상상황 발생 여부를 사용자에게 확인시키는 단계를 포함하되, 상기 알림수단은 음향과 진동을 포함하는 알람기능인 것을 특징으로 한다.",G08B17/00;G08B25/10;G08B25/14;H04M1/72421;H04W4/90,G08B17/00;G08B25/10;G08B25/14;H04M1/72421;H04W4/90,GYEONGBUK COLLEGE OF HEALTH IND ACADEMY COOPERATION GROUP,20220627,2022,KR,1,False,True,True
89718891,JP-2024014370-A,Evacuation assistance control device and evacuation assistance method,,To assist in evacuation to a safer evacuation site in the event of a tsunami.SOLUTION: An evacuation assistance control device 20 comprises: a tsunami information acquisition unit 21 that acquires a predicted tsunami arrival time when tsunami will arrive at a shoreline as tsunami information for each predetermined location; a calculation unit 32 that calculates a predicted evacuee arrival time before an evacuee arrives at an evacuation site from a current position; an image generation unit 33 that generates a color-coded image of a map containing at least part of a route from the current position to the evacuation site according to a difference value between the predicted tsunami arrival time acquired by the tsunami information acquisition unit 21 and the predicted evacuee arrival time calculated by the calculation unit 32; and a display control unit 34 that performs control to display the image generated by the image generation unit 33 on a display unit.SELECTED DRAWING: Figure 1,,,G01C21/26;G08B25/04;G08B27/00;G08B31/00;G08G1/005,JVC KENWOOD CORP,20220722,2022,JP,1,False,True,True
89769512,US-2025391546-A1,Senior living care coordination platforms,,"Provided herein is a care coordination support platform (“CCSP”) computer system for coordinating care and resolving schedule conflicts. The CCSP computer system includes a processor and an associated transceiver in communication with a memory device. The processor and the associated transceiver are programmed to: (i) generate a senior calendar with events associated with a senior, wherein caregivers have access to the senior calendar and are assigned responsibilities for the events, (ii) collect user information and schedule data, wherein the user information includes mobile device, sensor, and social media data associated with the senior and the caregivers, and (iii) analyze the user information and the schedule data to determine a schedule conflict to facilitate coordinating care for the senior.",,A61B5/1118;A61B5/4833;A61B5/742;A61B5/746;A61B5/7465;G06F16/24522;G06F16/9035;G06Q10/06311;G06Q10/06312;G06Q10/06314;G06Q10/1091;G06Q10/1093;G06Q10/1095;G06Q10/1097;G06Q10/20;G06Q10/40;G06Q30/0215;G06Q30/0236;G06Q50/01;G10L15/18;G10L15/22;G10L15/30;G10L2015/223;G16H10/20;G16H15/00;G16H20/10;G16H20/30;G16H20/60;G16H40/20;G16H40/67;G16H50/20;H04L51/02;H04L51/214;H04L67/55,A61B5/00;A61B5/11;G06F16/2452;G06Q10/0631;G06Q10/109;G06Q10/1091;G06Q10/1093;G06Q10/20;G06Q10/40;G06Q30/0207;G06Q50/00;G10L15/18;G10L15/22;G10L15/30;G16H10/20;G16H15/00;G16H20/10;G16H20/30;G16H20/60;G16H40/20;G16H40/67;G16H50/20;H04L51/02;H04L67/55,STATE FARM MUTUAL AUTOMOBILE INSURANCE CO,20190703,2020,US,7,True,False,True
90590870,CN-117868965-A,Urban highway tunnel rescue facility,,"The application discloses an urban highway tunnel rescue facility, which comprises an escape channel, a prompting unit, an escape unit and a lifting unit; the escape system comprises an escape passage, a prompting unit, an escape unit and a lifting unit, wherein the lifting unit is arranged for a group of rescue and is arranged at intervals of 500 m. By arranging a group of rescue facilities in each 500m tunnel, trapped people can be guaranteed to quickly escape from the scene; by arranging the prompting unit, the prompting unit comprises a water level monitor and an alarm, when large-scale ponding occurs in the tunnel, personnel and vehicles are effectively reminded of selecting an optimal escape scheme, disaster signals are transmitted to the vehicles to enter the tunnel, the disaster scale is effectively reduced, and casualties are reduced; by arranging the escape unit, trapped people can quickly escape from the disaster scene to prevent the trapped people from being submerged or washed away by flood, so that the evacuation efficiency is improved, and people with low behavior capability can be helped to quickly evacuate; by arranging the lifting unit, people with mobility impairment can quickly escape.",,E21F11/00;E21F17/18,E21F11/00;E21F17/18,WESTERN INST OF SEISMIC AND BUILDING DESIGN LTD,20231123,2023,CN,1,False,True,False
90716062,WO-2025027727-A1,"Evacuation assistance guidance device, evacuation assistance guidance system, and evacuation assistance guidance method",,"The present invention comprises: a disaster occurrence information acquisition unit (101) that acquires disaster occurrence information including at least information indicating the type of disaster; an evacuation site identification unit (103) that identifies an evacuation site on the basis of the disaster occurrence information acquired by the disaster occurrence information acquisition unit (101); a presence/absence determination unit (107) that, when the evacuation site is identified by the evacuation site identification unit (103), determines whether a person is present in each room of a target facility; and a display screen image creation unit (108) that, on the basis of the result of determination by the presence/absence determination unit (107), creates a floor map with which it is possible to identify whether a person is present in each room of the target facility.",,G08B21/10;G08B27/00,G08B21/10;G08B27/00,MITSUBISHI ELECTRIC CORP,20230731,2023,WO,1,False,True,True
91153681,CN-118097889-A,Design scheme of home-based automatic distress calling instrument for solitary old people,,"Relates to the fields of human body induction technology application, electronic signal transmission technology application and the production of care equipment. The technical problem to be solved by the scheme is how to automatically judge whether the elderly living alone fall to the ground or not and transmit accurate distress information. The design of this scheme is with the material piece that can shield human inductive probe, for example the plastic piece shelter from two human inductive switch probe&#39;s a part, or adjust the direction of probe, makes two probes obtain respectively and belongs to the human existence condition in space upper portion and space lower part, connects two inductive switch front and back in the both ends of an intermediate relay, through the logical process of switch on the circuit, the judgement of whether old man falls down on the ground is arrived accurately fast. The elderly automatically sends out a distress signal when falling to the ground. The novel rescue device is mainly used for solving the problem that the elderly living alone are difficult to fall to the ground suddenly to call for help at home.",,G08B21/043;G08B3/1008;G08B7/06,G08B21/04;G08B3/10;G08B7/06,TANG JIAN,20221128,2022,CN,1,False,False,True
91282749,KR-20240068897-A,Fire recognition wand which can combine with fire extinguishers for visually impaired people,시각장애인을 위한 소화기 결합이 가능한 발화 인식 지팡이,"The present invention relates to an ignition point recognition stick capable of coupling a fire extinguisher for the visually impaired, which helps the visually impaired to extinguish a fire or evacuate by detecting the fire by checking an accurate ignition point while the visually impaired is coupled to the fire extinguisher in the event of a fire and a safety distance is secured.","본 발명은 화재발생 시 시각장애인이 소화기와 결합하고 안전거리가 확보된 상태에서 정확한 발화 지점을 확인하여 화재를 진압하거나, 화재를 탐지하며 대피할 수 있도록 돕는 시각장애인을 위한 소화기 결합이 가능한 발화 지점 인식 지팡이에 관한 것이다.",A45B3/00;A61H2003/063;A61H2201/0153;A61H2201/0157;A61H2201/0184;A61H2201/1635;A61H2201/5048;A61H2201/5058;A61H3/061;A61H3/068;A62C13/00;A62C33/00;G08B3/00;G08B6/00;H04R1/323,A45B3/00;A61H3/06;A62C13/00;A62C33/00;G08B3/00;G08B6/00;H04R1/32,LEE DONG WOOK,20221110,2022,KR,1,False,True,False
91711899,KR-20240092740-A,IoT-BASED SMART PLANT WATER TRAY AND ELDERLY PEOPLE LIVING ALONE CARE SYSTEM AND METHOD USING THE SAME,IoT 기반 스마트 화분 물받침대 및 이를 이용한 독거 노인 케어 시스템 및 방법,"Provided are a system and a method for checking a state of an elderly person living alone and preventing an emergency situation in advance, and a smart flowerpot water support used therefor. the flowerpot water support comprises: a plate unit having a water discharge hole through which a water discharge of a flowerpot passes; and a sensor module disposed to detect water passing through the water discharge hole. the sensor module is configured to detect at least the presence or absence of water passing through the water discharge hole.","독거 노인의 상태를 확인하고 위급 상황을 미연에 방지할 수 있는 시스템과 방법, 이에 사용되는 스마트 화분 물받침대가 제공된다. 상기 화분 물받침대는 화분의 퇴수물이 통과하는 퇴수공이 형성된 플레이트부; 및 상기 퇴수공을 통과하는 물을 감지하도록 배치된 센서 모듈을 포함하되, 상기 센서 모듈은 적어도, 상기 퇴수공을 통과하는 물의 유무를 감지하도록 구성된다.",A01G7/045;A01G9/021;A01G9/04;G01D21/02;G08B21/0461;G08B21/22;G08B21/24;G08B5/36;G16Y10/05;G16Y40/10;G16Y40/20;G16Y40/35,A01G7/04;A01G9/02;A01G9/04;G01D21/02;G08B21/04;G08B21/22;G08B21/24;G08B5/36;G16Y10/05;G16Y40/10;G16Y40/20;G16Y40/35,GREENDA CO LTD,20221215,2022,KR,2,False,True,False
92661946,CN-118644160-B,Passenger cabin emergency evacuation method containing disabled passengers,,"The invention discloses a passenger cabin emergency evacuation method comprising disabled passengers, which comprises the steps of performing discretization on a single-channel passenger cabin environment by using grids with different sizes, dividing a passenger cabin into a plurality of cells, constructing a passenger real-time speed model according to the positions, the action capacities and the individual differences of the passengers, constructing a common passenger group behavior rule by using a field model, constructing a heterogeneous passenger group behavior rule by using the field model, setting cellular automaton evolution rules and time rules, constructing a passenger cabin evacuation cellular automaton model, simulating single-channel passenger cabin emergency evacuation by dividing passenger-carrying rate into cabin sections, and analyzing the evacuation behaviors of the heterogeneous passenger groups under different passenger-carrying rates and cabin section conditions based on simulation results to further optimize passenger seat distribution and evacuation strategies. According to the invention, under the special condition of considering the disabled passengers, the evacuation efficiency and the safety of the whole group are improved by optimizing the passenger seat distribution and the evacuation strategy.",,B64D25/00;G06Q10/067;G06Q50/40,B64D25/00;G06Q10/067;G06Q50/40,UNIV NANJING AERONAUTICS & ASTRONAUTICS,20240523,2024,CN,2,True,True,True
93113689,KR-102746121-B1,Emergency Broadcasting System for Railway Vehicles,철도차량용 비상방송시스템,,"본 발명은 철도차량용 비상방송 시스템에 관한 것으로서, 특히 비상상황발생시 열차의 내외부 모든 승객에게 비상상황임을 청각적 안내와 시각적 안내를 함과 동시에 외부 대피로의 시인성을 원활하게 확보할 수 있도록 하는 철도차량용 비상방송 시스템에 관한 것이다. 구성은 철도차량용 비상방송 시스템에 있어서, 철도차량에 설치되어 전송과 수신하고자 하는 신호(영상, 음성, 데이터)를 전파에 실어 증폭한 후 안테나나 케이블을 통해 출력 또는 입력시키는 역할을 하기 위해 안테나와 LTE-R 무선통신용 통신보드 및 제어보드와 내장 축전지로 구성되는 비상송수신기와; 상기 비상송수신기와 연결되어 기관사와 승객 또는 승객과 관제사 간의 통화가 가능하도록 통화버튼, 마이크, 스피커, 카메라, 시각장애인 점자, 표시등으로 이루어지고, 비상 시, 비상송수신기에 의해 동작하기 위해 DC12V 전원라인과 오디오 라인이 비상송수신기에 연결되는 비상인터폰과; 철도차량의 각 호차별로 열차 외부 좌/우측에 각각 설치되어 실내, 실외 구분하여 방송을 할 수 있도록 별도의 출력증폭기(PAMP)의 오디오 라인이 비상송수신기(ERU)를 거쳐 연결되고, 출력증폭기는, 오디오 라인이 비상송수신기(ERU)를 거쳐 연결되어 입력신호의 에너지를 증가시켜 출력측에 큰 에너지의 변화로 출력시킬 수 있도록 하는 비상스피커와; 철도차량의 각 호차별로 열차 내부 및 외부 좌/우측에 복수 개가 설치되어 비상상황 발생시 점등 및 소등시킬 수 있도록 비상송수신기로부터 DC12V 입력 전원을 공급받게 되며 객실조명 및 외부조명으로 이루어지는 비상조명과; 철도차량의 각 열차 단부 앞/뒤에 복수 개가 설치되어 열차운행 정보(행선안내, 도착역, 출입문 방향 등)를 현시하고, 비상 상황으로 열차의 기동정지(전차선 전원차단 및 축전지 전원차단) 조건에서도 상황에 맞는 비상메시지(Emergency Message)를 현시할 수 있도록 비상송수신기(ERU)로부터 DC12V 전원을 공급받을 수 있는 비상단부표시기; 를 포함하여 이루어지는 것을 특징으로 한다.",B61D49/00;B61L15/009;G09F27/004;H04H20/57;H04H20/59;H04M11/025,B61D49/00;B61L15/00;G09F27/00;H04H20/57;H04H20/59;H04M11/02,,20230329,2023,KR,1,True,True,False
93116031,KR-20240143738-A,Shared platforms for using Artificial Intelligence quadruped walking robots and operating method thereof,Ai 4족 보행 로봇을 활용한 공유 플랫폼 및 그 방법,"The present invention relates to a sharing platform utilizing an AI four-legged walking robot and a method thereof, that enable a desired robot service to be used through a sharing service without an individual having to purchase an expensive robot through computer vision, speech recognition and natural language processing, route planning, and demand prediction technology, which are artificial intelligence (AI) technologies, and enable to guarantee of walking safety in consideration of special situations of visually impaired people and people with walking difficulties such as people with physical disabilities. The sharing platform utilizing the AI four-legged walking robot of the present invention is realized with: an AI four-legged walking robot equipped with an event camera to perform autonomous driving; and a server performing routing and rearrangement of the AI four-legged walking robot based on a request of a user application.","본 발명은 AI(Artificial Intelligence) 기술인 컴퓨터 비전, 음성 인식 및 자연어 처리, 루트 플래닝(route planning), 수요 예측 기술을 통해 개인이 고가의 로봇을 구매하지 않고도 공유 서비스를 통해 원하는 로봇 서비스를 이용할 수 있고, 시각장애인, 지체부자유자 등과 같은 보행 약자의 특수 상황을 고려하여 보행 안전을 담보할 수 있는 AI 4족 보행 로봇을 활용한 공유 플랫폼 및 그 방법에 관한 것이다.  
본 발명의 AI 4족 보행 로봇을 활용한 공유 플랫폼은 이벤트 카메라를 구비하여 자율주행을 수행하는 AI 4족 보행 로봇, 및 사용자 앱의 요청을 토대로 AI 4족 보행 로봇의 라우팅 및 재배치를 수행하는 서버로 이루어진다.",B25J11/008;B25J13/089;B25J19/02;B25J9/163;B25J9/1664;B25J9/1697;G05D1/0274;G05D1/22;G06Q10/047;G06Q30/0202;G06Q50/10;G06Q50/22;G06Q50/26,B25J11/00;B25J13/08;B25J19/02;B25J9/16;G05D1/20;G06Q10/04;G06Q30/02;G06Q50/10;G06Q50/22;G06Q50/26,ULSAN NAT INST SCIENCE & TECH UNIST,20230321,2023,KR,2,True,False,True
93117666,KR-20240147772-A,Movement guidance system for the transportation vulnerable using electronic tags,전자태그를 이용한 교통약자 이동유도 시스템,"The present invention relates to a system for inducing the movement of a transportation vulnerable person using an electronic tag, which enables a transportation vulnerable person to avoid danger and stably maintain walking. A system comprises: a control server unit (100) including a database (110) storing electronic tag meta information (111); an electronic tag unit (200) including an electronic tag (220) divided by an electronic tag ID (221); an electronic tag sensing unit (300) including a sensing unit (310) to sense the electronic tag (220) and receiving the tag meta information (111) from the control server unit (100) by the tag ID (221) sensed by the sensing unit (310); an electronic tag analysis unit (400) calculating analysis information (410); an output information generating unit (500) preventing a user from dangers such as collision with an object (210); and an output unit (600) outputting an output signal (610) by using the output information (510).","본 발명은 전자태그를 이용한 교통약자 이동유도 시스템에 관한 것으로, 보다 상세하게는 시각장애인, 지적장애인 등 보행과 통행에 장애가 있는 사용자의 원활한 이동을 유도하고, 장애물로 부터의 위험이 방지되도록 태그ID로 식별되는 전자태그를 기반으로 보행로 및 통행로에 위치란 장애물을 판별할 수 있도록, 네트워크에 연결되며 전자태그메타정보(111)가 저장되는 데이터베이스(110)를 구비하는 관제서버부(100);와 건물 내외부 또는 보행로 주변 복수의 사물 객체(210)에 각각 대응되도록 배치되며 전자 태그ID(221)로 구분되는 전자태그(220)로 구비되는 전자태그부(200);와 사용자에게 착용 또는 소지되어, 상기 전자태그(220)가 감지되도록 감지수단(310)이 구비되며, 상기 감지수단(310)에서 감지된 상기 태그ID(221)로 상기 관제서버부(100)에서 상기 태그메타정보(111)을 수신하도록 구비되는 전자태그 감지부(300);와 상기 전자태그 감지부(300)를 통해 감지되는 상기 전자태그(220)와 상기 관제서버부(100)에서 수신된 상기 태그메타정보(111)로 상기 사물 객체(210)를 분석하여 분석정보(410)를 산출하도록 구비되는 전자태그 분석부(400);와 상기 전자태그 분석부(400)로부터 상기 분석정보(410)를 전달받아 사용자가 감각 또는 인지할 수 있는 출력정보(510)를 산출하여, 이용자가 상기 사물 객체(210)와의 충돌 등 위험을 방지하도록 구비되는 출력정보 생성부(500); 및 사용자에게 착용 또는 소지되어, 상기 출력정보(510)를 이용하여 출력신호(610)를 출력하도록 구비되는 출력부(600);를 포함하는 전자태그를 이용한 교통약자 이동유도 시스템을 제공하는 것에 관한 것이다.",A61H2003/063;A61H2201/0157;A61H2201/5023;A61H2201/5097;A61H3/061;G06K19/0723;G06K19/07713;G06K7/10297;G06Q50/10;G06Q50/40;G08B21/0275;H04W4/38;H04W4/90,A61H3/06;G06K19/07;G06K19/077;G06K7/10;G06Q50/10;G06Q50/40;G08B21/02;H04W4/38;H04W4/90,CANACNP CO LTD,20230329,2023,KR,1,False,False,True
93158132,CN-118863828-A,Middle-aged and young employment skill assessment and promotion system for disability due to diseases,,"The invention relates to the technical field of employment evaluation, in particular to a middle-aged and young employment skill evaluation and promotion system for disability due to diseases, which comprises the following steps: the skill assessment module is used for assessing the skill level of the middle-aged and young people suffering from disabilities; the post analysis module is used for evaluating the skills posts of the middle-aged and young people suffering from disabilities; the employment evaluation module is used for predicting employment situations of middle-aged and young people suffering from disabilities; the personal analysis module is used for finding out group characteristics of high-quality posts which are easy to obtain; the invention has the advantages of personalized analysis, improvement of post matching degree, improvement of employment prediction accuracy, optimization of resource allocation, promotion of social fairness and inclusion and the like, thereby being convenient for helping the group to better integrate into society and realizing self value; the group characteristics of the easily available high-quality posts are convenient to find, the targeted employment guidance, training and policy support are convenient to provide for the people, and the people are convenient to help the people to realize better employment and development.",,G06F17/10;G06Q10/06398;G06Q10/1053,G06F17/10;G06Q10/0639;G06Q10/1053,UNIV ZHENGZHOU,20240605,2024,CN,1,False,False,True
93288490,KR-102721864-B1,System and method for deciding evacuation level according to damage concern over disaster area,재난지역 피해우려에 따른 대피수준 판단 시스템 및 방법,"The present invention comprises a disaster risk information database including information on disaster-prone areas; a weather information database providing wind and flood weather information; a village-level database storing village-level risk index information in disaster-prone areas; a server unit calculating a disaster risk index from disaster information data and storing it in a database, correcting the risk index, receiving village-level risk index information and classifying it into a disaster, disaster type-specific risk index, terrain-specific risk index, and household-specific risk index, calculating an evacuation index for each household or member and displaying the evacuation index status; and a related agency terminal unit and a family and acquaintance terminal unit that can receive evacuation index status information from the server unit. So, priority is processed by dividing evacuation into priority evacuation for the elderly or disabled and evacuation of residents based on judgment criteria based on the evacuation index.","본 발명은 재난 우려 지역 정보를 포함하는 재난 재해 정보 데이터베이스; 풍수해 기상정보를 제공하는 기상정보 데이터베이스; 재난 우려 지역 마을 단위 위험지수 정보를 저장하는 마을 단위 데이터베이스; 재난 정보 데이터로부터 재난 재해 위험지수를 산출하여 데이터베이스로 저장하고, 위험지수를 보정하며, 마을 단위 위험지수 정보를 입력받아서 재난, 재해 유형별 위험지수, 지형별 위험 지수, 가구별 위험 지수로 분류하며, 가구 또는 구성원별로 대피지수를 연산하여 대피지수 현황을 표출하는 서버부; 및 서버부로부터 대피지수 현황 정보를 제공받을 수 있는 관계기관 단말부와 가족 지인 단말부를 포함하여 대피지수에 따른 판단기준에 따라 노약자 또는 장애자 우선대피와 주민대피로 나누어 우선 순위를 처리한다.",G06F16/906;G06F16/951;G06Q50/10;G06Q50/26;G08B21/10;G08B25/14,G06F16/906;G06F16/951;G06Q50/10;G06Q50/26;G08B25/14,SEGAON CO,20231116,2023,KR,1,True,True,True
93847136,KR-20240170250-A,Ubiquitous gis based outdoor evacuation assistance for response to earthquake disasters,지진 재해 대응을 위한 유비쿼터스 gis 기반 옥외 대피 지원,Disclosed is ubiquitous GIS-based outdoor evacuation support technology for responding to an earthquake disaster. The ubiquitous GIS-based outdoor evacuation support method may include the steps of: collecting post-disaster spatial information through a ubiquitous geographic information system (U-GIS); and performing evacuation route planning between a departure point and a destination based on the post-disaster spatial information.,"지진 재해 대응을 위한 유비쿼터스 GIS 기반 옥외 대피 지원 기술이 개시된다. 유비쿼터스 GIS 기반 야외 대피 지원 방법은, U-GIS(Ubiquitous geographical information system)를 통해 재해 후 공간 정보(post-disaster spatial information)를 수집하는 단계; 및 상기 재해 후 공간 정보를 기초로 출발지와 목적지 사이의 대피 경로 계획(evacuation route planning)을 수행하는 단계를 포함할 수 있다.",G06F16/29;G06Q10/047;G06Q50/26;G06Q50/265;G08B21/10;G08B25/10;H04W4/02;H04W4/029;H04W4/38;H04W4/90,G06F16/29;G06Q10/04;G06Q50/26;G08B21/10;G08B25/10;H04W4/02;H04W4/38,UNIV SEJONG IND ACAD COOP FOUD,20230526,2023,KR,2,True,True,True
93848175,KR-102736691-B1,Development of AI Glass for Speech Recognition and Situation Cognition for the Hearing Impaired,청각 장애인을 위한 음성인식 및 상황인지 ai 안경 시스템,"Provided is the ai spectacle system whether the voice recognition for the hearing-impaired and situation or not including the clip(50): ai lens(10): camera(20): rear finishing cover(40): microcontroller unit(70): communications module(80) According to the present invention, provided is a speech to text (stt) technology in which an ai recognizes an utterance voice of a non-disabled person and displays the recognized utterance voice as text on an eyeglass lens, thereby supporting communication between a hearing-impaired person and a non-disabled person.","본 발명은 청각 장애인을 위한 음성인식 및 상황인지 AI 안경 시스템에 관한 것으로서, 보다 상세하게는 비장애인의 발화음성을 AI가 인식하여 안경렌즈에 텍스트로 디스플레이하는 음성인식(STT: Speech to Text) 기술을 제공하여 청각 장애인과 비장애인 간의 의사소통을 지원함과 아울러, 근거리에서 발생하는 비언어적 소리데이터를 인지하여 안경렌즈에 텍스트로 디스플레이하는 상황인지(SA: Situational Awareness) 기술을 제공하여 청각 장애인의 안전을 도모하도록 하는 청각 장애인을 위한 음성인식 및 상황인지 AI 안경 시스템에 관한 것이다. 이를 위한 본 발명은 안경테(2)의 전방 상부측에 끼움되는 클립(50), 상기 클립(50)의 전방측에 구비되어 안경렌즈의 외측에 위치되는 AI렌즈(10); 상기 AI렌즈(10)의 상부측에 관찰공(16)이 형성된 감시부(15)가 형성되고, 상기 AI렌즈(10)의 하부측에 디스플레이부(11)가 형성되며, 상기 관찰공(16)의 내측에 구비되어 화자를 촬영하여 화자 인식용 영상을 제공하는 카메라(20), 상기 카메라(20)의 후방측에 밀착되어 화자의 음성 및 주변 음향신호를 수신하는 마이크(30), 상기 마이크(30)의 후방측에 밀착되어 감시부(15)에 결합되는 후방마감커버(40), 상기 후방마감커버(40)는 상기 감시부(15)와 동일한 형태로 형성되어 다수 통공(41)을 통해 피스고정되고, 상기 AI렌즈(10)에 내장된 청각 장애인 보조를 위한 청각 장애인 앱을 실행시키고, 상기 청각 장애인 앱을 기초로 상기 마이크(30) 및 카메라(20)를 통해 획득한 음성 및 음향 데이터와 화자 인식용 영상 데이터를 음성인식 학습모델 서버와 음향인식 학습모델 서버에 전송하고, 인식된 음성 및 음향 인식정보를 텍스트로 표출하도록 제어하는 마이크로컨트롤러 유닛(70), 상기 마이크로컨트롤러 유닛(70)의 제어에 따라 인식된 음성 및 음향 인식정보를 상기 디스플레이부(11)를 통해 텍스트 형태로 화면에 표출해주며, 상기 마이크로컨트롤러 유닛(70)에서 발생한 음성 및 음향 데이터와 화자 인식용 영상 데이터를 블루투스 통신 프로토콜 포맷으로 사용자 단말(81)로 전송하고, 상기 사용자 단말(81)로부터 전송된 음성 및 음향 인식정보를 수신하여 상기 마이크로컨트롤러유닛에 전달하는 통신 모듈(80)을 포함하고, 상기 마이크(30)는 상기 감시부(15)에 대응삽입되는 형태로 형성되는 플레이트(31) 상에 구비되고, 상기 플레이트(31)의 전면부 상에 상기 카메라(20)가 밀착지지되도록 구성되며, 상기 AI렌즈(10)는 마이크로컨트롤러 유닛(70)을 통해 음성 및 음향, 화자 영상을 획득하여 근거리 무선 통신을 통해 사용자 단말(81)로 전송하고, 상기 사용자 단말(81)로부터 전송된 음성 및 음향 인식정보를 수신하여 텍스트로 표출해주는 음성인식 및 상황인지 기능을 수행토록 하고, 상기 사용자 단말(81)은 청각 장애인의 데이터 처리를 위한 데이터 처리 앱을 내장하고, 상기 데이터 처리 애플리케이션을 이용하여 AI렌즈(10)에서 전송된 음성과 음향 및 화자 영상을 음성인식 학습모델 서버 또는 음향인식 학습모델 서버에 전송하고, 인식된 음성 및 음향 인식정보를 수신하여 상기 AI렌즈(10)에 전송토록 하며, 상기 사용자 단말(81)로부터 전송된 음성을 음성인식 학습모델로 인식하고, 인식 결과인 음성 인식정보를 상기 AI렌즈(10)에 전송하는 음성인식 학습모델 서버가 더 구비되고, 상기 사용자 단말(81)로부터 전송된 음향을 음향인식 학습모델로 인식하고, 인식 결과인 음향 인식정보를 상황인지 정보로 상기 AI렌즈(10)에 전송하는 음향인식 학습모델 서버가 더 구비되며, 상기 AI렌즈(10)는 구동 전원을 공급해주는 전원부(101), 동작 제어 명령을 입력하거나 디스플레이되는 텍스트의 크기를 조절하는 신호를 입력하는 터치 조작부(102), 마이크(30)와 카메라(20)와 전원부(101)와 마이크로컨트롤러 유닛(70)과 디스플레이부(11)와 통신모듈(80) 및 터치 조작부(102)를 내장하기 위한 몸체(103), 소리 정보를 감지하는 소리 감지부(201), 소리 감지시 소리가 발생한 방향을 감지하는 방향 감지부(401), 방향 감지부(401)에 의해 감지한 소리 방향에 대하여 소리를 발생한 소리원의 거리를 감지하는 거리 감지부(402), 소리 감지부(201)에서 감지한 소리 정보를 정보 분석기에 전송하도록 제어하며, 상기 정보 분석기로부터 전송된 위험 상황 정보와 위험 상황 대피정보의 시각적 표시를 제어하는 제어부(202), 제어부(202)의 제어에 따라 위험 상황 정보 및 위험상황 대피정보를 시각적으로 표시해주는 디스플레이부(11)로 구성되고, 상기 정보 분석기는 상기 AI렌즈(10)로부터 전송된 정보를 수신하거나 네트워크를 통해 전송된 정보를 수신하는 정보 수신부(301), 정보 수신부(301)를 통해 수신한 정보가 소리 정보일 경우, 소리 분석 알고리즘을 이용하여 소리를 분석하는 소리 분석부(302), 소리 분석부(302)에 의해 분석한 소리 분석 결과가 위험 상황일 경우, 위험상황 정보 및 위험상황 대피 정보를 포함하는 안전 정보를 생성하는 안전정보 생성부(303), 안전정보 생성부(303)에서 생성한 안전 정보를 상기 AI렌즈(10)로 전송하도록 제어함과 아울러 소리 감지 정보와 방향 감지 정보 및 거리 감지 정보를 수집정보로 정보 분석기에 전송하는 제어부(304), 제어부(304)의 제어에 따라 상기 안전 정보를 상기 AI렌즈(10)로 전송하는 안전정보 전송부(305)로 구성되며, 상기 사용자 단말(81)은 AI렌즈(10)에서 획득한 음성과 음향데이터 및 화자 영상을 상기 음성인식 학습모델 서버 및 음향인식 학습모델 서버에 모두 전송하고, 각각의 서버에서 학습모델에 맞게 취사선택하여 인식하도록 구성하고, 상기 음성인식 학습모델 서버는 사용자 단말(81)로부터 음성만 전송되면 음성인식 학습모델을 이용하여 음성을 인식하고, 음성 인식정보를 상기 사용자 단말(81)로 전송하며, 상기 사용자 단말(81)로부터 음성 및 화자 영상이 전송되면 음성인식 학습모델을 이용하여 음성을 인식하고, 객체 인식모듈을 이용하여 화자를 인식한 후, 화자 인식 정보와 음성 인식정보를 매핑하여 상기 사용자 단말(81)로 전송해주며, 상기 소리 분석부(302)는 수신한 소리 정보에 포함된 주파수 특성에 따라 유성음 또는 배경음으로 분류하고, 딥러닝 기술을 통해 학습된 데이터를 기반으로 소리 정보의 종류를 분석하여 위험 상황 판단 정보를 안전정보 생성부(303)에 전달하고, 상기 AI렌즈(10)로부터 전송된 수집 정보로부터 거리 및 방향 정보를 추출하는 거리/방향 추출부를 더 포함하고, 상기 안전정보 생성부(303)는 소리 분석부(302)에 의해 분석한 소리 종류와 상기 거리/방향 추출부에서 추출한 거리 및 방향 정보를 기초로 위험 상황 정보 및 위험상황 대피정보를 안전정보로 생성하며, 상기 카메라(20)는 카메라(20)를 통해 청각 장애인이 목소리를 집중해서 듣고자 희망하는 화자를 2~3초 이상 바라보게 되면, 이를 마이크로컨트롤러 유닛(70)이 인식하여 그 해당 화자의 목소리를 마이크(30)를 통해 추적함과 아울러 카메라(20) 및 마이크(30)를 통해 수집된 발화자의 영상, 음성을 분석하여 화자를 인식하기 위한 데이터 프로세싱을 수행토록 하고, 화자인식 데이터 프로세싱을 위한 알고리즘은 개인의 음성 특징으로 분석하여 개별 화자를 식별토록 이루어짐을 특징으로 하는 청각 장애인을 위한 음성인식 및 상황인지 AI 안경 시스템을 제공한다.",A61F11/04;G10L15/063;G10L15/26;G10L15/30;G10L2021/065;G10L21/10;H04R1/08,A61F11/04;G10L15/06;G10L15/26;G10L15/30;G10L21/06;G10L21/10;H04R1/08,KIM YOUNG JIN;KNL CO LTD,20240326,2024,KR,1,True,True,False
93892880,CN-119168428-A,Disabled person subsidy management and control system based on big data analysis,,"The invention relates to the technical field of information processing, in particular to a disabled person subsidy management and control system based on big data analysis, which is used for solving the problems that the prior art cannot comprehensively evaluate user demands from multiple angles, cannot reasonably sequence priorities and cannot effectively support resource allocation and service decision, and the invention utilizes the historical data of the users to carry out objective, accurate and real-time analysis through a demand evaluation module, avoids subjective deviation, ensures fairness and timeliness of evaluation results, comprehensively evaluates the user demands from multiple angles, identifies demand characteristics, provides basis for service optimization and expansion, calculates demand pressing coefficients by adopting a formulation method, divides the priorities according to percentiles, ensures scientificity and rationality of sequencing and effectively supports resource allocation and service decision.",,G06Q10/0637;G06Q10/10;G06Q50/22,G06Q10/0637;G06Q10/10;G06Q50/22,ZHEJIANG WANGSHENG SHUXIN SOFTWARE CO LTD,20241121,2024,CN,1,False,False,True
94172479,KR-20250006515-A,Artificial intelligence glasses system capable of supporting communication between hearing-impaired and non-disabled people and recognizing nearby situations,청각 장애인과 비장애인의 의사소통 지원 및 근거리 상황인지가 가능한 인공지능 안경시스템,"The present invention relates to an artificial intelligence glasses system capable of supporting communication between a hearing-impaired person and a non-disabled person and recognizing a near field situation, which enables the communication between the hearing-impaired person and the non-disabled person to be performed through artificial intelligence glasses by visually displaying situation information about a sound using the artificial intelligence glasses worn by the hearing-impaired person, and which enables the safety of the hearing-impaired person by visually providing safety information about the near field situation to the hearing-impaired person. The artificial intelligence glasses system capable of supporting communication between a hearing-impaired person and a non-disabled person and recognizing a near field situation is implemented by comprising: artificial intelligence glasses which collect sound information to wirelessly transmit the sound information to an information analyser, and receive dangerous situation information and dangerous situation evacuation information transmitted from the information analyser to visually display the received information; and the information analyser which accesses the artificial intelligence glasses in real time through wireless communication, analyzes the received sound information to determine whether there is a dangerous situation, and generates the dangerous situation information and the dangerous situation evacuation information when it is determined that there is a dangerous situation to transmit the dangerous situation information and the dangerous situation evacuation information to the artificial intelligence glasses.","청각 장애인이 착용한 인공지능 안경을 이용하여 소리에 대하여 시각적으로 상황정보를 표출해줌으로써, 인공지능 안경을 통해 청각 장애인과 비장애인의 의사소통이 이루어지도록 하고, 청각 장애인에게 근거리 상황에 대하여 안전 정보를 시각적으로 제공하여 청각 장애인의 안전을 도모하도록 한 청각 장애인과 비장애인의 의사소통 지원 및 근거리 상황인지가 가능한 인공지능 안경시스템에 관한 것으로서, 소리 정보를 수집하여 무선으로 정보 분석기에 전송하고, 상기 정보 분석기로부터 전송된 위험 상황 정보 및 위험 상황 대피 정보를 수신하여 시각적으로 표출해주는 인공지능 안경, 및 인공지능 안경과 무선통신을 통해 실시간으로 접속하고, 수신한 소리 정보를 분석하여 위험 상황 유무를 판단하며, 위험 상황으로 판단시 위험 상황 정보와 위험 상황 대피정보를 생성하여 상기 인공지능 안경으로 전송하는 정보 분석기를 포함하여, 청각 장애인과 비장애인의 의사소통 지원 및 근거리 상황인지가 가능한 인공지능 안경시스템을 구현한다.",A61F11/04;G10L21/10;G10L25/15;H04R3/00;H04R3/005,A61F11/04;G10L21/10;G10L25/15;H04R3/00,HUMANIT;HUMANIT CO LTD,20230704,2023,KR;WO,2,False,True,False
94374735,WO-2025022663-A1,Evacuation assistance device and evacuation assistance method,,"This evacuation assistance device contributes to improvement of the prediction accuracy related to evacuation by having an estimation unit that is configured to: derive, on the basis of information obtained by classifying the number of damage caused by a disaster in certain areas into a plurality of degrees related to the magnitude of the damage, a first probability distribution having an index related to the magnitude of the damage as a probability variable; derive, on the basis of the first probability distribution, of the magnitude of a factor of the disaster, of a second probability distribution having an average value different from that of the first probability distribution, and of the magnitude of the factor corresponding to the second probability distribution, a third probability distribution related to an index corresponding to a state without the factor and an increment in the index when the factor has increased by a unit amount; and derive, on the basis of the first probability distribution and of the actual result of the number of evacuees due to the disaster, an index-related threshold for initiating an evacuation.",,G08B27/00;G08B31/00,G08B27/00;G08B31/00,NIPPON TELEGRAPH & TELEPHONE,20230727,2023,WO,1,False,True,True
94376691,JP-2025015361-A,Stair up/down sliding board,,"To provide a sliding board used to go up/down the stairs to solve such problems that it is required several people to help emergency evacuation of the elderly and the physically-challenged from upstairs and that the emergency evacuation on stairs is extremely dangerous.SOLUTION: A stair up/down sliding board includes: a sliding board having enough width, length and strength to slide up/down stairs, with an evacuee in a supine position placed thereon; a handle provided at one end of the sliding board for safely holding and operating the sliding board such as pushing and pulling; a stopper with opening/closing specifications, provided at the other end for supporting the feet of the supine person; and a safety belt for the supine person, provided at a center of the sliding board. The stair up-down sliding board is so configured that the sliding board with the supine person placed thereon can safely slide down the stairs from upstairs to downstairs and from downstairs to upstairs using the handle or a rope.SELECTED DRAWING: Figure 3",,,A61G1/007;A61G1/044;A61G1/048;A61G5/00;A61G5/06;A62B1/00,MORISONO TOSHIHARU,20230719,2023,JP,1,False,True,False
94603966,KR-102763016-B1,A Guiding System for Visually Handcapped Person Using Sound Signal Device,음향신호기를 이용한 시각장애인 안내시스템,"The present invention relates to a system for guiding the visually impaired using a sound signal device and, more specifically, to a system for guiding the visually impaired using a sound signal device, which uses the position of a sound signal device installed on a crosswalk to provide the visually impaired with information for road guidance and crossing the crosswalk, thereby providing accurate road guidance to the visually impaired, enabling the visually impaired to safely cross the crosswalk, and enabling rapid and effective evacuation in the event of a disaster by providing guidance according to a disaster through a sound signal device.","본 발명은 음향신호기를 이용한 시각장애인 안내시스템에 관한 것으로, 더욱 상세하게는 횡단보도에 설치되는 음향신호기의 위치를 이용하여 시각장애인에게 길 안내 및 횡단보도를 건너기 위한 정보를 제공하도록 함으로써, 시각장애인에게 정확한 길 안내를 제공하고 안전하게 횡단보도를 건널 수 있도록 하며, 음향신호기를 통해 재난에 따른 안내가 이루어지도록 하여 재난발생시 신속하고 효과적인 대피가 가능하도록 하는 음향신호기를 이용한 시각장애인 안내시스템에 관한 것이다.",A61H3/06;A61H3/061;G08B21/02;G08B21/0269;G08B21/10;G08B3/00;G08G1/005;G08G1/07;G08G1/095,A61H3/06;G08B21/02;G08B21/10;G08B3/00;G08G1/005;G08G1/07;G08G1/095,IP ROAD INC;KANG CHOL ZI,20240605,2024,KR;WO,2,True,True,True
94656556,CN-119516682-A,Intelligent lifesaving wheelchair and evacuation method,,"The invention belongs to the technical field of escape appliances in public places, and provides an intelligent lifesaving wheelchair and an evacuation method, the wheelchair comprises a wheelchair main body, an audible and visual alarm device, a voice broadcasting module, a gravity sensing module, a global searching module, a path planning module, an automatic obstacle avoidance module, a speed control module and a wireless transmission module. The wheelchair can normally meet the moving requirement of the weak group under the daily condition, can judge whether the wheelchair takes the weak individual or not when the danger occurs, can directly and automatically carry personnel to quickly escape if the wheelchair takes the weak individual, and can quickly escape after the wheelchair is found and carried if the wheelchair takes the weak individual. The invention can improve the evacuation efficiency and success rate of the weak groups after accidents occur in public places.",,A61G2203/12;A61G2203/22;A61G2203/44;A61G5/04;A61G5/10;A61G5/1051;G06N3/0464;G06N3/084;G06Q10/047;G06V10/806;G06V10/82;G06V20/53;G06V2201/07;G06V40/20;G08B21/0407;G08B21/0461;G08B25/10;G08B7/066,A61G5/04;A61G5/10;G06N3/0464;G06N3/084;G06Q10/047;G06V10/80;G06V10/82;G06V20/52;G06V40/20;G08B21/04;G08B25/10;G08B7/06,HANGZHOU RAILWAY DESIGN INST CO LTD;UNIV ZHEJIANG,20241106,2024,CN,1,False,False,True
94823290,KR-20250028080-A,Portable terminal relaying emergency call for blind person and emergency call system,시각장애인을 위한 비상호출 중계 휴대단말 및 비상호출 시스템,"The present invention relates to an emergency call relay mobile terminal for the visually impaired and an emergency call system. The emergency call relay mobile terminal comprises: a housing having a size that can be held by the hand of the visually impaired; a switch unit consisting of a plurality of push button switches in which each button side is exposed from the surface of the housing; a signal generation unit for generating any one type of beacon signal among a plurality of types of beacon signals according to the operation of the visually impaired with respect to the plurality of push button switches; and a wireless transmission unit for wirelessly transmitting any one type of beacon signal, wherein a task assigned to the type of beacon signal is performed by a fixed terminal.","시각장애인을 위한 비상호출 중계 휴대단말 및 비상호출 시스템에 관한 것으로, 비상호출 중계 휴대단말은 시각장애인의 손에 쥐어질 수 있는 크기의 하우징, 하우징의 표면으로부터 각각의 버튼 측이 노출되어 있는 복수 개의 푸시버튼스위치로 이루어진 스위치부, 복수 개의 푸시버튼스위치에 대한 시각장애인의 조작에 따라 복수 타입의 비콘 신호 중 어느 한 타입의 비콘 신호를 생성하는 신호생성부, 및 어느 한 타입의 비콘 신호를 무선으로 송출하는 무선송출부를 포함하고, 비콘 신호의 타입에 할당된 태스크가 고정단말에 의해 수행된다.",G01S1/042;G08B3/1016;G08B3/1025;G08B3/105,G01S1/04;G08B3/10,NEW KOREA ELECTRONIC COMMUNICATION CO LTD,20230821,2023,KR,1,False,True,False
94973295,KR-20250032676-A,Guardrail Waldam Auxiliary Device,가드레일 이동 비상대피 사다리,"According to the present invention, the guardrail moving emergency shelter ladder is installed on a guardrail consisting of a plurality of pillars installed on the edge of a road and a fence installed on the pillars and extended along the edge of the road. The guardrail moving emergency shelter ladder comprises: a support frame installed on the guardrail; a foothold module installed on the support frame to enable a user to step on the foothold module; and a handrail unit installed on the support frame on the upper side of the guardrail to be gripped by the user to cross the guardrail. According to the present invention, the guardrail moving emergency evacuation ladder has the purpose of preventing secondary damage that may occur on the road in the guardrail by allowing children, women, and the elderly to safely cross the guardrail installed on the road and quickly evacuate.","본 발명에 따른 가드레일 이동 비상대피 사다리는 도로의 가장자리에 설치가 되는 다수의 지주들과 상기 지주에 설치되어 상기 도로의 가장자리를 따라 연장되는 펜스로 이루어진 가드레일에 설치되는 가드레일 이동 비상대피 사다리에 있어서, 상기 가드레일에 설치되는 지지프레임과 상기 가드레일을 넘으려는 사용자가 밟을 수 있도록 상기 지지프레임에 설치되는 발판모듈과 상기 가드레일 상측의 상기 지지프레임에 설치되어 상기 가드레일을 넘으려는 상기 사용자가 파지 할수 있도록 형성된 난간부;를 구비하는 것을 특징으로 한다. 
본 발명에 따르면, 가드레일 이동 비상대피 사다리는 어린이, 여성, 노약자도 도로상에 설치된 가드레일을 안전하게 넘어서 빠르게 대피할 수 있어서 가드레일 내의 도로상에서 발생할 수 있는 2차 피해를 예방하는데 그 목적이 있다.",E01F15/0492;E06C1/38;E06C7/06;E06C7/08;E06C7/181;E06C7/188;E06C9/08,E01F15/04;E06C1/38;E06C7/06;E06C7/08;E06C7/18;E06C9/08,EUNSEONG E & C,20230831,2023,KR,1,False,True,False
95285794,JP-2025055634-A,system,,"To provide a system.SOLUTION: A system comprises: means for using conversational AI for elderly users to accumulate daily information through conversations and biometric measurements, enabling the AI to determine current physical condition and movements and provide accurate advice; means for enabling access to emergency services, hospitals, and online supermarkets; means for offering health management of the elderly users and providing evacuation guidance and disaster prevention countermeasures at the individual, municipal, or community level; and means for allowing the elderly users to interact in a user-friendly conversational form and allowing the elderly users to place orders and make reservations.SELECTED DRAWING: Figure 1",,,G06Q50/22,SOFTBANK GROUP CORP,20230927,2023,JP,1,False,True,False
96225275,KR-20250095771-A,the risk assessment system for Energy poor households and the risk assessment method using the same,에너지 취약계층 위험도 평가 시스템 및 이를 이용한 위험도 평가 방법,"The present invention relates to an energy-vulnerable class risk assessment system using a building polygon api provided as an open source by a user using a terminal equipped with a dedicated application. The energy-vulnerable class risk assessment system measures and displays whether a resident of a building is vulnerable to energy by linking building aging information capable of measuring the aging of the building to the building polygon. According to the present invention, provided are an energy-vulnerable class risk assessment system and a risk assessment method using the same. The energy-vulnerable class risk assessment system monitors and manages the energy-vulnerable class, which is the poor, in advance, prevents unexpected accidents, and responds quickly and effectively to unexpected situations. The energy-vulnerable class risk assessment system promotes the convenience of use of all users, including residents, local government officials, welfare workers, and related civic groups, by linking the aging of a building, energy usage of the building, and evacuation time and distance to a safe shelter using a dedicated application to a building polygon api, and enables effective accident prevention monitoring and accident response of the energy-vulnerable class.","본 발명은 사용자가 전용어플리케이션이 탑재된 단말기를 사용하여 오픈 소스로 제공되는 건물 폴리곤 API를 이용한 것으로, 
상기 건물 폴리곤에 건물의 노후도를 측정할 수 있는 건물노후도정보를 연계하여 상기 건물의 거주자의 에너지 취약 여부를 측정하여 표시하는 것을 특징으로 하는 에너지 취약계층 위험도 평가 시스템을 제공하며, 
상기 건물노후도정보는, 
건축물대장과 연동하는 것을 특징으로 하고, 
상기 전용어플리케이션은 상기 건물 폴리곤에 출입구를 표시하는 것을 특징으로 하며, 
상기 전용어플리케이션은 상기 거주자의 냉난방 에너지 사용량을 포함한 건물에너지사용량을 연계하여 상기 건물의 거주자의 에너지 취약 여부를 측정하여 표시하는 것을 특징으로 하는 에너지 취약계층 위험도 평가 시스템을 제공한다. 
더불어 사용자가 전용어플리케이션이 탑재된 단말기를 사용하여 오픈 소스로 제공되는 건물 폴리곤 API를 이용한 것으로, 
상기 건물 폴리곤에 상기 전용어플리케이션은 상기 거주자가 가장 근접한 무더위 또는 한파 쉼터까지 가는 데 소요되는 시간과 거리인 쉼터대피시간 또는 쉼터대피거리를 연계하여 상기 건물의 거주자의 에너지 취약 여부를 측정하여 표시하는 것을 특징으로 하는 에너지 취약계층 위험도 평가 시스템을 제공하며, 
상기 쉼터대피시간 또는 쉼터대피거리는, 
인터넷 상에서 포털업체에 의해 제공되는 길찾기 API를 이용하는 것을 특징으로 하는 에너지 취약계층 위험도 평가 시스템을 제공한다. 
그리고 에너지 취약계층 위험도 평가 시스템을 이용한 것으로, 
(1) 사용자가 자신의 단말기에 설치된 전용어플리케이션을 사용하여 건물 폴리곤 API로부터 건물 폴리곤을 불러오는 건물폴리곤생성단계; 
(2) 상기 건물 폴리곤에 건물의 노후도를 측정할 수 있는 건물노후도정보를 연계하는 건물노후도정보연동단계; 
(3) 상기 전용어플리케이션이 상기 건물 폴리곤에 출입구를 표시하는 출입구표시단계; 
(4) 상기 전용어플리케이션은 상기 거주자의 냉난방 에너지 사용량을 포함한 건물에너지사용량을 연계하여 상기 건물의 거주자의 에너지 취약 여부를 측정하여 상기 건물 폴리곤에 표시하는 에너지사용량표시단계; 
(5) 상기 전용어플리케이션은 상기 거주자가 가장 근접한 무더위 또는 한파 쉼터까지 가는 데 소요되는 시간과 거리인 쉼터대피시간 또는 쉼터대피거리를 연계하여 상기 건물의 거주자의 에너지 취약 여부를 측정하여 상기 건물 폴리곤에 표시하는 쉼터대피시간거리표시단계; 
(6) 상기 거주자의 에너지 취약 여부를 우선순위로 분류하여 시각적 또는 청각적 표시 수단으로 상기 사용자에게 상기 우선순위를 알려주는 위험순위경고단계; 
를 포함하여 구성되는 것을 특징으로 하는 에너지 취약계층 위험도 평가 시스템을 이용한 위험도 평가 방법을 제공한다.",G06Q50/06;G06Q50/08;G06Q50/10;G06Q50/265,G06Q50/06;G06Q50/08;G06Q50/10;G06Q50/26,KOREA INST CIVIL ENG & BUILDING TECH,20231218,2023,KR,1,False,True,False
96234774,CN-120280105-A,Quick positioning method and system for snake bite treatment medical institution,,"The invention discloses a quick positioning method and a quick positioning system for a snake bite treatment medical institution. The method comprises the following steps of S1, obtaining real-time position information of a user through a system applet and providing first-aid information, S2, screening medical institutions containing antivenom serum, S3, sorting the screened medical institutions according to distance, and S4, interactive navigation. The invention solves the problems of uneven treatment resource allocation, untimely information updating, lack of targeted hospital screening function and the like in the prior art, can realize rapid, accurate and efficient emergency treatment, furthest reduces the mortality and disability rate of snake bite, and has the advantages of rapidly and accurately positioning treatment points, updating the treatment capability information of medical institutions in real time, intelligently screening the most suitable treatment institutions and improving the public self-rescue and mutual-rescue capability.",,G06Q10/06315;G06Q10/087;G16H40/20,G06Q10/0631;G06Q10/087;G16H40/20,SHANGHAI SERUM BIO TECH CO LTD,20250407,2025,CN,1,False,False,True
96390211,KR-20250105877-A,Disaster and Safety Evacuation Integration Operation System for safety undeserved population in hospitals,의료 시설에서 안전 취약 계층을 위한 재난안전 대피 통합 운용 시스템,"The objective of the present invention is to provide an integrated system that supports disaster evacuation of vulnerable groups in nursing hospitals and medical facilities using fire detection sensors and IoT communication technology. The integrated disaster safety evacuation operation system for vulnerable groups in medical facilities includes: a fire detection terminal equipped with a sensor, a control unit (MCU), a storage unit, a Wi-Fi HaLow communication unit, and a LoRaWAN communication unit in nursing hospitals and medical facilities; and a disaster safety evacuation integrated operation system that receives and stores fire occurrence data from one or more fire detection terminals installed in multiple locations, reports the fire to the fire department upon fire detection, transmits a fire occurrence message to the mobile phone number of medical staff, and operates a plurality of LED evacuation guidance lights that form an LED evacuation guidance path to the entrance for occupants.","화재시 피난 유도로 기술이 적용된 IoT 디바이스를 사용한 의료 시설에서 안전 취약 계층을 위한 재난 안전 대피 통합 운용 시스템이 개시된다.  
의료 시설에서 안전 취약 계층을 위한 재난 안전 대피 통합 운용 시스템은, 의료 시설에서 화재를 감지하는 화재 감지 센서와 경보음 발생부와 Wi-Fi HaLow(IEEE 802.11ah) 통신부와 LoRaWAN 통신부를 구비하는 화재 감지 단말기; 및 여러 장소에 설치된 하나 이상의 화재 감지 단말기로부터 화재 발생 데이터를 수신받아 저장하며, 소방소에 화재 신고, 의료진의 이동전화번호로 화재와 유독 가스 재난 발생 메시지 전송, 재실자들에게 출입구로의 LED 피난 유도선을 제공하는 화재 감지 및 피난 유도 재난안전 통합 운영 시스템을 포함한다. 상기 안전 취약 계층을 위한 재난 안전 대피 통합 운용 시스템은 노인 요양 병원과 요양 시설에서 화재 감지 센서(연기 감지 센서), 제어부와 경보음 발생부와 Wi-Fi HaLow(IEEE 802.11ah) 통신부와 LoRaWAN 통신부를 구비하는 화재 감지 단말기와 재난 안전 통합 운영 시스템 플랫폼의 통신 기술을 구축하고, 화재 시 링거 거치 환자, 휠체어/목발에 탄 노인 환자, 거동이 불편한 고령자들이 다수의 LED 피난유도등이 구비된  피난 유도로 기술이 사용된다.",G01K1/02;G06Q50/10;G06Q50/26;G08B17/103;G08B17/117;G08B21/182;G08B25/006;G08B25/14;G08B29/188;G08B3/10;G08B7/066;G16Y20/10;G16Y30/00;G16Y40/10;G16Y40/50;H04W4/14;H04W4/80;H04W4/90,G08B17/103;G08B17/117;G08B21/18;G08B25/00;G08B25/14;G08B29/18;G08B3/10;G08B7/06;H04W4/14;H04W4/80;H04W4/90,PARK NAM JU,20231229,2023,KR,2,True,True,True
96464707,CN-223148440-U,Subway door protector,,"The utility model relates to the technical field of subway door protection, and discloses a subway door protection device which comprises a carriage, wherein a door is slidably arranged on the front surface of the carriage, a mounting frame is fixedly arranged at the bottom of the carriage, an extension mechanism is arranged in the mounting frame, and a rotating mechanism is arranged in the mounting frame. Make the connecting rod promote the sliding plate inside the mounting bracket and slide, and then push out the sliding plate inside the mounting bracket, make the sliding plate shelter from the gap of door and platform, prevent that the passenger from getting on and off the bus, a foot steps on the nothing and takes place unexpected, and prevent that article from dropping inside the clearance, reduce the emergence of potential safety hazard, improve passenger from car security, the actuating cylinder, the cylinder promotes the upset board, make the sliding seat slide in the upset board bottom, make expansion plate and upset board carry out the bearing diagonal operation, be convenient for wheelchair passenger get on the bus, need not the staff to lift the wheelchair and put into the carriage inside, make things convenient for the wheelchair passenger current.",,,B61D23/02;B61K13/04,UNIV CENTRAL SOUTH,20241030,2024,CN,1,True,True,False
96550209,KR-102835282-B1,Multi-system push-pull door lock for fire doors,방화문용 멀티시스템 푸시풀 도어락,"The present invention relates to a multi-system door lock for a fire door, which can fix at least an upper end or a lower end including the middle of a door, thereby preventing the door from being easily opened even if an external force is applied, preventing the door from being deformed in the event of a fire to prevent the spread of flames and smoke due to the deformation of the door, preventing the door from being easily opened only by pushing a lever part with a hand or a body part (push) without requiring a separate operation of opening the door by rotating or up and down a handle of the existing door lock in an emergency evacuation requiring a fire or an emergency, thereby being more convenient for not only ordinary users but also the disabled to be used for emergency evacuation. In particular, the purpose of the present invention is to provide a multi-system door lock for a fire door, which has a simplified structure, thereby being easy to manufacture and preventing frequent breakdowns.","본 발명은 도어의 중간을 포함하여 적어도 상단 또는 하단을 고정시킬 수 있게 함에 따라 외부로부터 무력이 가해져도 쉽게 개방되지 않을 수 있을 뿐만 아니라, 화재 발생 시 도어의 변형을 방지하여 도어 변형에 따른 화염 및 연기의 확산을 방지하고 화재나 긴급을 요하는 비상 대피 시 기존 도어락의 핸들을 상하 또는 회전해서 문을 개방하는 별도 작동이 필요치 않고 손이나 신체 일부로 레버 부분을 미는 동작(PUSH)만으로 도어가 쉽게 개방되어져 일반 사용자 뿐 아니라 장애인이 긴급비상 대피용으로 사용하기에 더욱 편리한 방화문용 멀티시스템 도어락으로, 특히 구조를 단순화함에 따라 제작이 용이할 뿐만 아니라 잦은 고장을 방지할 수 있는 방화문용 멀티시스템 도어락을 제공하는 것을 목적으로 한다.",E05B1/003;E05B53/003;E05B63/0065;E05B63/14;E05B63/22;E05B65/10;E05C9/085;E05C9/24;E06B5/167,E05B1/00;E05B53/00;E05B63/00;E05B63/14;E05B63/22;E05B65/10;E05C9/08;E05C9/24;E06B5/16,CHOI GYOO SUNG,20250403,2025,KR,1,True,True,False
96579253,KR-102839306-B1,Stairs Transforming into Lift for the mobility impaired,이동약자를 위한 리프트로 변신하는 계단,"A stair transforming into a lift comprises: a variable lifting unit(100) which is returned to the stair form after being ascended and descended; a front cylinder(200) which is formed to be able to be extended and descended in the vertical direction; a rear cylinder(300) which is formed to be able to be extended and descended in the vertical direction; a lifting guide(400) which guides the variable lifting unit to be smoothly ascended and descended; a safety system part(500) which prevents the smooth entry and safety accident of a passenger; and a controller which converts the variable lifting unit and lifts the front cylinder(200) and the rear cylinder(300) by the operation of a switch or a sensor. According to the present invention, since independent movement of the front cylinder and the rear cylinder is possible, there is an effect of greatly reducing a flat platform conversion time for lifting and lowering.","본 발명은 사용시 안정감이 향상되고, 사용을 위한 대기 시간이 절감되며, 설치를 위한 공간이 절감되는 이동약자를 위한 리프트로 변신하는 계단장치에 관한 것이다. 본 발명에 따른 이동약자를 위한 리프트로 변신하는 계단은, 바닥면인 제1층과, 상기 제1층에 비해 높은 위치인 제2층과의 경계에 설치되며, 복수개의 발판부재가 계단 형태를 형성하는 계단 상태와 탑승체 탑승 후 수직 승,하강 가능한 평면 플랫폼 상태로 변환되면서 계단 또는 리프트로 사용 가능한 리프트로 변신하는 계단에 있어서, 평상시에는 계단 형태로 구성되나 전면실린더 및 후면실린더의 구동에 의해 플랫폼 상태로 변화하여 전면실린더 및 후면실린더의 작동에 의해 승강 또는 하강 후 다시 계단 형태로 복귀되는 가변승강부와, 상기 가변승강부의 전면 단부 양측에 배치되어 수직 방향으로 신축 작동이 가능하게 구성된 전면실린더와, 상기 가변승강부의 후면 소정 위치에 배치되어 수직 방향으로 신축 작동이 가능하게 구성된 후면실린더와, 가변승강부의 후면 양측에서 수직 방향으로 구비되어 가변승강부의 승,하강이 원활하도록 안내하는 승강가이드와, 가변승강부의 전면에 설치되어 탑승체의 원활한 진입 및 안전사고를 방지하는 안전장치부와, 전면실린더 및 후면실린더를 스위치 조작 또는 센서 작동에 의해 가변승강부를 변환 및 승강시키는 제어부를 포함하는 것을 특징으로 한다. 또한 본 발명에 따른 이동약자를 위한 리프트로 변신하는 계단은, 바닥면인 제1층과, 상기 제1층에 비해 높은 위치인 제2층과의 경계에 설치되며, 복수개의 발판부재가 계단 형태를 형성하는 계단 상태와 탑승체 탑승 후 수직 승,하강 가능한 평면 플랫폼 상태로 변환되면서 계단 또는 리프트로 사용 가능한 리프트로 변신하는 계단인 제1작동체 및 제2작동체가 연속으로 설치되는 리프트로 변신하는 계단에 있어서, 제1층에 설치되는 제1작동체와, 제1작동체의 후면 단부에 배치되는 이동식연결대와, 이동식연결대의 상부 후면에 설치되는 제2작동체와, 제2작동체의 하부에 배치되는 고정받침대와, 제1작동체 및 제2작동체를 스위치 조작 또는 센서 작동에 의해 변환 및 승,하강시키는 제어부를 포함하는 것을 특징으로 한다.",A61G3/06;B66B9/0807;B66B9/0853;B66B9/0869,A61G3/06;B66B9/08,UNIVERSAL KK,20250422,2025,KR,1,True,True,False
96901313,KR-20250129386-A,Mattress apparatus capable of enhancing air comfort to user,사용자에게 공기 쾌적성 부여가 가능한 매트리스 장치,"Provided is a mattress device capable of providing air comfort to a user, comprising: a three-dimensional network structure mat; and an edge-type airtight cover surrounding a side wall part of the three-dimensional network structure mat, wherein the edge-type airtight cover is configured such that air current inlet/outlet openings capable of detachably mounting an air injection fan motor are formed to face the side wall part of the mat. According to the present invention, air comfort may be provided to a mattress user, and in particular, air comfort may be provided to a mattress user such as the elderly or a patient requiring bedsore prevention.","본 발명은 사용자에게 공기 쾌적성 부여가 가능한 매트리스 장치에 있어서, 입체 망상구조체 매트와, 입체 망상구조체 매트의 측벽부를 빙두르는 테두리형 기밀커버와, 테두리형 기밀커버의 내벽면을 길이방향으로 따라가며 설치되며 선단이 막혀있고 길이방향으로 공기 미세분출공들이 배열 형성되어서 유입된 외부공기를 입체 망상구조체 매트 사방벽면으로부터 매트내 망상공간부측으로 고르게 분사하는 내입 공기분사튜브와, 내입 공기분사튜브와 연통되며 외부공기를 상기 내입 공기분사튜브를 통해 입체 망상구조체 매트내 망상공간부로 강제 주입시키는 공기주입용 팬모터와, 직포로서 공기투과 저항성을 가지며 테두리형 기밀커버가 착용된 입체망상구조체 매트를 피복하는 외피 직포커버로 구성하되, 공기주입용 팬모터에 의한 외부공기가 내입 공기분사튜브의 공기 미세분출공을 통해서 입체 망상구조체 매트로 강제 주입되게 하고 테두리형 기밀커버의 기밀성과 외피 직포커버의 공기투과 저항성에 기인된 입체 망상구조체 공간부에서의 전체적인 공기내압 증가로 강제주입된 외부공기가 입체 망상공간부에 균일분포되게 한 다음 테두리형 기밀커버의 공기 가둠으로부터 대피가 가능한 입체망상구조체 매트 상방부의 외피 직포커버 상면측 직포 틈새를 통해 입체 망상구조체 공간부의 공기가 매트 외부로 유출되게 형성하여 매트리스 사용자에게로의 고른 공기 전달이 가능토록  한 것이다.",A47C21/044;A47C21/048;A47C27/007;A47C31/006;A61G7/057,A47C21/04;A47C27/00;A47C31/00;A61G7/057,KIM IN SIK;KIM JUNG HOON,20240222,2024,KR,1,False,True,False
96915659,KR-20250127473-A,Bumper handrail to guide fire evacuation,화재 대피용 범퍼 핸드레일,"A bumper handrail for fire evacuation is disclosed. The bumper handrail for fire evacuation according to the present invention relates to a handrail that assists the movement of a mobility-impaired person moving in a passage and buffers a collision between a moving object such as a wheelchair and a wall surface, and comprises: a body installed in a horizontal direction along a wall surface to buffer the collision of the moving body; a sensor unit installed in passages on both left and right sides with respect to the body to detect fire and toxic gas; a direction indicating unit installed on the body to visually indicate the side opposite to the direction of occurrence when fire or toxic gas is detected by the sensor unit so as to guide evacuation; and an actuator coupled to the body in a state of being installed on the wall surface to raise or lower the body step by step in proportion to the concentration of the toxic gas detected by the sensor unit. According to the present invention, an evacuee can easily evacuate to a safe area by being visually and clearly guided to a safe evacuation direction and posture that avoid the points at which fire and toxic gas are generated, and casualties caused by fire can be minimized.","화재 대피용 범퍼 핸드레일이 개시된다. 본 발명에 따른 화재 대피용 범퍼 핸드레일은, 통로를 이동하는 보행약자의 거동을 도와주고, 휠체어와 같은 이동체와 벽면 간의 충돌을 완충하는 핸드레일에 관한 것으로서, 벽면을 따라 수평방향으로 설치되어 상기 이동체의 충돌을 완충하는 바디; 상기 바디를 기준으로 좌우 양측의 통로에 각각 설치되어 화재 및 유독가스를 감지하는 센서부; 상기 센서부에 의한 화재 또는 유독가스의 감지시 발생 방향의 반대편을 시각적으로 지시하여 대피를 안내하도록, 상기 바디에 설치되는 방향지시부; 및 벽면에 설치된 상태로 상기 바디에 결합되어 상기 센서부에 의해 감지된 유독가스의 농도에 비례하여 상기 바디를 단계별로 상승 또는 하강시키는 액추에이터를 포함하는 것을 특징으로 한다. 본 발명에 의하면, 피난자는 화재와 유독가스의 발생지점을 회피하는 안전한 대피방향과 자세를 시각적으로 명확히 안내받아 안전지역으로 손쉽게 대피할 수 있고, 화재로 인한 인명피해는 최소화될 수 있게 된다.",E04F11/1808;E04F2011/187;G08B21/18;G08B5/36,E04F11/18;G08B21/18;G08B5/36,UNIV NAT INCHEON RES & BUSINESS FOUND,20240219,2024,KR,2,True,True,False
96993732,JP-2025133943-A,Ai character cooperative taxi delivery application system,,"To solve the problems that functions of notification and vehicle re-allocation, etc. are distributed in a conventional vehicle allocation application, and it is hard for an elderly person and a handicapped person to use the application, and a disaster response is also difficult.SOLUTION: The present invention provides a universal vehicle allocation application which can be intuitively used at ease by integrating functions of state notification, guidance, emotional expressions, and re-allocation suggestions, etc. by an interactive AI character, and allowing UX control by attributes, price display adjustment, and evacuation guidance in the case of a disaster in a mobile application for performing vehicle allocation and delivery support.SELECTED DRAWING: None",,,G06Q50/47;G08G1/123,MARUYAMA TAKAYO,20250713,2025,JP,1,False,True,False
97557574,KR-102874498-B1,Braille block system for guiding the evacuation of the disabled in deep underground road in case of a disaster,재난발생시 대심도 내의 장애인 대피유도를 위한 점자블록 시스템,,"본 발명에 따른 재난발생시 대심도 내의 장애인 대피유도를 위한 점자블록 시스템은 역사의 재난발생 파라미터를 감지하는 역사상태 감지모듈; 복수의 상기 역사상태 감지모듈이 감지한 파라미터를 수신하여 분석 후, 영상분석, 수치비교, 또는 존재유무를 통해 재난발생을 판단하고 재난이 발생한 경우 해당 재난을 피해 나갈 수 있는 출구를 파악하고 해당 출구로 장애인을 유도할 수 있는 유도신호를 생성하는 역사관제 서버; 및 상기 역사관제 서버로부터 유도신호를 전달받아 방향을 전환을 유도하는 점자블록;을 포함하여 암전상태에서 장애인들의 이동방향을 가이드할 수 있는 효과가 있고, 그로 인해 인명피해를 줄일 수 있는 효과가 있다.",A61H2003/065;A61H2201/0188;A61H2201/1207;A61H2201/1481;A61H2201/169;A61H2201/5082;A61H2201/5089;A61H3/061;A61H3/066;G06Q50/22,A61H3/06;G06Q50/22,KOKURYO ENG CO LTD,20241129,2024,KR,1,True,True,False
98233015,CN-121279644-A,Intelligent scheduling and decision scheme generation method for shared wheelchair,,"The invention discloses an intelligent scheduling and decision scheme generating method for a shared wheelchair, and aims to solve the problems of low scheduling efficiency and unreasonable resource allocation in the prior art. The method comprises the following steps of demand analysis and subtask decomposition, namely decomposing the demand of shared wheelchair service through a clustering analysis method, extracting characteristic parameters such as resource demand, time window, site association degree and the like, classifying similar tasks into one subtask through a density clustering algorithm, constraint setting, namely setting hard constraint and soft constraint, quantifying the soft constraint through a fuzzy mathematical method, dynamically adjusting weights to balance service quality and operation cost, and generating and evaluating a scheme, namely generating a multi-target candidate scheduling scheme through a non-dominant sorting genetic algorithm. The invention can obviously improve the service response speed of the wheelchair, shorten the waiting time of users, optimize the cost distribution, improve the satisfaction degree of the users and reduce the operation risk.",,,G06F18/23211;G06Q10/0631;G16H40/20,LANGFEI MEDICAL TECH JIANGSU CO LTD;XUZHOU DEYIXIN ENG MACHINERY CO LTD;Xuzhou Central Hospital,20250905,2025,CN,1,False,False,True
98494404,JP-2026019570-A,Information providing system,,"To provide an information providing system capable of providing useful information to a wheelchair user when an earthquake occurs and the wheelchair user is unloaded from a car.SOLUTION: The information providing system 1 includes a control device 6 and a position management device 3. The position management device 3 includes a position detection unit 21, a determination unit 22, a decision unit 23, and a notification control unit 24. When the determination unit 22 determines that the wheelchair user has descended to the evacuation floor, the determination unit 23 determines information to be provided to the wheelchair user based on the operation information from the control device 6. The notification control unit 24 causes the information determined by the determination unit 23 to be notified from the terminal 8 of the wheelchair user.SELECTED DRAWING: Figure 1",,,B66B1/14;B66B1/34;B66B3/00;B66B5/00;B66B5/02,MITSUBISHI ELECTRIC BUILDING SOLUTIONS CO LTD;MITSUBISHI ELECTRIC BUILDING SOLUTIONS CORP,20240726,2024,CN;JP,2,False,True,False
98649280,KR-20260013706-A,Indoor disaster evacuation guidance application for safety-vulnerable groups,안전취약계층을 위한 실내 재난대피 안내 어플리케이션,,"본 발명은 안전취약계층을 위한 실내 재난대피 안내 어플리케이션에 관한 것으로서 어플리케이션 알고리즘에 의하여 실내 재난이 발생했을 때 재난을 피해 대피할 수 있게 하고, 어플리케이션 UI/UX에 의하여 지도를 보기 어려워하고, 재난 상황에서 위치 분간이 어려운 사용자를 위해 쉽게 대피경로를 파악할 수 있게 하고,  각 건물 내부 곳곳에 배치된 건물 내부 앵커 센서에 의하여 재난 상황을 실시간으로 파악해 어플리케이션에 정보를 전달해 사용자가 어느 위치에 있는지 정확한 위치를 특정하기 어려운 GPS 문제점을 해소하도록 함으로써 기존의 실내에서 사용자가 어느 위치에 있는지 정확한 위치를 특정하기 어려운 문제점을 해소 하도록 한 것이다. 즉 본 발명은, 내비게이션에 있어서 실내에 재난이 발생했을 때 재난을 피해 대피하기할 수 있게 재난 발생지를 건물 내부 앵커 센서를 통해 정보를 전달받고 사용자 기준 최적의 탈출 경로를 계산한 어플리케이션 알고리즘, 지도를 보기 어려워하고, 재난 상황에서 위치 분간이 어려운 사용자를 위해 쉽게 대피경로를 파악할 수 있게 어플리케이션 우측 상단에는 건물 사진과 사용자 위치를, 어플리케이션 중앙에는 사용자 기준 대피 경로를 건물 사진과 화살표로 표시한 어플리케이션 UI/UX, 재난 상황을 실시간으로 파악해 어플리케이션에 정보를 전달하기 위해  사용자의 스마트폰과 건물 내부 앵커 센서를 BLE방식으로 통신 각 건물 내부 곳곳에 배치한  각 건물 내부 곳곳에 배치된 건물 내부 앵커 센서로 구성한 것이다. 따라서, 본 발명은 어플리케이션 알고리즘에 의하여 실내 재난이 발생했을 때 재난을 피해 대피할 수 있게 하고, 어플리케이션 UI/UX에 의하여 지도를 보기 어려워하고, 재난 상황에서 위치 분간이 어려운 사용자를 위해 쉽게 대피경로를 파악할 수 있게 하고,  각 건물 내부 곳곳에 배치된 건물 내부 앵커 센서에 의하여 재난 상황을 실시간으로 파악해 어플리케이션에 정보를 전달해 사용자가 어느 위치에 있는지 정확한 위치를 특정하기 어려운 GPS 문제점을 해소하도록 함으로써 기존의 실내에서 사용자가 어느 위치에 있는지 정확한 위치를 특정하기 어려운 문제점을 해소하도록 한 효과를 갖는 것이다.",G01C21/206;G06Q50/26;G06Q50/40;H04W4/80,G01C21/20;G06Q50/26;H04W4/80,JUNG YU SUNG,20240722,2024,KR,1,False,True,False
98755386,CN-121545744-A,Early warning and collaborative rescue scheduling method for health risks in middle-aged and elderly travel,,"The application discloses an early warning and collaborative rescue scheduling method for health risks in middle-aged and elderly people traveling, and relates to the technical field of data processing, comprising the following steps of 1, continuously collecting vital sign data, movement data and geographic position data of middle-aged and elderly people in a wearable terminal and a mobile terminal, generating a middle-aged and elderly people traveling health state minute-level sample sequence and executing basic risk level division; step 2, constructing an individual Gaussian process time sequence health risk time curve model in a server based on a middle-aged and elderly travel health state minute-level sample sequence, calculating a system condition risk value index and executing collaborative rescue scheduling decision vector search, and step 3, realizing early warning and collaborative rescue scheduling of middle-aged and elderly travel middle-aged health risks, wherein accuracy of risk prediction, sensitivity of space identification and systematicness of scheduling strategies can be improved simultaneously, so that early warning, timely rescue and more reasonable resource allocation are realized.",,G06Q10/06311;G06Q50/265;G16H50/20;G16H50/30,G06Q10/0631;G06Q50/26;G16H50/20;G16H50/30,SHENZHEN NUANXIN INT TRAVEL SERVICE CO LTD,20251124,2025,CN,1,False,False,True
98821853,KR-102927825-B1,High-pitched clef observatory structure,높은음자리표 전망대 구조물,,"본 발명은 전망대 구조물에 있어서, 상기 전망대의 전체 구조물은 높은음자리표 형상을 갖는 2단 구조물의 낮은 표고의 플랫폼(Platform)으로 설치 시공되며,; 낮은 경사도를 갖고 관람객들의 중(重)하중에 견딜 수 있도록 지름 457.2mm×두께 12mm의 규격을 갖는 원형강관(421)을 갖는 하드우드지지대와 하드우드데크로 시공되는 제1 나선형 보행로(110)의 상단부와 연결되며, 소수의 관람객들이 자연경관을 전망하기 위한 원형타입의 제1 전망대(100)와; 상기 제1 전망대(100)와 연결되며, 높은 경사도를 갖고 지지수단(400)에 고정 설치되는 나선형 거더(310)와 가로보(320) 위에 벌집타입의 스틸 그레이팅(Steel Grating, 211)으로 시공되는 제2 나선형 보행로(210)의 상단부와 연결되며, 다수의 관람객들이 자연경관을 전망하기 위한 반원형타입의 제2 전망대(200)와; 상기 제2 전망대(200)와 연결되는 제2 나선형 보행로(210)를 지지하기 위한 나선형 거더(Girder, 310)와 상기 나선형 거더(310)에 용접되고, 상기 제2 나선형 보행로(210)에 벌집타입의 스틸 그레이팅(211)을 고정 설치하기 위한 아연도각관(321)을 사용한 다수개의 가로보(320)를 갖는 상판구조물(300)과; 상기 상판구조물(300)의 나선형 거더(310)와 다수개의 가로보(320)를 갖는 제2 나선형 보행로(210)의 상판을 지지하기 위해 지름 457.2mm×두께 12mm의 규격을 갖는 원형강관(421)을 갖는 제1 지지대(410)와 상기 제2 나선형 보행로(210)의 상단부와 연결되는 반원형타입의 제2 전망대(200)의 상판을 지지하기 위해 지름 457.2mm×두께 12mm의 원형강관(421) 4개로 설치되며, 상기 4개 원형강관(421)의 배치 간격과 수직 균형을 유지시키는 수평가세(422)와 상기 제2 전망대(200)의 상판의 가장자리를 지지하는 대각가세(423)를 갖는 제2 지지대(420)를 구비하며, 어린이를 동반한 유모차와 장애인의 휠체어가 용이하게 오르내릴 수 있는 높이로 가공 제작되는 지지수단(400)과; 상기 원형타입의 제1 전망대(100)의 제1 하드우드데크(130)와 상기 반원형타입의 제2 전망대(200)의 제2 하드우드데크(230)에 설치되는 제1 쉼터(510)와 제2 쉼터(520)의 기능을 갖는 타원형 타입의 장의자(500)를 포함하며, 또한, 상기 반원형 타입의 제2 전망대(200)로 탐방객이 진입할 경우, 국립공원공단에서 제공되는 안내정보를 제공하고 탐방객의 스마트 폰의 충전과 조명기능을 수행하는 탐방서비스제공수단(600)과; 상기 탐방서비스제공수단(600)으로 전력을 공급하기 위해 태양광을 받아 직류를 발전하는 태양광패널(710)과 상기 태양광패널에서 발전된 직류전원을 저장 및 변환하기 위한 에너지저장장치(720)와 상기 저장된 직류전원을 DC-AC인버터(724)를 통해 상기 제1 전망대(100) 및 제2 전망대(200)와 제1 나선형 보행로(110) 및 제2 나선형 보행로(210)와 전망대 주변에 하나 이상의 다수개로 설치되는 LED경관조명등(740)에 교류전력을 공급하는 태양광발전수단(700)이 더 포함되는 것을 특징으로 하는 높은음자리표 전망대 구조물을 구현함으로써, 국립공원과 같은 산 능선 개활지나 넓은 시야가 확보되는 해안가 등에 낮은 표고로 설치되어 취약자의 편의를 제공하며, 탐방서비스제공수단과 태양광발전수단을 통한 전망대 주변의 자연환경보호와 국립공원안내정보 제공으로 안전사고를 사전에 예방하고, 긴급 상황발생시 신속한 조치가 가능한 효과가 있다.",E01C15/00;E04F11/181;E04H1/1205;E04H3/10;F21S9/032;F21V23/023;F21V33/00;G06Q50/26;H02S40/32;H02S40/38;H04W4/80,E01C15/00;E04F11/18;E04H1/12;E04H3/10;F21S9/03;F21V23/02;F21V33/00;G06Q50/26;H02S40/32;H02S40/38;H04W4/80,KOREA NAT PARK SERVICE;TONGYEONG CITY,20250331,2025,KR,1,True,True,False
98933177,KR-20260024817-A,Safety shoes for the elderly,노인용 안전 신발,,"본 발명은 노인용 안전 신발에 관한 것이다. 
또한, 본 발명은 갑피 또는 밑창에 내장되고 횡단보도 신호등과 통신하여 횡단보도 신호등에서 현재 표시되는 보행 신호 또는 정지 신호를 인식하는 신호등 인식부와, 밑창의 미드솔에 배치되어 외부로 노출되고 적색 또는 녹색으로 점등되는 표시부와, 갑피에 내장되고 사전에 설정된 음향 경보, 보행 안내 멘트 또는 보행 금지 멘트를 소리로 출력하는 안내부와, 신호등 인식부에서 인식한 신호에 기반하여 표시부와 안내부를 제어하되, 보행 신호가 인식되면 표시부를 제어하여 녹색으로 점등되게 하고 안내부를 제어하여 보행 안내 멘트를 출력하게 하며, 정지 신호가 인식되면 표시부를 제어하여 적색으로 점등되게 하고 안내부를 제어하여 보행 금지 멘트를 출력하게 하는 제어부를 구비함으로써, 노인이 횡단보도 신호등의 신호를 정확하게 인지할 수 있게 하며, 이로 인해, 보다 안전하게 횡단보도를 건널 수 있게 한다.",A43B3/34;A43C11/004;A43C11/06;G08B21/0453;G08B7/06;G08G1/005;G08G1/095;G08G1/162;G08G1/166;H04W4/021,A43B3/34;A43C11/00;A43C11/06;G08B21/04;G08B7/06;G08G1/005;G08G1/095;G08G1/16;H04W4/021,GYEONGBUK COLLEGE OF HEALTH IND ACADEMY COOPERATION GROUP,20240814,2024,KR,2,True,False,True
98935984,KR-20260022678-A,Magnetic Guidance Device for Emergency Evacuation of Visually Impaired Individuals,자성을 활용한 시각장애인 대피용 유도장치,,"본 발명에 따른 자성을 활용한 시각장애인 대피용 유도장치는, 건축구조물의 보행로에 설치되어 시각장애인의 보행경로를 안내하며, 기 설정된 위치에 구비되는 자석부를 포함하는 복수의 유도점자블록 및 사용자가 그립 가능하게 형성되며, 하단에 자성체인 자성부재가 구비되어 상기 자석부의 자성에 의해 사용자가 인력을 감지 가능하게 형성되는 지팡이를 포함하며, 상기 복수의 유도점자블록은, 건축구조물의 보행로에 복수 개가 연속적으로 설치되며, 각각의 자석부가 대피구를 향해 방향성을 가지도록 배열되어 대피경로를 안내한다.",A45B9/04;A61F9/08;A61H2003/063;A61H2201/0157;A61H2201/0188;A61H2201/50;A61H3/061;A61H3/066;A61H3/068;E01C5/065,A45B9/04;A61F9/08;A61H3/06;E01C5/06,CATHOLIC KWANDONG UNIV INDUSTRY COOPERATION FOUNDATION,20240808,2024,KR,1,False,True,False
99481902,KR-20260048741-A,Method and system for identifying nudge factors from the perspective of the elderly for evacuation situations inside facilities,시설 내부에서의 피난 상황을 위한 고령자 관점에서의 넛지 요소 규명 방법 및 시스템,,"본 발명은, 시설 내부 이미지를 수신하고, 시설 내부 이미지에 미리 정해진 복수의 넛지 요소들을 매핑하여 넛지 이미지를 생성하며, 시설 내부 이미지 및 넛지 이미지 간의 비교를 기반으로, 넛지 이미지에 매핑된 복수의 넛지 요소들 중, 시설 내부에서의 피난 상황에 유효한 하나 이상의 넛지 요소를 특정하는, 넛지 요소 규명 방법을 제공한다.",G06T19/00;G08B21/02;G08B31/00,G06T19/00;G08B21/02;G08B31/00,DONGGUK UNIV WISE CAMPUS INDUSTRY ACADEMY COOPERATION FOUNDATION;KYUNGPOOK NAT UNIV IND ACADEMIC COOP FOUND,20241004,2024,KR,1,False,True,False
99511551,KR-20260049413-A,Fire notification door ramp,화재알림 문턱경사로,,"(1)기술분야 - 센서들의 감지를 통하여 화재를 감지 
(2)해결하려는 과제 - 화재 발생시 대피를 보다 수월하게 할 수 있게 
(3)과제의 해결 수단 - 불빛이 나오는 경사로를 사용하여 수월한 탈출 
(4)효과 등 - 거동이 불편한 취약계층의 탈출을 돕고 화재발생을 수월하게 감지하여 모두가 화재로부터 쉽게 탈출할 수 있도록 도와주는 효과",F21Y2115/10;G08B17/06;G08B17/10;G08B21/182;G08B3/10;G08B5/36,F21Y115/10;G08B17/06;G08B17/10;G08B21/18;G08B3/10;G08B5/36,AN HEE JAE;HONG DONG WOO;KIM CHAN YONG;KIM JONG WON,20241005,2024,KR,1,False,True,False
