publication_number,application_number,country_code,kind_code,family_id,filing_date,priority_date,publication_date,grant_date,title_en,title_ko,abstract_en,abstract_ko,claims_en,cpc_codes,ipc_codes,assignees,assignee_countries,hit_context,hit_cpc
KR-20130008134-A,KR-20110068657-A,KR,A,47838293,20110712,20110712,20130122,0,Fire safety system with led,Ｌｅｄ를 이용한 소방안전시스템,"PURPOSE: A safety of fire fighting system using LED is provided to easily prevent accidents that can happen to fire fighters in advance. CONSTITUTION: A safety of fire fighting system using LED comprises a power supply unit, a wireless transceiver, a fire prevention cloth(10) equipped with a control unit controlling LED, an opening and closing valve(210), a pressure sensing part(220), a wireless transceiver(230), and an air respirator part(20) equipped with a control unit(260). [Reference numerals] (120,240) Power supply; (130) Wireless transmission unit; (140,260) Control unit; (210) Opening and closing valve; (220) Pressure sensing part; (230) Wireless transceiver; (250) Detection unit; (310) Pairing unit","본 발명은 LED를 이용한 소방안전시스템에 관한 것으로서, 소방관 본인의 위치와 소방관 본인이 착용하고 있는 공기호흡기부의 공기잔량을 주위 동료 소방관에게 보다 용이하게 알릴 수 있어 소방관에게 발생될 수 있는 사고를 미연에 보다 용이하게 방지할 수 있는 효과가 있다.",,A62B9/006;A41D13/0025;A62B17/003,A62B18/08;A62B17/00;A62B9/00,PARK SUNG JIN,KR,True,True
CN-104802963-A,CN-201510234538-A,CN,A,53688273,20150508,20150508,20150729,0,Triangular folding type life saving apparatus,,"The invention discloses a triangular folding type life saving apparatus which comprises a first connecting plate, a second connecting plate, a third connecting plate, sealing plates and a breather pipe, wherein the first connecting plate, the second connecting plate and the third connecting plate are sequentially hinged; the sealing plates are arranged at two ends of the triangular folding type life saving apparatus; the first connecting plate and the third connecting plate are connected by a movable hasp; sealing rubber is arranged at the joints of the first connecting plate, the second connecting plate and the third connecting plate; the sealing plates are triangular; the breather pipe is connected with the third connecting plate. The triangular folding type life saving apparatus disclosed by the invention has the advantages that the three plates and soft rubber positioned at two ends of the three plates form a triangular prism-shaped sealing cavity; a person in the triangular prism-shaped sealing cavity can be prevented from being under the blazing sun or the body temperature can be prevented from being reduced excessively fast; the breather pipe of which an opening is formed downwards is arranged, so that the person in distress can normally breath and water is prevented from entering through the breather pipe; a hook is also arranged on the breather pipe and brings convenience to the fishing of a nested life saving apparatus by rescuers; the triangular folding type life saving apparatus is smaller in size after the triangular folding type life saving apparatus is folded and lower in production cost, and facilitates mass configuration of users.",,,,B63C9/06,DONG HOUKUN,,True,False
KR-101529299-B1,KR-20130034806-A,KR,B1,51992007,20130329,20130329,20150629,20150629,Apparatus for processing signal related to cardiopulmonary resuscitation as possible Folding Ambulance couch,구급침상에 사용되는 흉부압박소생 통합처리 장치,,"본 발명은 환자 이송 중 심정지 환자 소생술을 제공할 수 있도록 기계식 흉부압박기를 포함한 구급 소생 장비와의 연동이 가능한 구급침상에 사용되는 흉부압박소생 통합처리 장치에 있어서, 상기 구급침상에 위치한 환자의 생체 신호를 감지하여 디지털 신호로 변환하는 생체신호 감지부, 상기 생체신호 감지부로부터 나온 환자의 생체 디지털 신호를 수집하여 신호처리하고, 상기 신호 처리하여 나온 환자의 생체 정보를 실시간으로 등록된 구급 요원 단말기 또는 응급 처리 정보처리장치로 전송되도록 제어하는 제어부 및, 상기 제어부의 제어하에 상기 신호 처리하여 나온 환자의 생체 정보를 상기 등록된 구급 요원 단말기 또는 응급 처리 정보처리장치로 전송하는 통신 인터페이스 모듈을 포함하여 이루어진 구급침상에 사용되는 흉부압박소생 통합처리 장치에 관한 것으로, 기존 구급 침상을 이용한 환자 이송 중에 효율적인 심정지 환자 소생술이 제공되지 않으므로 인해 발생하는 문제점을 해결할 수 있고, 인간공학적인 자동 구동형 구급침상과 연동하여 구급활동 중 작업위험도가 높은 환자 이송 업무에 대한 구급대원의 안전성을 보장하고 직업성 근골격계 질환 발생의 예방에 기여할 수 있는 효과가 있다.",,A61B5/1455;A61B5/00;A61B5/08;A61B5/318,A61B5/1455;A61B5/00;A61B5/08;A61B5/0402,,,True,False
US-2010081411-A1,US-28621008-A,US,A1,42057996,20080929,20080929,20100401,0,Multifunctional telemetry alert safety system (MTASS),,"A personnel accountability and situational awareness monitoring communications system for emergency personnel that comprises wireless network-adaptable monitoring devices, peripherals and base station console software for telemetry monitoring of real-time information at a plurality of personnel accountability and situational awareness parameters of critical data about the safety, health and whereabouts of first responders deployed in typically hazardous environments. Exterior incident command, including fire, rescue, safety and other emergency agencies achieve real-time command view and control over a variety of personnel accountability and safety parameters during emergency response activities of personnel wearing the system of the present invention portable device while operating within the wireless network of an emergency incident scene. Configured to be carried by emergency services personnel while deployed on scene, the portable device is a multi-functional sensing and communicating integration of accountability and situational awareness technologies consolidated into one portable, telemetry device. The portable device&#39;s multifunctional integrated technology includes the monitoring, telemetry and alert notification of accountability identification, location, assignment notification, vital signs, ambient vicinity temperature, SCBA status, combustible gas sensing, video streaming, “evacuation” recall signaling, signal tracking and multi-alarm signaling if the wearer has either low remaining air pressure/time, impending thermal breakthrough, low battery power, exceeds the safety threshold for safe heart rate or external body temperature readings, or becomes motionless for a predetermined time period.",,,A62B7/04;G08B21/0269;A62B9/006;G08B21/025;H04M2242/30;H04W76/50;G08B21/04;G08B21/0233;G01N33/0075,H04M11/04,MONTENERO JOHN MATHEW,,True,True
KR-101781347-B1,KR-20160150815-A,KR,B1,60035279,20161114,20161114,20170925,20170925,Method for requesting rescue for a hearing impaired person,청각장애인을 위한 구조 요청 방법,"The present invention relates to a method to request a rescue for a hearing-impaired person. The rescue inducing method for a hearing-impaired person uses: an emergency situation sensing module which is installed in a predetermined building and generates and outputs a preset emergency signal by sensing an emergency situation when an emergency occurs due to a power outage or an earthquake in a building; and at least one emergency exit display which receives an emergency signal by being installed to be separated mutually at a predetermined distance in a building. The present invention comprises: a step of transmitting an emergency signal to at least one emergency exit display in the emergency situation sensing module; a step of broadcasting an alarm signal having preset frequency respectively in the emergency exit display receiving the emergency signal within a predetermined radius; a step in which a user terminal positioned within the radius receives the alarm signal; a step of transmitting a preset rescue signal to the emergency exit display transmitting the alarm signal received in the user terminal; and a step of outputting alarm sound or sound message which notifies the existence of a rescuer within the radius based on the emergency exit display in the emergency exit display receiving the rescue signal. Thus, the present invention has an effect of quickly requesting a rescue by automatically notifying the existence of a hearing-impaired person, who is difficult to properly respond, in the event of a disaster to people around or to a police officer or fire station.","본 발명은 청각장애인을 위한 구조 요청 방법에 관한 것으로, 소정의 건물 내부에 설치되어 건물에 정전 또는 지진으로 인한 비상 상황 발생 시 이를 감지하여 기설정된 비상신호를 생성 및 출력하는 비상상황 감지모듈과, 건물 내부에서 상호 일정 거리 이격되도록 설치되어 비상신호를 수신하는 적어도 하나 이상의 비상구 표시 장치를 이용한 청각장애인을 위한 피난 유도 방법에 있어서, 비상상황 감지모듈에서 비상신호를 적어도 하나 이상의 비상구 표시 장치로 전송하는 단계와, 비상신호를 수신한 비상구 표시 장치에서 각각에 기설정된 주파수를 갖는 경보 신호를 일정 반경 내에서 브로드캐스트하는 단계와, 반경 내에 위치하는 사용자 단말기가 경보 신호를 수신하는 단계와, 사용자 단말기가 수신한 경보 신호를 전송한 비상구 표시 장치로 기설정된 조난 신호를 전송하는 단계와, 조난 신호를 수신한 비상구 표시 장치에서 비상구 표시 장치를 기준으로 반경 내에 조난자가 있음을 알리는 경보음이나 음성 메시지를 출력하는 단계를 포함하는 것을 특징으로 한다. 이에 따라, 재난 상황 발생 시 적절한 대응이 어려운 청각장애인의 존재를 자동으로 주변 사람들에게 알리거나 경찰서나 소방서로 긴급 발신하여 신속하게 구조를 요청할 수 있는 효과가 있다.",,G08B17/00;G08B25/001;G08B3/10;G08B21/10;G08B27/001,G08B17/00;G08B25/00;G08B21/10;G08B27/00;G08B3/10,NAT DISASTER MAN INST,KR,True,False
CN-107359889-A,CN-201710502143-A,CN,A,60273994,20170627,20170627,20171117,0,Fire fighter&#39;s alignment system based on Internet of Things,,"The invention discloses a kind of fire fighter&#39;s alignment system based on Internet of Things, including：Information terminal, it includes image collection assembly, voice talk module, intelligence sensor；For gathering information；Information receives and Transmission system, for sending and receiving information by communication；And floor manager terminal, for receiving, transmitting and display data.The present invention provides a kind of fire fighter&#39;s alignment system based on Internet of Things, the Real-time Feedback of the information such as accident site environment, personnel positions and vital sign is realized, the safety of science decision commander and live emergency management and rescue personnel for accident floor manager provide technological means.",,,H04W4/025;H04N7/18;H04L67/025;H04W4/10;H04L67/52;H04L67/12;H04B1/3833,H04W4/02;H04N7/18;H04W4/10;H04B1/3827;H04L29/08,SUZHOU TEAMAY NETWORK TECH CO LTD,,True,False
CN-111383562-A,CN-201811610745-A,CN,A,71220787,20181227,20181227,20200707,0,Disabled person&#39;s fire emergency light,,"The invention discloses a fire-fighting emergency indicator lamp for disabled people, which comprises a lamp body, a lamp shell, a pressure sensing ground mat, a power supply, an alarm, a sound generator and a control device. According to the floor mat with the pressure sensing function, when a fire disaster occurs, the emergency indicating lamp is provided with the power supply for supplying power, the lamp body flickers, the pressure sensing device senses whether a person is positioned on the pressure sensing device, when the person is positioned on the pressure sensing device, the control device reasonably plans the escape route and carries out voice broadcasting, the visually impaired and deaf-mute people are effectively guided to escape, and the alarm can be used for sending distress signals and position signals when the person cannot escape by means of self force, so that the firefighters can rescue, and casualties can be reduced.",,,G09F27/004;G08B7/062,G09F27/00;G08B7/06,YU XUEMEI,,True,False
US-2025185985-A1,US-202519060596-A,US,A1,87560086,20250221,20220529,20250612,0,Opiod overdose alert wearable device method and devices,,"The embodiments disclose a method including: monitoring vital signs of an opioid patient, providing chemical identifying and concentration detection of a drug the opioid patient is preparing to inject, analyzing the opioid patient&#39;s vital signs to determine an overdose condition regardless of the patient consciousness state, tracking the opioid patient&#39;s GPS location, transmitting automatically an overdose emergency alert; sending the automatic opioid overdose emergency alert to the closest first responders, and providing the opioid patient&#39;s ID, GPS location, vital signs, potential drug overdosed, and known drug use in the automatic opioid overdose emergency alert to the closest first responders.",,,G16H15/00;H04W4/02;A61B5/02055;A61B5/0022;A61B5/0816;A61B5/024;A61B5/681;A61B5/746;A61B5/1112;A61B5/117;A61B5/4833;A61B5/747;A61B5/7282;A61B5/4845;A61B5/02438;A61B5/01;G16H40/63;G16H50/20;G16H40/67;G16H20/17,H04W4/02;G16H15/00;A61B5/117;A61B5/11;A61B5/08;A61B5/024;A61B5/0205;A61B5/00,GJN INT LLC,US,True,False
CN-103745572-B,CN-201310743907-A,CN,B,50502586,20131230,20131230,20170926,20170926,"A kind of portable lifesaving device, lifesaving management system and a lifesaving method",,"The invention discloses a kind of portable lifesaving device, including：Locating module, communication module, prompting module, emergency module；The locating module includes GPS positioning unit and/or GSM positioning units, hydrolocation unit and/or WiFi positioning units, is connected respectively with the communication module, the location information of acquisition is sent into the communication module；The communication module, which is received, to be triggered the prompting module and sends prompting after warning message；When the emergency module is triggered, the identification information and distress signal of the lifesaving appliance are sent to by management system by the communication module.The invention also discloses a kind of lifesaving management system and a lifesaving method.The time that triggering emergency module collects the distress signals to service end can largely be shortened using the present invention, be that rescuer has won the time, so as to provide strong ensure to visitor&#39;s security of the lives and property.",,,,G08B21/08;H04W4/02,,,True,False
CN-206926795-U,CN-201720739641-U,CN,U,61345763,20170623,20170623,20180126,20180126,A kind of Intelligent lifesaving clothing,,"The utility model discloses a kind of Intelligent lifesaving clothing, including waistband and immersion suit, life vest is under non-working condition, and immersion suit is stored in the waistband, and immersion suit is light firm flexible, immersion suit installation GPS positioning system.The utility model overcomes shortcoming and defect present in prior art, easy to use, rapid, the damp proof cold-proof, accurate positioning of release, using wave energy to treat that rescuer provides heat, slow down the life threat that low temperature seawater is brought；Simultaneously using the GPS positioning system of intelligent satellite mechanics of communication, distress signal is transmitted to closest ship and rescue unit, search and rescue ship can further be positioned, can also deploy search and rescue activity even if atrocious weather is run into.",,,,B63C9/20;B63C9/105,UNIV JIANGNAN,,True,False
US-7975729-B2,US-80614610-A,US,B2,38261990,20100805,20070206,20110712,20110712,System and method for in-structure delivery of air for filling of breathing apparatus,,"An in-structure air delivery system comprises a control panel and a plurality of air delivery lines. The control panel is located at a first location in the structure and has an air supply inlet. Each air delivery line extends from the control panel to a different location in the structure. Valves are configured to selectively control the flow of air through each of the air delivery lines. In a method of use, a high pressure air supply such as a portable compressor is connected to the inlet of the system. Air is selectively delivered to one or more of the delivery lines. A control unit is connected to the outlet of the delivery line. Air is supplied to the control unit. The control unit is used to regulate the flow of air to a component of breathing equipment, such as to a firefighter&#39;s breathing equipment air cylinder to be re-filled.",,,A62B99/00;B63C2011/023,A62B7/00;B65B31/00,LISLE RICHARD W,,True,True
CN-212395634-U,CN-202020781050-U,CN,U,74376320,20200513,20200513,20210126,20210126,Positive pressure fire-fighting air respirator,,"The utility model discloses a positive pressure fire-fighting air respirator, which comprises a flame-retardant coat, an air bottle and a face mask; gas cylinder fixing frameworks are arranged at the front and the rear of the flame-retardant clothes; the flame-retardant clothes are internally provided with fillers, the inner side of the flame-retardant clothes is provided with a detachable heating and refrigerating inner container, and a high-brightness guide lamp is arranged at the chest position; the air bottle is a quick-change carbon fiber composite bottle and is fixed with the flame-retardant clothes in a sticking way; an air supply valve is arranged on the face mask, a pipeline is arranged between the face mask and the air bottle, a control panel is arranged on the pipeline, and a pressure alarm device is arranged inside the pipeline. The utility model has the advantages that: the anti-smashing and anti-puncturing filling material filled by high-strength fibers and composite materials and the flame-retardant clothes provided with the detachable heating and refrigerating inner containers effectively avoid the danger to the safety of rescuers and rescued people caused by sudden dropping of sundries and overhigh or overlow temperature in the rescue; the design of more lightweight utilizes intelligently, has guaranteed fire fighter&#39;s personal safety, and is practical convenient, and easy operation can use widely by a large scale.",,,,A62B7/00;A62B18/08;A62B18/10;A62B9/02;A62B18/02;A62B17/00;A62B9/00,SUN YANDONG,,True,True
CN-212755619-U,CN-202021144616-U,CN,U,75074313,20200618,20200618,20210323,20210323,Vital sign monitoring system based on iBeacons,,"The utility model discloses a vital sign monitoring system based on iBeacons, which comprises iBeacons equipment for detecting vital signs of firemen; the information transmission equipment interacts with the iBeacons equipment through Bluetooth; and the information transfer equipment is wirelessly connected with a service platform for providing feedback information for the information transfer equipment. The in-process that the fire fighter carried out the fire control wearing fire-fighting apparatus, iBeacons equipment passes through sensing element and gathers the vital sign of fire fighter and contrast rather than the daily vital sign of memory cell storage, if appear unusually, then send unusual information to service platform through information transfer equipment, service platform stabilizes its health through the fire control position of dispatch fire fighter, if the fire fighter does not have the response feedback, service platform issues the rescue instruction to other fire fighters through information transfer equipment and iBeacons equipment. The utility model discloses can in time discover that the fire fighter is unusual at fire control in-process vital sign to carry out rapid draing, guarantee fire fighter&#39;s safety.",,,,A61B5/00;A61B5/0205,SHANGHAI FIRE RES INSTITUTE OF MEM,,True,False
CN-117085272-A,CN-202310982822-A,CN,A,88769180,20230807,20230807,20231121,0,Fire-fighting linkage control system for high-rise building fire and escape and rescue method,,"The invention provides a fire-fighting linkage control system for high-rise building fire and an escape and rescue method. The fire control coordinated control system includes: wireless positioning terminal I, fire hydrant fire extinguishing system, automatic spray fire extinguishing system, ventilation system, remote fire monitoring center, etc. When a fire disaster occurs, an evacuee needs to wear the wireless positioning terminal I to the chest; if the escape personnel are trapped, the wireless positioning terminal is started, and the wireless positioning terminal sends the positioning information and the distress signal of the trapped personnel to a remote fire monitoring center through the wireless communication module; the remote fire monitoring center analyzes and processes the distribution condition of all trapped people according to the positioning information of all trapped people and the number of distress signals, and guides firefighters to conduct targeted rescue. By adopting the invention, on one hand, high-efficiency fire-fighting linkage can be realized, on the other hand, targeted rescue can be directly carried out according to the position information and the distress signal, the searching process is omitted, the rescue efficiency is greatly improved, and precious time is striven for rescue.",,,A62C3/0214;A62C35/20;A62C31/00;A62C37/00;F24F7/00;F24F11/34;G08B17/00;G08B25/12;G08B25/08;H04W4/02;H04W4/90,A62C3/02;A62C31/00;A62C35/20;A62C37/00;F24F7/00;F24F11/34;G08B17/00;G08B25/08;G08B25/12;H04W4/02;H04W4/90,YINGKOU TIANCHENG FIRE PROT EQUIPMENT CO LTD,,True,False
US-12263010-B2,US-202318233184-A,US,B2,87560086,20230811,20220529,20250401,20250401,Opioid overdose alert wearable device method and devices,,"The embodiments disclose a method including: monitoring vital signs of an opioid patient, providing chemical identifying and concentration detection of a drug the opioid patient is preparing to inject, analyzing the opioid patient&#39;s vital signs to determine an overdose condition regardless of the patient consciousness state, tracking the opioid patient&#39;s GPS location, transmitting automatically an overdose emergency alert; sending the automatic opioid overdose emergency alert to the closest first responders, and providing the opioid patient&#39;s ID, GPS location, vital signs, potential drug overdosed, and known drug use in the automatic opioid overdose emergency alert to the closest first responders.",,,G16H15/00;H04W4/02;A61B5/02055;A61B5/0022;A61B5/0816;A61B5/024;A61B5/681;A61B5/746;A61B5/1112;A61B5/117;A61B5/4833;A61B5/747;A61B5/7282;A61B5/4845;A61B5/02438;A61B5/01;G16H40/63;G16H50/20;G16H40/67;G16H20/17,H04W4/02;G16H15/00;A61B5/117;A61B5/11;A61B5/08;A61B5/024;A61B5/0205;A61B5/00,GJN INT LLC,US,True,False
KR-102596201-B1,KR-20220163496-A,KR,B1,88746240,20221129,20221129,20231101,20231101,Apparatus for mesuring training information and gas information in real time and monitoring system for training situation and gas distribution situation using the same,실시간 훈련정보 및 가스정보 측정 장치 및 이를 이용한 훈련상황 및 가스분포상황 모니터링 시스템,"An embodiment of the present invention provides an apparatus for measuring training information and gas information in real time, which allows trainees to develop response capabilities to actual fire situations and prioritizes the safety of trainees, comprising: a first communication module receiving training information transmitted from at least one device worn by trainees participating in a firefighting drill; a first processor measuring and analyzing in real time at least one piece of information of air consumption information of oxygen cylinders worn by the trainees, location information of the trainees, and heart rate information of the trainees based on the received training information; and a first database in which the information measured and analyzed in real-time is stored in connection with the first processor.","본 발명의 실시예에 의한 소방훈련에 참여하는 훈련대원들이 착용한 적어도 하나의 기기로부터 전송된 훈련정보들을 수신하는 제1 통신모듈; 상기 수신된 훈련정보들에 기반하여 상기 훈련대원들이 착용한 산소통의 공기소모량 정보, 훈련대원들의 위치 정보, 및 훈련대원들의 심박 정보 중 적어도 하나의 정보를 실시간으로 측정 및 분석하는 제1 프로세서; 및 상기 제1 프로세서와 연동하여 상기 실시간으로 측정 및 분석된 정보들이 저장되는 제1 데이터베이스를 포함한다.",,G09B9/00;A61B5/02438;A61B5/14551;A62B7/02;A62B9/006;A62C99/0081;G01N33/0004;G06Q50/10;A61B2503/20,G09B9/00;A61B5/024;A61B5/1455;A62B7/02;A62B9/00;A62C99/00;G01N33/00;G06Q50/10,TAN SAN ELECTRONICS;UNIV HOSEO ACAD COOP FOUND,KR,True,True
KR-20250084757-A,KR-20230173799-A,KR,A,96018352,20231204,20231204,20250611,0,Disaster site safety management integrated control system,재난현장 안전관리 통합관제 시스템,"According to an embodiment of the present invention, an integrated safety management control system for a disaster site comprises: a communication unit receiving air environment information, location information, and biometric information collected from each wearable device worn by rescuers of a group unit entering a ship; and a processor determining whether each rescuer is in danger by using at least one of the air environment information, the location information, and the biometric information.","본 발명의 일 실시예에 따른 재난현장 안전관리 통합관제 시스템은 선박 내로 진입하는 그룹 단위의 구조자들이 착용한 각각의 웨어러블 장치로부터 수집되는 대기환경정보, 위치정보 및 생체정보를 수신하는 통신부; 및 상기 대기환경정보, 상기 위치정보 및 상기 생체정보 중 적어도 하나를 이용하여 상기 각 구조자의 위험여부를 판단하는 프로세서를 포함하는 것을 특징으로 한다.",,G08B25/10;G08B21/04;G08B21/182;G08B21/16;G08B21/14;G08B21/0211;G06Q50/10;G06Q50/26,G08B25/10;G08B21/18;G08B21/16;G08B21/14;G08B21/04;G08B21/02;G06Q50/10;G06Q50/26,WINITECH CO LTD,KR,True,False
CN-115120899-A,CN-202210752223-A,CN,A,83381010,20220628,20220628,20220930,0,Functional firefighter uniform capable of being cooled rapidly and emergency early warning method thereof,,"The invention discloses a functional firefighter uniform capable of quickly cooling and an emergency early warning method thereof, wherein the firefighter uniform is provided with a cooling bag, and the cooling bag supplies air to a firefighter uniform and firefighter trousers through an air supply belt, so that the air circulation effect in a human body is enhanced, and the heat dissipation is improved; the comfort of the human body is improved in a sultry environment, and the harm to the life safety of firemen caused by an overheated operation environment is prevented. The emergency early warning method has the advantages that a fireman masters the environment condition of an operation site in real time, has the effect of early warning for the fireman, can timely and accurately react according to the environment condition, and realizes the early warning of the self emergency condition of the fireman; meanwhile, a centralized control end for remote command is arranged, so that the physiological parameters and the position information of the firemen can be mastered and known in real time, the current physical and emotional conditions of the firemen can be reflected, the heart rate and the body temperature can be changed under extreme or emergency conditions, the condition can be conveniently and timely known by the staff at the centralized control end, corresponding measures can be quickly executed, and the firemen can be timely supported or rescued.",,,G08B5/36;A62B17/003;G08B21/182;A62B17/005;Y02E60/14,G08B21/18;H04N5/225;A62B17/00;G08B5/36,ZHEJIANG LANTIAN GARMENT CO LTD,,True,True
WO-2019241756-A1,US-2019037386-W,WO,A1,66540968,20190614,20180614,20191219,0,Emergency messaging from a locked mobile device,,"The disclosed system provides a facility to enable an emergency messaging session on a locked mobile device. In response to receiving a request on a locked mobile device to initiate an emergency messaging session, the disclosed system displays an interface that may enable a user of the mobile device to select a type of emergency and/or enter a customized message to be transmitted to an emergency services provider. The displayed interface additionally may include options to automatically or manually send specified types of information to an emergency responder, such as a physical location of the mobile device or medical, personal contact, or residence information of the user of the mobile device. While an emergency messaging session is in progress, the disclosed system may continually send updated information to the selected emergency provider, such as a location of the mobile device or biometric information associated with a user of the mobile device.",,,H04B7/0408;H04B17/373;H04B7/0634;H04B10/112;H04B17/336;H04M1/724634;H04B7/0619;H04B7/10;H04B7/0617;H04W4/90;H04W4/12;H04W4/029;H04M1/72418;H04M1/72424;Y02D30/70,H04W4/90;H04W4/12;H04W4/029;H04M1/72418;H04M1/72424,T MOBILE USA INC,US,True,False
KR-101870208-B1,KR-20170093825-A,KR,B1,63103426,20170724,20170724,20180720,20180720,Method for providing rescue service based on mobile phone and gps,Gps 기반 수상 구조 서비스 제공 방법,The present invention provides a method for providing a GPS-based water rescue service which can transmit a survival and rescue request by stopping all battery consuming resources of a user terminal. The method for providing a GPS-based water rescue service comprises: a step of receiving rescue request data via a user terminal receiving a pairing request as an automatic inflatable vest is inflated from Bluetooth mounted on the automatic inflatable vest; a step of receiving a GPS coordinates included in the rescue request data at preset intervals and storing the GPS coordinates with the user terminal; a step of transmitting the rescue request data to a rescue terminal having jurisdiction over an area including the GPS coordinates; a step of transmitting biometric data and the GPS coordinates included in the rescue request data to the rescue terminal at preset intervals; and a step of transmitting a control signal to the user terminal to sound a rescuer search alarm if a position of the rescue terminal and a position of the user terminal are within a preset radius.,"GPS 기반 수상 구조 서비스 제공 방법이 제공되며, 자동 팽창식 조끼에 장착된 블루투스로부터 자동 팽창식 조끼가 팽창됨에 따라 페어링 요청을 수신한 사용자 단말을 통하여 구조 요청 데이터를 수신하는 단계, 구조 요청 데이터에 포함된 GPS 좌표를 기 설정된 간격으로 수신 및 사용자 단말과 저장하는 단계, GPS 좌표를 포함하는 구역을 관할하는 구조 단말로 구조 요청 데이터를 전송하는 단계, 구조 요청 데이터에 포함된 생체 데이터 및 GPS 좌표를 구조 단말로 기 설정된 간격으로 전송하는 단계, 및 구조 단말의 위치와 사용자 단말의 위치가 기 설정된 반경 내인 경우, 사용자 단말로 구조자 찾기 알람을 울리도록 제어 신호를 전송하는 단계를 포함한다.",,H04W4/80;G06Q50/26;H04W4/023;G01S19/14;B63C9/11,H04W4/00;G06Q50/26;G01S19/14;H04W4/02;B63C9/11,YI OK HONG,KR,True,False
US-10984914-B2,US-201716099015-A,US,B2,55919702,20170506,20160506,20210420,20210420,CPR assistance device and a method for determining patient chest compression depth,,"A Cardiopulmonary resuscitation assistance device is used by a Rescuer when administering Cardiopulmonary resuscitation to a patient. Using the rescuer vital signs, image subsection from a patient facing camera can be identified that comprise the rescuer&#39;s hands. Having correctly identified the image subsections comprising the rescuer&#39;s hands the chest compression depth and frequency can be derived from the patient facing camera by tracking the distance between the patient facing camera and the rescuer&#39;s hands.",,,G16H20/30;G16H30/40;G16H70/20;A61H31/007;A61H2201/5028;A61H31/005;A61H2201/5064;A61H2201/5092,G16H30/40;G16H20/30;G16H70/20;A61H31/00,KONINKLIJKE PHILIPS NV,NL,True,False
CN-224235929-U,CN-202520955736-U,CN,U,99746714,20250515,20250515,20260515,20260515,Accurate positioning fire-fighting intelligent safety helmet,,"The utility model relates to an intelligent fire-fighting safety helmet with accurate positioning, which comprises a helmet body, wherein the helmet body comprises a controller, an environment detection module, a vital sign detection module, an imaging module, a positioning module, a communication module, an alarm module, a voice interaction module and a power module, wherein the controller is arranged on the helmet body, the environment detection module is electrically connected with the controller, the environment detection module is connected with an environment detection device arranged on the helmet body and is used for detecting the concentration and the temperature and the humidity of gas in the environment and transmitting signals to the controller, and the vital sign detection module is connected with a vital sign detection device arranged on the helmet body and is used for monitoring vital signs of firefighters. The helmet comprises a helmet body, wherein a face mask is arranged on the front side of the helmet body, an air inlet for connecting a respirator is arranged in the middle of the face mask, goggles are arranged on the upper portion of the face mask, a neck cape is arranged at the bottom of the helmet body and used for shielding the neck of a firefighter and preventing high-temperature substances or fragments from entering the collar.",,,,A62B18/08;A62B18/02,TIANJIN MIAOLANDA TECH CO LTD,,True,True
CN-115062986-B,CN-202210721306-A,CN,B,83202560,20220624,20220624,20240426,20240426,Well site fire-extinguishing emergency rescue risk evaluation method based on multi-source data fusion,,"The invention discloses a well site fire-extinguishing emergency rescue risk evaluation method based on multi-source data fusion in the technical field of fire control, which comprises the following steps: step S1: establishing a well site fire-extinguishing emergency rescue risk evaluation system in a layering manner; s2, calculating comprehensive indexes of the explosion conditions; step S3: calculating dangerous indexes of the positions of firefighters; step S4: calculating the vital sign dangerous index of the firefighter; step S5: acquiring an operation state index and a data transmission rate index of the rescue tool; step S6: and establishing a well site fire-extinguishing emergency rescue risk evaluation model, and uploading subunit data and three-level indexes of the explosion conditions before and after the well site fires, wherein the result is used as the lowest level and other levels of the well site fire-extinguishing emergency rescue risk. According to the fire-extinguishing emergency rescue risk level of the well site, fire-extinguishing work can be adjusted in time, accidents are reduced, and hazards caused by insufficient fire-extinguishing rescue capability are reduced.",,,G06Q10/06393;G06Q50/265,G06Q10/0639;G06Q10/0635;G06Q50/26,,,True,False
CN-222565204-U,CN-202420475814-U,CN,U,94787044,20240312,20240312,20250307,20250307,Fire-fighting emergency rescue helmet,,"The utility model provides a fire-fighting emergency rescue helmet, which relates to the technical field of fire-fighting helmets. According to the helmet, the temperature sensor is used for acquiring the temperature change in the helmet body, when the temperature is higher, the heart rate sensor arranged on one side of the arc tube is used for monitoring the heart rate of a firefighter, so that the heart rate change is judged, when the heart rate change exceeds a preset range, an alarm is used for giving out an alarm, an alarm lamp is lightened, the firefighter is prompted to evacuate and rescue in time, the safety of the firefighter is ensured, the gas is filtered through the breathing mask, the damage of dense smoke to the respiratory tract is reduced, the functionality of the whole helmet is improved, the fluorescent strip can assist in judging the position of the firefighter, and the protection sleeve can be used for wrapping and protecting the neck of the firefighter, so that the damage of fire and high temperature to the skin of the rescue staff is reduced.",,,,A42C5/02;A42B3/28;A42B3/04;A42B3/20,GUANGXI VOCATIONAL COLLEGE OF SAFETY ENG,,True,False
CN-101723064-A,CN-200810201067-A,CN,A,42444761,20081010,20081010,20100609,0,GPS maritime life-saving system,,"The invention relates to a GPS maritime life-saving system which comprises a base device, a ship device and an individual device, wherein the base device is provided with a wireless receiver; the ship device is provided with a ship GPS localizer and a wireless receiving device; and the individual device comprises an individual GPS localizer and a light alarm device. When a maritime incidence happens, the ship GPS localizer on the ship device sends out a distress signal and a position signal, and after the wireless receiver of the base device receives the distress signal and the position signal, the rescuer goes to rescue. After a person falls into the sea, when a search and rescue device is within the range (30 km of radius) of the accident site, the GPS localizer on the individual device is immediately triggered to send out the distress signal and the position signal. Compared with the prior art, the invention has the characteristics of high safety and reliability, accurate positioning and the like, and can quickly rescue the person falling into the sea.",,,,B63C9/01;G01S5/02;G01S1/02;B63C9/20;B63B45/00;B63C9/00,SHANGHAI DINGLING IND CO LTD;SHANGHAI JINGYI ELECTRICAL APP,,True,True
CN-104305984-A,CN-201410533425-A,CN,A,52361410,20141011,20141011,20150128,0,Firefighter life monitoring transmission system,,"The invention provides a firefighter life monitoring transmission system and solves the problems that the conventional fire-fighting equipment is low in monitoring accuracy, non-ideal in transmission effect, complicated, difficult to use and low in efficiency, a firefighter cannot timely give out an alarm and a commander in the rear cannot quickly position the firefighter to miss the best rescue time. The firefighter life monitoring transmission system comprises a heart rate bracelet, a saving alarm and a background receiving device, wherein the heart rate bracelet is worn on the wrist of the firefighter and is used for monitoring the heart rate of the firefighter in real time; data monitored by the heart rate bracelet is wirelessly transmitted to the wireless voice saving alarm through Bluetooth; the data received by the wireless voice saving alarm is wirelessly transmitted to the background receiving device; the background receiving device processes and analyzes received signals to obtain vital sign parameters of the firefighter and triggers the wireless voice saving alarm through a wireless signal. The firefighter life monitoring transmission system is high in monitoring accuracy, high in transmission speed, good in effect, high in efficiency, simple in equipment, practical and convenient, and has a quick positioning function.",,,A61B5/02438;A61B5/02444;A61B5/02455;A61B5/681;A61B5/6824;A61B5/0004,A61B5/024;G08C17/02,ZHENGZHOU JIELI IND EQUIPMENT CO LTD,,True,False
US-10682537-B2,US-201815954390-A,US,B2,68161136,20180416,20180416,20200616,20200616,Ergonomic SCBA holder,,"Embodiments of a storage compartment for self-contained breathing apparatuses (SCBA) are provided. The storage compartment includes a deployment mechanism to facilitate efficient and ergonomic donning of the SCBA. Advantageously, the storage compartment is closed off from the cabin of a firetruck and is accessed from the exterior of the firetruck so that any chemicals that off-gas from the SCBA are contained in their own compartment separate from the interior of the firetruck&#39;s cabin. The SCBA are able to be deployed from the storage compartment in a variety of different ways. Each embodiment of the deployment mechanism is configured to deploy the SCBA from an elevated position within the storage compartment to an exterior position that is roughly at the level of a firefighter&#39;s back.",,,A62B25/00;B62D33/06;B60R7/08;A62C27/00;B60R7/02,A62B25/00;B60R7/08;A62C27/00;B60R7/02;B62D33/06,SPARTAN FIRE LLC,US,True,True
US-10299102-B1,US-201816009161-A,US,B1,66540968,20180614,20180614,20190521,20190521,Emergency messaging from a locked mobile device,,"The disclosed system provides a facility to enable an emergency messaging session on a locked mobile device. In response to receiving a request on a locked mobile device to initiate an emergency messaging session, the disclosed system displays an interface that may enable a user of the mobile device to select a type of emergency and/or enter a customized message to be transmitted to an emergency services provider. The displayed interface additionally may include options to automatically or manually send specified types of information to an emergency responder, such as a physical location of the mobile device or medical, personal contact, or residence information of the user of the mobile device. While an emergency messaging session is in progress, the disclosed system may continually send updated information to the selected emergency provider, such as a location of the mobile device or biometric information associated with a user of the mobile device.",,,H04B17/373;H04B17/336;H04B10/112;H04B7/0634;H04B7/0408;H04M1/724634;H04B7/0617;H04B7/10;H04B7/0619;H04W4/90;H04W4/029;H04W4/12;H04M1/72536;H04M1/72418;H04M1/72424;Y02D30/70,H04W4/12;H04W4/029;H04W4/90;H04M1/72418;H04M1/72424,T MOBILE USA INC;T MOBILE USA INC,US,True,False
CN-119367704-A,CN-202411280274-A,CN,A,94329406,20240913,20240913,20250128,0,Sign detection early warning system based on firefighter uniform,,"The invention discloses a physical sign detection early warning system based on a firefighter uniform, which comprises a firefighter uniform main body, and a central processor, a physiological information monitoring module, an environmental information monitoring module, a position estimation module and a communication module which are arranged on the firefighter uniform main body. When heart rate blood oxygen data is measured for a long time, the measured data are stable, fluctuation of the data is small, euler angle data of a human body can be obtained, real-time motion gestures of the human body can be obtained through analysis of the Euler angle data, and the displacement of a firefighter can be calculated through a secondary integration method, so that position information of the firefighter can be estimated, and alarm identifications corresponding to various data can be sent to an upper computer when the data exceed an alarm threshold.",,,A62B17/003;A61B5/746;A61B5/1116;A61B5/01;A61B5/6802;A61B5/14551;A61B5/02055,A61B5/1455;A61B5/11;A61B5/024;A61B5/0205;A61B5/01;A62B17/00,UNIV XIAN POLYTECHNIC,,True,True
CN-118902835-A,CN-202411290826-A,CN,A,93311047,20240914,20240914,20241108,0,Novel intelligent freehand chest external heart pressing auxiliary device and using method thereof,,"The invention discloses a novel intelligent freehand external chest heart pressing auxiliary device and a use method thereof, wherein the novel intelligent freehand external chest heart pressing auxiliary device comprises a sternum patch and a palm patch, the sternum patch comprises a first base and a pressing contact assembly arranged on the upper surface of the first base, a ridge is arranged on the surface of the pressing contact assembly, silica gel wings are symmetrically arranged on the side wall of the first base, and an ergonomic micro-convex structure is arranged on the lower surface of the first base; the palm subsides include the second base and set up in the palm fixed subassembly of second base upper surface, the lower surface of second base be provided with the locking groove of ridge looks gomphosis. The novel intelligent external chest cardiac compression aid and the application method thereof realize fixed compression positions, vibration prevention, decompression, compression force control, compression frequency counting and frequency counting, and can monitor heart rate and guide a rescuer to conduct CPR frequency and depth through prompting voice, so that the external chest compression quality of bare hands is improved, and the external CPR success rate of OHC patients is further improved.",,,A61H2201/5048;A61H2201/5071;A61H2230/065;A61H2205/084;A61H2201/1253;A61B5/024;A61H31/007,A61B5/024;A61H31/00,CHANGJI HUI AUTONOMOUS PREFECTURE PEOPLES HOSPITAL,,True,False
CN-113768771-A,CN-202110700835-A,CN,A,78835780,20210623,20210623,20211210,0,Guide system and method for assisting implementation of cardiopulmonary resuscitation,,"The invention provides a guiding system and a guiding method for assisting implementation of cardiopulmonary resuscitation, which mainly comprise three parts, namely cardiopulmonary resuscitation auxiliary wearing equipment, carotid artery pulsation monitoring equipment and intelligent automatic ventilation equipment. The invention can accurately position the cardio-pulmonary resuscitation pressing position, transmit and feed back key pressing parameters in the emergency treatment process in real time, so that the standardized standard of external chest pressing is easier to realize, thereby ensuring the accurate implementation of cardio-pulmonary resuscitation and greatly improving the success rate of emergency treatment; the invention makes up the inaccuracy and insensitivity of human hand perception, can objectively observe the vital signs of the patient, enables the emergency treatment process to be faster and more accurate, saves the emergency treatment time and improves the emergency treatment efficiency; the device and the structure of the invention are simple in design, the ventilation process in the artificial respiration process is more intelligent and automatic, the risk of cross infection in the rescue of mouth-to-mouth artificial respiration is reduced, and the psychological barrier of rescuers is further relieved.",,,A61B5/02055;A61H2230/40;A61H31/007;A61H2230/50;A61B5/4836;A61M2016/0033;A61H2201/165;A61H2201/5058;A61M2016/0018;A61H2201/5076;A61M16/00;A61H2205/084;A61M16/024;A61H2031/001;A61M2230/40;A61H2230/06;A61H2201/5023;A61H2201/5071;A61H31/005,A61B5/0205;A61B5/00;A61H31/00;A61M16/00,UNIV NANJING MEDICAL,,True,False
US-2019022430-A1,US-201816137165-A,US,A1,65014628,20180920,20151109,20190124,0,Firefighter Self Contained Breathing Apparatus (SCBA) Pack With Integrated Rescue Equipment,,"An improved firefighter SCBA harness is provided. The harness has a backplate for supporting an air cylinder. A waist belt extends from the backplate to secure the backplate to a waist of a firefighter wearing the SCBA harness. Shoulder straps extend from a top of the backplate connecting to the waist belt. A seat harness extends from a bottom of the backplate to a front of the waist belt for positioning through the legs of a firefighter. A bailout cable kits provides a spool on the waist belt for extending a cable from the harness to enable the firefighter to perform a bailout, used in a retrieval or as a fall restraint. A battery powered winch may also be integrated in the harness.",,,B66D2700/0141;A62B25/00;A62B1/18;B66D1/12;B66D1/60;A62B1/06;A62B9/04;A62B35/0018,B66D1/12;B66D1/60;A62B9/04;A62B1/06;A62B25/00;A62B1/18,E S SAFETY SYSTEMS INC,CA,True,True
CN-102038494-B,CN-201010524746-A,CN,B,43905287,20101029,20101029,20120516,20120516,Safety guarantee system for high-risk places of digital wireless sensor network,,"The invention relates to a digital wireless sensing network high-risk place safety guarantee system which is used for carrying out safety guarantee on firefighters, disaster relief personnel and the like in high-risk places such as fire scenes, mine accident sites and the like. The multifunctional remote control device comprises a wristwatch module, a helmet module, an air calling module, a control center module and a handheld PDA module. The system and the method monitor vital signs and field environment of high-risk personnel in real time by using the technology of Internet of things, realize real-time tracking and positioning of the high-risk personnel, complete field commanding and dispatching in the high-risk place and ensure the life safety of the personnel.",,,,H04W84/18;G08C17/02;A61B5/02,JIANGSU RIFETUNE SOFTWARE TECHNOLOGY CO LTD,,True,False
CN-106912011-A,CN-201510976969-A,CN,A,59199490,20151223,20151223,20170630,0,Rescue system and rescue mode,,"The present invention provides a kind of rescue system, including for send distress signals mobile terminal and for receive the distress signals and make rescue method according to the distress signals and transmission to the mobile terminal server.The present invention also provides a kind of rescue mode, using the short message function of the Big Dipper, mobile terminal sends distress signals and assists to formulate rescue method to rescue service device, mobile terminal is under the control of the feedback information that rescue service device is sent, control mobile phone dormancy and net, positioning are searched after waking up and the action such as short message is sent again, as far as possible extending cell phone stand-by time and timely and effectively with rescuer communicate, substantially increase the efficiency and success rate of rescue.",,,H04W4/12;H04W52/0274;H04W4/90;H04W48/16;H04W4/02;H04W88/02;Y02D30/70,H04W4/90;H04W52/02;H04W4/12;H04W4/02,LEADCORE TECHNOLOGY CO LTD;Datang semiconductor design co ltd,,True,False
KR-20230132988-A,KR-20220029947-A,KR,A,88196823,20220310,20220310,20230919,0,"Abnormal situation detection device, method and program using biosignals","생체신호를 이용한 이상상황 감지 장치, 방법 및 프로그램","The present invention provides a device for providing an abnormal situation detection service, which can perform accurate emergency measures in the process of transporting a user. According to an embodiment of the present invention, the device comprises at least one processor and a memory storing instructions instructing the at least one processor to perform at least one step. The at least one step includes: a step of determining whether a biosignal received from a user terminal of a user satisfies an occurrence condition of an abnormal situation; a step of determining an emergency level of the abnormal situation by using the biosignal and user information of the user if the occurrence condition is satisfied; a step of determining a transport limit time by using the emergency level and the abnormal situation; a step of using the location of the user, the locations of a plurality of candidate medical institutions, the locations of a plurality of candidate rescuers, and the transport limit time to determine a rescuer who will transport the user and a medical institution which will treat the user; a step of receiving an emergency measure scenario from a medical institution terminal of the medical institution; and a step of transmitting the emergency measure scenario to at least one between the user terminal and a rescuer terminal of the rescuer.","본 발명의 실시예에 따르면, 이상상황 감지 서비스를 제공하기 위한 장치가 제공된다. 상기 장치는, 적어도 하나의 프로세서(processor); 및 상기 적어도 하나의 프로세서가 적어도 하나의 단계를 수행하도록 지시하는 명령어들(instructions)을 저장하는 메모리(memory)를 포함하고, 상기 적어도 하나의 단계는, 사용자의 사용자 단말로부터 수신한 생체신호가 이상상황의 발생조건을 만족시키는지 판단하는 단계; 상기 발생조건이 만족된 경우, 상기 사용자의 사용자 정보 및 상기 생체신호를 이용하여 상기 이상상황의 응급레벨을 결정하는 단계; 상기 이상상황 및 상기 응급레벨을 이용해 이송제한시간을 결정하는 단계; 상기 사용자의 위치, 복수의 후보의료기관들 각각의 위치, 복수의 후보구조자들 각각의 위치 및 상기 이송제한시간을 이용하여, 상기 사용자를 이송할 구조자 및 상기 사용자를 진료할 의료기관을 결정하는 단계; 상기 의료기관의 의료기관 단말로부터 응급조치 시나리오를 수신하는 단계; 및 상기 구조자의 구조자 단말 및 상기 사용자 단말 중 적어도 하나에 상기 응급조치 시나리오를 전송하는 단계를 포함할 수 있다.",,G08B21/0453;G08B25/006;G08B25/14,G08B21/04;G08B25/00;G08B25/14,HMC NETWORKS CO LTD,KR,True,False
CN-207677775-U,CN-201721557639-U,CN,U,62966615,20171120,20171120,20180731,20180731,A kind of intelligent fire operational chain of command,,"The utility model is related to fire-fighting operational commanding technical fields, provide a kind of intelligent fire operational chain of command, including individual soldier&#39;s locating module, are positioned for indoor and outdoor；Vital sign sensing module is perceived for vital sign；Environmental perception module is monitored for environment epidemic disaster；Three-dimensional modeling module, for outdoor map sand table and indoor map three dimensional stress；Individual soldier&#39;s locating module, vital sign sensing module, environmental perception module are connect by communication module with the primary processor.The utility model can grasp location information, life state information and the fire field environment information of fire fighter in real time；It can in real time be docked with fire-fighting system related system, visual query plan of fire fighting, grasp water source, fire fighting device, traffic route, rescue route and the evacuation route situation on scene of fire periphery；Support multi-platform display, can be shown in mobile terminals such as mobile phone, tablet, electronic sand tables, be conducive to commanding rationally, the dispatch control of science.",,,,A62C37/00;H04L29/08,SHANGHAI WANGLUO ELECTRONIC SCIENCE & TECH CO LTD,,True,False
CN-107680694-A,CN-201710854294-A,CN,A,61136539,20170920,20170920,20180209,0,A kind of real-time mobile disaster emergency system model in before institute and scene,,"A kind of real-time mobile disaster emergency system model in before institute and scene, with electronics first aid glasses end, expert&#39;s remote assistance end, it is characterized in that at electronics first aid glasses end, expert&#39;s remote assistance is provided with application software in end, electronics first aid glasses end rescuer wears when suing and labouring, electronics first aid glasses end includes the physical aspect mirror body similar with common spectacles, electronic equipment is provided with mirror body, electronic equipment includes environment camera, full shot, microphone, light sensor, infrared positioning lamp, earphone, environment camera has more sets, electronics first aid glasses end also has medical treatment collection accessory kit and signal transmission component, medical treatment collection accessory kit can gather the physiological parameter data of reflection vital sign patient, signal transmission component can realize information exchange with expert&#39;s remote assistance end.The present invention realizes real-time communication between long-range first visual angle of various salvation scene experts and field first aid personnel, and being admitted to hospital for patient, offer is basic to be prepared, the application prospect having had.",,,H04L67/12,G16H50/20;H04L29/08;G16H10/60;G16H80/00;H04W4/38,175TH HOSPITAL OF PEOPLES LIBERATION ARMY,,True,False
CN-110673739-A,CN-201910952351-A,CN,A,69081067,20191009,20191009,20200110,0,Method for realizing intelligent safety protection wearable equipment for firefighter emergency rescue,,"The invention discloses a method for realizing intelligent safety protection wearing equipment for firefighter emergency rescue, which comprises a fire fighting AR intelligent helmet and a multifunctional firefighter tactical vest; the implementation method is that the gas concentration detector, the thermal imaging module, the Beidou positioning module, the AR display module, the wireless networking module, the multi-information real-time communication transmission module, the brain wave information monitoring module and the vital sign monitoring module are integrated in the fire-fighting AR intelligent helmet and the multifunctional tactical vest, so that support is provided for the command center to judge the on-site rescue condition and develop scientific command decision. The intelligent sensing and judging system can intelligently sense and judge the environmental temperature, environmental position information, site suffocation, explosion, poisoning accident risk, personnel search and rescue and other information of a disaster accident site before a fireman enters an unknown disaster accident site, can also monitor the psychological, physiological and other vital sign information of the fireman at the same time, and provides site real-time information and rescue command decision basis for rescue command of the accident site.",,,G06F3/011;A41D13/005;A41D27/00;G06Q10/0635;G01D21/02;G06V10/25;G06V20/49;G06V10/143;A61B5/369,G06Q10/06;A41D27/00;G06F3/01;A41D13/005;G01D21/02;A61B5/0476;G06K9/00;G06K9/20;G06K9/32,TIANJIN FIRE RES INSTITUTE OF MEM;HANGZHOU DINGJIE TECH CO LTD,,True,False
WO-2021209921-A1,IB-2021053075-W,WO,A1,75581559,20210414,20200415,20211021,0,Method and wearable electronic device for rescuing a person in distress,,"The invention relates to a method for rescuing a person in distress, comprising equipping at least a first person with a first wearable electronic device (10a) and a second person with a second wearable electronic device(10b), referred hereafter as the person in distress and the rescuer respectively, each wearable device comprising a processing unit (12a), a memory (12b), a Global Navigation Satellite System-GNSS receiver (16), a Low Power Wide Area Network (LPWAN) transmitter/receiver (14), an antenna (15) adapted to emit and receive a signal through the LPWAN and to receive a signal from the GNSS, a user interface (20) for inputting a distress signal, and a display unit (26) for displaying the location of a person in distress, wherein the processing unit (12a) is configured to execute a software stored in the memory (12b) of the wearable electronic device to turn the electronic device from a standby mode either into a tracking mode for locating and finding a person in distress or into an SOS mode for sending SOS signals. The method further comprises the steps of: a. turning the first wearable device (10a) by the person in distress through its user interface (20) from a standby mode into an SOS mode; b. obtaining the GNSS coordinates of the first wearable electronic device (10a) worn by the person in distress; emitting from the first wearable electronic device (10a), through the LPWAN, one or more SOS signals at a given constant emission power until a first SOS signal is picked up by the second wearable electronic device (10b) worn by the rescuer, and d. processing, by the processing unit (12a) of the second wearable electronic device (10b), at several time intervals, SOS signals sent by the first wearable electronic device and current GNSS coordinates of the second wearable electronic device (10b) to provide guiding information on the display (26) of said second wearable electronic device (10b) as a function of the location of the person in distress and the rescuer as the rescuer moves towards the person in distress.",,,Y02D30/70;G08B21/0266;G08B21/0269;H04W4/90;G08B21/0263;G08B25/016;G01S5/0231;G01S2205/006;H04W4/029;G01S5/0072,G01S19/47;G01S5/00;G01S5/02,SYNCTECH SA,CH,True,True
KR-101322613-B1,KR-20120062089-A,KR,B1,49639384,20120611,20120611,20131029,20131029,Apparatus of sending and receiving fire distress signals,소방 조난 신호 송수신장치,"PURPOSE: A fighting distress signal transmission device is provided to detect the position of victims for rescuers as distress actions are detected and distress signals are generated. CONSTITUTION: A fighting distress signal transmission device comprises a controller (204), a distress signal transmitter (202), a victim identifier (206), and a position detector (207). The controller determines as a tentative distress state when a sensing value of an action sensor is greater than a distress determination criterion value and as a distress state when the sensing value of the action sensor is less than the distress determination criterion value in the tentative distress state. The controller confirms as a distress state when the distress state is continued over a predetermined time. The distress signal transmitter transmits a distress signal if the distress state is confirmed. The victim identifier identifies victims from a user identifier included in the received distress signal. The position detector determines the position of the victims from the received power by each distress signal receiver through directional distress signal receivers and outputs the position of the victims when the received power of each distress signal receiver is maintained for the predetermined time. [Reference numerals] (201) Distress determination device; (202) Distress signal transmitter; (203) Victim identification signal generator; (204) Controller; (205) Distress signal identifier; (206) Victim identifier; (207) Position and direction detector; (AA) Output signal for outputting a distress signal; (BB,DD) Distress signal transceiver; (CC) Distress signal transceiver or voice call transceiver; (EE) Display unit","본 발명은 조난 신호 송수신장치에 관한 것으로서 행위 센서의 감지값이 조난 판단 기준값보다 큰 경우 잠정적인 조난 상태로 판단하고, 잠정적인 조난 상태에서 행위 센서의 감지값이 조난 결정 기준값보다 작은 경우 조난 상태로 결정하고, 조난 상태가 일정시간 이상 지속되는 경우 조난 상태로 확정하는 제어부; 조난 상태로 확정되면, 조난 신호를 송신하는 조난신호 송신기; 송신된 조난신호가 수신되면, 조난신호에 포함된 사용자 식별자로부터 조난자를 식별하는 조난자 식별기; 및 복수의 지향성 조난 신호 수신기를 통하여 수신한 각 조난 신호 수신기별 수신 전력으로부터 조난자의 위치를 결정하고, 각 조난 신호 수신기별 수신 전력이 일정시간 동안 유지되면, 조난자의 위치방향을 출력하는 위치방향 탐지기를 포함하는 것을 특징으로 하며, 소방화재와 같이 기존 통신 인프라가 소실되고 부대 지원 시설 운용이 어려운 통신 환경에서도 단말 자체적으로 사용자 행위를 분석하여 조난 행위를 탐지하고 조난신호를 발생하여 구조자가 조난자 위치방향을 탐지할 수 있다.",,G08B25/10;G08B25/08;G08B21/02;G08B3/10;G08C17/02,G08B25/10;G08B21/02;G08B25/08,NAT UNIV KUNSAN IACF,KR,True,False
US-10832550-B2,US-201916581633-A,US,B2,69162467,20190924,20170703,20201110,20201110,Personal monitoring and response system,,"A system is disclosed herein. The system includes a server, a software-application and a wearable-device. The system includes virtual groups to allows guardians or caretakers to identify/be alerted of any issues with a monitored subject. Events are triggered by various sensed parameters including heart rate, location, medication, etc. Notifications and alerts are sent through the software-application to the guardians and may be viewed by first responders via a First Response Portal. The system is useful for utilizing social grouping to enable family members or close friends to provide caregiver ability to a subject remotely.",,,A61B5/7465;A61B2505/07;A61B5/02438;A61B5/4833;A61B5/0022;G16H10/60;G08B21/02;A61B2503/08;G16H40/67;G16H20/10;G16H80/00;G08B21/24,A61B5/024;G08B1/08;A61B5/00;G08B21/02;G08B21/24;G16H80/00;G16H20/10,PAOLILLO GIANCARLO;SECURE INTERNET SOLUTIONS LLC,US;,True,False
CN-117240839-A,CN-202311008830-A,CN,A,89091942,20230810,20230810,20231215,0,Individual rescue wearable system for fire fighting and application method thereof,,"The utility model provides an individual rescue wearable system for fire protection, which comprises a fire protection helmet and an intelligent handheld terminal; the firefighting helmet and the intelligent handheld terminal are worn on firefighters; the fire-fighting helmet shoots videos and transmits shot video information to the intelligent handheld terminal; the intelligent handheld terminal acquires navigation positioning information of firefighters and preprocesses the video information and the navigation positioning information; the intelligent handheld terminal transmits the preprocessed information to the integrated command platform. The utility model supports functions of voice communication, video real-time shooting and display, real-time positioning, intelligent navigation, human body gesture recognition, vital sign monitoring, illumination, heat energy conversion and the like, and supports fire rescue tasks.",,,,H04L67/025;A42B3/04;A42B3/30;H04L67/12;H04N7/18;H04W4/024;H04W4/30,HUADONG INSTITUTE OF COMPUTING TECH CETC NO 32 RESEARCH INSTITUTE,,True,False
US-2026018043-A1,US-202318873075-A,US,A1,89191942,20230614,20220615,20260115,0,Portable biometric monitor device for first responders and methods,,"A portable biometric monitor device for first responders including, police, fire, emergency medical technicians and paramedics is disclosed. The monitor is suitable for use in non-medical locations where monitoring may be beneficial, such as nursing homes and jails.",,,A61B5/742;A61B5/7405;A61B5/6833;A61B5/0002;G08B25/10;A61B5/002;A61B5/14551;A61B5/0533;A61B5/0816;A61B5/02438;A61B5/746;A61B5/02055,A61B5/00;G08B25/10,PULSE PATCH INC,US,True,False
WO-2023245035-A1,US-2023068405-W,WO,A1,89191942,20230614,20220615,20231221,0,Portable biometric monitor device for first responders and methods,,"A portable biometric monitor device for first responders including, police, fire, emergency medical technicians and paramedics is disclosed. The monitor is suitable for use in non-medical locations where monitoring may be beneficial, such as nursing homes and jails.",,,A61B5/742;A61B5/7405;A61B5/6833;A61B5/0002;G08B25/10;A61B5/02055;A61B5/746;A61B5/02438;A61B5/0816;A61B5/0533;A61B5/14551;A61B5/002,A61B5/00,PULSE PATCH LLC,US,True,False
CN-102512177-A,CN-201110434381-A,CN,A,46283474,20111222,20111222,20120627,0,Oxyhemoglobin saturation monitoring system,,The invention overcomes serious environment condition limit in rescue processes of firefighters and defects in physiology monitoring technology of the firefighters and provides an oxyhemoglobin saturation monitoring system capable of monitoring vital signs of oxyhemoglobin saturation and the like of firefighters. The oxyhemoglobin saturation monitoring system is characterized by comprising an oxyhemoglobin saturation monitoring terminal arranged on a user and an intelligent cell phone which is arranged at the position of a monitor and provided with a Bluetooth wireless data communication module or a Zigbee wireless data communication module. An oxyhemoglobin sensor is arranged on the oxyhemoglobin saturation monitoring terminal. The oxyhemoglobin sensor can detect oxyhemoglobin saturation of the user in real time mode and feeds results back to the oxyhemoglobin saturation monitoring terminal to judge whether the oxyhemoglobin saturation is out of limit and then weather alarm can be given out by an acousto-optic alarm circuit. The oxyhemoglobin saturation monitoring system can accurately detect oxyhemoglobin saturation information of the firefighters in real time mode and feed information back to the intelligent cell phone of a firefighter command monitoring end. The monitoring terminal has the advantages of being small in volume and convenient to wear.,,,,A61B5/1455,UNIV TIANJIN TECHNOLOGY,,True,False
CN-105078405-A,CN-201410197825-A,CN,A,54560400,20140513,20140513,20151125,0,Firefighter vital sign monitoring and information synergy oriented portable device,,"The invention provides a firefighter vital sign monitoring and information synergy oriented portable device which comprises portable terminals, visual terminals and a server. Heart rate, respiration rate, temperature, gesture and acceleration sensors and Bluetooth modules are integrated with the portable terminals, and important physiological data of firefighters can be monitored by the sign sensors in real time. The visual terminals are provided with portable display screens of Android systems and can be in data connection with the portable terminals, information of signs, positions and the like can be displayed in real time, and position and state information of the firefighters and teammates can be queried in real time. The server is provided with interface programs and B/S (browser/server) architecture browser programs. Data transmitted by the visual terminals can be parsed by the interface programs and can be stored in local databases according to fixed formats. Interactive interfaces which can be updated in real time can be remotely provided by the B/S architecture browser programs for command staffs, and the sign and position information of the firefighters can be queried in real time. The firefighter vital sign monitoring and information synergy oriented portable device has the advantages that the multiple firefighters in fire scenes can be monitored in real time, and accordingly the safety can be effectively guaranteed.",,,,A61B5/00,UNIV NORTHEASTERN,,True,False
KR-102061314-B1,KR-20190093498-A,KR,B1,69051625,20190731,20190731,20191231,20191231,life cap,발광체가 구비된 구명모자,"The present invention relates to a life cap in a new structure having an illuminator which enables a rescue team to effectively detect a user while increasing the survival rate of the user in the event of various flood accidents including the sinking of the ship. According to the present invention, the life cap can cover the head when the user wears the life cap when emergencies occur, thereby preventing the body temperature from being lost. When operating a power switch (60) while wearing a life cap, an illuminating unit is turned on so as to allow the rescuer to effectively detect the position of the user and quickly rescue the user.","본 발명은 선박의 침몰을 포함한 다양한 수난사고 발생시 사용자의 생존률을 향상시키면서 구조대가 사용자를 효과적으로 발견할 수 있도록 된 새로운 구조의 발광체가 구비된 구명모자에 관한 것이다. 
본 발명에 따른 구명모자는 비상상황 발생시 사용자가 착용하면 머리를 덮어, 체온을 빼앗기는 것을 방지할 수 있을 뿐 아니라, 구명모자를 착용한 상태에서 전원스위치(60)를 조작하면, 조명수단이 on되어 구조자가 사용자의 위치를 효과적으로 확인하고 빠르게 사용자를 구출할 수 있는 장점이 있다.",,A42B1/244;A42B1/241;A42B1/247;A01M29/24;H05B3/34;F21S9/02;F21V23/0414;A42B1/008;A42B1/045;F21V33/0004;A42B1/004,A42B1/00;A42B1/04;F21V23/04;F21S9/02;A01M29/24;A42B1/24;F21V33/00,YEO KYEONG KOO,KR,True,False
CN-113713283-A,CN-202010452222-A,CN,A,78671752,20200526,20200526,20211130,0,Novel mine self-rescuer and use method thereof,,"The invention provides a novel mine self-rescuer and a use method thereof, wherein an active filtering air supply device and a compressed oxygen supply device are combined, the active filtering air supply device can be adopted when the environment is good, after toxic substances are detected, an alarm can be timely given to prompt a wearer to manually open a compressed oxygen tank for supplying oxygen, when the compressed oxygen tank is inconvenient to manually open, the motor can be controlled to operate through a control panel, the oxygen tank is opened through the motor for supplying oxygen, part of the oxygen is output to an air cylinder during oxygen supply, the air cylinder drives a sliding plate and a limiting block to move, a cover plate is driven to close a channel of the active filtering air supply device, manual and automatic operation is combined, the safety is improved, and the safety guarantee can be further improved through remote control and positioning functions.",,,A62B7/02;A62B9/006;A62B7/10;A62B18/02;A62B18/08;A62B23/02;A62B18/10;A62B9/02,A62B18/10;A62B7/10;A62B18/02;A62B18/08;A62B7/02;A62B9/00;A62B23/02;A62B9/02,GUIZHOU DONGFANG SICHUANG EMERGENCY EQUIPMENT TECH CO LTD;CAO GANG;SUN CHANGLONG,,True,True
KR-102730327-B1,KR-20220144975-A,KR,B1,91076075,20221103,20221103,20241114,20241114,Bracelet for requesting rescue to indicate the location of missing or isolated first responders,실종 또는 고립된 현장대응요원의 위치를 알리기 위한 구조요청용 팔찌,,"본 발명은 테러 및 재난 현장에서 현장대응요원이 실종 또는 고립시, 구조를 위해 실종 또는 고립된 현장대응요원의 위치를 수동 또는 자동으로 알리기 위한 구조요청용 팔찌에 관한 것이다. 
본 발명에 따른 실종 또는 고립된 현장대응요원의 위치를 알리기 위한 구조요청용 팔찌는 본체(20)에 비상위치발신기(11), 초음파 발신기(12), 적외선 통신 발신기(13), LED 조명장치(14), 체온 및 맥박 측정기(15), 수동조작버튼(16) 및 배터리(17)가 내장형으로 배치되고,  
테러, 재난 현장에 투입된 경찰관, 소방관 등과 같은 현장대응요원이 현장 대응중에 실종 또는 고립되었을 때, 실종 또는 고립된 현장대응요원이 수동조작버튼(16)을 눌러, 비상위치발신기(11), 초음파 발신기(12), 적외선 통신 발신기(13) 및 LED 조명장치(14)를 동시에 수동으로 작동시키거나, 체온 및 맥박 측정기(15)가 본체(20)를 착용한 현장대응요원의 체온 및 맥박을 측정하여, 체온이 34℃ 이하로 떨어지게 되거나, 맥박이 분당 50회 이하로 떨어지면, 자동으로 본체(20)에 내장된 비상위치발신기(11), 초음파 발신기(12), 적외선 통신 발신기(13) 및 LED 조명장치(14)가 모두 자동으로 작동되고,  
합성수지 소재의 본체(20)가 &#34;C&#34; 형상으로 형성되고, 본체(20)의 제 1 단부(211)에 원통형의 소켓 부재(220)의 상단이 접합되고, 소켓 부재(220)의 내주면에 형성된 복수개의 요홈(221 ; 221a, 221b, 221c)이 형성되며, 본체(20)의 제 2 단부(212)에 &#34;工&#34; 형상으로 형성된 조인트 부재(230)의 하부 수평부(231)가 장착되고, 조인트 부재(230)의 상부 수평부(233)의 단부에 장착된 래치(245, 246)가 복수개의 요홈(221 ; 221a, 221b, 221c) 중 어느 하나에 끼워져, 제 1 단부(211)와 제 2 단부(212) 사이의 간격(S1)이 조절됨으로써, 착용자의 손목에 맞게 본체(20)의 직경(D1)이 조절되는 것을 특징으로 한다.",,F21Y2115/10;A61B5/01;A61B5/02438;G01S19/14;H04W4/80;H04W4/90;H04W4/029;A44C27/001;A44C5/22;A44C5/0007;G08B21/182;G08B5/36;G08B21/0288;G08B25/10;G08B25/12,H04W4/90;H04W4/80;H04W4/029;G08B25/10;G08B21/18;G08B21/02;G08B5/36;A44C27/00;A44C5/22;A44C5/00;G08B25/12,,,True,False
CN-120285477-A,CN-202510625482-A,CN,A,96274279,20250515,20250515,20250711,0,Accurate positioning fire-fighting intelligent safety helmet,,"The invention relates to an intelligent fire-fighting safety helmet with accurate positioning, which comprises a helmet body, wherein the helmet body comprises a controller, an environment detection module, a vital sign detection module, an imaging module, a positioning module, a communication module, an alarm module, a voice interaction module and a power module, wherein the controller is arranged on the helmet body, the environment detection module is electrically connected with the controller, the environment detection module is connected with an environment detection device arranged on the helmet body and is used for detecting the concentration and the temperature and the humidity of gas in the environment and transmitting signals to the controller, and the vital sign detection module is connected with a vital sign detection device arranged on the helmet body and is used for monitoring vital signs of firefighters. The helmet comprises a helmet body, wherein a face mask is arranged on the front side of the helmet body, an air inlet for connecting a respirator is arranged in the middle of the face mask, goggles are arranged on the upper portion of the face mask, a neck cape is arranged at the bottom of the helmet body and used for shielding the neck of a firefighter and preventing high-temperature substances or fragments from entering the collar.",,,A62B18/084;A62B18/082;A62B18/08;A62B18/02,A62B18/08;A62B18/02,TIANJIN MIAOLANDA TECH CO LTD,,True,True
CN-217294877-U,CN-202221433915-U,CN,U,82919651,20220608,20220608,20220826,20220826,Intelligent lifesaving swimsuit with vital sign information fusion,,"The utility model discloses an intelligent life-saving swimsuit with vital sign information fusion, which relates to the technical field of life-saving equipment and comprises a life-saving suit, wherein the left end and the right end of the life-saving suit are fixedly connected with sleeves, the life-saving suit and the sleeve structure are divided into an inner layer and an outer layer, a fixed ring is fixedly connected with a gap between the inner layer and the outer layer of the sleeve, the inner wall of the fixed ring is fixedly connected with a data line, one end of the data line far away from the fixed ring is fixedly connected with a detection head, the surface of the data line penetrates through the surface of the inner layer of the fixedly connected sleeves, the upper end of the gap between the inner layer and the outer layer of the sleeves is fixedly connected with a main control chip, a positioning module, a wireless transmission module and a power module, thereby solving the problem that the vital sign condition of a user cannot be flexibly judged by the existing life-saving swimsuit, even if some persons with poor water is difficult to float on the water surface with the help of the life-saving swimsuit, the life-saving swimsuit cannot timely inform the rescuer and cannot have the function of inflation, the rescue effect is poor.",,,,B63C9/20;B63C9/105,UNIV HUNAN SCIENCE & TECHNOLOGY,,True,False
CN-105942650-A,CN-201610480680-A,CN,A,56904111,20160623,20160623,20160921,0,Underground positioning helmet for coal mines,,"The invention discloses an underground positioning helmet for coal mines. The helmet comprises a housing, a sight window is arranged in the housing, a fixing part is fixedly connected to the top of the sight window, a headlamp and a GPS (global positioning system) positioner are arranged on the fixing part detachably, and the headlamp comprise a headlamp base arranged at the front end of the fixing part, a storage battery arranged in the headlamp base and a lampshade connected with the headlamp base. An eyeshield guard board is arranged outside the sight window rotationally. The helmet is provided with a filter air intake component which can filter dust and provide cool air, safe breathing of a wearer is facilitated, and pulmonary disease is avoided; being provided with the GPS positioner, the underground positioning helmet can transmit a distress signal in case of danger, and convenience is brought to outside rescuers to position and rescue trapped people; besides, retaining cloth is arranged at the lower opening of the helmet, so that dust such as coal ash can be avoided entering the collars of coal miners in operation, and contact of the dust foreign matters with the skin can be prevented.",,,A42B1/08;A42B1/24;A42B1/242;A42B1/245,A42B1/24;A42B1/08,FOSHAN LIANZHI XINCHUANG TECHNOLOGY CO LTD,,True,False
CN-108122371-A,CN-201611076750-A,CN,A,62227084,20161129,20161129,20180605,0,"Vehicle help-asking system, vehicle-mounted emergency device and vehicle",,"The invention discloses a kind of vehicle help-asking system, vehicle-mounted emergency device and vehicles, the system includes Wearable, vehicle-mounted emergency device and rescue terminal, Wearable is used to gather the vital signs information of occupant, and establishes wireless connection with vehicle-mounted emergency device when accident occurs for vehicle；GPS positioning module is for the real-time location information for obtaining vehicle；Communication module is used to establish wireless connection with Wearable when accident occurs for vehicle；Control module is used for when accident occurs for definite vehicle, the location information of vehicle is obtained by GPS positioning module, and pass through the vital signs information that communication module obtains occupant from Wearable, while the warning message comprising vital signs information and location information is sent to rescue terminal by communication module.The vehicle help-asking system of the embodiment provides the vital signs information of occupant, facilitates rescuer and carries out related medical preparation according to vital signs information, is conducive to sue and labour in time, avoid delay treatment opportunity.",,,G08B21/0453,G08B21/04,BYD CO LTD,,True,False
CN-111437527-A,CN-202010399784-A,CN,A,71656639,20200513,20200513,20200724,0,Positive pressure fire-fighting air respirator,,"The invention discloses a positive-pressure fire-fighting air respirator, which comprises a flame-retardant garment, an air bottle and a mask; gas cylinder fixing frameworks are arranged on the front side and the rear side of the flame-retardant clothes; the flame-retardant clothes are internally provided with fillers, the inner side of the flame-retardant clothes is provided with a detachable heating and refrigerating inner container, and a high-brightness guide lamp is arranged at the chest position; the air bottle is a quick-change carbon fiber composite bottle and is fixed with the flame-retardant clothes in a sticking way; an air supply valve is arranged on the face mask, a pipeline is arranged between the air bottles, a control panel is arranged at one end of the pipeline, and a pressure alarm device is arranged inside the pipeline. The invention has the beneficial effects that: the anti-smashing and anti-puncturing filling material filled by high-strength fibers and composite materials and the flame-retardant clothes provided with the detachable heating and refrigerating inner containers effectively avoid the danger to the safety of rescuers and rescued people caused by sudden dropping of sundries and overhigh or overlow temperature in the rescue; the design of more lightweight utilizes intelligently, has guaranteed fire fighter&#39;s personal safety, and is practical convenient, and easy operation can use widely by a large scale.",,,A62B17/005;A62B17/003;A62B7/00;A62B18/10;A62B9/00;A62B18/08;A62B18/02;A62B9/02,A62B18/02;A62B7/00;A62B18/10;A62B18/08;A62B9/00;A62B17/00;A62B9/02,SUN YANDONG,,True,True
US-12315317-B2,US-202318103498-A,US,B2,89381088,20230131,20220629,20250527,20250527,Method and system of sensor-based smart unlocking of a firefighter air replenishment system,,"Disclosed are methods and a system of sensor-based smart unlocking of a firefighter air replenishment system. A safety system of an occupiable structure includes a breathable-air supply system to facilitate delivery of breathable air from a source of compressed air, and a fill station in a fire-rated evacuation area of the occupiable structure to supply the breathable air to an emergency personnel. The safety system also includes a smart lock associated with the breathable-air supply system to automatically unlock one or more location(s) of the breathable-air supply system usable by the emergency personnel to access the breathable air during an emergency state of the occupiable structure, and a sensor associated with the breathable-air supply system to detect the emergency state of the occupiable structure.",,,A62B9/006;A62B7/02;A62B15/00;G07C9/00896,A62B9/00;A62B7/02;G07C9/00,RESCUE AIR SYSTEMS INC,US,True,True
CN-215308182-U,CN-202120967941-U,CN,U,79597938,20210507,20210507,20211228,20211228,CPR first aid gloves,,"The utility model relates to the technical field of first-aid equipment, in particular to a CPR first-aid glove, which is integrally shaped like a half-sleeve glove and comprises a glove inner layer and a glove outer layer, wherein the outer side of a thumb of the glove is open from top to bottom, the edge of a tiger mouth of the glove is open from the thumb end to the forefinger end, and magic tapes are symmetrically arranged on the edges of the two openings; a film pressure sensor, a main control board, a Bluetooth and GPS positioning chip, an OLED screen, an OLED indicator lamp, an electromagnetic induction type charger, an MP3 player and a buzzer are arranged between the inner layer and the outer layer of the half-sleeved glove; the heart pressing schematic diagram is arranged on the palm center surface; the wrist pulse position of the half-sleeve glove is provided with an oximeter and a heart rate monitor biosensor; the utility model designs a CPR emergency device which can be carried by a patient, when the glove monitors that the heart of the patient is abnormal, the glove can send an alarm to attract attention, and when a rescuer rescues, the voice broadcasting system can guide CPR operation of the rescuer and assist the rescuer in performing cardiopulmonary resuscitation on the patient.",,,,A61H31/00,UNIV BEIJING NORMAL,,True,False
WO-2019022305-A1,KR-2017012516-W,WO,A1,63103426,20171107,20170724,20190131,0,Method for providing gps-based water rescue service,Gps 기반 수상 구조 서비스 제공 방법,"The present invention provides a method for providing a GPS-based water rescue service, the method comprising the steps of: receiving rescue request data through a user terminal having received a pairing request from Bluetooth mounted on an automatic inflatable vest when the automatic inflatable vest inflates; receiving GPS coordinates included in the rescue request data at a preconfigured interval and storing the received GPS coordinates and the user terminal; transmitting the rescue request data to a rescue terminal that manages an area including the GPS coordinates; transmitting biometric data included in the rescue request data and the GPS coordinates to the rescue terminal at a preconfigured interval; and when a position of the rescue terminal and a position of the user terminal are within a preconfigured radius, transmitting a control signal to the user terminal so that the user terminal sounds a rescuer search alarm.","본 발명은 GPS 기반 수상 구조 서비스 제공 방법이 제공되며, 자동 팽창식 조끼에 장착된 블루투스로부터 자동 팽창식 조끼가 팽창됨에 따라 페어링 요청을 수신한 사용자 단말을 통하여 구조 요청 데이터를 수신하는 단계, 구조 요청 데이터에 포함된 GPS 좌표를 기 설정된 간격으로 수신 및 사용자 단말과 저장하는 단계, GPS 좌표를 포함하는 구역을 관할하는 구조 단말로 구조 요청 데이터를 전송하는 단계, 구조 요청 데이터에 포함된 생체 데이터 및 GPS 좌표를 구조 단말로 기 설정된 간격으로 전송하는 단계, 및 구조 단말의 위치와 사용자 단말의 위치가 기 설정된 반경 내인 경우, 사용자 단말로 구조자 찾기 알람을 울리도록 제어 신호를 전송하는 단계를 포함한다.",,G06Q50/26;B63C9/11;G01S19/14;H04W4/80;H04W4/023,H04W4/00;B63C9/11;G01S19/14;G06Q50/26;H04W4/02,YI OK HONG,KR,True,False
CN-112396794-A,CN-202011454472-A,CN,A,74625211,20201210,20201210,20210223,0,Building electrification alarm device and use method thereof,,"The invention discloses a building electrification alarm device and a using method thereof, and the building electrification alarm device comprises a fire-fighting stair body, wherein an alarm box is arranged at the top end of the fire-fighting stair body, a fire-fighting mechanism is arranged on the end surface where the alarm box is arranged, an emergency box is arranged on the side wall of the fire-fighting stair body, a controller is connected with an integrated control module, the input end of the integrated control module is connected with a data acquisition module, the output end of the integrated control module is respectively connected with a voice broadcast module, an alarm module and a wireless transmission module, the output end of the wireless transmission module is connected with a wireless receiving module, and the output end of the wireless receiving module is. When a fire occurs, the data acquisition module rapidly drives the alarm module to alarm after detecting the fire, people on the warning floor take refuge, trapped people send distress signals to the control room through the emergency keys, the fire fighters can know the positions of the trapped people conveniently, and the fire fighting stair has better alarm and rescue effects.",,,G08B17/10;G08B25/10;A62C31/28;G08B3/10;G08B17/12;A62C99/0072;A62C31/005,G08B17/10;G08B3/10;A62C31/28;G08B17/12;A62C31/00;G08B25/10,YANG HUICHAO,,True,False
KR-20100108779-A,KR-20090026978-A,KR,A,43129998,20090330,20090330,20101008,0,System for tracing location using rf,알에프를 이용한 위치 추적 시스템,"PURPOSE: A system for tracking a location using RF is provided to grasp the current location of a user, thereby reducing installation costs. CONSTITUTION: An RF transmitter(110) transmits an RF signal indicating the current location of a user, and altitude data, and biometric data thereof through a transmitting antenna. An RF receiver(130) processes the RF signal, the altitude data, and the biometric data received from the transmitting antenna of the RF transmitter. A central management server(140) checks the RF signal, the altitude data, and the biometric data in real time.","본 발명은 RF를 이용한 위치 추적 시스템에 관한 것이다. 
     본 발명은 사용자의 현재 위치에 대한 RF 신호와 이 현재 위치에 대한 고도 데이터, 사용자의 체온 및 맥박에 대한 생체 데이터를 송신 안테나를 통해 송출하는 RF 송신기; 상기 RF 송신기의 상기 송신 안테나로부터 수신받은 상기 RF 신호, 상기 고도 데이터 및 상기 생체 데이터를 연산 작업하는 RF 수신기; 및 상기 RF 수신기와 연동하여 이 RF 수신기에서 연산 작업이 이루어진 상기 RF 신호, 상기 고도 데이터 및 상기 생체 데이터를 실시간으로 확인하는 중앙 관리 서버를 포함하는 것을 특징으로 하는 RF를 이용한 위치 추적 시스템을 제공한다. 
     본 발명에 의하면, VIP 등의 중요 인물, 어린이, 위험한 공사현장의 작업자, 화재 현장이 소방대원 및 군인 등의 사용자들의 위치 파악을 RF 태그에 부여된 신호의 식별을 통해 현재 위치를 파악하는 위치 추적 시스템을 제공함으로써, 설치 비용을 절감하는 효과가 있다. 
       
     위치, 추적, RF, 무선 송신, 무선 수신, 실내",,H04W4/023;H04W4/80;H04W4/029;H04W4/33;H04T2001/2095;G06F2203/011;H04W64/00,H04W64/00;H04W8/08,JUNG DAL DO,KR,True,False
CN-106136432-A,CN-201610697976-A,CN,A,57342321,20160819,20160819,20161123,0,A kind of field exploration footwear,,"A kind of field exploration footwear.The invention discloses field exploration footwear, including sole and vamp, sole bottom be provided with dismountable grab ground shoe tack, sole is internally located at vola and heel position is embedded with foot pedal type generator, sole is internally located at arch of foot position and is embedded with and fills electrical storage device, fills electrical storage device and is connected with foot pedal type generator circuit；Being embedded with radio positioner and urgency signal discharger in the interlayer of vamp, the front end of vamp is provided with illuminator, radio positioner, urgency signal discharger and illuminator all with fill electrical storage device circuit and be connected.By being set to detachable and Height Adjustable grab ground nail by grabbing ground nail, during so that use this exploration shoe in different environments, all reach the state of the most comfortable.By arranging foot pedal type generator, filling electrical storage device and radio positioner and urgency signal discharger, under emergency case, and during without mobile communication signal, distress signal can be sent, and rescuer can be allowed to understand person for help&#39;s location.",,,A43B3/34;A43C15/14;A43B3/36;A43B3/38;A43B5/00;A43B13/14;A43B23/0245,A43B5/00;A43C15/14;A43B23/02;A43B3/00;A43B13/14,HUNAN DAPING'AN SAFETY TECH CO LTD,,True,False
KR-20250091366-A,KR-20230180606-A,KR,A,96224644,20231213,20231213,20250623,0,Portable smart CPR device with AI algorithms,Ai 알고리즘이 적용된 휴대형 스마트 심폐소생술 장치,"An objective of the present invention is to provide a portable smart cardiopulmonary resuscitation (CPR) device applied with an AI algorithm that enables the implementation for cardiopulmonary resuscitation and additional functions to be easily progressed, and enables feedback for the cardiopulmonary resuscitation to be clearly delivered to the rescuer. Provided is a portable smart CPR device applied with the AI algorithm comprising: a body part; a feedback part embedded in the body part and partially exposed, wherein feedback information is confirmed by visual and auditory data; a defibrillator part embedded in the body part and formed in a detachable structure, wherein an electric shock is implemented to a user; an electrode sensor part embedded in the body part and partially exposed, wherein a vital sign of the user is obtained by being in contact with the user, and comprising a plurality of electrodes and sensors to which the electric shock of the defibrillator part is transmitted to the user; and a remote monitoring part located at a separate place and collecting and analyzing the vital sign.","본 발명은 심폐소생술 장치에 관한 것으로, 더욱 상세하게는 환자에 대한 정보가 수집 및 분석되는 AI 알고리즘으로부터 환자에 대한 심폐소생술의 피드백 정보가 획득되고, 추가적으로 AI 알고리즘에서 분석된 정보를 바탕으로 전기충격이 진행되어 전문지식이 없는 구조자가 응급 환자에 대한 심폐소생술을 효율적이면서도 스마트하게 실시될 수 있는 AI 알고리즘이 적용된 휴대형 스마트 심폐소생술 장치에 관한 것이다. 
상기한 목적을 달성하기 위한 본 발명에 따른 AI 알고리즘이 적용된 휴대형 스마트 심폐소생술 장치에 있어서, 몸체부; 상기 몸체부에 내장되어 일부가 노출되되, 피드백 정보가 시각 및 청각데이터로 확인되는 피드백부; 상기 몸체부에 내장되어 분리가능 구조로 형성되되, 사용자에게 전기충격이 실시되는 제세동부; 상기 몸체부에 내장되어 일부가 노출되되, 사용자에게 접촉되어 사용자의 바이탈사인이 획득되고, 상기 제세동부의 전기 충격이 사용자에게 전달되는 복수개의 전극 및 센서가 포함되는 전극센서부; 및 별도의 장소에 위치되되, 상기 바이탈사인이 수집 및 분석되는 원격모니터링부;가 포함되는 것을 기술적 요지로 한다.",,A61H2230/305;A61H2230/065;A61H2230/208;A61H2203/0456;A61H2201/165;A61H2201/501;A61H2201/5048;A61H2201/1207;A61H2201/1619;G16H80/00;G16H20/30;G16H50/20;G16H40/60;A61H31/006;A61H31/005,G16H80/00;G16H50/20;G16H40/60;G16H20/30;A61H31/00,HEARTSAVER,KR,True,False
US-2022339476-A1,US-202217727911-A,US,A1,83693745,20220425,20210423,20221027,0,Bracket systems for storing and deploying articles of equipment,,"A bracket system is provided for the storage and retrieval of an article of equipment such as a self-contained breathing apparatus of the type used by firefighters and other first responders to provide breathing air during firefighting and other emergency operations. The bracket system securely stores the article of equipment in a position at which the article of equipment has an upside down, or inverted orientation, facing the back of the storage area. The bracket system is configured to articulate in a manner that positions the article of equipment in a lowered position at which the article of equipment has an upright orientation, facing the user, so that the user can retrieve the article of equipment.",,,A62B25/00,A62B25/00,ZIAYLEK MICHAEL P,US,True,True
CN-110537901-A,CN-201910764731-A,CN,A,68711561,20190819,20190819,20191206,0,Method for determining person to be rescued and mobile terminal,,"The invention discloses a method for determining a person to be rescued and a mobile terminal, which are used for solving the problem that the position and vital signs of the person to be rescued are determined inaccurately in the prior art. The scheme provided by the invention comprises the following steps: acquiring the position of the electronic equipment in the target area; obtaining vital sign information through the electronic equipment, wherein the vital sign information is used for representing vital signs of a person to be rescued; and determining the target person to be rescued according to the position of the electronic equipment and the vital sign information. According to the scheme of the embodiment of the invention, the accurate position and the vital sign of the person to be rescued can be obtained, so that the target person to be rescued can be determined, the rescue plan can be conveniently made for the target person to be rescued by the rescuers, the rescue can be efficiently and quickly implemented, the rescue success probability is improved, and the danger faced by the rescuers is reduced.",,,H04W4/025;A61B5/14551;A61B5/02055;A61B5/14542;A61B5/1455;A61B5/14532;H04W4/33;A61B5/01;H04W4/021;A61B5/318,A61B5/01;H04W4/33;A61B5/1455;H04W4/021;A61B5/0205;A61B5/0402;H04W4/02,VIVO COMM TECHNOLOGY CO LTD,,True,False
US-2019314654-A1,US-201815954390-A,US,A1,68161136,20180416,20180416,20191017,0,Ergonomic scba holder,,"Embodiments of a storage compartment for self-contained breathing apparatuses (SCBA) are provided. The storage compartment includes a deployment mechanism to facilitate efficient and ergonomic donning of the SCBA. Advantageously, the storage compartment is closed off from the cabin of a firetruck and is accessed from the exterior of the firetruck so that any chemicals that off-gas from the SCBA are contained in their own compartment separate from the interior of the firetruck&#39;s cabin. The SCBA are able to be deployed from the storage compartment in a variety of different ways. Each embodiment of the deployment mechanism is configured to deploy the SCBA from an elevated position within the storage compartment to an exterior position that is roughly at the level of a firefighter&#39;s back.",,,B62D33/06;A62B25/00;B60R7/08;A62C27/00;B60R7/02,B60R7/02;B60R7/08;A62B25/00;B62D33/06;A62C27/00,LACKORE JR JAMES ROGER;SPARTAN MOTORS INC,US,True,True
US-8128269-B2,US-58339009-A,US,B2,41724493,20090820,20080829,20120306,20120306,Smoke environment personnel identification apparatus,,"The apparatus consists of a self contained lighting and identification device ( 10 ) having a strap ( 104 ) for attachment to a SCBA tank. A back plate ( 58 ) and a front shield ( 62 ) are spaced apart forming a cavity for LED back-lighting, with the front shield incorporates identification indicia ( 68 ) which provides recognition of a specific firefighter. Battery containing tubes ( 72 ) act as structural pillars and are located between an upper end cap assembly ( 20 ) and a lower end cap assembly ( 86 ), utilizing tie rods ( 96 ) for attachment therebetween. Diffused light distribution tubes ( 78 ) energized by LED&#39;s are positioned adjacent to the battery tubes evenly dispersing light on each side of the apparatus, effectively penetrating a smoke environment. The upper end cap assembly incorporates a printed circuit board ( 46 ) which includes the necessary control and lighting devices, and the lower end cap has a removable bottom cover ( 90 ) allowing batteries to be replaced.",,,G08B5/002;G08B21/02;G08B5/004,G02B5/02;G08B21/12,BOYADJIEFF GEORGE I,US,True,False
KR-20260108378-A,KR-20240201971-A,KR,A,100582335,20241231,20241231,20260708,0,Firefighter safety management system,소방대원 안전관리 시스템,,"본 발명은 소방대원 안전관리 시스템에 관한 것으로, 재난현장에 투입된 각 소방대원의 신체 일부에 착용되어 생체신호를 측정하고 상기 생체신호를 주기적으로 송신하는 생체신호측정기; 상기 소방대원에 의해 소지되어, 상기 생체신호측정기로부터 송신되는 상기 생체신호를 수신하여 현장중앙통제기로 중계하고, 그룹핑된 타 통신단말과의 상대적인 거리 데이터를 주기적으로 측정하여 상기 현장중앙통제기로 전송하는 통신단말; 상기 생체신호 및 상기 거리 데이터를 수신하고 안전관리서버로 전송하는 상기 현장중앙통제기; 및 상기 현장중앙통제기로부터 수신한 상기 소방대원의 상기 생체신호 및 상기 거리 데이터에 기초하여 상기 재난현장의 상황과 상기 소방대원의 신체활동을 모니터링하고 신체위험도를 판단하여 상기 현장중앙통제기에 제공하는 안전관리서버를 포함한다. 
이와 같이, 소방대원의 상태 및 위치를 지속적으로 모니터링하여 신체위험도를 판단함으로써 위급 상황 발생에 선제적으로 대비하고 필요한 조치를 신속하게 수행할 수 있다.",,G06Q50/10;A61B5/0002;A61B5/02055;A61B5/1112;A61B5/1118;A61B5/6801;A61B5/6898;A61B5/7275;G06Q50/26;H04W4/02;H04W4/38;A61B5/02438;A61B5/14551;A61B2562/0219,G06Q50/10;A61B5/00;A61B5/0205;A61B5/024;A61B5/11;A61B5/1455;G06Q50/26;H04W4/02;H04W4/38,PEOPLE AND TECH,KR,True,False
EP-4511133-A1,EP-23832058-A,EP,A1,89381088,20230308,20220629,20250226,0,Method and system of sensor-based smart unlocking of a firefighter air replenishment system,,"Disclosed are methods and a system of sensor-based smart unlocking of a firefighter air replenishment system. A safety system of an occupiable structure includes a breathable- air supply system to facilitate delivery of breathable air from a source of compressed air, and a fill station in a fire-rated evacuation area of the occupiable structure to supply the breathable air to an emergency personnel. The safety system also includes a smart lock associated with the breathable-air supply system to automatically unlock one or more location(s) of the breathable-air supply system usable by the emergency personnel to access the breathable air during an emergency state of the occupiable structure, and a sensor associated with the breathable-air supply system to detect the emergency state of the occupiable structure.",,,A62B9/006;A62B7/02;A62B15/00;G07C9/00896,G16Y40/30;G16Y40/10;G16Y20/10;A62B33/00;A62B13/00;A62B15/00,RESCUE AIR SYSTEMS INC,US,True,True
CN-106781135-A,CN-201611231424-A,CN,A,58921054,20161228,20161228,20170531,0,A kind of method and escape nameplate for changing display direction by controlled in wireless,,"The present invention relates to a kind of method and escape nameplate for changing display direction by controlled in wireless, belong to public safety facilities technical field.Technical scheme is：Radio communication unit（1）, address information recording unit（3）, drive control unit（4）With emergency button（7）Respectively with information process unit（2）Connection, drive control unit（4）With display unit（5）Connection, power supply unit（6）Power supply is provided.The of the invention escape nameplate in addition to the function with conventional escape nameplate, the direction of display（Arrow direction）The wireless control signal that can be sent by safety monitoring control system is changed；By pressing emergency button distress signals and current location information are sent to safety monitoring control system.The escape nameplate is particularly suitable for public place, the blindness of personnel can be avoided to escape when disaster is run into and succoured with the search of rescuer, realizes helping fast-escape and realization precisely rescue.",,,G08B25/10;G08B7/062;G09F9/35;G09F9/00;G09F9/33,G09F9/00;G09F9/35;G08B25/10;G08B7/06;G09F9/33,HEBEI KAIENDE SOFTWARE DEV CO LTD,,True,False
WO-2012155909-A1,DK-2012000059-W,WO,A1,46396955,20120518,20110518,20121122,0,A system and a method of ensuring acute first aid,,"A method and a system for calling in one or more trained lay rescuers to a patient who needs basic life support, at symptoms which may be related to a cardiac arrest or other acute states, where the patient has A (airway), B (breathing), C (circulation) troubles which require acute medical intervention. The system comprises a server unit (5) which calls in voluntary trained lay rescuers (35) via their mobile telephones (7), who are recorded in the system, and who are present in the local area. These assistants are guided to the alarm position and to the nearest AED (9, 41), respectively. The health staff at the AMC is able to contact one of the trained lay rescuers telephonically via the system, until ambulance/medical aid arrives. The system and the method may moreover comprise a user module comprising a sensor unit, which e.g. detects heart rate and passes these on to a user unit which can transmit alarm signals automatically, if an abnormal heart rate is detected. Further, a server unit, a user module, an assistant unit, an AMC unit and a cabinet for storing AEDs (9) are described, which cabinets may be unlocked by a code, which is sent directly to an electronic locking circuit in the cabinet (20), or by a code which is entered by means of a keyboard on the cabinet (20), and is sent via the server (5) to an assistant unit in a message, e.g., an SMS, an MMS or a push message, or available via touching a touch screen.",,,G16H40/67;G06Q10/00;G16H40/20,G06Q50/00;G06F19/00,FIRSTAED APS;SCHORLING PER;SCHAKOW HENRIK HANSEN;HENRIKSEN FINN LUND;HANSEN BRUNO,DK,True,False
US-11670152-B2,US-201615735106-A,US,B2,57504017,20160610,20150610,20230606,20230606,Alarm notification system,,"A system and method providing for ascertaining the status of a user and escalating an alarm in the event the user is ascertained to be disposed in a dangerous condition. The of the invention attempts to contact the user at a predetermined check-in time, and notifies a pre-designated third-party which may be an emergency responder such as law enforcement or other emergency contact in the event that the user fails to respond to the check in request or signals that they are in danger using an escalate feature of the invention. The system operates autonomously to notify pre-designated emergency contacts or emergency responders in the case in which a user has been rendered unable to respond. The user may identify specific individuals with whom they plan to meet and the invention may also track the user&#39;s geo-location. The invention may also monitor biometric data of the user.",,,H04W4/90;G08B21/0415;H04M11/04;G08B21/02;G08B21/04;G08B21/0453;H04W4/14;G08B25/10;G08B25/012;G08B21/0423;G08B25/001,G08B1/08;G08B25/10;H04W4/14;H04W4/90;G08B21/04;G08B25/00;G08B25/01,PIANTEDOSI AVERY,US,True,False
KR-20230043526-A,KR-20210126512-A,KR,A,86005480,20210924,20210924,20230331,0,mountain survivor rescue system,산악용 조난자 구조 시스템,"The present invention relates to a mountain survivor rescue system, and more specifically, to a mountain survivor rescue system which, when people are lost or in distress by bad weather conditions during hiking or camping, rapidly informs a rescue center of a location of people in distress from an adjacent rescue enclosure and has rescuers easily find people in distress to rescue them. In particular, the present invention relates to a mountain survivor rescue system with which a person in distress can use his/her cellphone to search a location of an adjacent rescue enclosure, charge the cellphone in the rescue enclosure to have a conversation with the rescue center, and utilize an emergency daily necessity accommodated in a supply box and maintenance partition while waiting for a rescue team such that the survival safety of the person can be ensured through taking food and maintaining a body temperature. Accordingly, the system has an advantage in that the system rapidly informs a rescue center of a location of people in distress from an adjacent rescue enclosure and has rescuers easily find people in distress to rescue them when the people were lost or in distress by bad weather conditions during hiking or camping. In particular, the system allows a person in distress to use his/her cellphone to search a location of an adjacent rescue enclosure, to charge the cellphone in the rescue enclosure to have a conversation with the rescue center, and to maintain psychological relaxation while utilizing an emergency daily necessity accommodated in a supply box and maintenance partition waiting for a rescue team, thereby ensuring the survival safety of the person through taking food and maintaining a body temperature.","본 발명은 산악용 조난자 구조 시스템에 관한 것으로서, 보다 상세하게는 등산 또는 캠핑 등을 하는 도중에 길을 잃거나 기상악화 등으로 조난되었을 경우에 인접한 구조함체에서 조난자의 위치를 구조센터에 신속하게 알리고 구조자들이 쉽게 조난자를 발견하여 구조할 수 있도록 한 것이다. 
특히, 조난자의 휴대전화를 이용해 인접한 구조함체의 위치를 검색할 수 있도록 하고, 구조함체에서 휴대전화를 충전해 구조센터와 대화를 주고받을 수 있도록 하면서, 구조대기 중에 보급함 및 유지보수칸에 수납된 비상생필품을 활용해 식품 섭취 및 체온유지를 통한 조난자의 생존 안전성을 확보할 수 있는 산악용 조난자 구조 시스템에 관한 것이다. 
따라서, 등산 또는 캠핑 등을 하는 도중에 길을 잃거나 기상악화 등으로 조난되었을 경우에 인접한 구조함체에서 조난자의 위치를 구조센터에 신속하게 알리고 구조자들이 쉽게 발견하여 구조할 수 있는 장점이 있다. 
특히, 조난자의 휴대전화를 이용해 인접한 구조함체의 위치를 검색할 수 있도록 하고, 구조함체에서 휴대전화를 충전해 구조센터와 대화를 주고받을 수 있도록 하여 조난자의 심리적인 안정을 유지하면서, 구조대기 중에 보급함 및 유지보수칸에 수납된 비상생필품을 활용해 식품 섭취 및 체온유지를 통한 조난자의 생존 안전성을 확보할 수 있는 장점도 있다.",,H02S40/22;E04H12/00;G08B25/14;H02S20/30;A62B99/00;Y02E10/50;G08B21/0283,G08B25/14;H02S40/22;H02S20/30;G08B21/02;A62B99/00,HANJINGTC CO LTD,KR,True,True
CN-114470545-B,CN-202210247278-A,CN,B,81486724,20220314,20220314,20240719,20240719,Convenient and reliable fire-fighting self-rescuer,,"The invention relates to the technical field of fire-fighting products, in particular to a convenient and reliable fire-fighting self-rescuer; comprises a gas cylinder assembly, a mask assembly, an air bag and a filtering system; the mask assembly is provided with a mask valve; the mask assembly is communicated with the outside through a mask valve, and the mask valve is connected with the air supply rapid switching device through an air duct; the air supply rapid switching device comprises a three-way valve body, a piston positioned in the valve body, an air bag air guide channel valve, a reset spring assembly and an air bag interface; the air bag interface is connected with the air bag; the cavity of the air supply rapid switching device is connected with the filtering system through a first one-way valve; the cavity is connected with the gas cylinder assembly through a quick connector; the invention realizes the rapid switching of three respiratory states, improves the rapid switching efficiency of the fire-fighting self-rescuer, prolongs the service time, and improves the practicability and the effectiveness of the fire-fighting self-rescuer.",,,A62B18/10;A62B18/08;A62B9/02;A62B9/06;A62B7/10;A62B7/02,A62B18/10;A62B18/08;A62B9/06;A62B9/02;A62B7/10;A62B7/02,,,True,True
CN-207462064-U,CN-201720537888-U,CN,U,62255380,20170515,20170515,20180608,20180608,A kind of pregnant woman health mechanical device,,"The utility model discloses a kind of pregnant woman health mechanical devices, its structure includes cardiotachometer main body, heat emission hole, machine socket, power switch, handwheel, differential adjusting rod, knob, presser feet elevating lever, display screen, information receiving port, transverse slat, calling set, arm placing groove, transverse slat seat inner core, and the cardiotachometer main body is equipped with heat emission hole.The beneficial effects of the utility model are equipped with calling set, can pregnant woman&#39;s heartbeat be measured by cardiotachometer in daily life, detect the physical condition of pregnant woman, once accident and side occur for pregnant woman, nobody can sue and labour, can signal be sent out by signal emission module, distress signal can be sent to the related personnel of all bound devices by signal group sending module, GPS positioning module help rescuer can be accurately positioned the position of pregnant woman and sue and labour in order to reach scene at the first time, confirm the health status of pregnant woman extremely foetus.",,,,A61B5/11;A61B5/024;A61B5/00,HUANG YILU,,True,False
CN-222341186-U,CN-202420841436-U,CN,U,94199019,20240422,20240422,20250114,20250114,Fireman positioning tracking and vital sign monitoring system,,"The utility model is suitable for the technical field of fire control, and provides a fireman positioning tracking and vital sign monitoring system. The intelligent monitoring system comprises a command terminal, a handheld terminal and a monitoring device, wherein the monitoring device comprises a positioning device for acquiring the position information of a firefighter, a vital sign monitoring device for acquiring the vital sign information of the firefighter, an audio-video device for acquiring the audio-video of a scene, a falling detection device for acquiring the falling information of the firefighter, a breathing machine air pressure monitoring device for acquiring the pressure information of a breathing machine worn by the firefighter, the handheld terminal for acquiring the information and sending the information to the command terminal, and the command terminal for receiving the information and sending the command information to the handheld terminal. The utility model can confirm the physical condition, position, fire scene dangerous grade and the like of the firefighter in real time and send corresponding command information, so that the firefighter can act according to the command information, the personal safety of the firefighter is improved, and the casualties in fire disaster extinguishing work are reduced.",,,,G08B21/02;G01D21/02;G01C21/16;A61B5/145;A61B5/11;A61B5/0205,RUENTEX RESCUE EQUIPMENT TECH HEBEI CO LTD,,True,False
KR-20220042942-A,KR-20200126397-A,KR,A,81182095,20200928,20200928,20220405,0,Water accident emergency response system and mehtod thereof,"수상사고에 대한 2차 사고의 예방 및 안전 대응 시스템, 및 그 방법","A secondary accident prevention and safety response system for water accidents and an emergency response method thereof are disclosed. The secondary accident prevention and safety response system for water accidents according to the present invention comprises: a folding buoy mechanism; a trigger-type gas injector for injecting gas into the folding buoy mechanism in a triggering way; a GPS receiver for receiving a global positioning system (GPS) signal and calculating a current position when the folding buoy mechanism floats on the surface of the water; and a distress signal transmitter for transmitting a distress signal including the current position calculated by the GPS receiver at set intervals, thereby capable of quickly identifying the accident position and situation so as to promptly act thereon, and preventing secondary accidents of rescuers.","수상사고에 대한 2차 사고의 예방 및 안전대응 시스템 및 그 긴급 대응방법이 개시된다. 본 발명에 따른 수상사고에 대한 2차 사고의 예방 및 안전대응 시스템은, 접이식 부이기구; 격발식으로 접이식 부이기구에 가스를 주입하는 격발식 가스주입기; 접이식 부이기구가 수면 위에 부상한 경우에 GPS(Global Positioning System) 신호를 수신하여 현재위치를 계산하는 GPS 수신기; 및 설정된 주기로 GPS 수신기에 의해 계산되는 현재위치가 포함된 조난신호를 송출하는 조난신호 송출기;를 포함하는 것을 특징으로 한다.",,Y02A50/00;B63C9/20;B63C2009/0052;G08B5/002;B63C9/18;B63C2009/0017,B63C9/18;B63C9/20;B63C9/00,SEMYUNG UNIV DIVISION OF INDUSTRY ACADEMY COOPERATION GROUP,KR,True,False
EP-4539732-A1,EP-23824771-A,EP,A1,89191942,20230614,20220615,20250423,0,Portable biometric monitor device for first responders and methods,,"A portable biometric monitor device for first responders including, police, fire, emergency medical technicians and paramedics is disclosed. The monitor is suitable for use in non-medical locations where monitoring may be beneficial, such as nursing homes and jails.",,,A61B5/742;A61B5/7405;A61B5/6833;A61B5/0002;G08B25/10;A61B5/002;A61B5/14551;A61B5/0533;A61B5/0816;A61B5/02438;A61B5/746;A61B5/02055,A61B5/00,PULSE PATCH INC,US,True,False
KR-101474760-B1,KR-20130116216-A,KR,B1,52679455,20130930,20130930,20141219,20141219,Send/receive apparatus for firefighter,소방 작업자용 송수신 장치,"A transmission/reception device for firefighter according to an embodiment of the present invention is characterized by allowing to transmit the voice of a worker via a head voice microphone in the environment using an air breathing apparatus and a mask, and enhancing the stability against the external condition and the convenience of use by operation of a magnetic PTT switch using a magnetic field.","본 발명의 실시예에 따른 소방 작업자용 송수신 장치는, 공기 호흡기와 마스크를 사용하는 환경에서 작업자의 음성을 두성진동 마이크를 통해 작업자의 음성을 전달할 수 있도록 하며, 동시에 자장을 이용한 자기 PTT 스위치의 조작을 통해 외부 환경의 영향에도 안정적이고 보다 사용편의성이 향상되도록 하는 것을 특징으로 함.",,A42B3/0406;A42B3/30;A42B3/288;A62B18/02,A42B3/30,LEE DO KYEONG;KIM SUNG WOO,KR,True,True
CN-108945348-A,CN-201810960682-A,CN,A,64473616,20180822,20180822,20181207,0,A kind of multi-functional Intelligent lifesaving clothing,,"The present invention provides a kind of multi-functional Intelligent lifesaving clothing, it includes clothes body, neckpillow is equipped at the rear neck of clothes body, on rear side of neckpillow and top surface is equipped with solar energy photovoltaic panel, embedded with the battery being connected with solar energy photovoltaic panel in the filler of neckpillow, clothes body forward upper is equipped with velcro, auxiliary buckling band is bonded in velcro, middle part is equipped with middle part cingulum on front side of clothes body, it is connected by a snap between two middle part cingulums, the alarm switch being connected with alarm device is equipped in buckle, clothes body two sides of the bottom are equipped with water induction device, controller is equipped in neckpillow, two side lower part of clothes body is equipped with waterproof bag.Distress signal can be sent for a long time on the water surface using the life jacket after this programme, position and sue and labour convenient for rescuer, can be used for dock operation clothes, in order to prevent the generation of fortuitous event.",,,B63C9/20;B63C9/115,B63C9/20;B63C9/115,YANG GUILIN;WEN JIANCHUN,,True,False
US-2017330438-A1,US-201715591589-A,US,A1,58765928,20170510,20160510,20171116,0,Autonomous life monitor system,,"A life alert system which continually monitors a subject&#39;s heart rate via a wearable device such as a smart watch and automatically alerts call center personnel to engage emergency responders in the event of a cardiac incident, and provide the location of the subject. In response to measured physiological parameters, besides alerting the call center the watch attempts to communicate with the subject. After an emergency responder has been dispatched, the watch also displays medical information about the subject, providing an electronic “medic alert” bracelet function.",,,A61B5/02416;A61B5/681;A61B5/746;A61B5/0022;A61B5/02438;G08B21/0453;A61B5/747;G16H40/67;A61B5/1112,A61B5/00;G08B21/04;A61B5/024,IBEAT INC,US,True,False
KR-101906324-B1,KR-20170103381-A,KR,B1,63875827,20170816,20170816,20181010,20181010,Device for position tracking and monitoring of endangered rescue personnel in indoor diseaster environment using wireless communication and method thereof,무선통신을 이용한 실내 재난환경에서의 위험에 처한 구조대원의 위치파악 및 모니터링 장치 및 방법,"According to the present invention, a device for acquiring and monitoring a position of a rescue worker in danger in an indoor disaster environment using wireless communication comprises: a monitoring terminal including a bioactivity monitoring sensor unit to collect bioactivities via Bluetooth low energy (BLE) communication between a temperature sensor and a heart rate sensor, an indoor environment position tracking unit to use an acceleration sensor to track a position in an indoor environment, and a remote server communication unit to perform communication with a remote server via wireless communication to be carried on the body of a rescue worker; a server including a bioactivity monitoring unit to collect, store, and monitor the bioactivities and recognize a dangerous state, and an indoor position tracking unit to store position tracking data; and a search terminal including a sensing unit to determine whether the rescue worker is present or absent, a position tracking unit to track a position of a rescue worker and track a direction of a rescue worker in danger, and a direction display lamp to notify a direction to find a rescue worker in danger.","본 발명은 무선통신을 이용한 실내 재난환경에서의 위험에 처한 구조대원의 위치파악 및 모니터링 장치에 관한 것으로, 온도센서와 심박센서간 BLE(Bluetooth Low Energy)통신을 통해 생체활동을 수집하는 생체활동 모니터링 센서부, 가속도 센서를 이용하여 실내 환경에서의 위치추적을 담당하는 실내환경 위치추적부, 및 무선통신을 통해 원격 서버와 통신을 수행하는 원격 서버통신부로 구성되어 구조대원 몸에 휴대하는 모니터링 단말; 상기 생체활동을 수집 및 저장, 모니터링, 위험상태 인지를 담당하는 생체활동 모니터링부, 및 위치추적 데이터를 저장하는 실내 위치 추적부로 구성된 서버; 및 상기 구조대원이 있는지 없는지를 판별하는 감지부, 구조대원의 위치를 추적하고 위험에 처한 구조대원의 방향을 추적해 내는 위치 추적부, 및 위험에 처한 구조대원을 찾기 위한 방향을 알리는 방향 표시등으로 구성된 탐색 단말;을 포함하는 것을 특징으로 한다.",,G08B21/10;G08B27/001;G08B21/0211;G08B25/10;G08B25/14,G08B27/00;G08B21/10;G08B25/10;G08B21/02;G08B25/14,TELEWORKS CO LTD,KR,True,False
CN-109313934-A,CN-201780035134-A,CN,A,55919702,20170506,20160506,20190205,0,CPR assistance device and method for determining the depth of a chest compression of a patient,,"A cardiopulmonary resuscitation assistance device for use by a rescuer in performing cardiopulmonary resuscitation on a patient. By using rescuer vital signs, an image subsection from the patient facing camera including the rescuer&#39;s hands can be identified. After correctly identifying the image subsection including the rescuer&#39;s hand, the chest compression depth and frequency can be derived from the patient facing camera by tracking the distance between the patient facing camera and the rescuer&#39;s hand.",,,A61H31/005;G16H70/20;G16H30/40;G16H20/30;A61H2201/5028;A61H2201/5092;A61H31/007;A61H2201/5064,G16H70/20;G16H20/30;G16H30/40,KONINKLIJKE PHILIPS NV,,True,False
WO-2017196964-A1,US-2017031937-W,WO,A1,58765928,20170510,20160510,20171116,0,Autonomous life monitor system,,"A life alert system which continually monitors a subject&#39;s heart rate via a wearable device such as a smart watch and automatically alerts call center personnel to engage emergency responders in the event of a cardiac incident, and provide the location of the subject. In response to measured physiological parameters, besides alerting the call center the watch attempts to communicate with the subject. After an emergency responder has been dispatched, the watch also displays medical information about the subject, providing an electronic &#34;medic alert&#34; bracelet function.",,,A61B5/747;G16H40/67;A61B5/02416;A61B5/1112;A61B5/02438;A61B5/0022;A61B5/681;G08B21/0453;A61B5/746,A61B5/024;A61B5/11;A61B5/00,IBEAT INC,US,True,False
CN-117528475-B,CN-202410024904-A,CN,B,89746167,20240108,20240108,20240326,20240326,Rescue scene intelligent detection system,,"The application provides a rescue scene intelligent detection system, which comprises a wireless communication module and an intelligent detection module, wherein the wireless communication module is used for receiving and sending voice, data and video information, and the intelligent detection module comprises an environment sensor, a vital sign detector, a data processing unit and a camera device; the base station equipment is used for receiving and processing voice, data and video signals from the firefighter terminal and comprises fixed base station equipment and mobile base station equipment, wherein the fixed base station equipment is positioned in a command part, and the mobile base station equipment is integrated with the unmanned aerial vehicle; according to the mobile base station equipment, the mobile base station equipment is integrated with the unmanned aerial vehicle, and the appointed area can be rapidly deployed in a short time through the mobility and the flexibility of the unmanned aerial vehicle, so that the communication requirements of different scenes are met, and the high-efficiency communication quality of the fire disaster and the command part is ensured.",,,H04W4/90;H04W4/029;H04W4/38;H04N7/142;G08B21/02;H04B1/385;H04B2001/3866,H04W4/90;G08B21/02;H04B1/3827;H04N7/14;H04W4/029;H04W4/38,,,True,False
CN-103501336-A,CN-201310460262-A,CN,A,49866506,20130930,20130930,20140108,0,Internet-of-things-based rescuer safety protection and monitoring system and method,,"The invention discloses an internet-of-things-based rescuer safety protection and monitoring system and an internet-of-things-based rescuer safety protection and monitoring method. The system comprises a central monitoring system and rescuer terminal equipment. The central monitoring system comprises a computer and a short message communication module; the short message communication module is connected with a serial port of a computer; the rescuer terminal equipment comprises embedded gateway equipment, a body posture state detection sensor module, an impact detection sensor module, a heart rate detection sensor module, a protection module, a safety airbag protective clothing and an energy supply module; if a rescuer is crushed by a heavy object or rolls over or drops, the safety airbag protective clothing worn by the rescuer can be timely opened so as to effectively protect the rescuer and reduce the extent of injury; the body state of the rescuer can be collected in real time by using the internet-of-things in a rescue process of the rescuer, the basic information, the positioning information and the safety state information on the rescuer can be uninterruptedly and periodically transmitted to the central monitoring system through network, and the pieces of information are display by the central monitoring system in real time.",,,,A61B5/103;H04L29/08;G08B25/08;A61B5/0245,UNIV NORTHEASTERN,,True,False
US-2019000333-A1,US-201816003041-A,US,A1,64734519,20180607,20170703,20190103,0,Personal monitoring and response system,,"A system is disclosed herein. The system includes a server, a software-application and a wearable-device. The system includes virtual groups to allows guardians or caretakers to identify/be alerted of any issues with a monitored subject. Events are triggered by various sensed parameters including heart rate, location, medication, etc. Notifications and alerts are sent through the software-application to the guardians and may be viewed by first responders via a First Response Portal. The system is useful for utilizing social grouping to enable family members or close friends to provide caregiver ability to a subject remotely.",,,A61B5/681;A61B5/7465;G16H10/60;A61B5/02438;G16H40/67;A61B2505/07;A61B5/742;A61B5/1112;G16H80/00,A61B5/00;G16H40/67;A61B5/11;A61B5/024;G16H10/60,PAOLILLO GIANCARLO,US,True,False
CN-110562417-A,CN-201910847370-A,CN,A,68778425,20190910,20190910,20191213,0,Be applied to cervical ring of deep water fleing,,"The invention discloses a neck ring applied to deep water escape, which comprises a ring body. The inner rod and the loop bar are movably sleeved on the loop body, the sodium azide stored in the loop tube is extruded by collision by utilizing the pressing plate connected to the inner rod, so that the sodium azide can quickly form a large amount of nitrogen to fill the air bag when stressed, and the quickly expanded air bag provides buoyancy for a drowning person, so that the drowning person can be separated from a deep water environment; the elastic reinforcing ribs are arranged in the ring body, so that the phenomenon that the neck of a drowning person is blocked by the ring body under stress is avoided, and the structural stability of the neck ring is ensured; through installing flash light, locator, pulse inductor and megaphone on the circle body respectively to implement the control to the physical conditions and the positional information of neck collar person of wearing, outwards send distress signal in drowned accident&#39;s very first time, help the rescuer to fix a position it fast, thereby carry out rescue and rescue measures in the shortest time.",,,B63C9/155;B63C9/20;B63C2009/133,B63C9/20;B63C9/15,TANG JIANKE,,True,False
WO-2024005879-A1,US-2023014765-W,WO,A1,89381088,20230308,20220629,20240104,0,Method and system of sensor-based smart unlocking of a firefighter air replenishment system,,"Disclosed are methods and a system of sensor-based smart unlocking of a firefighter air replenishment system. A safety system of an occupiable structure includes a breathable- air supply system to facilitate delivery of breathable air from a source of compressed air, and a fill station in a fire-rated evacuation area of the occupiable structure to supply the breathable air to an emergency personnel. The safety system also includes a smart lock associated with the breathable-air supply system to automatically unlock one or more location(s) of the breathable-air supply system usable by the emergency personnel to access the breathable air during an emergency state of the occupiable structure, and a sensor associated with the breathable-air supply system to detect the emergency state of the occupiable structure.",,,G07C9/00896;A62B7/02;A62B9/006;A62B15/00,A62B15/00;A62B13/00;A62B33/00;G16Y20/10;G16Y40/10;G16Y40/30,RESCUE AIR SYSTEMS INC,US,True,True
KR-20230120155-A,KR-20220015349-A,KR,A,87800503,20220207,20220207,20230817,0,Smart firefighting safety equipment,스마트 소방 안전장비,"The present invention relates to a smart firefighting safety device, which comprises: a biometric sensing signal device for sensing a sensed biosignal to transmit the same to the outside; a biometric sensing unit for sensing and transmitting the biosignal to the biometric sensing signal device; and a control unit for controlling the biometric sensing signal device and the biometric sensing unit. The biometric sensing signal device includes: a danger signal output unit for enabling a user to recognize a sensed biosignal; and a communication unit for transmitting the biosignal sensed by the biometric sensing signal device to a situation headquarter. The smart firefighting safety device is mounted on a device of a firefighter input for fire suppression to sense a current location, breathing and movement of the firefighter, and can transmit a safety situation of the firefighter to a command and control center to check a safety status of the firefighter.","본 발명은 스마트 소장 안전장비에 관한 것으로, 보다 상세하게는 감지된 생체신호를 감지하여 외부로 전달하는 생체감지신호기와, 상기 생체감지신호기에 생체신호를 감지하여 생체신호를 전달하는 생체감지부와,상기 생체감지신호기와 생체감지부를 제어하는 제어부로 구성되며, 상기 생체감지신호기에는 감지된 생체신호를 사용자가 인지할 수 있도록 하는 위험신호출력부와, 상기 생체감지신호기에 감지된 생체신호를 상황본부에 전송하는 통신부로 구성되어, 화재진압에 투입되는 소방관의 장비에 장착되어 소방관의 현재 위치 및 소방관의 호흡과 움직임을 감지하여 소방관의 안전상황을 지휘통제소로 송출할 수 있도록 하여 소방관의 안전 상태를 확인할 수 있다.",,G08B21/02;G08B25/08;G08B25/10;G08B3/10;H04W4/80;G01C5/00;G01P15/00;G01S19/14;G01N33/0004;A62B9/006;A62B18/08;A61B5/0816;A61B5/6803;A61B5/1116;A61B2503/20,G08B21/02;A62B9/00;A62B18/08;G01C5/00;G01N33/00;G01P15/00;G01S19/14;G08B3/10;G08B25/08;G08B25/10;H04W4/80,NAT UNIV KUNSAN IACF,KR,True,True
CN-203706360-U,CN-201320883976-U,CN,U,51056765,20131230,20131230,20140709,20140709,Portable lifesaving device and lifesaving management system,,"The utility model discloses a portable lifesaving device. The portable lifesaving device comprises a positioning module, a communication module, a warning module and a distress call module. The positioning module includes a GPS positioning unit and/or a GSM positioning unit, a water sound positioning unit and/or a WiFi positioning unit which are connected with the communication module and transmit acquired positioning information to the communication module. The communication module receives alarm information and triggers the warning module to give a warning. When the distress call module is triggered, the communication module transmits the identification information of the lifesaving device and a distress signal to a management system. The utility model further discloses a lifesaving management system. By adopting the device and system provided by the utility model, the time from when the distress call module is triggered to when a server terminal gets the distress information is greatly shortened, thereby saving time for rescuers, and providing strong guarantee for the safety of tourists&#39; lives and properties.",,,,G08B21/08;H04W4/02,SHENZHEN DEGAOZHI TECHNOLOGY CO LTD,,True,False
CN-216022743-U,CN-202122432743-U,CN,U,80548335,20211011,20211011,20220315,20220315,Intelligent fire-fighting thermostatic suit,,"The utility model discloses an intelligent firefighter uniform in the technical field of firefighter products, which comprises a firefighter uniform main body, wherein the firefighter uniform main body comprises an inner liner, a heat insulation fireproof layer and an anti-puncturing outer layer which are arranged from inside to outside, a cavity is arranged between the inner liner and the heat insulation fireproof layer, a first circulating pipe is installed in the cavity, a water conveying pipe is communicated with the first circulating pipe and is positioned at the upper left end of the firefighter uniform main body, a temperature sensor connected with the inner liner is arranged at the bottom end of the left side outside the first circulating pipe, a shell is installed on the front end surface of the firefighter uniform main body, a baffle is connected in the shell, a cooling component is installed in the cavity, a circulating component is installed on the shell, and by arranging the first circulating pipe, the water conveying pipe, the temperature sensor, a remote communication module, a controller, the cooling component and the circulating component, the body temperature of the fire fighter can be kept at a constant temperature.",,,,A62B17/00,FIRE HUNTING AND FIRE FIGHTING SCIENCE AND TECH JIANGSU LIMITED COMPANY,,True,True
CN-102038494-A,CN-201010524746-A,CN,A,43905287,20101029,20101029,20110504,0,High-risk place safety guarantee system of digital wireless sensor network,,"The invention relates to a high-risk safety guaranteeing system of a digital wireless sensor network, and the high-risk place safety guarantee system is used for guaranteeing safety of firefighters, relief workers and the like in the high-risk places such as fire scenes and mine accident sites. The system comprises a wristwatch module, a helmet module, an air breathing module, a control centre module and a handheld PDA (personal digital assistant) module. According to the invention, the vital signs of people in the high-risk place and the field environment are monitored in real time with the IOT (Internet of things) technology, the real-time tracking and positioning of people in the high-risk place are realized, the field command and scheduling in the high-risk place are accomplished, and the life safety of the people is guaranteed.",,,,G08C17/02;H04W84/18;A61B5/02,JIANGSU RIFETUNE SOFTWARE TECHNOLOGY CO LTD,,True,False
CN-112248032-B,CN-202011101395-A,CN,B,74242603,20201015,20201015,20220726,20220726,Life body feature detection and identification method for rescue robot,,"The invention provides a life body feature detection and identification method for a rescue robot, which is used for solving the technical problem that rescue fails due to complex environment of the existing rescue robot. The method comprises the following steps: firstly, constructing an O-shaped detection area by taking the position of a rescue robot as a starting point, and starting an obstacle avoidance system of the rescue robot; secondly, performing rescue scanning on the O-shaped detection area by using a carbon dioxide detector to obtain a target point set; then, performing target detection on the target point set by using an infrared detector, and determining a target point to be rescued; and finally, identifying a target point to be rescued by using the radar life detector in a third stage, determining the specific position of the rescuers, sending a distress signal by using a controller of the rescue robot, and timely informing rescue workers of rescuing. According to the invention, multiple detectors are combined, so that the identification precision is improved, the rescue time is shortened, and the rescue robot has the capability of efficiently and accurately detecting the vital signs of a human body.",,,B25J19/026;B25J19/022;B25J9/1666;B25J11/00;B25J9/1676;B25J19/02,B25J9/16;B25J19/02;B25J11/00,,,True,False
CN-104127963-A,CN-201410388763-A,CN,A,51800976,20140810,20140810,20141105,0,Air breathing device integrating head-up display function and communication function,,"The invention relates to an air breathing device integrating a head-up display function and a communication function. The air breathing device comprises a backing tool, an air cylinder tightening belt is arranged on the upper middle portion of the backing tool, and a strap assembly is arranged on the lower portion of the backing tool. A sending end box of a head-up display device is arranged at the position, located in the middle of the strap assembly, of the lower portion of the backing tool, the sending end box comprises a left box body and a right box body, the backing tool is connected with a pressure reducer which is connected with a pressure reducer end medium pressure pipe, a duplex female rapid insert is connected between the pressure reducer end medium pressure pipe and the other end of an output line above the right box body, the duplex female rapid insert is in butt joint with a duplex male rapid insert which is connected with an air supply valve, the receiving display end of the head-up display device is arranged on the air supply valve, and the air supply valve is connected with a full face mask; a communication sound amplification device is arranged on the full face mask; the left box body is connected with the display device through a cable. The air breathing device reduces the weight of the communication full face mask, lines on the chest of a firefighter are simplified, the phenomenon that a hook and a line pipe intersect when the air breathing device is used is greatly avoided, the safety is improved, and the air breathing device is attractive and convenient to use.",,,,A62B18/08;A62B7/02;A62B9/00,FENAN INDUSTRY AND TRADE SHANGHAI CO LTD,,True,True
CN-110738824-A,CN-201911136406-A,CN,A,69273320,20191119,20191119,20200131,0,"Water area alarm method and device based on companion lines, electronic equipment and storage medium",,"The invention provides an  companion-peer-based water area alarm method which comprises a command terminal and a plurality of peer rescuer terminals, wherein the command terminal is connected with the terminals through an ad hoc network, the command terminal acquires positioning data of the terminals, the terminals acquire vital sign parameters of corresponding rescuers, the terminals send the positioning data and the vital sign parameters to the command terminal through the ad hoc network, the command terminal receives an alarm signal sent by the terminals and/or the command terminal generates an alarm signal for the corresponding terminals through analyzing the positioning data or the vital sign parameters, and the command terminal sends a withdrawal instruction to the alarm terminal and/or the command terminal analyzes the vital sign parameters and the positioning data of each terminal and sends rescue instructions to other peer terminals.",,,G08B25/10;H04W84/18;G08B21/08,G08B25/10;H04W84/18;G08B21/08,SHENZHEN RONGSHENG INTELLIGENCE EQUIPMENT CO LTD;GLOBEEZ GUANGDONG EMERGENCY SAFETY TECH GROUP CO LTD,,True,False
US-2019387387-A1,US-201916365629-A,US,A1,66540968,20190326,20180614,20191219,0,Emergency messaging from a locked mobile device,,"The disclosed system provides a facility to enable an emergency messaging session on a locked mobile device. In response to receiving a request on a locked mobile device to initiate an emergency messaging session, the system displays an interface that may enable a user of the mobile device to select a type of emergency and/or enter a customized message to be transmitted to an emergency services provider. The displayed interface additionally may include options to automatically or manually send specified types of information to an emergency responder, such as a physical location of the mobile device or medical, personal contact, or residence information of the user of the mobile device. While an emergency messaging session is in progress, the disclosed system may continually send updated information to the selected emergency provider, such as a location of the mobile device or biometric information associated with a user of the mobile device.",,,H04B17/373;H04B17/336;H04B10/112;H04B7/0634;H04B7/0408;H04M1/724634;H04B7/0617;H04B7/10;H04B7/0619;H04W4/12;H04W4/90;H04W4/029;H04M1/72536;H04M1/72418;H04M1/72424;Y02D30/70,H04W4/12;H04W4/029;H04W4/90;H04M1/72418;H04M1/72424,T MOBILE USA INC,US,True,False
CN-117528475-A,CN-202410024904-A,CN,A,89746167,20240108,20240108,20240206,0,Rescue site intelligent detection system and application,,"The application provides a rescue scene intelligent detection system and application, wherein a firefighter terminal device comprises a wireless communication module and an intelligent detection module, wherein the wireless communication module is used for receiving and sending voice, data and video information, and the intelligent detection module comprises an environment sensor, a vital sign detector, a data processing unit and a camera device; the base station equipment is used for receiving and processing voice, data and video signals from the firefighter terminal and comprises fixed base station equipment and mobile base station equipment, wherein the fixed base station equipment is positioned in a command part, and the mobile base station equipment is integrated with the unmanned aerial vehicle; according to the mobile base station equipment, the mobile base station equipment is integrated with the unmanned aerial vehicle, and the appointed area can be rapidly deployed in a short time through the mobility and the flexibility of the unmanned aerial vehicle, so that the communication requirements of different scenes are met, and the high-efficiency communication quality of the fire disaster and the command part is ensured.",,,H04W4/90;H04W4/029;H04W4/38;H04N7/142;G08B21/02;H04B1/385;H04B2001/3866,H04W4/90;G08B21/02;H04B1/3827;H04N7/14;H04W4/029;H04W4/38,SHENZHEN HONGJIALI FIRE TECH CO LTD,,True,False
KR-20180020606-A,KR-20160105215-A,KR,A,61401551,20160819,20160819,20180228,0,Air breathing apparatus with safety alarm function,안전 경보 기능이 구비된 호흡장치,"The present invention relates to an air breathing apparatus provided with a safety alarm function, implemented in the air breathing apparatus to enable a user to easily check whether firefighting (life rescue) members or scuba divers survive and are in an abnormal state, and where they are. The apparatus comprises: a GPS module acquiring location information via a GPS satellite; an air breathing detection sensor detecting breath of a user; a residue sensing unit measuring an amount of air or oxygen stored in a high pressure tank of the air breathing apparatus; a control unit determining a state of the user according to breath detection signals detected by the breath detection sensor, controlling display of residue according to the remaining amount of air or oxygen sensed by the residue sensing unit, and controlling state signals of the user to be transmitted; a first and a second regulator regulating pressure of compressed air or oxygen according to control of the control unit; and a wireless transmitter wirelessly transmitting the state signals of the user according to control of the control unit.","호흡장치에 장착되어 화재진압(인명구조) 대원 또는 스킨스쿠버 다이버들의 생존 여부, 이상 여부 및 위치를 용이하게 확인할 수 있도록 한 안전 경보 기능이 구비된 호흡장치에 관한 것으로서, GPS 위성을 통해 위치 정보를 획득하는 GPS모듈; 사용자의 호흡을 감지하는 호흡 감지 센서; 상기 호흡장치의 고압용기에 저장된 공기량 또는 산소량을 측정하는 잔량 감지부; 상기 호흡 감지 센서에서 감지한 호흡 감지 신호에 따라 사용자의 상태를 판별하고, 상기 잔량 감지부에서 감지한 공기 잔량 또는 산소 잔량에 따라 잔량 표시를 제어하며, 사용자의 상태 신호를 전송토록 제어하는 제어부; 상기 제어부의 제어에 따라 압축 공기 또는 압축 산소의 압력을 조정하는 제1 및 제2 레귤레이터; 상기 제어부의 제어에 따라 사용자의 상태 신호를 무선신호로 전송하는 무선 송신기를 포함하여, 안전 경보 기능이 구비된 호흡장치를 구현한다.",,B63C11/22;G08B25/14;A62B9/006;G08C17/02;A62B7/04;G01S19/17;G08B21/0269;B63C11/18;A62B9/022;G08B21/0211;G08B25/10,B63C11/22;G08B21/02;A62B9/00;A62B7/04;B63C11/18;G08C17/02;G08B25/10;G01S19/17;A62B9/02;G08B25/14,LEE JONG GIL,KR,True,True
CN-220899345-U,CN-202320266918-U,CN,U,90918669,20230213,20230213,20240507,20240507,Opening and closing mechanism based on display unit in fire mask,,"The utility model discloses an opening and closing mechanism based on a display unit in a fire mask, which belongs to the technical field of fire masks. The opening and closing mechanism can control the display device to be far away from or close to the front of the eyes of the firefighter, and when the display device is not needed in front of the eyes of the firefighter, the normal sight of the firefighter is prevented from being disturbed; when the display device is needed in front of the fire fighter, the infrared image, vital signs of the fire fighter, position information, temperature information and the like can be displayed on the fire scene.",,,,A62B18/08;G02B27/01,ANHUI ZHONGHANG DISPLAY TECH CO LTD,,True,True
US-2022060877-A1,US-202117399351-A,US,A1,80270052,20210811,20200819,20220224,0,Emergency gps signal system,,"An emergency GPS signal system includes a user transmitting an emergency distress signal from an internet-connected device. The emergency distress signal has information concerning the emergency, as inputted or selected by the user, along with location information. The location information may be obtained via GPS, wireless signals, or may be preprogrammed. Utilizing the emergency GPS signal system allows a user a discreet (e.g., inaudible) approach to notifying emergency responders of an emergency situation and its specific location.",,,G08B21/0269;G08B25/016;G08B21/0272;H04W4/90;H04W4/02;H04W4/14;G08B27/001,H04W4/90;H04W4/14;G08B27/00;H04W4/02,ROBERTSON CADE,US,True,False
US-7770610-B2,US-70333407-A,US,B2,38261990,20070206,20070206,20100810,20100810,System and method for in-structure delivery of air for filling of breathing apparatus,,"An in-structure air delivery system comprises a control panel and a plurality of air delivery lines. The control panel is located at a first location in the structure and has an air supply inlet. Each air delivery line extends from the control panel to a different location in the structure. Valves are configured to selectively control the flow of air through each of the air delivery lines. In a method of use, a high pressure air supply such as a portable compressor is connected to the inlet of the system. Air is selectively delivered to one or more of the delivery lines. A control unit is connected to the outlet of the delivery line. Air is supplied to the control unit. The control unit is used to regulate the flow of air to a component of breathing equipment, such as to a firefighter&#39;s breathing equipment air cylinder to be re-filled.",,,A62B99/00;B63C2011/023,A62B7/00;B65B31/00,MECHANICAL CONTRACTORS ASS INC,US,True,True
CN-104181498-A,CN-201410463999-A,CN,A,51962700,20140913,20140913,20141203,0,Firefighter positioning searching system and method,,"The invention discloses a firefighter positioning searching system and method and belongs to the technical field of fire control and rescue. The firefighter positioning searching system and method can monitor firefighters in a burning building, and automatically determine the positions of the firefighters after the firefighters keep motionless for a certain time. According to the technical scheme, the firefighter positioning searching system comprises a transmitting device used for transmitting signals, a fixed searching and a portable searching device, the fixed searching and the portable searching device receives the signals, the transmitting device comprises a first power source, a rest switch and an electromagnetic signal transmitter, the first power source, the rest switch and the electromagnetic signal transmitter are connected in sequence to form a main loop, the fixed searching device comprises a second power source, a first beam concentration flashlight, a plane electromagnetic searching detector and a vertical electromagnetic searching detector, the second power source, the first beam concentration flashlight, the plane electromagnetic searching detector and the vertical electromagnetic searching detector are all connected with a first processor, the portable searching device comprises a third power source, a second plane electromagnetic searching detector and a second beam concentration flashlight, and the third power source, the second plane electromagnetic searching detector and the second beam concentration flashlight are connected with a second processor. The firefighter positioning searching system and method are used for monitoring and rescuing firefighters on a fire fighting site.",,,G01S1/70;G01S1/06,G01S1/70;G01S1/06,DENG QUANLONG,,True,False
US-2011114577-A1,US-201113008953-A,US,A1,44010520,20110119,20060323,20110519,0,Portable self-supporting fire fighting equipment station,,"A portable fire fighter equipment station for use at a fire fighting scene is provided. The self-supporting frame comprising three support members pivotally connected to each other at one end, the self-supporting frame configurable into an in-use configuration with non-pivotally connected ends of the support members spaced apart to form a tripod and the self-supporting frame configurable into a transportation configuration with the three support members moved into close proximity. Each firefighter station is attached to one of the support members of the self-supporting frame and has a seating surface configurable into an in-use configuration to support a firefighter in a seated position, and a transportation configuration with the seating surface in close proximity to the self-supporting frame. A breathing apparatus holder is provided for securing an air bottle to the support member of the respective firefighter station.",,,A62B25/00,A47C1/00;A47C3/00;F16M11/20;F16M11/32,DENIKE RICHARD L,,True,True
CN-206687242-U,CN-201720507912-U,CN,U,60448428,20170509,20170509,20171201,20171201,A kind of vital emergent event calls for help intelligent leather belt,,"The utility model discloses a kind of vital emergent event to call for help intelligent leather belt, including belt body, call device is installed on the belt body, the call device includes processing unit, heart rate sensor, GPS locator, alarm unit, the heart rate sensor, GPS locator, alarm unit electrically connect with the processing unit, and the heart rate sensor is used for the heart rate for monitoring user.The utility model on belt by installing call device, when user plane is to great burst accident, the Psychological phobia according to caused by user, user&#39;s heart rate data is collected using heart rate sensor, when the heart rate data collected exceedes preset value, sent an SOS by processing unit automatic control alarm unit and dial rescuing telephone, while sent customer position information to rescuer by GPS locator；The apparatus structure is simple, practical, it is not necessary to increases the technology difficulty of conventional belt, is easy to mass produce and promotes.",,,,G08B21/04;A41F9/00,XU LINGXIAO,,True,False
CN-207979085-U,CN-201820272289-U,CN,U,63825868,20180226,20180226,20181019,20181019,A kind of fire helmet,,"The utility model discloses a kind of fire helmets, including helmet shell, helmet inner casing and wind shield, wind shield is connect by buckle structure with helmet shell, helmet shell is equipped with thermal insulation layer, noise control layer, anticollision layer and buffer layer successively from outside to inside, helmet inner casing is equipped with mounting box, and controller, positioning device, wireless communication module, power module, heartbeat detection device and apparatus for testing body temperature are equipped in mounting box.The utility model is provided simultaneously with heat-insulated, noise control, anticollision and the function of damping, feature-rich various, and thermal insulation layer is set to the outermost layer of helmet shell, and the helmet integrally will not easily be deformed because of high temperature, and service life is long；In addition, the utility model can monitor the physiology sign of fire fighter in real time and be accurately positioned, to make quick response to emergency episode, practicability is high, can be widely applied to fire-fighting equipment technical field.",,,,A42B3/04;A42B3/06,GUANGDONG GUOKE CONSTRUCTION CO LTD,,True,False
CN-219459052-U,CN-202320984524-U,CN,U,87383223,20230426,20230426,20230801,20230801,Fire fight safety device suitable for firefighter,,"A fire fighter safety device adapted for firefighters, comprising a control center PC, and at least one fire tactical watch in wireless communication with the control center PC, the fire tactical watch comprising: a main control chip; the storage chip is connected with the main control chip to provide running memory and data storage; the communication chip is connected with the main control chip; the positioning chip is connected with the main control chip; the power supply audio frequency collection chip is connected with the main control chip to provide a power supply management function and an audio frequency encoding and decoding function, and is connected with a battery, a loudspeaker and a microphone; the sensor hub is connected with the main control chip and is connected with at least one sensor for collecting heart rate, blood oxygen, blood pressure and temperature data and acquiring movement posture analysis data. The intelligent fire fighter positioning system is internally provided with the positioning chip module, realizes accurate positioning by combining a wireless communication function, monitors the health signs of fire fighters in real time by an intelligent means, and provides safety guarantee for fire fighters in a fire scene.",,,Y02D30/70,H04B1/3827;H04W4/029;H04W4/90,Weinan fire rescue detachment,,True,False
CN-109200512-A,CN-201811112575-A,CN,A,64985040,20180925,20180925,20190115,0,A kind of unmanned fire boat,,"The invention discloses a kind of unmanned fire boats, including hull, fire-fighting system, camera system, master control system；Dynamic positioning system, communication system and UAV system.It sues and labours scheme are as follows: unmanned fire boat passes through the position that communication system receives ship in distress or waterfront.Signal, which is sent, in remote terminal by rescuer carries out extinguishing operation.Operation remote terminal equipment connection UAV system flies small drone to fire source top to safe distance and opens camera and high-power megaphone, is monitored and lifesaving guides work.Program advantage is: the unmanned fire boat real-time reception distress signal and can reach scene of fire；The ship is also equipped with automatic fire extinguisher, the uncertainty for greatly reducing the risk artificially put out a fire and avoiding manual operation；Have the grasp scene the condition of a disaster of the closer distance of UAV system, effectively raises the success rate and efficiency of the disaster relief.Whole system is intuitive, operating efficiency is high, degree of safety is high, has biggish application prospect.",,,A62C31/03;B63B35/00;A62C37/00;A62C31/28;A62C29/00,B63B35/00;A62C31/03;A62C31/28;A62C37/00;A62C29/00,UNIV SHANGHAI MARITIME,,True,False
KR-101983024-B1,KR-20180028889-A,KR,B1,66656817,20180312,20180312,20190528,20190528,Cooling water pockets for fire fighting,소방용 냉각수포켓,"A fire-fighting cooling water pocket is disclosed. The fire-fighting cooling water pocket is used by being attached to or detached from a fire-fighting air respirator which is composed of: a cylinder for storing high-pressure air; and a face mask for receiving the air from the cylinder through a hose. The fire-fighting cooling water pocket comprises: a storage unit which stores drinking water in an internal space thereof and is placed at a position for the head part of a user; a heat exchange tube which is included in the internal space in order to be in contact with the drinking water, and induces pressure reduction of air provided through one end unit thereof, communicating with a hose, in order to cool down the drinking water and the head part; a drinking tube which connects the internal space and the face mask in order to provide the cooled drinking water to the user; and a breathing tube which connects the other end unit of the heat exchange tube and the face mask in order to provide the air to the user. Therefore, the fire-fighting cooling water pocket can provide a user with fresh air and cooled drinking water since a storage unit for storing drinking water in an internal space thereof and being placed at the position for the head part of a user, a heat exchange tube for inducing pressure reduction of air discharged from a cylinder in a state of being included in the internal space, and a drinking tube and a discharging tube for being connected with the storage unit and the other end unit of the heat exchange tube are organically attached to or detached from the existing fire-fighting air respirator and, at the same time, can improve safety of a user such as a firefighter who does fire extinguishing work in flames for a long time, by continuously cooling down the head part of the user.","소방용 냉각수포켓이 개시된다. 본 발명에 따른 소방용 냉각수포켓은, 고압의 공기를 수용한 실린더와, 호스를 통해 상기 실린더로부터 공기를 제공받는 안면마스크로 구성되는 소방용 공기호흡기에 탈부착되어 사용되고, 내부공간에 식수를 수용하고, 사용자의 두부에 구비되는 저장부; 식수와 접촉하도록 상기 내부공간에 배설되고, 상기 호스와 연통된 일단부를 통해 제공된 공기의 압력강하를 유도하여 식수와 두부를 냉각시키는 열교환튜브; 사용자에게 냉각된 식수를 제공하기 위해, 상기 내부공간과 상기 안면마스크 간을 연결하는 음용관; 및 사용자에게 공기를 제공하기 위해, 상기 열교환튜브의 타단부와 상기 안면마스크 간을 연결하는 호흡관을 포함하는 것을 특징으로 한다. 본 발명에 의하면, 내부공간에 식수를 수용하면서 사용자의 두부에 구비되는 저장부와, 내부공간에 배설된 상태에서 실린더로부터 송출된 공기의 압력강하를 유도하는 열교환튜브와, 저장부 및 열교환튜브의 타단부와 연결되는 음용관 및 송출관이 기존의 소방용 공기호흡기와 각각 유기적으로 탈착결합됨으로 인해 사용자는 신선한 공기 및 냉각된 식수를 제공받을 수 있고, 동시에 두부에 대한 냉각이 지속적으로 이루어짐에 따라 화염 속에서 장시간 진화작업을 하는 소방관 등과 같은 사용자의 안전이 더욱 증진될 수 있게 된다.",,A62B9/00;A62B18/04;A62B18/08,A62B9/00;A62B18/04;A62B18/08,UNIV INCHEON IND ACAD COOP,KR,True,True
CN-210631210-U,CN-201821682940-U,CN,U,70780138,20181017,20181017,20200529,20200529,Intelligent firefighter clothes and vital sign monitoring system for firefighters,,"The utility model provides a fire fighter&#39;s intelligence clothes and fire fighter vital sign monitoring system, this fire fighter&#39;s intelligence clothes include the clothing body, still including set up in one of rhythm of the heart collector, temperature acquisition unit, orientation module, the detecting element that tumbles, microphone, speaker, at least one display screen or their arbitrary combination and MCU on the clothing body, rhythm of the heart collector, temperature acquisition unit, the detecting element that tumbles&#39;s output is connected to respectively MCU corresponds the input, orientation module and MCU connect, the microphone is connected to through the sound card MCU, the MCU output is connected with display screen, speaker respectively. The utility model discloses a can know the environmental aspect, the fire fighter&#39;s positional information, the fire fighter vital sign at fire control scene in real time, command center just can in time make the rescue reaction to the fire fighter who takes place danger through intelligent terminal, misses the best rescue opportunity when avoiding the fire fighter to be absorbed in danger.",,,,A61B5/11;A61B5/0205;A62B17/00;A61B5/00,HUBEI UNIV FOR NATIONALITIES;XIANFENG WULING BIOLOGICAL TECH CO LTD,,True,True
CN-109313934-B,CN-201780035134-A,CN,B,55919702,20170506,20160506,20230609,20230609,CPR assist device and method for determining depth of chest compressions in a patient,,"A cardiopulmonary resuscitation assistance device for use by a rescuer in performing cardiopulmonary resuscitation on a patient. By using the rescuer vital signs, image subsections from the patient-facing camera including the rescuer&#39;s hands can be identified. After correctly identifying the image subsection including the rescuer&#39;s hand, chest compression depth and frequency can be derived from the patient-facing camera by tracking the distance between the patient-facing camera and the rescuer&#39;s hand.",,,G16H70/20;G16H30/40;A61H2201/5028;A61H2201/5092;A61H31/007;G16H20/30;A61H31/005;A61H2201/5064,G16H30/40,,,True,False
CN-203561839-U,CN-201320566598-U,CN,U,50511550,20130913,20130913,20140423,20140423,An earthquake rescue positioning watch,,"Provided is an earthquake rescue positioning watch which comprises a watchband, a watchcase, and a watch surface which are connected successively. A time display and a liquid crystal screen are disposed on the watch surface. A cell and an integrated circuit board are installed inside the watch surface. A GPS positioner is installed on the top of the watchcase. A loudspeaker and a switch are installed on the bottom of the watchcase. A remote control receiving switch and a time adjusting button are installed on the right side of the watchcase. A microphone is installed on the upper right side of the watchcase. An LED calling glittering lamp is installed on the upper left side of the watchcase. An infrared probe is installed on the left side of the watchcase. A microwave emitter is installed on the lower left side of the watchcase. An LED floodlight and a light switch are installed on the lower right side of the watchcase. Usually, the earthquake rescue positioning watch is worn on a hand and does not leave a body. After an earthquake, if a user is  buried or forgets to turn on the switch while being sacred, a rescuer may use a unified specially-produced remote controller to remotely switch on the remote control receiving switch of the earthquake rescue positioning watch. At this time, the GPS positioner, the microwave emitter, the LED calling glittering lamp, and the loudspeaker give a distress signal such that the rescuer is easy to find out the user needing for help in order to perform rescue in time.",,,,G08B21/02;G04B47/06,KUNSHAN YUSHAN TOWN SHILONG DESIGN WORK STUDIO,,True,False
CN-106355835-A,CN-201610973173-A,CN,A,57864450,20161104,20161104,20170125,0,Firefighter positioning tracking rescue device,,"A firefighter positioning tracking rescue device comprises an electronic tag, an RFID reader, an information collection device, a server and an alarm device, wherein the electronic tag is arranged inside a firefighter helmet; the RFID reader is fixedly arranged at the periphery of a fire ground and used for reading the information of the electronic tag; the information collection device is worn on a firefighter to collect fire temperature information and firefighter vital sign information; the server is used for receiving the information collected by the information collection device and the card reading information from the RFID reader, realizing firefighter localization based on an RFID location algorithm, and outputting an alarm signal after the collected information value reaches an alarm threshold; and the alarm device is used for receiving an alarm signal of the server to realize alarm. The firefighter positioning tracking rescue device provided by the invention combines ZigBee wireless network transmission technology and RFID localization technology, has a positive effect for fire-fighting commanding and dispatching while ensuring that firefighters can be timely rescued, so as to effectively reduce the number of casualties of firefighters in fire-fighting and rescue.",,,G08B21/0275;G08B21/0453,G08B21/04,UNIV SHAANXI SCIENCE & TECH,,True,False
CN-114333232-A,CN-202111634697-A,CN,A,81017241,20211229,20211229,20220412,0,Alarm position-indicating or individual distress position-indicating terminal equipment system,,"The invention discloses an alarm position-indicating or individual distress position-indicating terminal equipment system.A detection module comprises a heartbeat body temperature sensor, a detection microcontroller, a pressure sensor and a temperature and humidity sensor; the positioning module comprises a positioning microcontroller and a Beidou satellite positioning navigation module, and provides position information; the communication module is used for communication between the trapped person and the rescuer; the reminding module is used for being closely connected with the emergency networking alarm and rescue subsystem server; the Beidou satellite navigation communication subsystem comprises Beidou satellite navigation and Beidou communication services; when the emergency networking alarm and rescue subsystem detects that the user is in an abnormal external environment, the detection information can transmit real-time data to the emergency networking alarm and rescue subsystem, and rescue actions are carried out. The invention provides the search and rescue personnel with personal information of more disaster-stricken personnel, the surrounding environment and other specific conditions, thereby improving the rescue efficiency and reducing casualties to the maximum extent.",,,,G08B21/02;G08B21/24;G08B21/10;G01D21/02;H04B1/3827,UNIV BEIJING NORMAL,,True,False
US-2017128755-A1,US-201615347455-A,US,A1,58668322,20161109,20151109,20170511,0,Firefighter Breathing Apparatus Pack With Integrated Rescue Equipment,,"An improved firefighter SCBA harness is provided. The harness has a backplate for supporting an air cylinder. A waist belt extends from the backplate to secure the backplate to a waist of a firefighter wearing the SCBA harness. Shoulder straps extend from a top of the backplate connecting to the waist belt. A seat harness extends from a bottom of the backplate to a front of the waist belt for positioning through the legs of a firefighter. A bailout cable spool is provided on the waist belt for extending a cable from the harness to enable the firefighter to perform a bailout, used in a retrieval or as a fall restraint. A battery powered winch may also be integrated in the harness.",,,A45F3/14;B65H75/34;A45F2003/146;A62B9/04;A62B25/00;A62B35/0018;A62B35/0093;A45F3/08,A62B9/04;B65H75/34;A62B25/00;A45F3/14,E S SAFETY SYSTEMS INC,CA,True,True
KR-102108428-B1,KR-20190009173-A,KR,B1,70734260,20190124,20190124,20200507,20200507,Smart fire fighting suit set for fire fighting,화재 진압용 스마트 방화복 세트,"The present invention relates to a fire fighting suit set for firefighting. More specifically, the present invention relates to a fire fighting suit set for firefighting which enables smooth communication with a control room in the process that a firefighter enter a field and performs firefighting, thereby improving workability. Also, a location, movement, heart rate measurement, pulse measurement, and shock measurement of the firefighter are detected to be transmitted to the control room, such that the control room rapidly grasps a situation when the firefighter is in a dangerous situation. Accordingly, safety ensuring and smooth firefighting instructions of the firefighter are possible.","본 발명은 화재 진압용 방화복 세트에 관한 것으로, 더욱 상세하게는 소방관이 현장에 진입하여 작업을 수행하는 과정에서 통제실과의 원활한 소통이 가능하게 함으로써, 작업성의 향상이 가능하게 하며, 또한 소방관의 위치나 움직임, 심박측정, 맥박측정, 충격 측정 등을 감지하여 이를 통제실로 송신함으로써, 소방관이 위험 상황에 발생시 이를 통제실에서 신속하게 파악 및 조치가 가능하게 하는 등 소방관의 안전 확보 및 원활한 작업 지시가 가능하게 하는 화재 진압용 스마트 방화복 세트에 관한 것이다.",,G08B21/0453;G08B25/08;G08B21/0446;A41D13/005;A62B18/04;A42B3/30;A62B17/003;A62B17/005,A62B17/00,HOSHIN CO LTD,KR,True,True
US-2010052875-A1,US-58339009-A,US,A1,41724493,20090820,20080829,20100304,0,Smoke environment personnel identification apparatus,,"The apparatus consists of a self contained lighting and identification device ( 10 ) having a strap ( 104 ) for attachment to a SCBA tank. A back plate ( 58 ) and a front shield ( 62 ) are spaced apart forming a cavity for LED back-lighting, with the front shield incorporates identification indicia ( 68 ) which provides recognition of a specific firefighter. Battery containing tubes ( 72 ) act as structural pillars and are located between an upper end cap assembly ( 20 ) and a lower end cap assembly ( 86 ), utilizing tie rods ( 96 ) for attachment therebetween. Diffused light distribution tubes ( 78 ) energized by LED&#39;s are positioned adjacent to the battery tubes evenly dispersing light on each side of the apparatus, effectively penetrating a smoke environment. The upper end cap assembly incorporates a printed circuit board ( 46 ) which includes the necessary control and lighting devices, and the lower end cap has a removable bottom cover ( 90 ) allowing batteries to be replaced.",,,G08B5/002;G08B5/004;G08B21/02,G08B5/00,BOYADJIEFF GEORGE I,,True,False
US-11723593-B1,US-202217827735-A,US,B1,87560086,20220529,20220529,20230815,20230815,Opioid overdose alert wearable device method and devices,,"The embodiments disclose a method including: monitoring vital signs of an opioid patient, providing chemical identifying and concentration detection of a drug the opioid patient is preparing to inject, analyzing the opioid patient&#39;s vital signs to determine an overdose condition regardless of the patient consciousness state, tracking the opioid patient&#39;s GPS location, transmitting automatically an overdose emergency alert; sending the automatic opioid overdose emergency alert to the closest first responders, and providing the opioid patient&#39;s ID, GPS location, vital signs, potential drug overdosed, and known drug use in the automatic opioid overdose emergency alert to the closest first responders.",,,G16H20/17;G16H40/67;G16H50/20;G16H40/63;G16H15/00;A61B5/02055;A61B5/01;A61B5/02438;A61B5/0816;A61B5/4845;A61B5/1112;A61B5/7282;A61B5/746;A61B5/747;A61B5/4833;A61B5/0022;A61B5/681;A61B5/024;A61B5/117;H04W4/02,G06F21/62;A61B5/00;A61B5/0205;A61B5/024;A61B5/08;A61B5/11;A61B5/117;G16H15/00;H04W4/02,GJN INT LLC,US,True,False
CN-103269232-A,CN-201310174484-A,CN,A,49012844,20130513,20130513,20130828,0,Emergency system,,"The invention discloses an emergency system. The emergency system comprises a signal transmitting terminal and a signal receiving terminal. The signal transmitting terminal comprises an identity information recording module, a geographic position locking module and a signal transmitting module, wherein the identity information recording module is used for recording the identity information of a signal transmitting terminal holder, the geographic position locking module is used for acquiring the information of a geographic position where the signal transmitting terminal holder stays at present, and the signal transmitting module is used for sending the identity information, the geographic position information and a distress signal to the signal receiving terminal. The emergency system has the advantages that when encountering emergency outdoors, a help seeker transmits the distress signal to the signal receiving terminal which stores the identity information of the holder and can position the present position of the holder, the signal transmitting terminal transmits the distress signal, the identity information and the geographic position information of the holder at the same time, so that after the signal receiving terminal receives the information, rescuers carry related rescue instruments conveniently according to the information of different holders and accurately find help seekers according to the acquired geographic position information, and the help seekers can be treated in time.",,,,H04B1/02;H04B1/06,MAYHAP INDUSTRY SUZHOU CO LTD,,True,False
CN-202464097-U,CN-201120534677-U,CN,U,46912280,20111220,20111220,20121003,20121003,Simple lifeboat,,"The utility model relates to a simple lifeboat. The lifeboat is provided with an arc-shaped hull, wherein a safety cover which is in close fit with an opening of the hull is arranged at the upper part of the hull, a transparent window is arranged on the safety cover for enabling people in the hull to conveniently observe an external environment, a distress signal transmitting device is arranged in the hull, and a signal lamp for playing an indicating role is arranged outside the hull for enabling rescuers to conveniently locate the position of the hull; and in addition, a steering wheel which can control the movement direction of the lifeboat is arranged in the hull. The lifeboat has the advantages of simple structure and convenience in operation, and can timely emit a distress signal to the outside so as to bring great convenience to the flood disaster life-saving work.",,,,B63C9/06,UNIV CHINA MINING,,True,False
CN-213852830-U,CN-202022280169-U,CN,U,77072044,20201014,20201014,20210803,20210803,Fire rescue helmet,,"The utility model discloses a fire-fighting rescue helmet, which comprises a helmet body, a control mechanism, a battery, a lighting lamp, a camera, a hot boot, an infrared night vision device, a micro projector, a protective mask, a microphone and an earphone, wherein the control mechanism comprises a PCB (printed circuit board), a central processing unit, a vital sign monitoring device, a GPS (global positioning system) positioning chip, a temperature sensor, a humidity sensor, an infrared gas sensor and a 5G chip, and the fire-fighting rescue helmet can determine the position and the vital sign condition of trapped personnel, discover toxic and harmful gas in a disaster site in time and provide fire-fighting rescue information for individual fire-fighting rescue personnel through communication with a fire-fighting rescue command center, thereby avoiding individual rescue of each fire-fighting rescue personnel, better protecting the safety of the personnel, improving the fire-fighting and rescue efficiency, and projecting the received rescue auxiliary information onto the protective mask, the surrounding environment can be fully known, the rescue success rate is improved, and meanwhile the safety of rescuers can be better guaranteed.",,,,H04N7/18;H04W4/33;A62B18/04;H04W4/029;A62B18/08;H04N5/76;H04W64/00;A42B3/30;A42B3/28;G01D21/02;H04W4/38;H04W4/021,GUANGDONG INTERACTIVE ELECTRONICS CO LTD,,True,True
KR-20240094222-A,KR-20220175842-A,KR,A,91711042,20221215,20221215,20240625,0,System for rescuing emergency employing biometric techniques of solid space and hololens,3차원공간에서의 생체객체와 현실객체의 정합기술을 이용한 응급환자 구조 시스템,"The embodiment relates to an emergency patient rescue system using a technology for aligning a bio-object and a real object in a three-dimensional space. Specifically, the rescue system provides a three-dimensional bio-object recognition and alignment method that maximizes intelligent realism and immersion by applying MR technology to an emergency situation where on-site support is impossible. The emergency patient rescue system using a technology for aligning a bio-object and a real object in a three-dimensional space includes: an MR device that is individually equipped for a plurality of different users and acquires an MR (Mixed Reality) image by synchronously processing bio-object recognition and real object recognition in a three-dimensional space for a surrounding patient; a portable integrated controller that is installed around the MR device and processes the MR image of the MR device and additional information including the body temperature and location of a registration sensor and surrounding environment information, registration structure content, and interaction between the user and the patient according to the registration structure scenario, and collectively provides the information to a remote registration management server; and a management server that checks the patient&#39;s condition at a remote location and provides guidance and rescue according to the information provided by the portable integrated controller. According to embodiments, the on-site situation is transmitted to a medical control center using an MR device and high-speed wireless communication, and emergency responders can receive medical guidance from the medical control center and provide treatment.","실시예는 3차원공간에서의 생체객체와 현실객체의 정합기술을 이용한 응급환자 구조 시스템에 관한 것이다. 
구체적으로는, 이러한 구조 시스템은 현장지원이 불가능한 응급 상황에 MR 기술을 적용하여 지능화된 현실감 및 몰입감을 극대화하는 3차원 생체객체 인식 및 정합 방식을 제공한다. 그리고, 이러한 방식은 MR 디바이스를 활용한 MR기반으로 제작된 콘텐츠(현장 초동조치, 구급차 탑승 후 조치, 현장 의료조치 도구)를 통하여 만들어진다. 
그래서, 이러한 방식으로 초기 의료대응을 위하여 현장의 상황을 의료상황실로 전송하고 응급처치 요원이 의료상황실의 의료지도를 받아 처치하는 원격 의료지원을 제공한다. 이러한 경우, 현장 상황 전송은 MR 디바이스를 이용하여 고속 통신을 활용한 영상, 음성 등 원활한 정보 송수신으로 응급상황에 신속하게 대응한다. 예를 들어, 현장에서 필요한 MR 디바이스를 이용한 처리 부문(3차원공간 생체객체 인식 및 정합, 영상전송, 스냅샷 전송, 음성인식 및 음성합성(TTS), MR 콘텐츠 디스플레이 등)과 원격 의료상황실용(상황 모니터링, 처치 지도 등)으로 구분해서 만든다. 
이러한 경우, MR기반 현장 초동조치와, 구급차 탑승 후 조치, 의료조치 등으로 구분하여, 구조 콘텐츠와 구조 시나리오를 만든다. 그리고, 이러한 구조 콘텐츠와 구조 시나리오에 사용자 또는 환자와의 상호작용을 처리하여, 현장상황에 적절한 구조 정보를 제공한다. 
따라서, 이를 통해 실시예에서는 MR 디바이스와 고속 무선통신 등을 이용하여 현장의 상황을 의료상황실로 전송하고 응급처치요원이 의료상황실의 의료지도를 받아 처치를 제공할 수 있도록 한다. 
그리고, 현장지원이 불가능한 응급 상황에서 3차원 공간의 생체객체 인식 및 정합 기술 이용한 MR 기반의 의료 대응을 제공한다.",,G06T7/30;G06T19/006;G16H80/00;G16H40/67,G16H80/00;G06T19/00;G06T7/30;G16H40/67,ELEC COM CO LTD,KR,True,False
CN-224462149-U,CN-202521656965-U,CN,U,100378250,20250805,20250805,20260707,20260707,Closed-circuit breathing oxygen supply type forest fire-avoiding cover,,"A closed-circuit breathing oxygen supply type forest fire-avoiding cover relates to a forest fire-avoiding cover. The utility model aims to solve the problem that the existing fire-avoiding cover cannot block external smoke and dust from entering the fire-avoiding cover when the ground is uneven. The utility model has simple operation, can prevent fire fighters from sucking high-temperature and harmful smoke and dust when being used under the condition of uneven ground, and provides guarantee for the life safety of the fire fighters, when the fire fighters are in a critical fire disaster environment, the fire fighters unfold the fire avoidance cover, the heads of the fire fighters face the storage pocket, lie in the cover in a prone position, and then take out the closed-circuit breathing unit in the storage pocket. The breathing mask is worn on the face, the air supply quantity is adjusted in real time by rotating a valve on the air supply tank, the exhaled air enters the carbon dioxide adsorption tank through the exhalation valve, the carbon dioxide is absorbed by an adsorbent in the breathing mask, and the rest of the exhaled air continuously participates in the breathing cycle. The utility model belongs to the technical field of forest fire control.",,,,A62B18/02;A62B7/02;A62B18/08;A62B18/10;A62C3/02;B01D53/04,,,True,True
US-12280276-B2,US-202217727911-A,US,B2,83693745,20220425,20210423,20250422,20250422,Bracket systems for storing and deploying articles of equipment,,"A bracket system is provided for the storage and retrieval of an article of equipment such as a self-contained breathing apparatus of the type used by firefighters and other first responders to provide breathing air during firefighting and other emergency operations. The bracket system securely stores the article of equipment in a position at which the article of equipment has an upside down, or inverted orientation, facing the back of the storage area. The bracket system is configured to articulate in a manner that positions the article of equipment in a lowered position at which the article of equipment has an upright orientation, facing the user, so that the user can retrieve the article of equipment.",,,A62B25/00,A62B25/00,ZIAYLEK MICHAEL P;ZIAMATIC LLC,US,True,True
CN-201686006-U,CN-201020217077-U,CN,U,43374292,20100528,20100528,20101229,20101229,Life buoy provided with distress signal lamp,,"The utility model provides a life buoy provided with a distress signal lamp. The body of the life buoy is connected with the distress signal lamp provided with a button switch. During usage, the distress signal lamp can be switched on through the button switch to emit light, thereby providing accurate rescue positions to rescuers. In addition, the life buoy is particularly suitable to be used on ships.",,,,B63C9/20,UNIV XIANGFAN,,True,False
KR-20220038219-A,KR-20200120791-A,KR,A,80997079,20200918,20200918,20220328,0,Apparatus for preventing freezing of the valve for air respirator mask and the method for controlling thereof,공기호흡기 면체의 밸브 동결 방지장치 및 그 제어방법,"The present invention relates to a valve freezing preventing device of a surface body for an air respirator and a control method thereof, wherein a heating device is installed on an intake port or an exhaust port of a surface body for an air respirator so as to prevent an intake valve or an exhaust valve from being cooled or frozen by outdoor air in winter. To this end, the present invention comprises: a power supply unit which supplies operating power to a heating unit; a plurality of heating units installed on an intake port or an exhaust port formed on a nose cup of a surface body for an air respirator, respectively, and operated by a driving current supplied from the power supply unit to generate heat; a power switch which is turned on/off by the operation of a user, and regulates the power supplied to each heating unit from the power supply unit; a temperature sensing unit installed on or around one side of the intake or exhaust port of the nose cup and configured to measure the temperature of the intake or exhaust port or the surroundings thereof; and a control unit which controls the power supplied from the power supply unit to each heating unit according to a temperature detection signal of the temperature sensing unit or the on/off operation state of the power switch. Accordingly, the intake valve or the exhaust valve of the surface body for an air respirator is prevented from being cooled or frozen even when a fire fighter needs to temporarily remove the surface body to shift work after long hours of work at the scene of the fire or to perform other tasks such that if needed, the fire fighter can immediately wear the surface body and perform operation efficiently.","본 발명은 공기호흡기 면체의 밸브 동결 방지장치 및 그 제어방법에 관한 것으로, 공기호흡기용 면체의 흡기구나 배기구에 히팅장치를 설치하여 흡기밸브나 배기밸브가 겨울철 외기에 의해 냉각 또는 동결되는 것을 방지하기 위한 것이다. 
이를 위하여 본 발명은 히팅부에 동작 전원을 공급하는 전원 공급부, 공기호흡기 면체의 노즈컵에 형성된 흡기구 및 배기구에 각각 설치되며 전원 공급부에서 제공되는 구동전류에 의해 동작하여 열을 발생시키는 다수 개의 히팅부, 사용자 조작에 의해 온/오프되어 전원 공급부에서 각 히팅부에 공급하는 전원을 단속하는 전원스위치, 노즈컵의 흡기구나 배기구의 일측 또는 그 주변에 설치되어 흡기구나 배기구 또는 그 주변온도를 측정하는 온도 감지부, 온도 감지부의 온도 감지신호 또는 전원스위치의 온/오프 조작 상태에 따라 전원 공급부에서 각 히팅부로 공급되는 전원을 제어하는 제어부를 포함하여, 화재 현장에서 장시간 작업에 따른 소방대원의 교대 또는 기타 다른 업무를 수행하기 위해 공기호흡기 면체를 잠시 벗어 두어야 하는 경우에도 공기호흡기용 면체의 흡기밸브나 배기밸브가 냉각 또는 동결되지 않도록 하여 필요시 즉시 재착용하여 효율적인 작업을 수행할 수 있게 한다.",,H05B1/0202;A62B18/10;F16K49/002;H05B2214/02;H05B1/0252,A62B18/10;H05B1/02;F16K49/00,JEONG SEON SOON,KR,True,True
US-2011139296-A1,US-80614610-A,US,A1,38261990,20100805,20070206,20110616,0,System and method for in-structure delivery of air for filling of breathing apparatus,,"An in-structure air delivery system comprises a control panel and a plurality of air delivery lines. The control panel is located at a first location in the structure and has an air supply inlet. Each air delivery line extends from the control panel to a different location in the structure. Valves are configured to selectively control the flow of air through each of the air delivery lines. In a method of use, a high pressure air supply such as a portable compressor is connected to the inlet of the system. Air is selectively delivered to one or more of the delivery lines. A control unit is connected to the outlet of the delivery line. Air is supplied to the control unit. The control unit is used to regulate the flow of air to a component of breathing equipment, such as to a firefighter&#39;s breathing equipment air cylinder to be re-filled.",,,A62B99/00;B63C2011/023,B65B3/04,LISLE RICHARD W,,True,True
KR-102520372-B1,KR-20220037026-A,KR,B1,86143327,20220325,20220325,20230428,20230428,System for checking viability and location using wearable information providing apparatus and method performing thereof,웨어러블형 정보 제공 장치를 이용한 생존 여부 및 위치 확인 시스템 및 이의 실행 방법,"A system for checking viability and location using a wearable information providing device, which includes a wearable information providing device, a rescuer terminal and a central server, according to an embodiment of the present invention comprises: a wearable information providing device distributed and worn on part of a body of a user belonging to a group or a personal user, and measuring and providing the locational information and biometric information of the user; a central server for checking the viability and location of the user using the three-dimensional locational information of a rescuer received from the rescuer terminal, and the three-dimensional locational information and the biometric information of a person to be rescued, which is received from the wearable information providing device, and providing the locational information of the corresponding user to the rescuer terminal; and the rescuer terminal for receiving and displaying the locational information of the user received from the central server. Therefore, provided are a system for checking viability and location using a wearable information providing device, and a performing method thereof, wherein a person to be rescued can be rescued swiftly.","본 발명의 일 실시예에 따른 웨어러블형 정보 제공 장치, 구조자 단말 및 중앙 서버를 포함하는 웨어러블형 정보 제공 장치를 이용한 생존 여부 및 위치 확인 시스템은 그룹에 소속되는 사용자 또는 개인 사용자 각각의 신체 일부에게 배부되어 착용되며 사용자의 3차원 위치 정보 및 생체 정보를 측정하여 제공하는 웨어러블형 정보 제공 장치, 상기 구조자 단말로부터 수신된 구조자 3차원 위치 정보 그리고 상기 웨어러블형 정보 제공 장치로부터 수신된 구조 대상자의 3차원 위치 정보 및 생체 정보를 이용하여 상기 사용자의 생존 여부 및 위치를 확인하여 해당 사용자의 위치 정보를 구조자 단말에 제공하는 중앙 서버 및 상기 중앙 서버로부터 수신된 사용자의 위치 정보를 수신하여 표시하는 구조자 단말을 포함한다.",,G08B21/02;A61B5/6801;G08B21/0453;H04W4/90;G08B21/10;A61B5/0002;G08B25/10;H04W4/02;A61B5/0205;G08B25/14,H04W4/90;H04W4/02;A61B5/00;A61B5/0205;G08B21/10;G08B25/10;G08B25/14;G08B21/02;G08B21/04,KOCOM CO LTD,KR,True,False
CN-220894979-U,CN-202322412372-U,CN,U,90878723,20230905,20230905,20240503,20240503,Fire control positioning monitoring system,,"The application relates to a fire control positioning monitoring system, comprising: the fire fighter carries a positioning individual terminal and a vital sign monitoring device, an intelligent air-breathing pressure gauge arranged on the air respirator, a positioning beacon device for transmitting positioning signals, and a portable gateway device and an information processing terminal which are arranged on a fire scene; the vital sign monitoring device and the intelligent air-breathing pressure gauge are respectively connected with a positioning individual terminal; the positioning individual terminal is connected to the portable gateway equipment through a data network; the portable gateway device is connected to the information processing terminal; the positioning beacon device is respectively in communication connection with the positioning individual terminal and the portable gateway equipment through the wireless local area network. According to the technical scheme, the positioning position, the pressure condition of the respirator and vital sign information of the firefighter can be automatically monitored in real time, accurate positioning is provided for rescue between teammates, the life safety of the firefighter entering a fire scene is ensured, and accurate real-time information reference is provided for solving the internal condition of the fire scene.",,,,G08B17/00;G08B7/06;G08B25/10,GUANGDONG JINGTIAN TECH CO LTD,,True,False
CN-216003025-U,CN-202122352921-U,CN,U,80522817,20210928,20210928,20220311,20220311,Thermal insulation clothes,,"The utility model discloses a heat preservation garment, which comprises a main body mechanism, a bundling mechanism, a protection mechanism, a light-emitting mechanism and a zipper, wherein the bundling mechanism is arranged at the lower end of the main body mechanism, the protection mechanism is arranged at the middle end of the main body mechanism, the light-emitting mechanism is arranged on two sides of the upper end of the main body mechanism, and the zipper is arranged in the middle of the upper end of the main body mechanism; the light emitting mechanism includes: and the waterproof lamp belts are arranged on two sides of the upper end of the main body mechanism. This heat preservation clothes, the protection machanism of setting is fixed through hasp end to end, when receiving the rescue, rescuer accessible protection machanism draws the user to drag and rescues, can hold up the head through the head buoyancy board that sets up, can prevent to get into the inside floating ability that loses of heat preservation clothes from the face at rivers, leads to the problem of human body temperature dip suddenly, comes the refraction to luminous mechanism through reflection of light cloth, makes the user position focus attention more, the expansion of the rescue work of being convenient for.",,,,B63C9/093;B63C9/20;B63C9/087,DONGTAI EAST SHIP ASSEMBLY CO LTD,,True,False
CN-108168561-A,CN-201810082945-A,CN,A,62515743,20180129,20180129,20180615,0,A kind of fire-fighting disaster field individual soldier&#39;s indoor locating system,,"The present invention provides a kind of fire-fighting disaster field individual soldier&#39;s indoor locating system, including outdoor vehicle-mounted command system, indoor Single-soldier system and 4G transmission channels；Outdoor vehicle-mounted command system includes hardware server and software scheduling system, and software scheduling system includes indoor three-dimensional map；Indoor Single-soldier system includes locating module, handheld terminal and larynx the shake earphone being built in fire fighter&#39;s insole, and handheld terminal carries camera, and locating module and larynx shake earphone are connected by bluetooth module with handheld terminal；Handheld terminal is built-in with APP softwares, and pass through 4G transmission channels and transmitted with outdoor vehicle-mounted command system into row information, the location information of fire fighter is presented in three-dimensional map indoors, there is emergent live HD video passback, the monitoring of scene of a fire fire fighter&#39;s indoor accurate position, fire fighter&#39;s vital sign, scene of a fire architecture indoor rapid modeling etc..",,,G01C21/206,G01C21/20,LI FEN,,True,False
WO-2016201376-A1,US-2016037094-W,WO,A1,57504017,20160610,20150610,20161215,0,Alarm notification system,,"A system and method providing for ascertaining the status of a user and escalating an alarm in the event the user is ascertained to be disposed in a dangerous condition. The of the invention attempts to contact the user at a predetermined check-in time, and notifies a pre-designated third-party which may be an emergency responder such as law enforcement or other emergency contact in the event that the user fails to respond to the check in request or signals that they are in danger using an escalate feature of the invention. The system operates autonomously to notify pre-designated emergency contacts or emergency responders in the case in which a user has been rendered unable to respond. The user may identify specific individuals with whom they plan to meet and the invention may also track the user&#39;s geo-location. The invention may also monitor biometric data of the user.",,,H04W4/90;G08B25/10;G08B21/0423;H04W4/14;G08B25/001;G08B21/0453;H04M11/04;G08B21/0415;G08B21/04;G08B21/02;G08B25/012,H04W4/90;G08B21/02;G08B21/04;G08B25/10;H04M11/04,PIANTEDOSI AVERY,US,True,False
EP-3452933-A1,EP-17722729-A,EP,A1,55919702,20170506,20160506,20190313,0,A cpr assistance device and a method for determining patient chest compression depth,,"A Cardiopulmonary resuscitation assistance device is used by a Rescuer when administering Cardiopulmonary resuscitation to a patient. Using the rescuer vital signs, image subsection from a patient facing camera can be identified that comprise the rescuer&#39;s hands. Having correctly identified the image subsections comprising the rescuer&#39;s hands the chest compression depth and frequency can be derived from the patient facing camera by tracking the distance between the patient facing camera and the rescuer&#39;s hands.",,,A61H31/005;G16H70/20;G16H30/40;G16H20/30;A61H2201/5092;A61H2201/5064;A61H2201/5028;A61H31/007,G16H70/20;G16H30/40;G16H20/30,KONINKLIJKE PHILIPS NV,NL,True,False
WO-2017191324-A1,EP-2017060847-W,WO,A1,55919702,20170506,20160506,20171109,0,A cpr assistance device and a method for determining patient chest compression depth,,"A Cardiopulmonary resuscitation assistance device is used by a Rescuer when administering Cardiopulmonary resuscitation to a patient. Using the rescuer vital signs, image subsection from a patient facing camera can be identified that comprise the rescuer&#39;s hands. Having correctly identified the image subsections comprising the rescuer&#39;s hands the chest compression depth and frequency can be derived from the patient facing camera by tracking the distance between the patient facing camera and the rescuer&#39;s hands.",,,G16H30/40;G16H70/20;G16H20/30;A61H31/005;A61H2201/5092;A61H2201/5064;A61H2201/5028;A61H31/007,G16H70/20;G16H30/40;G16H20/30,KONINKLIJKE PHILIPS NV,NL,True,False
WO-2020187075-A1,CN-2020078406-W,WO,A1,66459172,20200309,20190315,20200924,0,Method and device for providing rescue information to rescuer,,"The present application is designed to provide a method and device for providing rescue information to a rescuer. The method comprises: a distress signaling device sends a distress call to a corresponding network device; the network device receives the distress call, determines at least one rescue user device based on the corresponding positioning basis information, and sends to at least one of the rescue user devices the position information of the distress signaling device and the position-based information of at least one wearable rescue device; the rescue user device provides distress prompt information about the distress call, and presents on a map interface the position-based information of the at least one wearable rescue device; and the rescue user device sends rescue response information about the distress call to the network device. The present application can reduce the burden of the rescuer and improve rescue efficiency.",,,H04W4/021;H04W4/02,H04W4/02,FIRST RESPOND LTD,CN,True,False
KR-20200055373-A,KR-20180138972-A,KR,A,70910521,20181113,20181113,20200521,0,Fire Command System utilizing Real-Time status and Indoor Position Tracking Information,소방대원의 실시간 상태 확인 및 실내 위치 트래킹 정보를 활용한 소방 지휘 시스템,"The present invention relates to a firefighting command system utilizing a real-time status and indoor position tracking information of a firefighter. More specifically, disclosed is a firefighting command system which sets a location coordinate using a beacon to obtain the indoor location information of a firefighter using an acceleration, geomagnetic field, and barometric pressure sensors and obtains a more accurate location using a pedestrian dead reckoning (PDR) method. In addition, the firefighting command system displays the location information on the screen of a mobile terminal to identify a movement path through a tracking system and measure, in real time, the status of the firefighter and information on the field by attaching a shock detection sensor and a temperature and humidity sensor to a firefighting suit and attaching a heart rate sensor attached to a fire fighting glove, thereby transmitting the status and information to the mobile terminal by using a long range (LoRa) communication module.","본 발명은 소방대원의 실시간 상태 확인 및 실내 위치 트래킹 정보를 활용한 소방 지휘 시스템에 관한 것으로서 더욱 상세하게는 비콘을 활용하여 위치 좌표를 설정한 뒤 가속도, 지자계, 기압 센서를 이용하여 소방대원의 실내 위치 정보를 확보하고 PDR(Pedestrian Dead Reckoning) 방식을 이용하여 보다 정확한 위치를 파악 할 수 있으며, 이러한 위치 정보를 모바일 단말기의 화면에 출력하여 트래킹 시스템을 도입해 이동 경로 파악과 충격 감지 센서, 온습도 센서를 화재 진압복에 부착하고 심박 센서를 소방 장갑에 부착하여 현장 정보와 소방대원의 상태를 실시간으로 측정해 LoRa(Long Range) 통신 모듈을 활용하여 모바일 단말기로 전송하는 소방 지휘 시스템이 개시된다.",,G06Q50/10;G06Q50/26;H04W4/70;G16Y40/50;G08B25/14,H04W4/70;G06Q50/10;G06Q50/26,AHN JU YEON,KR,True,False
KR-101835689-B1,KR-20160105215-A,KR,B1,61401551,20160819,20160819,20180308,20180308,Air breathing apparatus with safety alarm function,안전 경보 기능이 구비된 호흡장치,,"호흡장치에 장착되어 화재진압(인명구조) 대원 또는 스킨스쿠버 다이버들의 생존 여부, 이상 여부 및 위치를 용이하게 확인할 수 있도록 한 안전 경보 기능이 구비된 호흡장치에 관한 것으로서, GPS 위성을 통해 위치 정보를 획득하는 GPS모듈; 사용자의 호흡을 감지하는 호흡 감지 센서; 상기 호흡장치의 고압용기에 저장된 공기량 또는 산소량을 측정하는 잔량 감지부; 상기 호흡 감지 센서에서 감지한 호흡 감지 신호에 따라 사용자의 상태를 판별하고, 상기 잔량 감지부에서 감지한 공기 잔량 또는 산소 잔량에 따라 잔량 표시를 제어하며, 사용자의 상태 신호를 전송토록 제어하는 제어부; 상기 제어부의 제어에 따라 압축 공기 또는 압축 산소의 압력을 조정하는 제1 및 제2 레귤레이터; 상기 제어부의 제어에 따라 사용자의 상태 신호를 무선신호로 전송하는 무선 송신기를 포함하여, 안전 경보 기능이 구비된 호흡장치를 구현한다.",,G08B25/10;A62B9/022;G01S19/17;G08B21/0269;B63C11/18;G08B21/0211;G08C17/02;A62B9/006;A62B7/04;G08B25/14;B63C11/22,B63C11/22;G08B25/14;A62B9/02;A62B7/04;G08B25/10;G08B21/02;G01S19/17;G08C17/02;A62B9/00;B63C11/18,,,True,True
WO-2013106899-A8,CA-2012000081-W,WO,A8,48798435,20120131,20120131,20140821,0,Post-accident network probe and method of using the same,,"A post-accident network probe and a method of using such a probe are disclosed. The probe is configured to be deployed in a confined environment (e.g. an underground mine), typically after an accident has occurred, in order to establish a connection with the wireless network, or a portion thereof, located therein. The probe generally allows the rescuers to determine the position of potentially trapped miners and can allow the rescuers to have access to environment-related information collected by the network, to get vital signs information, and/or to communicate with the trapped miners. The probe can be deployed using different access methods such as bore holes (existing or new), ventilation shafts, preventive installations of probes, etc. Notably, since the probe establishes a connection with the network, the location of the probe does not have to be exactly where the miners are located as long as the miners are tracked by the network.",,,E21F11/00;H04B7/26;H04W4/90;H04W8/005;H04W84/00,H04W4/90;H04W80/12;E21F11/00;H04W84/22;H04W88/08;E21F17/06;H04W16/26,NEWTRAX HOLDINGS INC;CROTEAU SERGE;CERVINKA ALEXANDRE;BUIST ALEXANDRE;LI WANG;MESSIER PIERRE-ETIENNE;LAMBERT JEAN-FRANCOIS;PATTERSON GLENN DAVID,CA,True,False
CN-111615050-A,CN-202010333822-A,CN,A,72198207,20200424,20200424,20200901,0,"Emergency positioning searching device, method and system",,"The invention provides an emergency positioning searching device, a method and a system, wherein the emergency positioning searching device comprises: the ultra-wideband PDOA module is used for precise distance measurement and azimuth angle measurement; the MPU module is used for configuring the working mode of each module, managing communication and reading and writing operation and processing of data information; the wireless data transmission module is used for data interaction between the emergency positioning search and rescue device and the background server; the power supply module is used for supplying power to each module; the emergency fixed search device also comprises a display module for displaying the working state of the emergency fixed search device and the distance and direction information of a person seeking help or an object to be searched relative to the emergency fixed search device; the emergency positioning search and rescue searching device further comprises a key module used for manually sending a distress signal and switching the working modes of the emergency positioning search and rescue searching device. The system can realize interactive positioning between firefighters on site, know accurate position information of the person seeking help in real time, reduce rescue difficulty and improve rescue efficiency.",,,H04W4/02;H04W64/00;H04W4/90;G08B25/016,H04W64/00;H04W4/02;H04W4/90;G08B25/01,ZHENGZHOU LOCARIS ELECTRONIC TECH CO LTD,,True,False
KR-20100128482-A,KR-20090046893-A,KR,A,43505353,20090528,20090528,20101208,0,Portable lantern reactive to biological information,생체 정보 반응형 휴대용 조명등,"PURPOSE: A bio-information reactive portable lighting lamp is provided to enable rescuers to selectively rescue an urgent victim by checking the health condition of victims. CONSTITUTION: A bio-information reactive portable lighting lamp(200) comprises a bio-information sensor module which includes a cardiac sensor(211), a body heat sensor(212), and a motion detection sensor(213). At least one among a heart rate, a body heat, and the movement distance of a victim is transmitted to a control center through a wireless communications module(206). A multi sensor module(201) comprises a smoke sensor, a gas sensor, a temperature sensor, an illuminance sensor, and a humidity sensor. The wireless communications module communicates with the control center through a wireless communications access pointer(207) or a holder(208).","본 발명은 화재 등의 비상시에 사용할 수 있는 생체 정보 반응형 휴대용 조명등에 관한 것으로서, 본발명의 휴대용 조명등은, 구조대상자의 심장박동을 측정할 수 있는 심박수 측정용 센서, 체온을 측정하기 위한 온도 센서 중 적어도 하나를 구비하여 구조대상자의 상태를 측정하는 생체정보센서모듈; 상기 생체정보센서모듈의 측정값을 통제센터로 전송하기 위한 무선통신모듈을 포함하며, 상기 생체정보센서모듈 및 상기 무선통신모듈은 상기 휴대용 조명등의 탈착시에 동작하는 것을 특징으로 한다. 
     본 발명에 따르면, 휴대용 조명등으로부터 구조 대상자의 심박수, 체온, 움직임 등을 전달받아 화재발생시 구조대상자의 위급상황 정도를 파악하여 가장 위급한 상태에 있는 구조대상자를 우선 구조토록 할 수 있으며, 상기 휴대용 조명등의 위치를 용이하게 추적하여 구조대상자를 쉽게 구조할 수 있도록 하는 효과가 있다. 
       
     비상, 화재, 조명등, 위치 추적, 대피, 생체정보, 센서",,H04W84/02;G01S19/01;A61B5/01;A61B5/024;G08B21/0438;H05B47/19;F21L4/00;G08B25/016;G08B17/00;F21V33/00;Y02B20/40,H05B37/02;F21L14/02,MENTECH CO LTD,KR,True,False
CN-111021936-A,CN-201911242897-A,CN,A,70207418,20191206,20191206,20200417,0,Fire-fighting equipment for external intelligent fire rescue,,"The invention discloses external fire intelligent rescue fire fighting equipment, which comprises a fire fighting truck body, wherein a rotating device is rotatably connected to the fire fighting truck body, a telescopic aerial ladder is arranged on the rotating device, one end of the telescopic aerial ladder, which is far away from the rotating device, is provided with a manned frame, a life detector, a rescue alarm system and a smoke removal system are arranged on the outer side of the manned frame, the life detector is electrically connected with the rescue alarm system, the life detector is used for monitoring the vital sign condition in the horizontal direction, and a pair of air bag slide ladders are arranged at the positions, close to the telescopic aerial ladder, of the manned frame; according to the external fire intelligent rescue fire fighting equipment, the aerial ladder is erected on the outer side of the residential building by the fire fighting truck, the life information is monitored on each floor, and after the life signs are detected, firefighters directly enter the affected floor to assist the personnel to escape, so that the rescue is quicker and more accurate, the physical strength of the firefighters cannot be wasted on climbing the building, and more physical strength is saved for rescue.",,,E06C5/04;A62B27/00;E06C7/00;E06C5/26,E06C5/04;E06C7/00;E06C5/26;A62B27/00,XUZHOU KERUI SECURITY PROTECTION TECH CO LTD,,True,True
CN-115086875-A,CN-202210500263-A,CN,A,83246694,20220509,20220509,20220920,0,"Rescue worker monitoring method, system, device and computer readable storage medium",,"The invention discloses a method, a system and a device for monitoring rescuers and a computer readable storage medium, wherein the method comprises the following steps: receiving positioning information and vital sign information of rescuers sent by intercom equipment; determining the rescue state of the rescue worker according to the positioning information and the vital sign information; determining guidance information of the rescuers according to the rescue state; and sending the guidance information to the talkback equipment so as to output the guidance information to guide the rescue personnel to execute corresponding actions through the talkback equipment. The method of the invention determines the rescue state of the rescue personnel according to the positioning information and the vital sign information of the rescue personnel, acquires whether the rescue personnel continuously participate in the rescue task or not through the rescue state and evaluates whether the rescue personnel can obtain the rescue in time or not, determines the guidance information of the rescue personnel according to the rescue state, and sends the guidance information to the talkback equipment to guide the rescue personnel to execute actions, so that the rescue personnel can acquire the rescue state of the rescue personnel in time, and the safety of the rescue personnel is improved.",,,H04B1/3827;H04Q5/24;H04W4/029;H04W4/30;H04W4/90,H04Q5/24;H04B1/3827;H04W4/029;H04W4/90;H04W4/30,SHENZHEN VOXINDA TECH CO LTD,,True,False
US-8837683-B2,US-201113006139-A,US,B2,45925512,20110113,20101010,20140916,20140916,Critical health information profile and emergency communication system,,"A microprocessor-based emergency response communication system used to call and communicate with the 9-1-1 operator and also allows emergency responder&#39;s immediate access to a user&#39;s Critical Health Information Profile stored in the device at the point and location of crisis. The device is used to create individual Critical Health Information Profiles which is Health Level-7 compliant enabling it to seamlessly communicate with major hospital networks worldwide. This functional capability provides a system that can retrieve and transmit user-stored personal and health information by emergency responders at the point of care. The emergency responder can access the customer&#39;s Critical Health Information Profile database, review the data for pertinent information and then transmit that data to a designated receiving hospital or medical center. The device provides an electronic means of dialing and communicating directly with the 9-1-1 operator. A wireless remote transmitter unit can be activated from the wireless transmitter or the base unit to dial and connect with the 9-1-1 operator, broadcast a canned message with or without a personal-recorded message, and personally communicate with the 9-1-1 operator through a two-way speakerphone system. The device contains software enabling the user and medical personnel the ability to input, store, retrieve and analyze the user&#39;s vital sign data and other pertinent health information.",,,G16H40/67;G16H10/65;G16H10/60;G06F19/323;G06F19/3418;G06F19/322,H04M11/04;G06F19/00,CONROY THOMAS M;MEDSIGN INTERNAT CORP,US,True,False
CN-220833874-U,CN-202322456171-U,CN,U,90773443,20230911,20230911,20240426,20240426,Bypass air supply valve,,"The utility model relates to a bypass air supply valve, which comprises an air supply valve, a breathing mask, an electronic display, an exhalation valve, a bypass switch and a sliding block linkage mechanism, wherein the air supply valve and the breathing mask are of an integrated structure, one end of the sliding block linkage mechanism is connected with the exhalation valve, the other end of the sliding block linkage mechanism is a jacking component, the jacking component controls the air supply valve switch, the bypass switch is positioned above the air supply valve, the bypass switch is positioned at the front side of the electronic display, and the bypass switch is in transmission connection with the sliding block linkage mechanism. The bypass air supply valve adds the bypass function on the premise of not changing the structures and technical parameters of the air supply valve and the exhalation valve in the original European style air supply valve, and improves the use safety performance of the bypass function. When wearing the breathing mask provided with the air supply valve, a firefighter can cut off the air supply of the air bottle and breathe natural air outside without taking off the breathing mask.",,,,A62B9/02;A62B18/02;A62B18/10,SHANGHAI INGUARD SAFETY EQUIPMENT CO LTD,,True,True
KR-101595850-B1,KR-20140024069-A,KR,B1,54243119,20140228,20140228,20160222,20160222,Personal air breathing device with safety alarm function,안전 경보 기능이 구비된 개인용 공기호흡기,,"공기호흡기에 장착되어 화재진압(인명구조)시 소방대원들의 생존 여부, 이상 여부 및 위치를 용이하게 확인할 수 있도록 한 안전 경보 기능이 구비된 개인용 공기호흡기 및 이를 이용한 대원관리시스템에 관한 것으로서, 사용자의 호흡을 감지하는 호흡 감지 센서, 고압용기에 저장된 공기량을 측정하는 공기 잔량 감지부, 상기 호흡 감지 센서에서 감지한 호흡 감지 신호에 따라 사용자의 상태를 판별하고, 상기 공기 잔량 감지부에서 감지한 공기 잔량에 따라 공기 잔량 표시를 제어하며, 사용자의 상태 신호를 전송토록 제어하는 제어부, 상기 제어부의 제어에 따라 사용자의 상태 신호를 무선신호로 전송하는 무선 송신기를 포함하는 공기호흡기; 상기 공기호흡기의 무선 송신기에서 송출된 사용자의 상태신호를 수신하여 저장하고, 관리자의 요청에 따라 사용자의 상태를 화면에 표시해주는 대원관리장치를 포함한다.",,A62B9/00;A62B7/00,A62B9/00;A62B7/00,,,True,True
JP-2020022643-A,JP-2018148868-A,JP,A,63855253,20180807,20180807,20200213,0,Fire-fighting water discharge nozzle,,"To provide a fire-fighting water discharge nozzle allowing a firefighter to check an object to which water is discharged in a smoke-filled fire room.SOLUTION: A fire-fighting water discharge nozzle 10 includes a nozzle part 12, a water discharge body 14, and a double tubular valve 16 disposed at an inner space 22 of the nozzle part 12 and the water discharge body 14 and comprising an inner tube 26 and an outer tube 28. A rear part of the nozzle part 12 is screwed with a front part of the water discharge body 14, and the nozzle part 12 is rotated to change a water discharge form so as to discharge water. A head portion 16a of the valve part 16 includes a light emitter 32 connected to an external power supply 30 via a first hole 14a of the water discharge body 14 communicating with a hollow part 26a of the inner tube 26, and a gas jet port 42 for jetting a high-pressure gas 40 supplied from external air supply means 38 via a second hole 14b of the water discharge body 14 communicating with a hollow part 36 formed between the inner tube 26 and the outer tube 28. Even at a smoke-filled building fire of zero visibility, this configuration allows a firefighter to perform fire work, while checking an object to which water is discharged, from a water discharge position.SELECTED DRAWING: Figure 1",,,,B05B1/12;A62C31/02;A62C31/03,HASEGAWA TETSUYA,,True,False
CN-114470545-A,CN-202210247278-A,CN,A,81486724,20220314,20220314,20220513,0,Convenient and reliable fire-fighting self-rescuer,,"The invention relates to the technical field of fire-fighting articles, in particular to a convenient and reliable fire-fighting self-rescuer; comprises a gas cylinder assembly, a mask assembly, an air bag and a filtering system; the mask assembly is provided with a mask valve; the mask assembly is communicated with the outside through a mask valve, and the mask valve is connected with a gas supply quick switching device through a gas guide pipe; the quick gas supply switching device comprises a three-way valve body, a piston positioned in the valve body, an air bag gas guide channel valve, a return spring assembly and an air bag interface; the air bag interface is connected with the air bag; the cavity of the rapid air supply switching device is connected with the filtering system through a first one-way valve; the cavity is connected with the gas cylinder assembly through a quick connector; the invention realizes the quick switching of three breathing states, improves the quick switching efficiency of the fire-fighting self-rescuer, prolongs the service life and improves the practicability and effectiveness of the fire-fighting self-rescuer.",,,A62B9/02;A62B18/08;A62B9/06;A62B7/02;A62B18/10;A62B7/10,A62B7/10;A62B18/08;A62B9/06;A62B18/10;A62B7/02;A62B9/02,HU JIABIN;LIU YANG;LIE AVIATION SHARP;GUO SITONG,,True,True
CN-110149594-B,CN-201910368738-A,CN,B,67593945,20190505,20190505,20200630,20200630,"Individual soldier companion help calling method and device, electronic equipment and storage medium",,"The invention provides a help calling method for individual soldier companions, which comprises the following steps: receiving track data sent by a plurality of terminals, recording the track data and displaying the relative positions of the terminals; receiving a distress signal sent by a first terminal in the plurality of terminals; and sending rescue signals and the track data of the first terminal to other terminals in the plurality of terminals, and comparing the track data of the other terminals with the track data of the first terminal to confirm the position of the first terminal. The invention also provides a single soldier companion distress device, electronic equipment and a storage medium. The invention can provide commands when rescuers rescue the fellows in danger, thereby avoiding the rescuers from blindly rescuing and causing more loss.",,,H04W4/023;H04W64/00;H04W4/90;H04W4/029,H04W64/00;H04W4/029;H04W4/90,,,True,False
US-2023380761-A1,US-202318233184-A,US,A1,87560086,20230811,20220529,20231130,0,Opioid overdose alert wearable device method and devices,,"The embodiments disclose a method including: monitoring vital signs of an opioid patient, providing chemical identifying and concentration detection of a drug the opioid patient is preparing to inject, analyzing the opioid patient&#39;s vital signs to determine an overdose condition regardless of the patient consciousness state, tracking the opioid patient&#39;s GPS location, transmitting automatically an overdose emergency alert; sending the automatic opioid overdose emergency alert to the closest first responders, and providing the opioid patient&#39;s ID, GPS location, vital signs, potential drug overdosed, and known drug use in the automatic opioid overdose emergency alert to the closest first responders.",,,A61B5/4845;A61B5/117;A61B5/1112;A61B5/746;A61B5/681;A61B5/024;A61B5/0816;A61B5/0022;A61B5/02055;H04W4/02;G16H15/00;G16H20/17;G16H40/67;G16H50/20;G16H40/63;A61B5/01;A61B5/02438;A61B5/7282;A61B5/747;A61B5/4833,A61B5/00;A61B5/0205;A61B5/024;A61B5/08;A61B5/11;A61B5/117;G16H15/00;H04W4/02,GJN INT LLC,US,True,False
KR-20220146079-A,KR-20210052922-A,KR,A,84042201,20210423,20210423,20221101,0,Smart lifesaving alarm system,스마트 인명구조용 경보기 시스템,"The present invention relates to a smart lifesaving alarm system. Firefighters who are to carry out firefighting work at a fire site wear smart lifesaving alarms with buckles on their firefighting suits. If there is no movement of the firefighter wearing the alarm for a preset time while entering the fire site and carrying out fire extinguishing work, a man-down alarm is output and an LED blinks. When a high temperature higher than a preset temperature is detected in the surroundings, a high-temperature alarm is output and the LED blinks. The time of entry to the fire site and the elapsed time of entry are displayed so that the time can be easily grasped. A GPS function is secured to recognize the location of a firefighter wearing the alarm. Wireless communication, such as Bluetooth communication, is connected to a transceiver of a field command department near a fire site such that the location and alarm status of each firefighter, the time of entry to the fire site and the elapsed time can be grasped from a terminal for field command. By sending a command to a smart lifesaving alarm through a command transceiver, a command can be displayed on a degree display window of the smart lifesaving alarm. The condition, location, and elapsed time of entry of firefighters who have lost consciousness or are at risk of high temperature at a fire site are easily identified by a command center near the fire site. The present invention is to ensure that firefighters who entered a fire site can keep the maximum entry maintenance time, thereby protecting the safety of firefighters.","본 발명은 스마트 인명구조용 경보기를 화재현장에서 소화작업을 수행하려는 소방관들이 소방복에 버클을 이용하여 착용하고, 화재현장으로 진입하여 소화작업을 진행하는 도중에 기설정된 시간 동안 착용한 소방관의 움직임이 없으면 맨다운 경보음을 출력하며 LED가 점멸작동되고, 또는 기설정된 온도 이상의 고온이 주변에서 감지되면 고온 경보음을 출력하며 LED가 점멸작동되고, 화재현장의 진입시각과 진입경과시간이 표시되어 용이하게 시간을 파악할 수가 있으며, GPS 기능을 갖추어 착용한 소방관의 위치를 인식하고, 블루투스 통신 등 무선통신으로 화재현장 인근의 현장지휘부 송수신기와 연결되어 각 소방관의 위치 및 경보 상태, 화재현장 진입시각과 경과시간을 현장지휘용 단말기에서 파악할 수 있고, 지휘부 송수신기를 통해 스마트 인명구조용 경보기로 명령을 송신하여 스마트 인명구조용 경보기의 정도표시창에 명령을 표시할 수 있어서, 화재현장에서 의식을 잃거나 고온으로 위험에 처한 매몰된 소방관의 상태와 위치, 진입경과시간을 화재현장 인근의 지휘부에서 용이하게 파악하며 화재현장에 진입한 소방관들이 최대진입유지시간을 지킬 수 있도록 하여 소방관들의 안전을 보호하는 것이 가능한 스마트 인명구조용 경보기 시스템에 관한 것이다.",,G08B25/016;G08B7/06;G08B21/02;G08B21/18;G08B25/14;Y02A50/00,G08B21/02;G08B21/18;G08B25/01;G08B7/06;G08B25/14,WOO JEONG HA,KR,True,False
EP-4136478-A1,EP-21719990-A,EP,A1,75581559,20210414,20200415,20230222,0,Method and wearable electronic device for rescuing a person in distress,,"The invention relates to a method for rescuing a person in distress, comprising equipping at least a first person with a first wearable electronic device (10a) and a second person with a second wearable electronic device(10b), referred hereafter as the person in distress and the rescuer respectively, each wearable device comprising a processing unit (12a), a memory (12b), a Global Navigation Satellite System-GNSS receiver (16), a Low Power Wide Area Network (LPWAN) transmitter/receiver (14), an antenna (15) adapted to emit and receive a signal through the LPWAN and to receive a signal from the GNSS, a user interface (20) for inputting a distress signal, and a display unit (26) for displaying the location of a person in distress, wherein the processing unit (12a) is configured to execute a software stored in the memory (12b) of the wearable electronic device to turn the electronic device from a standby mode either into a tracking mode for locating and finding a person in distress or into an SOS mode for sending SOS signals. The method further comprises the steps of: a. turning the first wearable device (10a) by the person in distress through its user interface (20) from a standby mode into an SOS mode; b. obtaining the GNSS coordinates of the first wearable electronic device (10a) worn by the person in distress; emitting from the first wearable electronic device (10a), through the LPWAN, one or more SOS signals at a given constant emission power until a first SOS signal is picked up by the second wearable electronic device (10b) worn by the rescuer, and d. processing, by the processing unit (12a) of the second wearable electronic device (10b), at several time intervals, SOS signals sent by the first wearable electronic device and current GNSS coordinates of the second wearable electronic device (10b) to provide guiding information on the display (26) of said second wearable electronic device (10b) as a function of the location of the person in distress and the rescuer as the rescuer moves towards the person in distress.",,,G01S2205/006;G08B21/0266;Y02D30/70;H04W4/029;G08B21/0263;G01S5/0231;G01S5/0072;H04W4/90;G08B25/016;G08B21/0269,G01S5/00;G01S5/02;G01S19/47,SYNCTECH SA,CH,True,True
US-10791448-B2,US-201916365629-A,US,B2,66540968,20190326,20180614,20200929,20200929,Emergency messaging from a locked mobile device,,"The disclosed system provides a facility to enable an emergency messaging session on a locked mobile device. In response to receiving a request on a locked mobile device to initiate an emergency messaging session, the system displays an interface that may enable a user of the mobile device to select a type of emergency and/or enter a customized message to be transmitted to an emergency services provider. The displayed interface additionally may include options to automatically or manually send specified types of information to an emergency responder, such as a physical location of the mobile device or medical, personal contact, or residence information of the user of the mobile device. While an emergency messaging session is in progress, the disclosed system may continually send updated information to the selected emergency provider, such as a location of the mobile device or biometric information associated with a user of the mobile device.",,,H04M1/724634;H04M1/72418;H04M1/72424;H04W4/90;H04B7/0617;H04B17/336;H04W4/12;H04B7/0619;H04B7/10;H04B17/373;Y02D30/70;H04B10/112;H04B7/0634;H04B7/0408;H04W4/029;H04M1/72541;H04M1/72577;H04M1/72536,H04M1/72418;H04M1/72424;H04W4/029;H04W4/90;H04W4/12;H04B7/10;H04B7/06,T MOBILE USA INC,US,True,False
CN-117212743-A,CN-202310950243-A,CN,A,89039669,20230731,20230731,20231212,0,Emergency rescue lighting lamp,,"The invention relates to the technical field of emergency rescue lighting lamps, in particular to an emergency rescue lighting lamp, which comprises a bearing mechanism and an air supply and dust exhaust mechanism arranged on the bearing mechanism. The elastic supporting piece which can be elastically stretched is connected between the outer frame and the lamp holder, after two groups of binding belts are tightly tied along the shoulders and the chest of a rescuer, the air and dust discharging mechanism, the lamp holder and the bulb which are fixedly borne by the clamp can be positioned right above the back of the rescuer, when the rescuer advances along the creeping direction in a pit, the bulb can illuminate in the advancing direction of the rescuer, and the dust which is raised in the advancing process of the rescuer can be directionally absorbed and filtered by the two dust collecting boxes and the filter core which are arranged on the two sides of the bin tube, and the external air pipe and the guide pipe are matched to continuously pressurize towards the inside of the plugging end, so that the air in the pit of the rescuer can be purified, the illumination of the bulb and the realization of the rescuer are not hindered, and the safe respiration of the rescuer can be not influenced.",,,,F21V21/08;B01D46/58;F21V15/04;F21V17/12;F21V19/00;F21V33/00;F21W131/402;F24F8/108;F24F8/95,JIANGSU AN BAO LAI PROTECTIVE EQUIPMENT CO LTD,,True,False
CN-204563358-U,CN-201520124790-U,CN,U,53856055,20150304,20150304,20150819,20150819,Intelligent air respirator,,"The utility model discloses an intelligence air respirator, including the gas cylinder, face guard and backplate, the gas cylinder is fixed on the backplate, the gas cylinder valve is connected to the gas cylinder, relief pressure valve and pressure sensor are connected respectively through the trachea to the gas cylinder valve, pressure sensor connects the transmitter, the transmitter is installed satellite and WIFI orientation module and is equipped with digital display screen, the relief pressure valve passes through trachea and connects quick-operation joint, quick-operation joint inserts the face guard after connecting the air supply valve through the trachea, face guard upper portion is equipped with miniature camera head, the face guard lateral part is equipped with the sound transmission membrane, the inside receiver that is fixed with of face guard, the receiver is equipped with the LED. The utility model has the advantages that: the gas cylinder atmospheric pressure passes through the display of digital display screen, and the scene of being convenient for is clear to be watched and in time master, and the transmitter is with data wireless transmission to receiver, and the rescuer can know gas cylinder atmospheric pressure and tolerance in service behavior directly in the face guard, uses conversation, video defeated, satellite and WIFI location three simultaneously, helps commander liaison and safety rescue.",,,,A62B18/02;A62B7/02,Shanxi lande fire fighting equipment co ltd,,True,True
CN-112248032-A,CN-202011101395-A,CN,A,74242603,20201015,20201015,20210122,0,Life body feature detection and identification method for rescue robot,,"The invention provides a life body characteristic detection and identification method for a rescue robot, which is used for solving the technical problem that rescue fails due to complex environment of the existing rescue robot. The method comprises the following steps: firstly, constructing an O-shaped detection area by taking the position of a rescue robot as a starting point, and starting an obstacle avoidance system of the rescue robot; secondly, performing rescue scanning on the O-shaped detection area by using a carbon dioxide detector to obtain a target point set; then, performing target detection on the target point set by using an infrared detector, and determining a target point to be rescued; and finally, identifying a target point to be rescued by using the radar life detector in a third stage, determining the specific position of the rescuers, sending a distress signal by using a controller of the rescue robot, and timely informing rescue workers of rescuing. According to the invention, multiple detectors are combined, so that the identification precision is improved, the rescue time is shortened, and the rescue robot has the capability of efficiently and accurately detecting the vital signs of a human body.",,,B25J11/00;B25J19/026;B25J9/1676;B25J19/022;B25J19/02;B25J9/1666,B25J19/02;B25J9/16;B25J11/00,HENAN INST SCIENCE & TECH,,True,False
CN-203930071-U,CN-201420061536-U,CN,U,51825868,20140211,20140211,20141105,20141105,Big Dipper emergency management and rescue terminal,,"The utility model relates to the application of the Beidou satellite navigation location technology of satellite communication navigation field, particularly a kind of Big Dipper terminal that realizes emergency management and rescue.This terminal is System Implementation hi-Fix via satellite, utilizes Big Dipper generation short message function, sends an SOS and positional information.Terminal comprises five funtion parts altogether: satellite positioning module, Big Dipper generation communication module, control module, power module and antenna part.Antenna is connected with Big Dipper generation communication module with satellite positioning module, satellite positioning module is responsible for location, Big Dipper generation communication module is responsible for a distress signals and real-time positioning information sends to rescue center by big-dipper satellite, and rescue center carries out fixed-point rescue according to person for help&#39;s positional information.The utility model has the advantages that: the utility model can be launched distress signal and positional information via satellite in the situation that not having mobile phone signal to cover, and is convenient to notify rescuer to search and rescue fast.",,,,G01S19/17;G01S19/42,BGMICRO ELECTRONICS CO LTD,,True,False
KR-20150102328-A,KR-20140024069-A,KR,A,54243119,20140228,20140228,20150907,0,Personal air breathing device with safety alarm function and worker management system,안전 경보 기능이 구비된 개인용 공기호흡기 및 이를 이용한 대원관리시스템,"The present invention relates to a personal air respirator having a safe alarming function, which is mounted on an air respirator to enable a user to easily confirm survival, disorder, and position of fire fighters during fire fighting (life saving), and to a worker management system using the same. The worker management system comprises: an air respirator including a respiration sensor for sensing respiration of a user, an air residual amount sensing unit for measuring the air amount stored in a high pressure container, a control unit for determining a state of a user according to a respiration sensed signal sensed through the respiration sensor, controlling display of the air residual amount according to the air residual amount sensed through the air residual amount sensing unit, and controlling a user state signal to be transmitted, and a wireless transmitter for transmitting the user state signal as a wireless signal according to control of the control unit; and a worker management device which receives and stores the user state signal transmitted from the wireless transmitter of the air respirator and displays the state of the user on a screen according to a request of an administrator.","공기호흡기에 장착되어 화재진압(인명구조)시 소방대원들의 생존 여부, 이상 여부 및 위치를 용이하게 확인할 수 있도록 한 안전 경보 기능이 구비된 개인용 공기호흡기 및 이를 이용한 대원관리시스템에 관한 것으로서, 사용자의 호흡을 감지하는 호흡 감지 센서, 고압용기에 저장된 공기량을 측정하는 공기 잔량 감지부, 상기 호흡 감지 센서에서 감지한 호흡 감지 신호에 따라 사용자의 상태를 판별하고, 상기 공기 잔량 감지부에서 감지한 공기 잔량에 따라 공기 잔량 표시를 제어하며, 사용자의 상태 신호를 전송토록 제어하는 제어부, 상기 제어부의 제어에 따라 사용자의 상태 신호를 무선신호로 전송하는 무선 송신기를 포함하는 공기호흡기; 상기 공기호흡기의 무선 송신기에서 송출된 사용자의 상태신호를 수신하여 저장하고, 관리자의 요청에 따라 사용자의 상태를 화면에 표시해주는 대원관리장치를 포함한다.",,A62B9/00;A62B7/00,A62B9/00;A62B7/00,LEE JONG KWAN,KR,True,True
US-9241849-B1,US-8282608-A,US,B1,55085986,20080415,20070416,20160126,20160126,Apparatus for rescue and recovery of incapacitated persons,,"A rescue apparatus and method for the transport of injured persons from an area deemed immediately dangerous to life and health (IDLH), being a low-profile wheeled platform with a shaped aperture having the contour matching that of an air-pack. Immobilized fire fighters or others may be placed in a supine position atop the platform, their air packs entering into the contoured aperture; so that they may utilize the air supply while being evacuated. The wheels of the apparatus preferably straddle a fire hose during the transport using it as a guide for safe egress from the IDLH environment.",,,A61G1/0212;A61G1/0268;A61G1/048;A61G1/044;A61G1/00;A62B3/00;A61G1/02,A61G1/00;A61G7/053;A61G5/00;A61G1/02,CASKEY WESLEY WYATT,US,False,True
KR-20140134750-A,KR-20130052862-A,KR,A,52455645,20130510,20130510,20141125,0,System and method for monitoring the position of firefighter,소방관 위치 모니터링 시스템 및 방법,"The present invention relates to a system to monitor the locations of firefighters and a method thereof. The system monitors the locations of firefighters by receiving signals transmitted from a location signal transmission device installed in the gears of the firefighters in one or more location signal receiving devices installed in a plurality of fire trucks, checks if the firefighters are in an emergency based on the biometric data of the firefighters sensed by the location signal transmission device installed in the gears, displays the emergency if any emergency of a firefighter is sensed, and notifies firefighters around of the emergency.","본 발명은 소방관의 장비에 설치된 위치신호 발신장치에서 송신되는 신호를 다수의 소방차에 설치된 적어도 하나 이상의 위치신호 수신장치에서 수신하여 소방관 위치를 모니터링하고, 소방관 장비에 설치된 위치신호 발신장치에서 감지하는 소방관의 생체정보를 바탕으로 소방관이 응급상황에 처했는지를 확인하고, 응급상황에 처한 소방관을 감지하면 이를 표시하고, 인근 소방관에게 알리는 소방관 위치 모니터링 시스템 및 방법에 관한 것이다.",,G01S11/06;G08B25/10;G08B21/02,G08B25/10;G01S11/06;G08B21/02,UNIV HANSEO ACADEMIC COOPERATION FOUNDATION;WOO CHOONG CHAE;BAE DAE SOON,KR,True,False
KR-20240043972-A,KR-20220123090-A,KR,A,90637972,20220928,20220928,20240404,0,Band-type device for requesting rescue to transmit the location of missing or isolated first responders,실종 또는 고립된 현장대응요원의 위치를 전송하는 밴드형 구조요청장치,"The present invention relates to a band-type rescue requesting device for transmitting a location of missing or isolated first responders which manually or automatically transmits the location of a missing or isolated field response worker for rescue when the field response worker goes missing or is isolated at a terrorist or disaster site. The band-type rescue requesting device for transmitting the location of a missing or isolated field response worker according to the present invention is characterized in that a main body (20) is formed in a band type such as a bracelet or anklet, and an emergency location transmitter (11), an ultrasonic transmitter (12), an infrared communication transmitter (13), an LED lighting device (14), a body temperature and pulse meter (15), a manual operation button (16), and a battery (17) are built into the main body (20).","본 발명은 테러 또는 재난 현장에서 현장대응요원이 실종 또는 고립시, 구조를 위해 실종 또는 고립된 현장대응요원의 위치를 수동 또는 자동으로 전송하는 실종 또는 고립된 현장대응요원의 위치를 전송하는 밴드형 구조요청장치에 관한 것이다. 
본 발명에 따른 실종 또는 고립된 현장대응요원의 위치를 전송하는 밴드형 구조요청장치는 본체(20)가 팔찌 또는 발찌와 같은 밴드 타입으로  형성되고, 비상위치발신기(11), 초음파 발신기(12), 적외선 통신 발신기(13), LED 조명장치(14), 체온 및 맥박 측정기(15), 수동조작버튼(16) 및 배터리(17)가 본체(20)에 내장형으로 배치되는 것을 특징으로 한다.",,A61B5/6831;A61B5/02438;A61B5/02055;A61B5/01;A44C5/0007;G01S19/14;G08B5/20;G08B5/002;G08B25/10;G08B25/12,G08B25/12;A44C5/00;A61B5/00;A61B5/01;A61B5/0205;A61B5/024;G01S19/14;G08B5/00;G08B5/20;G08B25/10,UNIV NAT INCHEON RES & BUSINESS FOUND,KR,True,False
CN-115607869-A,CN-202211255234-A,CN,A,84863500,20221013,20221013,20230117,0,Fire-fighting security personnel carrying box,,"The invention relates to the technical field of carrying boxes and discloses a carrying box for fire fighters, which comprises a box body assembly; the box body assembly comprises a carrying box, an electronic prompt board and a plurality of supporting legs are arranged in the carrying box, the electronic prompt board and the supporting legs are rotatably connected to the bottom of the carrying box, and a sliding assembly is arranged at the bottom of the carrying box; the sliding assembly comprises sliding rails, a first plate body and a second plate body, wherein the sliding rails are symmetrically and fixedly connected to the bottom of the carrying box; according to the invention, the supporting legs have a better supporting effect on the carrying box by changing the positions of the supporting legs, the starting time and the frequent times of the air breathing apparatus used by rescue workers are displayed by using the electronic prompting board, so that the rescue workers can conveniently leave the scene, the carrying box is closed until the rescue is finished, and the supporting legs and the board body are reset, so that the carrying box is convenient to store and transfer, and the problems that the existing safety worker carrying box has a single function and cannot have a better auxiliary effect on rescue work are solved.",,,A62B9/006,A62B9/00,DATIAN FIRE RESCUE BRIGADE,,True,True
CN-115120899-B,CN-202210752223-A,CN,B,83381010,20220628,20220628,20230725,20230725,Functional firefighter uniform capable of rapidly cooling and emergency early warning method thereof,,"The invention discloses a functional firefighter uniform capable of quickly cooling and an emergency early warning method thereof, wherein the firefighter uniform is provided with a cooling bag, the cooling bag supplies air to the firefighter uniform and firefighter trousers through an air supply belt, so that the ventilation effect in a human body is enhanced, and the heat dissipation is improved; the comfort of the human body is improved in a stuffy environment, and the harm of the overheated operation environment to the life safety of firefighters is prevented. The emergency early warning method is characterized in that a firefighter grasps the environmental condition of the operation site in real time, has early warning effect on the firefighter, can timely and accurately respond according to the environmental condition, and realizes the emergency early warning of the firefighter; meanwhile, the central control end of the remote command is arranged, physiological parameters and position information of the firefighter are mastered and known in real time, current physical and emotional conditions of the firefighter can be reflected, heart rate and body temperature can be changed under extreme or emergency conditions, workers at the central control end can conveniently and timely know the conditions, corresponding actions can be rapidly executed, and support or rescue can be timely carried out.",,,A62B17/003;A62B17/005;G08B21/182;G08B5/36;Y02E60/14,A62B17/00;G08B5/36;G08B21/18;H04N23/57,,,True,True
KR-102631099-B1,KR-20210169615-A,KR,B1,86762190,20211130,20211130,20240130,20240130,Apparatus for mesuring training information in real time and monitoring system for training situation using the same,실시간 훈련정보 측정 장치 및 이를 이용한 훈련상황 모니터링 시스템,,"본 발명의 실시예에 의한 소방훈련에 참여하는 훈련대원들이 착용한 적어도 하나의 기기로부터 전송된 훈련정보들을 수신하는 제1 통신모듈; 상기 수신된 훈련정보들에 기반하여 상기 훈련대원들이 착용한 산소통의 공기소모량 정보, 훈련대원들의 위치 정보, 및 훈련대원들의 심박 정보 중 적어도 하나의 정보를 실시간으로 측정 및 분석하는 제1 프로세서; 및 상기 제1 프로세서와 연동하여 상기 실시간으로 측정 및 분석된 정보들이 저장되는 제1 데이터베이스를 포함한다.",,G09B9/00;A61B5/02438;A61B5/14551;A62B7/02;A62B9/006;A62C99/0081;G01C21/206;A61B2503/20,G09B9/00;A61B5/024;A61B5/1455;A62B9/00;A62C99/00;G01C21/20,,,True,True
CN-218923610-U,CN-202220972072-U,CN,U,86092211,20220426,20220426,20230428,20230428,Fire-fighting respiratory protection self-rescuer capable of effectively reducing dead weight,,"The utility model relates to the technical field of fire-fighting products, in particular to a fire-fighting respiratory protection self-rescuer capable of effectively reducing dead weight; comprises a gas cylinder assembly, a mask assembly and a filtering system; the mask assembly is connected with the air supply rapid switching device through an air duct; the air supply rapid switching device comprises a three-way valve body, an air guide channel and an elastic air bag, wherein the three-way valve body is positioned in the air cylinder; the three-way valve body is respectively connected with the air duct, the air bottle assembly and the air duct; the air guide channel is connected with the elastic air bag; the self-weight of the fire-fighting respiratory protection self-rescuer is further reduced, and the practicability and the effectiveness of the fire-fighting respiratory protection self-rescuer are improved.",,,,A62B23/02;A62B18/02;A62B18/10;A62B18/08,HU JIABIN,,True,True
CN-118570944-A,CN-202410507058-A,CN,A,92470183,20240425,20240425,20240830,0,"Automatic alarm method, device, computer equipment and storage medium",,"The present disclosure proposes an automatic alarm method, apparatus, computer device, and storage medium, the method comprising: performing target detection on a current video frame of a monitoring area to obtain at least one target body; judging whether a tracking target body exists in at least one target body or not according to any tracking target body in the tracking set; if the tracking target body does not exist in the at least one target body, determining whether the tracking target body enters a fire scene area; if the tracking target body enters the fire scene area, determining whether the tracking target body is a first target body; if the tracking target body is a first target body, determining a first duration of the tracking target body entering the fire scene area; if the tracking target body is a first target body, determining a first total duration of entering the fire scene area for a plurality of times after the tracking target body starts from the air call replacement area; and if the first total duration is equal to or greater than the preset air-breathing air supply duration, sending first alarm information to the tracking target body. The method and the device can assist the fire fighter to accurately record the first total duration of the tracking target body entering the fire scene area and give an alarm in time.",,,H04N7/18;G08B17/06,H04N7/18;G08B17/06,LI CHAO,,True,False
US-2024005715-A1,US-202318103498-A,US,A1,89381088,20230131,20220629,20240104,0,Method and system of sensor-based smart unlocking of a firefighter air replenishment system,,"Disclosed are methods and a system of sensor-based smart unlocking of a firefighter air replenishment system. A safety system of an occupiable structure includes a breathable-air supply system to facilitate delivery of breathable air from a source of compressed air, and a fill station in a fire-rated evacuation area of the occupiable structure to supply the breathable air to an emergency personnel. The safety system also includes a smart lock associated with the breathable-air supply system to automatically unlock one or more location(s) of the breathable-air supply system usable by the emergency personnel to access the breathable air during an emergency state of the occupiable structure, and a sensor associated with the breathable-air supply system to detect the emergency state of the occupiable structure.",,,G07C9/00896;A62B9/006;A62B7/02;A62B15/00,G07C9/00;A62B7/02;A62B9/00,TURIELLO ANTHONY J,US,True,True
US-2007163578-A1,US-70333407-A,US,A1,38261990,20070206,20070206,20070719,0,System and method for in-structure delivery of air for filling of breathing apparatus,,"An in-structure air delivery system comprises a control panel and a plurality of air delivery lines. The control panel is located at a first location in the structure and has an air supply inlet. Each air delivery line extends from the control panel to a different location in the structure. Valves are configured to selectively control the flow of air through each of the air delivery lines. In a method of use, a high pressure air supply such as a portable compressor is connected to the inlet of the system. Air is selectively delivered to one or more of the delivery lines. A control unit is connected to the outlet of the delivery line. Air is supplied to the control unit. The control unit is used to regulate the flow of air to a component of breathing equipment, such as to a firefighter&#39;s breathing equipment air cylinder to be re-filled.",,,A62B99/00;B63C2011/023,A61G10/00;A62B9/02,LISLE RICHARD W,,True,True
CN-120524859-A,CN-202510623754-A,CN,A,96745849,20250515,20250515,20250822,0,Intelligent cockpit system for fire fighting,,"The invention relates to the technical field of fire control systems, in particular to a fire control operation intelligent cockpit system which comprises a perception analysis layer, a decision processing layer, a command execution layer and a reinforcement learning closed-loop framework of mixed rewarding shaping, wherein a video stream, audio communication and firefighter physiological data containing heart rate variability are integrated through a deep multi-mode fusion module to generate a global fire scene situation of physical constraint verification, a risk sensitive three-dimensional fire scene deduction module is used to generate a fire extinguishing strategy considering both efficiency and safety, an immersive augmented reality visual interface is used to realize accurate navigation in a complex environment and situation information superposition display containing risk levels through combining synchronous positioning and a mapping technology, and a Q learning algorithm continuous optimization strategy containing field knowledge intermediate process rewards is used to realize closed-loop optimization of &#39;perception-analysis-decision-execution-feedback&#39;, so that the overall efficiency of fire control rescue operation under a modern complex disaster scene is remarkably improved.",,,G06N3/0455;G06N3/092;G06F30/27;G06F30/28,G06N3/092;G06N3/0455;G06F30/27;G06F30/28,ZHEJIANG DACHONG TECH CO LTD,,True,False
US-2020027327-A1,US-201916581633-A,US,A1,69162467,20190924,20170703,20200123,0,Personal monitoring and response system,,"A system is disclosed herein. The system includes a server, a software-application and a wearable-device. The system includes virtual groups to allows guardians or caretakers to identify/be alerted of any issues with a monitored subject. Events are triggered by various sensed parameters including heart rate, location, medication, etc. Notifications and alerts are sent through the software-application to the guardians and may be viewed by first responders via a First Response Portal. The system is useful for utilizing social grouping to enable family members or close friends to provide caregiver ability to a subject remotely.",,,G16H20/10;G16H40/67;G16H10/60;A61B2505/07;A61B2503/08;A61B5/0022;A61B5/7465;A61B5/4833;A61B5/02438;G08B21/02;G16H80/00;G08B21/24,A61B5/024;G08B21/02;A61B5/00;G08B21/24;G16H80/00;G16H20/10,PAOLILLO GIANCARLO,US,True,False
US-2019371151-A1,US-201615735106-A,US,A1,57504017,20160610,20150610,20191205,0,Alarm notification system,,"A system and method providing for ascertaining the status of a user and escalating an alarm in the event the user is ascertained to be disposed in a dangerous condition. The of the invention attempts to contact the user at a predetermined check-in time, and notifies a pre-designated third-party which may be an emergency responder such as law enforcement or other emergency contact in the event that the user fails to respond to the check in request or signals that they are in danger using an escalate feature of the invention. The system operates autonomously to notify pre-designated emergency contacts or emergency responders in the case in which a user has been rendered unable to respond. The user may identify specific individuals with whom they plan to meet and the invention may also track the user&#39;s geo-location. The invention may also monitor biometric data of the user.",,,G08B25/10;G08B21/02;G08B21/0453;G08B21/04;H04M11/04;G08B25/001;G08B21/0423;H04W4/90;G08B21/0415;H04W4/14;G08B25/012,G08B25/01;H04W4/90;G08B25/00;G08B25/10;G08B21/04,PIANTEDOSI AVERY,US,True,False
US-2010300436-A1,US-88053507-A,US,A1,43218799,20070723,20070723,20101202,0,Device for locating person in emergency environment,,"A device for automatically emanating light rearwardly from a firefighter or miner or other person wearing a breathing apparatus. The device is attached to the breathing apparatus pressure regulator and in position to be next to the person&#39;s back when the breathing apparatus is donned. The device includes, in an electrical circuit, one or more light emitters, a battery, and a biased-open pressure switch for opening and closing the circuit thereby automatically turning electrical power on and off to the light emitters. A hose connects the pressure switch to the breathing apparatus to receive pressurized air from downstream of the breathing apparatus air tank shut-off valve for operating the switch to close the circuit to automatically activate the light emitters when the valve is opened. When the valve is closed, the pressure switch opens to automatically inactivate the light emitters.",,,F21V33/0064;F21V23/0442;A62B9/006;A62B7/02,F21V21/084;A62B7/00,MCKEOWN JOHN S,,True,True
CN-204507048-U,CN-201520087577-U,CN,U,53705043,20150206,20150206,20150729,20150729,High tower inside fire attack investigation disaster unit,,"The utility model relates to high tower inside fire attack investigation disaster unit, comprise creeper undercarriage, cylinder type casing is arranged on creeper undercarriage by pillar stiffener, cylinder type casing is rolled by high strength steel plate and is welded, casing is enclosed construction, casing front and back end is provided with can opening car door, seat is provided with in casing, it is pedal around seat, fuel tank and driving engine is provided with below seat, the barrel in seat front is provided with video display screen, the barrel of casing front and top is provided with viewing hole, casing Inner Front End is provided with joystick and Das Gaspedal, in casing, midway location is provided with cross reinforced rib, illumination is provided with in casing, Portable extinguisher, medical oxygen cylinder and Oxygen-uptaking appliance, casing outer tube wall is provided with vital signs detecting instrument antenna, video imaging antenna, sound alarm subsystem and light crossing-signal.The utility model protects the personal safety of rescuer while searching and rescuing.Play a significant role in fire building and high tower rescue, there is promotional value.",,,,A62C27/00;B62D55/06,SONG JIUZHUANG;GANG QIANG,,True,False
WO-2014189305-A1,KR-2014004575-W,WO,A1,49455942,20140522,20130523,20141127,0,Portable pneumatic heart machine with air compressor,에어콤프레셔가 구비된 이동식 공압하트머신,"Disclosed is a portable pneumatic heart machine with an air compressor. The pneumatic heart machine comprises: a main tank (10) accommodating compressed air; a positive pressure type air respirator (20) for receiving air from the main tank (10), the positive pressure type air respirator (20) being connected to the main tank (10); a pneumatic working tool (30) for receiving compressed air, the pneumatic working tool (30) being connected to the main tank (10); and a pneumatic distributor (40) which is connected to the main tank (10), the positive pressure type air respirator (20) and the pneumatic working tool (30). The pneumatic heart machine further comprises: an auxiliary tank (110) for supplying compressed air into the main tank (10), the auxiliary tank (110) being connected to the main tank (10); an air compressor motor (120) for filling the auxiliary tank (110) with compressed air; a control unit (130) which is electrically connected to the air compressor motor (120); an on/off switch (140) which is electrically connected to the control unit (130); and a power supply (150) for supplying required power to the air compressor motor (120), the power supply (150) being electrically connected to the on/off switch (140). The present invention is capable of continuously supplying air required for respiration of a firefighter during rescue and firefighting at the scene of a fire and continuously supplying compressed air required by the pneumatic working tool. During the process of supplying air required for respiration of a firefighter to the positive pressure type air respirator, impurities are filtered by a filter device, thereby supplying clean air to the firefighter.","본 발명은 에어콤프레셔가 구비된 이동식 공압하트머신이 개시되는 것으로, 압축공기가 수용되는 메인탱크(10)와 이 메인탱크(10)와 연결되어 메인탱크(10)로부터 공기를 공급받는 양압식공기호흡기(20)와, 상기 메인탱크(10)와 연결되어 압축공기를 공급받는 공압형작업공구(30)와 상기 메인탱크(10)와 상기 양압식공기호홉기(20) 및 상기 공압형작업공구(30)가 각각 연결되는 공압분배기(40)로 이루어진 공압하트머신에 있어서, 상기 메인탱크(10)와 연결되어 메인탱크(10)의 내부에 압축공기를 공급하는 보조탱크(110)와; 상기 보조탱크(110)의 내부에 압축공기를 충진하는 에어콤프레셔모터(120)와; 상기 에어콤프레셔모터(120)와 전기적으로 연결되는 제어부(130)와; 상기 제어부(130)와 전기적으로 연결되는 온/오프 스위치(140)와; 상기 온/오프스위치(140)와 전기적으로 연결되어 상기 에어콤프레셔모터(120)에 필요한 전력을 공급하는 전원공급체(150)가 더 구비되어 이루어진다. 본 발명은 화재현장에서의 화재진압 및 인명구조시에 소방관의 호흡작용에 필요한 공기를 지속적으로 공급할 수 있고 공압형작업공구측에 필요한 압축공기를 지속적으로 공급할 수 있을 뿐만 아니라, 필터체에 의해 소방관의 호흡작용에 필요한 공기가 양압식공기호흡기측으로 공급되는 과정에서 불순물이 필터링되어 소방관에게 항상 청결한 상태의 공기만을 공급할 수 있다.",,A62B5/00;B23B45/04;B25D9/00;A62B7/10;A62B3/005;A62B7/00;A62B7/02,A62B7/00;A62B5/00;B25B9/00;B23B45/04,LEE GANG JUN,KR,True,True
KR-20240064947-A,KR-20220144975-A,KR,A,91076075,20221103,20221103,20240514,0,Bracelet for requesting rescue to indicate the location of missing or isolated first responders,실종 또는 고립된 현장대응요원의 위치를 알리기 위한 구조요청용 팔찌,"An object of the present invention is to provide a bracelet for requesting rescue to notify a location of missing or isolated field response personnel, which can adjust a diameter of a main body according to a wrist of a wearer by adjusting a distance between ends using a socket member and a joint member. In the bracelet for requesting rescue to notify a location of missing or isolated field response personnel includes an emergency position sender (11), ultrasonic transmitter (12), infrared communication transmitter (13), LED lighting device (14), body temperature and pulse measuring instrument (15), manual operation button (16), and battery (17) are built into a main body (20).","본 발명은 테러 및 재난 현장에서 현장대응요원이 실종 또는 고립시, 구조를 위해 실종 또는 고립된 현장대응요원의 위치를 수동 또는 자동으로 알리기 위한 구조요청용 팔찌에 관한 것이다. 
본 발명에 따른 실종 또는 고립된 현장대응요원의 위치를 알리기 위한 구조요청용 팔찌는 본체(20)에 비상위치발신기(11), 초음파 발신기(12), 적외선 통신 발신기(13), LED 조명장치(14), 체온 및 맥박 측정기(15), 수동조작버튼(16) 및 배터리(17)가 내장형으로 배치되고,  
테러, 재난 현장에 투입된 경찰관, 소방관 등과 같은 현장대응요원이 현장 대응중에 실종 또는 고립되었을 때, 실종 또는 고립된 현장대응요원이 수동조작버튼(16)을 눌러, 비상위치발신기(11), 초음파 발신기(12), 적외선 통신 발신기(13) 및 LED 조명장치(14)를 동시에 수동으로 작동시키거나, 체온 및 맥박 측정기(15)가 본체(20)를 착용한 현장대응요원의 체온 및 맥박을 측정하여, 체온이 34℃ 이하로 떨어지게 되거나, 맥박이 분당 50회 이하로 떨어지면, 자동으로 본체(20)에 내장된 비상위치발신기(11), 초음파 발신기(12), 적외선 통신 발신기(13) 및 LED 조명장치(14)가 모두 자동으로 작동되고,  
합성수지 소재의 본체(20)가 &#34;C&#34; 형상으로 형성되고, 본체(20)의 제 1 단부(211)에 원통형의 소켓 부재(220)의 상단이 접합되고, 소켓 부재(220)의 내주면에 형성된 복수개의 요홈(221 ; 221a, 221b, 221c)이 형성되며, 본체(20)의 제 2 단부(212)에 &#34;工&#34; 형상으로 형성된 조인트 부재(230)의 하부 수평부(231)가 장착되고, 조인트 부재(230)의 상부 수평부(233)의 단부에 장착된 래치(245, 246)가 복수개의 요홈(221 ; 221a, 221b, 221c) 중 어느 하나에 끼워져, 제 1 단부(211)와 제 2 단부(212) 사이의 간격(S1)이 조절됨으로써, 착용자의 손목에 맞게 본체(20)의 직경(D1)이 조절되는 것을 특징으로 한다.",,F21Y2115/10;A61B5/01;A61B5/02438;G01S19/14;H04W4/80;H04W4/90;H04W4/029;A44C27/001;A44C5/22;A44C5/0007;G08B21/182;G08B5/36;G08B21/0288;G08B25/10;G08B25/12,G08B25/12;A44C5/00;A44C5/22;A44C27/00;G08B5/36;G08B21/02;G08B21/18;G08B25/10;H04W4/029;H04W4/80;H04W4/90,UNIV NAT INCHEON RES & BUSINESS FOUND,KR,True,False
WO-2012051102-A1,US-2011055579-W,WO,A1,45925512,20111010,20101010,20120419,0,Critical health information profile and emergency communication system,,"A microprocessor-based emergency response communication system used to call and communicate with the 9-1-1 operator and also allows emergency responder&#39;s immediate access to a user&#39;s Critical Health Information Profile stored in the device at the point and location of crisis. The device is used to create individual Critical Health Information Profiles which is Health Level-7 compliant enabling it to seamlessly communicate with major hospital networks worldwide. This functional capability provides a system that can retrieve and transmit user-stored personal and health information by emergency responders at the point of care. The emergency responder can access the customer&#39;s Critical Health Information Profile database, review the data for pertinent information and then transmit that data to a designated receiving hospital or medical center. The device provides an electronic means of dialing and communicating directly with the 9-1-1 operator. A wireless remote transmitter unit can be activated from the wireless transmitter or the base unit to dial and connect with the 9-1-1 operator, broadcast a canned message with or without a personal- recorded message, and personally communicate with the 9-1-1 operator through a two-way speakerphone system. The device contains software enabling the user and medical personnel the ability to input, store, retrieve and analyze the user&#39;s vital sign data and other pertinent health information.",,,G16H40/67;G16H10/60;G16H10/65,G06F19/00,MEDSIGN INTERNAT CORP;CONROY THOMAS M,US,True,False
US-2025265881-A1,US-202519187572-A,US,A1,89381088,20250423,20220629,20250821,0,Method and system of sensor-based smart unlocking of a firefighter air replenishment system,,"Disclosed are methods and a system of sensor-based smart unlocking of a firefighter air replenishment system. A safety system of an occupiable structure includes a breathable-air supply system to facilitate delivery of breathable air from a source of compressed air, and a fill station in a fire-rated evacuation area of the occupiable structure to supply the breathable air to an emergency personnel. The safety system also includes a smart lock associated with the breathable-air supply system to automatically unlock one or more location(s) of the breathable-air supply system usable by the emergency personnel to access the breathable air during an emergency state of the occupiable structure, and a sensor associated with the breathable-air supply system to detect the emergency state of the occupiable structure.",,,A62B9/006;A62B7/02;A62B15/00;G07C9/00896,A62B9/00;A62B7/02;G07C9/00,RESCUE AIR SYSTEMS INC,US,True,True
KR-20120045458-A,KR-20100107006-A,KR,A,46264919,20101029,20101029,20120509,0,User device and urgent rescue apparatus and method using the same,사용자 단말기 및 이를 이용한 응급 구조 장치 및 방법,"PURPOSE: A user terminal, an emergency rescue device thereof, and a method thereof are provided to offer overall emergency services from first aid to hospital transportation through a user terminal, thereby quickly performing emergency measures for a patient. CONSTITUTION: An input unit(202) inputs a command from a patient or a rescue worker. A transceiving unit(214) is interlocked with a hospital service device and an emergency service device. A control unit(204) executes an emergency mode application based on the command. The control unit provides hospital location information and emergency measure information at a predetermined distance from the current location. An emergency mode application unit(210) provides a service mode corresponding to the patient or the rescue worker.","본 발명은 사용자 단말기를 이용한 응급 구조 기술에 관한 것으로, 환자 또는 응급 환자를 구조하러 온 구조 대원이 사용자 단말기의 응급 모드 어플리케이션을 통해 환자 모드 또는 구조 모드를 선택하여 응급 처치 정보 수신, 환자의 신체 정보 측정, 주변의 병원 검색 및 예약, 교통편 확인 및 예약, 측정된 신체 정보를 병원 서비스 장치로 전송하는 등의 응급 서비스를 수행하여 응급 처치에 필요한 통합 서비스를 통합적으로 수행하는 것을 특징으로 한다. 본 발명에 의하면, 사용자 단말기를 통해 환자의 응급 처치 및 병원으로 이송까지의 필요한 모든 기능을 제공함으로써, 환자에 대한 신속한 응급 조치를 가능하게 할 수 있으며, 병원에서는 구조대원과의 실시간 정보공유(예컨대, 환자 정보, 생체 신호 측정 정보, 응급실 예약 등)를 통해 환자가 이송되는 동안 실시간 응급 처치 준비를 신속하게 수행할 수 있다.",,G06Q50/22;G16H50/20;G16H40/20;G16H40/40,G06Q50/00,SK TELECOM CO LTD,KR,True,False
CN-220730912-U,CN-202321228588-U,CN,U,90498235,20230519,20230519,20240405,20240405,Corridor alarm device,,"The utility model provides a corridor alarm device, and relates to the technical field of rescue. The alarm comprises a distress device and an alarm, wherein the distress device is in signal connection with the alarm. The technology can be mutually supervised, and can help and timely inform neighbors knowing the accurate position and security personnel carrying the equipment after accidents occur, so that the rescue opportunity is greatly increased and the rescue time is shortened; the wireless or wired equipment is adopted for signal transmission, so that the concealed transmission distress signal can not irritate a pest and accurately send position information for rescue; rescue information is obtained rapidly, so that the safety is greatly improved; the working principle of the alarm is consistent with that of the distress device, and the alarm is used for switching signals output by the distress device and transmitting the signals to the equipment terminal so that a rescuer can know information of a victim and give an alarm and rescue in time.",,,,G08B7/06,HEBEI AOMIAN TECH CO LTD,,True,False
CN-215479902-U,CN-202121100718-U,CN,U,79779372,20210521,20210521,20220111,20220111,Simple water purifying device and life jacket with same,,"The utility model discloses a simple water purifying device and a life jacket with the same. The simple water purifying device comprises a water bag, a water purifying unit and a water absorber, wherein the water purifying unit is installed at a water inlet of the water bag, a seawater desalination permeable membrane is adopted, the water absorber is connected to the water bag through a gas pipeline and communicated with the water bag, seawater enters the water bag through the water inlet under the action of suction force of the water absorber, and the water purifying unit can desalinate the seawater at the water inlet, so that the water entering the water bag is guaranteed to be desalinated, and the basic drinking requirement of related personnel on fresh water is met. The life jacket is provided with the simple water purifying device. In addition, the life jacket also comprises a positioner, a health bracelet, a life-saving whistle, an illuminating lamp and other parts, so that the functions of positioning and tracking, vital sign monitoring, on-site help calling and illumination of rescuers can be realized, and the requirements of marine rescuers are greatly met.",,,Y02A20/131,C02F103/08;C02F1/44;B63C9/087,HUAXUNYUN TECH INVESTMENT HOLDING QINGDAO GROUP CO LTD,,True,False
CN-209984824-U,CN-201920593503-U,CN,U,69292873,20190428,20190428,20200124,20200124,Intelligent first-aid alarm fire-fighting clothing,,"The utility model relates to a fire-fighting equipment field, concretely relates to intelligence first aid warning fire-fighting dress. The intelligent emergency alarm fire-fighting clothing comprises a fire-fighting clothing body and a fire-fighting helmet, wherein the fire-fighting helmet comprises a helmet body, a circle of connecting part is arranged on the outer edge of the bottom end of the helmet body, and the fire-fighting helmet can be connected with the fire-fighting clothing body through the connecting part; the inner surface of the firefighter uniform body is provided with a sensing system and a singlechip; the sensing system comprises a temperature sensor, a humidity sensor and a heart rate sensor, the signal output ends of the temperature sensor, the humidity sensor and the heart rate sensor are respectively connected with the input end of the single chip microcomputer, and the heart rate sensor is arranged at the position, corresponding to the heart of a human body, of the front piece of the firefighter uniform body. The intelligent emergency alarm fire-fighting clothing can sense the environmental information of a fire-fighting site and the physiological health condition and position real-time information of a fireman in real time, and transmit the information to a fire truck command system to provide a reference basis for fire-fighting scheduling command.",,,,G08B21/02;A62B17/00,WUXI HODO MENS WEAR CO LTD,,True,True
CN-120754465-A,CN-202511018422-A,CN,A,97241294,20250723,20250723,20251010,0,Comfortable firefighter uniform,,"The invention relates to the technical field of firefighters, in particular to a firefighter uniform comfortable to wear, which comprises a firefighter uniform body, a high-definition camera integrated at the upper end of a helmet, a physiological monitoring bracelet, a GPS positioning module, a data processing unit arranged at the chest and the abdomen and a wireless transmission module, wherein the firefighter uniform body is provided with a first-class camera, a second-class camera and a third-class camera; the high-definition camera, the physiological monitoring bracelet and the GPS positioning module are respectively and electrically connected with the data processing unit; according to the invention, the heart rate, blood oxygen, vital capacity and blood pressure of the firefighter are detected in real time through the physiological monitoring bracelet, intelligent analysis is performed by combining the data processing unit, dynamic evaluation of the health state of the firefighter is provided for a command center, so that abnormal conditions are found in time, and the wireless transmission module is adopted to work cooperatively with the iBeacon local area network, so that stable data communication can be maintained under the severe fire scene environment, and the problem of data interruption caused by signal interference of the traditional firefighter uniform is effectively solved.",,,H04W4/38;H04N7/18;A61B5/681;A61B5/14542;A61B5/01;A61B5/02055;A62B17/003,H04W4/38;H04N7/18;A61B5/145;A61B5/08;A61B5/021;A61B5/0205;A61B5/01;A62B17/00,UNIV JIANGNAN;ZHENJIANG YIMI SUNSHINE CLOTHING TECH CO LTD,,True,True
CN-210862769-U,CN-201921777445-U,CN,U,71288691,20191022,20191022,20200626,20200626,Comprehensive combat service guarantee wireless sensing terminal,,"The utility model provides a comprehensive combat service support wireless sensing terminal, which is provided with a fire-fighting equipment monitoring unit and a fire-fighting material monitoring unit for detecting the positions and the surplus of fire-fighting equipment and fire-fighting materials, and can solve the problems that the distribution of fire-fighting equipment has discreteness, higher failure rate and no detailed information on the fire-fighting equipment; the motion artifact in the heart rate signal is eliminated by adopting an adaptive filter in a firefighter monitoring unit, the adaptive filter is a nonlinear filter which continuously and automatically adjusts parameters according to the feedback of result information in the filtering process, and the frequency characteristic of a signal to be processed is not required to be known in advance, so the design difficulty of the filter is reduced, and the filtering precision of the filter is improved; in order to adapt to the adaptive filter, a three-axis acceleration sensor is adopted as an acquisition part to increase the comprehensiveness of the information of the motion noise reduction reference signal.",,,,H04W4/38;G01D21/02;G08C17/02;H04N7/18,WUHAN WUTOS CO LTD,,True,False
US-2012088466-A1,US-201113006139-A,US,A1,45925512,20110113,20101010,20120412,0,Critical health information profile and emergency communication system,,"A microprocessor-based emergency response communication system used to call and communicate with the 9-1-1 operator and also allows emergency responder&#39;s immediate access to a user&#39;s Critical Health Information Profile stored in the device at the point and location of crisis. The device is used to create individual Critical Health Information Profiles which is Health Level-7 compliant enabling it to seamlessly communicate with major hospital networks worldwide. This functional capability provides a system that can retrieve and transmit user-stored personal and health information by emergency responders at the point of care. The emergency responder can access the customer&#39;s Critical Health Information Profile database, review the data for pertinent information and then transmit that data to a designated receiving hospital or medical center. The device provides an electronic means of dialing and communicating directly with the 9-1-1 operator. A wireless remote transmitter unit can be activated from the wireless transmitter or the base unit to dial and connect with the 9-1-1 operator, broadcast a canned message with or without a personal-recorded message, and personally communicate with the 9-1-1 operator through a two-way speakerphone system. The device contains software enabling the user and medical personnel the ability to input, store, retrieve and analyze the user&#39;s vital sign data and other pertinent health information.",,,G16H40/67;G16H10/65;G16H10/60,H04M11/04,CONROY THOMAS M,US,True,False
US-8894146-B2,US-201113008953-A,US,B2,44010520,20110119,20060323,20141125,20141125,Portable self-supporting fire fighting equipment station,,"A portable fire fighter equipment station for use at a fire fighting scene is provided. The self-supporting frame comprising three support members pivotally connected to each other at one end, the self-supporting frame configurable into an in-use configuration with non-pivotally connected ends of the support members spaced apart to form a tripod and the self-supporting frame configurable into a transportation configuration with the three support members moved into close proximity. Each firefighter station is attached to one of the support members of the self-supporting frame and has a seating surface configurable into an in-use configuration to support a firefighter in a seated position, and a transportation configuration with the seating surface in close proximity to the self-supporting frame. A breathing apparatus holder is provided for securing an air bottle to the support member of the respective firefighter station.",,,A62B25/00,A62B25/00;A47C15/00,DENIKE RICHARD L,CA,True,True
CN-203539917-U,CN-201320635937-U,CN,U,50458088,20131016,20131016,20140416,20140416,Survival device,,"The utility model discloses a survival device, and belongs to auxiliary life detection and trapped person position indication equipment. The survival device comprises a tank and inflatable bags arranged on the two sides of the tank, wherein a valve is arranged on the tank, and is used for blocking inflation inlets of the inflatable bags; a pulse sensor and a wireless transmitter are arranged on the valve; the pulse sensor is connected to the data input end of a first processor; the wireless transmitter is connected to the data output end of the first processor; wireless receivers and LED (light-emitting diode) indicator lamps are arranged on the inflatable bags; the wireless receivers are connected to the data input end of a second processor; the LED indicator lamps are connected to the data output end of the second processor. According to the survival device, not only can be the position of a trapped person indicated, but also vital signs of the trapped person can be monitored, so that a rescuer can rapidly find the trapped person, and can also determine rescue priority according to the vital signs of the trapped person.",,,,A61B5/02;A62B99/00,WUXI XRES PRODUCT DES & RES CO,,True,True
CN-210639588-U,CN-201921674395-U,CN,U,70793703,20191009,20191009,20200529,20200529,Intelligent safety protection wearing equipment for firefighter emergency rescue,,"The utility model discloses an intelligent safety protection wearing device for fireman emergency rescue, which comprises a fire fighting AR intelligent helmet and a multifunctional fireman tactical vest; the structural component of the fire-fighting AR intelligent helmet comprises an AR display mirror lifting key, a stepping motor, an AR display module, a Hall switch component and the like which are fixed on a helmet shell; the multifunctional fireman tactical vest comprises a flexible silica gel radiating tube, a constant temperature regulator, a physiological information detecting sheet, a radiating fan, a micro heat pump, an intelligent positioning device and a standby power supply; the design is that before entering an unknown disaster accident site, a fireman intelligently senses and judges the environmental temperature, environmental position information, site suffocation, explosion, poisoning accident risk, personnel search and rescue and other information of the disaster accident site, can monitor the psychological, physiological and other vital sign information of the fireman at the same time, and provides site real-time information and rescue command decision basis for rescue command of the accident site.",,,,A41D13/005;G06K9/32;G01D21/02;G06K9/00;G06K9/20;A41D27/00;G06Q10/06;G06F3/01;A61B5/0476,TIANJIN FIRE RES INSTITUTE OF MEM;HANGZHOU DINGJIE TECH CO LTD,,True,False
CN-111470010-A,CN-202010407518-A,CN,A,71759845,20200514,20200514,20200731,0,A lifesaving equipment for boats and ships have prompt facility,,"The invention relates to a life-saving device with a prompt function for a ship, which comprises a main body, two prompt mechanisms and two heating mechanisms, wherein each prompt mechanism comprises a connecting pipe, a fixed box, a driving assembly, a transmission assembly, a rotating assembly, a fluorescent lamp, a rotating plate and a ring, each heating mechanism comprises a nozzle, a fixed rod, an air cylinder, a piston, an air rod, a reciprocating assembly, a heating wire, an air inlet pipe and an air outlet pipe, and the life-saving device with the prompt function for the ship can enable the fluorescent lamp to emit flickering light through the prompt mechanisms, so that the positions of rescuers and rescuers are reminded conveniently, the practicability of the device is improved, hot air is sprayed to the rescuers through the nozzles through the heating mechanisms, the situation that the body temperature of the rescuers and the safety and health of the devices are threatened due to too low body temperature of.",,,B63C9/00,B63C9/00,GE JUN,,True,False
KR-20140119955-A,KR-20130034806-A,KR,A,51992007,20130329,20130329,20141013,0,Apparatus for processing signal related to cardiopulmonary resuscitation as possible Folding Ambulance couch,구급침상에 사용되는 흉부압박소생 통합처리 장치,"The present invention relates to an integrated cardiopulmonary resuscitation (CPR) processing apparatus used in a first-aid stretcher interworking with emergency resuscitation equipment including an automatic CPR machine to provide CPR to a patient while the patient is being transported. The said present invention comprises: a biometric signal sensing unit sensing a biometric signal of the patient on the first-aid stretcher, and converting the biometric signal into a digital signal; a control unit providing control to collect the biometric digital signal of the patient transmitted from the biometric signal sensing unit, process the biometric digital signal, and transmits the biometric information of the patient obtained by processing the biometric digital signal to a registered emergency rescuer terminal or emergency treatment information processing device in real time; and a communication interface module transmitting the biometric information of the patient obtained by processing the signal to the registered emergency rescuer terminal or emergency treatment information processing device under the control of the control unit. The related art problem arising when CPR is not effectively provided while a patient is being transported using a first-aid stretcher can be solved; safety of an emergency rescuer in regards to high risk patient transportation among pre-hospital cares is guaranteed by interworking with an ergonomic, automatically driven first-aid stretcher; and the generation of occupational muscular skeletal diseases can be prevented.","본 발명은 환자 이송 중 심정지 환자 소생술을 제공할 수 있도록 기계식 흉부압박기를 포함한 구급 소생 장비와의 연동이 가능한 구급침상에 사용되는 흉부압박소생 통합처리 장치에 있어서, 상기 구급침상에 위치한 환자의 생체 신호를 감지하여 디지털 신호로 변환하는 생체신호 감지부, 상기 생체신호 감지부로부터 나온 환자의 생체 디지털 신호를 수집하여 신호처리하고, 상기 신호 처리하여 나온 환자의 생체 정보를 실시간으로 등록된 구급 요원 단말기 또는 응급 처리 정보처리장치로 전송되도록 제어하는 제어부 및, 상기 제어부의 제어하에 상기 신호 처리하여 나온 환자의 생체 정보를 상기 등록된 구급 요원 단말기 또는 응급 처리 정보처리장치로 전송하는 통신 인터페이스 모듈을 포함하여 이루어진 구급침상에 사용되는 흉부압박소생 통합처리 장치에 관한 것으로, 기존 구급 침상을 이용한 환자 이송 중에 효율적인 심정지 환자 소생술이 제공되지 않으므로 인해 발생하는 문제점을 해결할 수 있고, 인간공학적인 자동 구동형 구급침상과 연동하여 구급활동 중 작업위험도가 높은 환자 이송 업무에 대한 구급대원의 안전성을 보장하고 직업성 근골격계 질환 발생의 예방에 기여할 수 있는 효과가 있다.",,A61B5/08;A61B5/1455;A61B5/00;A61B5/318,A61B5/00;A61B5/1455;A61B5/0402;A61B5/08,SNU R&DB FOUNDATION,KR,True,False
KR-102530907-B1,KR-20200120791-A,KR,B1,80997079,20200918,20200918,20230509,20230509,Apparatus for preventing freezing of the valve for air respirator mask and the method for controlling thereof,공기호흡기 면체의 밸브 동결 방지장치 및 그 제어방법,,"본 발명은 공기호흡기 면체의 밸브 동결 방지장치 및 그 제어방법에 관한 것으로, 공기호흡기용 면체의 흡기구나 배기구에 히팅장치를 설치하여 흡기밸브나 배기밸브가 겨울철 외기에 의해 냉각 또는 동결되는 것을 방지하기 위한 것이다. 
이를 위하여 본 발명은 히팅부에 동작 전원을 공급하는 전원 공급부, 공기호흡기 면체의 노즈컵에 형성된 흡기구 및 배기구에 각각 설치되며 전원 공급부에서 제공되는 구동전류에 의해 동작하여 열을 발생시키는 다수 개의 히팅부, 사용자 조작에 의해 온/오프되어 전원 공급부에서 각 히팅부에 공급하는 전원을 단속하는 전원스위치, 노즈컵의 흡기구나 배기구의 일측 또는 그 주변에 설치되어 흡기구나 배기구 또는 그 주변온도를 측정하는 온도 감지부, 온도 감지부의 온도 감지신호 또는 전원스위치의 온/오프 조작 상태에 따라 전원 공급부에서 각 히팅부로 공급되는 전원을 제어하는 제어부를 포함하여, 화재 현장에서 장시간 작업에 따른 소방대원의 교대 또는 기타 다른 업무를 수행하기 위해 공기호흡기 면체를 잠시 벗어 두어야 하는 경우에도 공기호흡기용 면체의 흡기밸브나 배기밸브가 냉각 또는 동결되지 않도록 하여 필요시 즉시 재착용하여 효율적인 작업을 수행할 수 있게 한다.",,H05B1/0252;A62B18/10;H05B1/0202;F16K49/002;H05B2214/02,F16K49/00;A62B18/10;H05B1/02,,,True,True
KR-20230081522-A,KR-20210169615-A,KR,A,86762190,20211130,20211130,20230607,0,Apparatus for mesuring training information in real time and monitoring system for training situation using the same,실시간 훈련정보 측정 장치 및 이를 이용한 훈련상황 모니터링 시스템,"An apparatus for measuring training information in real time according to an embodiment of the present invention comprises: a first communication module which receives training information transmitted from at least one device worn by training members participating in fire drills; a first processor which measures and analyzes, in real time, at least one piece of information on air consumption of oxygen cylinders worn by the training members, location information of the training members, and information on a heart rate of the training members based on the received training information; and a first database in which the information measured and analyzed in real time is stored in conjunction with the first processor.","본 발명의 실시예에 의한 소방훈련에 참여하는 훈련대원들이 착용한 적어도 하나의 기기로부터 전송된 훈련정보들을 수신하는 제1 통신모듈; 상기 수신된 훈련정보들에 기반하여 상기 훈련대원들이 착용한 산소통의 공기소모량 정보, 훈련대원들의 위치 정보, 및 훈련대원들의 심박 정보 중 적어도 하나의 정보를 실시간으로 측정 및 분석하는 제1 프로세서; 및 상기 제1 프로세서와 연동하여 상기 실시간으로 측정 및 분석된 정보들이 저장되는 제1 데이터베이스를 포함한다.",,A62C99/0081;G01C21/206;G09B9/00;A61B2503/20;A62B7/02;A61B5/02438;A62B9/006;A61B5/14551,A62B9/00;A62C99/00;G09B9/00;G01C21/20;A61B5/024;A61B5/1455,TAN SAN ELECTRONICS;UNIV HOSEO ACAD COOP FOUND,KR,True,True
CN-104181498-B,CN-201410463999-A,CN,B,51962700,20140913,20140913,20170215,20170215,Firefighter positioning searching system and method,,"The invention discloses a firefighter positioning searching system and method and belongs to the technical field of fire control and rescue. The firefighter positioning searching system and method can monitor firefighters in a burning building, and automatically determine the positions of the firefighters after the firefighters keep motionless for a certain time. According to the technical scheme, the firefighter positioning searching system comprises a transmitting device used for transmitting signals, a fixed searching and a portable searching device, the fixed searching and the portable searching device receives the signals, the transmitting device comprises a first power source, a rest switch and an electromagnetic signal transmitter, the first power source, the rest switch and the electromagnetic signal transmitter are connected in sequence to form a main loop, the fixed searching device comprises a second power source, a first beam concentration flashlight, a plane electromagnetic searching detector and a vertical electromagnetic searching detector, the second power source, the first beam concentration flashlight, the plane electromagnetic searching detector and the vertical electromagnetic searching detector are all connected with a first processor, the portable searching device comprises a third power source, a second plane electromagnetic searching detector and a second beam concentration flashlight, and the third power source, the second plane electromagnetic searching detector and the second beam concentration flashlight are connected with a second processor. The firefighter positioning searching system and method are used for monitoring and rescuing firefighters on a fire fighting site.",,,G01S1/06;G01S1/70,G01S1/06;G01S1/70,,,True,False
US-2019133879-A1,US-201716099015-A,US,A1,55919702,20170506,20160506,20190509,0,A cpr assistance device and a method for determining patient chest compression depth,,"A Cardiopulmonary resuscitation assistance device is used by a Rescuer when administering Cardiopulmonary resuscitation to a patient. Using the rescuer vital signs, image subsection from a patient facing camera can be identified that comprise the rescuer&#39;s hands. Having correctly identified the image subsections comprising the rescuer&#39;s hands the chest compression depth and frequency can be derived from the patient facing camera by tracking the distance between the patient facing camera and the rescuer&#39;s hands.",,,A61H2201/5028;A61H31/005;A61H2201/5092;A61H31/007;A61H2201/5064;G16H30/40;G16H20/30;G16H70/20,G16H70/20;G16H30/40;G16H20/30;A61H31/00,KONINKLIJKE PHILIPS NV,NL,True,False
CN-214713864-U,CN-202022838370-U,CN,U,78618724,20201203,20201203,20211116,20211116,Portable emergent air supply arrangement of fire control,,"The utility model discloses a mobile fire-fighting emergency air supply device, which is characterized by comprising a fuel engine, a fan box and an interface, a universal wheel chassis, a fire-resistant air supply pipeline and a fire-resistant air supply outlet; the fuel engine provides power and is connected with the fan box to drive the fan to rotate; the fan box is connected with a fireproof air supply pipeline through a fireproof soft joint and supplies air to a required place; the universal wheel chassis is positioned at the bottom of the fuel engine and the fan box, and the air supply device can be moved by the universal wheels. The utility model has the advantages that: the device is integrated with fuel engine, fan box and universal wheel chassis, can use when having no reliable power under conflagration or the emergency situation, and the universal wheel chassis can be with device quick travel, can send fresh air to the regional inside protection fire fighter safety of conflagration through fire-resistant supply-air duct and fire-resistant supply-air outlet also can send to the confined space of no fresh air and supply emergency rescue to use.",,,,A62B11/00,AN DONG,,True,True
CN-201333977-Y,CN-200820211839-U,CN,Y,41285620,20081224,20081224,20091028,20091028,Anti-robbing self-rescuer,,"The utility model relates to a robbery-proof self-rescuer. The problem that there is not SOS device on the current vehicle is mainly solved. The method is characterized in that: an LED electronic display screen (2), a controller (3), a module (4) and a memory (5) are fixed in the shell (1), a storage battery in the vehicle provides power, emergency help-seeking characters are stored in the memory (5), and a power switch (6) is arranged in a hidden position which is convenient to touch in the vehicle. The anti-robbery self-rescuer can send out a distress signal in case of emergency, and has the characteristics of simple structure, convenient use and uneasy detection by criminals.",,,,B60Q9/00;B60R21/12;B60Q7/00,HONGTAO LIU,CN,True,False
CN-206812945-U,CN-201720657179-U,CN,U,60757985,20170602,20170602,20171229,20171229,A kind of motor vehicle running accident signaling system based on air bag triggering,,"The utility model discloses a kind of motor vehicle running accident signaling system based on air bag triggering, big dipper module including obtaining vehicle position information, the big dipper module is connected with single-chip microcomputer and positional information is conveyed into single-chip microcomputer, the single-chip microcomputer is connected with interacting display with display screen, the GSM communication modules for sending distress signals, trigger button, cancelling signal send button, setting button are also associated with the single-chip microcomputer, the trigger button opens circuit communication with air bag.Whether the utility model can be decided in its sole discretion when accident occurs for driver needs to cry for help, it can be sent an SOS the very first time when driver is injured overweight simultaneously, and determination of the rescuer to information such as the positions of the wounded is facilitated, the utility model is suitable to practical, easy to spread.",,,,B60R21/00;G08B21/02,JIANG PENGCHENG,,True,False
KR-20260107212-A,KR-20240201959-A,KR,A,100581453,20241231,20241231,20260707,0,Firefighter safety management system,소방대원 안전관리 시스템,,"본 발명은 소방대원 안전관리 시스템에 관한 것으로, 본 발명에 따른 소방대원 안전관리 시스템은, 재난현장에 투입된 각 소방대원의 신체 일부에 착용되어 생체신호를 측정하는 생체신호 측정단말; 상기 생체신호 측정단말로부터 측정된 상기 생체신호에 기반하여, 상기 각 소방대원의 신체상태와 열스트레스 레벨을 모니터링하는 모니터링부; 및 모니터링된 상기 각 소방대원의 신체상태와 상기 열 스트레스 레벨을 기초로 상기 소방대원의 복귀, 상기 소방대원의 위치이동 및 상기 재난현장으로의 소방대원의 추가 투입 여부를 결정하는 안전관리부를 포함한다.  
본 발명에 따르면, 재난현장에 투입된 소방대원들의 상태 및 위치를 실시간으로 모니터링하고 소방대원의 신체위험 또는 고립상황을 신속하게 감지할 수 있다.",,G06Q50/10;A61B5/0002;A61B5/01;A61B5/02438;A61B5/14551;A61B5/165;A61B5/6801;A61B5/6898;A61B5/7282;G06Q50/26;H04W4/02,G06Q50/10;A61B5/00;A61B5/01;A61B5/024;A61B5/1455;A61B5/16;G06Q50/26;H04W4/02,PEOPLE AND TECH,KR,True,False
KR-101021263-B1,KR-20090026978-A,KR,B1,43129998,20090330,20090330,20110311,20110311,System For Tracing Location Using RF,알에프를 이용한 위치 추적 시스템,,"본 발명은 RF를 이용한 위치 추적 시스템에 관한 것이다. 
     본 발명은 사용자의 현재 위치에 대한 RF 신호와 이 현재 위치에 대한 고도 데이터, 사용자의 체온 및 맥박에 대한 생체 데이터를 송신 안테나를 통해 송출하는 RF 송신기; 상기 RF 송신기의 상기 송신 안테나로부터 수신받은 상기 RF 신호, 상기 고도 데이터 및 상기 생체 데이터를 연산 작업하는 RF 수신기; 및 상기 RF 수신기와 연동하여 이 RF 수신기에서 연산 작업이 이루어진 상기 RF 신호, 상기 고도 데이터 및 상기 생체 데이터를 실시간으로 확인하는 중앙 관리 서버를 포함하는 것을 특징으로 하는 RF를 이용한 위치 추적 시스템을 제공한다. 
     본 발명에 의하면, VIP 등의 중요 인물, 어린이, 위험한 공사현장의 작업자, 화재 현장이 소방대원 및 군인 등의 사용자들의 위치 파악을 RF 태그에 부여된 신호의 식별을 통해 현재 위치를 파악하는 위치 추적 시스템을 제공함으로써, 설치 비용을 절감하는 효과가 있다. 
       
     위치, 추적, RF, 무선 송신, 무선 수신, 실내",,H04W4/80;H04W4/029;H04W64/00;H04W4/33;H04T2001/2095;G06F2203/011;H04W4/023,H04W64/00;H04W8/08,,,True,False
US-2015056924-A1,US-201214376048-A,US,A1,48798435,20120121,20120131,20150226,0,Post-accident network probe and method of using the same,,"A post-accident network probe and a method of using such a probe are disclosed. The probe is configured to be deployed in a confined environment (e.g. an underground mine), typically after an accident has occurred, in order to establish a connection with the wireless network, or a portion thereof, located therein. The probe generally allows the rescuers to determine the position of potentially trapped miners and can allow the rescuers to have access to environment-related information collected by the network, to get vital signs information, and/or to communicate with the trapped miners. The probe can be deployed using different access methods such as bore holes (existing or new), ventilation shafts, preventive installations of probes, etc. Notably, since the probe establishes a connection with the network, the location of the probe does not have to be exactly where the miners are located as long as the miners are tracked by the network.",,,H04B7/26;H04W84/00;E21F11/00;H04W4/90;H04W8/005,H04W4/90;E21F11/00;H04B7/26,CROTEAU SERGE;CERVINKA ALEXANDRE;BUIST ALEXANDRE;LI WANG;MESSIER PIERRE-ÉTIENNE;LAMBERT JEAN-FRANÇOIS;PATTERSON GLENN DAVID;NEWTRAX HOLDINGS INC,CA,True,False
US-10420477-B2,US-201816003041-A,US,B2,64734519,20180607,20170703,20190924,20190924,Personal monitoring and response system,,"A system is disclosed herein. The system includes a server, a software-application and a wearable-device. The system includes virtual groups to allows guardians or caretakers to identify/be alerted of any issues with a monitored subject. Events are triggered by various sensed parameters including heart rate, location, medication, etc. Notifications and alerts are sent through the software-application to the guardians and may be viewed by first responders via a First Response Portal. The system is useful for utilizing social grouping to enable family members or close friends to provide caregiver ability to a subject remotely.",,,A61B5/681;A61B5/7465;G16H80/00;A61B5/742;G16H10/60;A61B2505/07;A61B5/1112;G16H40/67;A61B5/02438,A61B5/11;A61B5/00;G08B1/08;G16H10/60;A61B5/024;G16H40/67,PAOLILLO GIANCARLO,US,True,False
CN-116980444-A,CN-202310908408-A,CN,A,88470683,20230724,20230724,20231031,0,Intelligent firefighter safety information management system,,"The invention discloses an intelligent firefighter safety information management system, which comprises a management platform, wherein the management platform comprises a login module, a data acquisition module, a safety module, an equipment interface module, a data processing module, a data storage module, a data backup module, an alarm module and a Bluetooth connection module, the data acquisition module is used for acquiring position information and vital sign data of firefighters and firefighting equipment, and the safety module is used for ensuring the safety of the acquired data. According to the invention, the position information and vital sign information of the firefighters are acquired through the positioning module and the monitoring module on the data acquisition module, meanwhile, the data safety module and the personnel safety module are utilized to acquire abnormal signals of the firefighters and the data storage module, the abnormal signals are transmitted to the alarm module, the data storage module and the vital sign abnormality of the firefighters are warned, and the omnibearing guarantee is provided for the safety of the firefighters.",,,G06F13/4282;G06K7/10;H04L67/12;G08B25/08;H04W4/80;H04L67/52;H04L67/1095;H04L63/0428;H04L63/08,H04L67/12;G06F13/42;G06K7/10;G08B25/08;H04L9/40;H04L67/1095;H04L67/52;H04W4/80,JILIN HONGYING FIRE FIGHTING INTERNET OF THINGS TECH CO LTD,,True,False
CN-119015624-A,CN-202411317430-A,CN,A,93533673,20240920,20240613,20241126,0,Air respirator with drinking water function,,"The invention provides an air respirator with a drinking water function, which comprises a gas bottle, a back frame, an air supply valve, a pressure reducer, a mask, an air pipe, a half mask, a drinking bottle, a drinking pipe, a mask pipe joint component and a water suction head, wherein the mask is internally provided with the half mask, the mask is provided with a first through hole for the mask pipe joint component to pass through, the half mask is provided with a second through hole for the water suction head to pass through, the mask pipe joint component is connected with the mask through a fastener after passing through the first through hole, the water suction head passes through the second through hole and is connected with one end of the mask pipe joint component, which is positioned in the mask, the back frame is provided with a water bottle fixing mechanism, the drinking bottle is connected with the back frame through the water bottle fixing mechanism, one end of the drinking pipe is connected with the drinking bottle, and the other end of the drinking pipe joint component is connected with one end of the mask pipe joint component, which is positioned outside the mask. According to the invention, the components such as the water bottle, the water pipe, the water suction head and the like are arranged on the back plate of the respirator, so that fire fighters can conveniently supplement water by the water suction head without taking off the mask, physical fitness is kept, and the fight force of the fire fighters is improved.",,,A62B18/08;A62B18/10;A62B18/02,A62B18/10;A62B18/08;A62B18/02,ZHEJIANG YUAN FIRE FIGHTING EQUIPMENT CO LTD,,False,True
KR-102786175-B1,KR-20220123090-A,KR,B1,90637972,20220928,20220928,20250324,20250324,Band-type device for requesting rescue to transmit the location of missing or isolated first responders,실종 또는 고립된 현장대응요원의 위치를 전송하는 밴드형 구조요청장치,,"본 발명은 테러 또는 재난 현장에서 현장대응요원이 실종 또는 고립시, 구조를 위해 실종 또는 고립된 현장대응요원의 위치를 수동 또는 자동으로 전송하는 실종 또는 고립된 현장대응요원의 위치를 전송하는 밴드형 구조요청장치에 관한 것이다. 본 발명에 따른 실종 또는 고립된 현장대응요원의 위치를 전송하는 밴드형 구조요청장치는 본체(10)가 팔찌 또는 발찌와 같은 밴드 타입으로  형성되고, 비상위치발신기(11), 초음파 발신기(12), 적외선 통신 발신기(13), LED 조명장치(14), 체온 및 맥박 측정기(15), 수동조작버튼(16) 및 배터리(17)가 본체(10)에 내장형으로 배치되는 것을 특징으로 한다.",,A61B5/6831;A61B5/02438;A61B5/02055;A61B5/01;A44C5/0007;G01S19/14;G08B5/20;G08B5/002;G08B25/10;G08B25/12,G08B25/10;G08B5/20;G08B5/00;G01S19/14;A61B5/024;A61B5/0205;A61B5/01;A61B5/00;A44C5/00;G08B25/12,,,True,False
CN-203535763-U,CN-201320619426-U,CN,U,50421946,20131009,20131009,20140409,20140409,Portable intelligent fire-fighting rescue terminal,,"A portable intelligent fire-fighting rescue terminal comprises a data acquisition device and an intelligent device based on an Android system. The data acquisition device comprises a microcontroller, a smog / toxic gas sensor, a temperature sensor, a heart rate sensor, an accelerometer, a ZigBee wireless transmission module, a bluetooth module, a sound and light alarm module, a one-key calling module and a power supply circuit. The microcontroller is directly connected to the smog / toxic gas sensor, the temperature sensor, the heart rate sensor, the accelerometer, the ZigBee wireless transmission module, the bluetooth module, the sound and light alarm module and the one-key calling module separately. The intelligent device is connected to the data acquisition device via the bluetooth module to set up communication. The terminal allows visiting an upper level server and visiting external networks via Internet. The terminal accurately achieves indoor positioning of firefighters, allows automatic networking and information exchange, and transmits field conditions of a fire, heart rates and motion status of firefighters and emergency alarm information to a monitoring center and commanding people to satisfy the needs of field rescue.",,,,G08B21/02,UNIV WUHAN TECH,,True,False
CN-111759278-A,CN-202010561255-A,CN,A,72721075,20200618,20200618,20201013,0,Vital sign monitoring system and method based on iBeacons,,"The invention discloses a vital sign monitoring system and method based on iBeacons, which comprises iBeacons equipment for detecting vital signs of firefighters; the information transmission equipment interacts with the iBeacons equipment through Bluetooth; and the information transfer equipment is wirelessly connected with a service platform for providing feedback information for the information transfer equipment. The in-process that the fire fighter carried out the fire control wearing fire-fighting apparatus, iBeacons equipment passes through sensing element and gathers the vital sign of fire fighter and contrast rather than the daily vital sign of memory cell storage, if appear unusually, then send unusual information to service platform through information transfer equipment, service platform stabilizes its health through the fire control position of dispatch fire fighter, if the fire fighter does not have the response feedback, service platform issues the rescue instruction to other fire fighters through information transfer equipment and iBeacons equipment. The invention can find the abnormal vital signs of the firemen in the fire fighting process in time and carry out rapid processing, thereby ensuring the safety of the firemen.",,,A61B2503/20;A61B5/747;A61B5/6802;A61B5/02055;A61B5/7465;A61B5/0022;A61B2560/0242;A61B5/746;A61B5/002,A61B5/00;A61B5/0205,SHANGHAI FIRE RES INSTITUTE OF MEM,,True,False
CN-120284223-A,CN-202510707935-A,CN,A,96267632,20250529,20250529,20250711,0,"Multi-physiological-parameter monitoring field rescue waistband, method, system, equipment and medium",,"The invention provides a multi-physiological parameter monitoring field rescue waistband, a method, a system, equipment and a medium, wherein the multi-physiological parameter monitoring field rescue waistband adopts solar energy to supply power, so that wearable equipment can not be limited by geographic positions and the electric quantity can be supplemented at any time; the intelligent waistband uses the Beidou module to send rescue positions, and can send physiological information such as heart rate and respiratory rate of a wearer, so that data support is provided for the real-time understanding of the near condition of the body of the rescued person by the rescuer, and the waistband body and the waistband head adopt a separated design, so that later replacement and maintenance are facilitated.",,,A61B5/747;A61B5/7465;A61B5/746;A61B5/6823;A61B5/6802;A61B5/0015;A61B5/0004;A61B5/4836;A61B5/1112;A61B5/0816;A61B5/02438;A61B5/0205,A61B5/11;A61B5/08;A61B5/024;A61B5/00;A61B5/0205,SUZHOU INST BIOMEDICAL ENG & TECH CAS,,True,False
CN-204642109-U,CN-201520297394-U,CN,U,54094876,20150508,20150508,20150916,20150916,Triangle folding formula buoyant apparatus,,"The utility model discloses a kind of triangle folding formula buoyant apparatus, comprise one first hinged successively connecting panel, one second connecting panel and one the 3rd connecting panel, be arranged on the shrouding at two ends, a breather pipe; The first described connecting panel is connected by movable snap with the 3rd described connecting panel.The advantage of triangle folding formula buoyant apparatus of the present utility model is: form triangular prism shaped sealed cavity by three blocks of plates and the soft rubber that is positioned at two ends, people wherein can be avoided not scatter and disappear too fast by solar exposure or body temperature, with the breather pipe of opening down layout, ensure that the person of meeting with misfortune can eupnea and water can not be entered by breather pipe; Breather pipe is also provided with hook, and be convenient to the telescopiform buoyant apparatus that rescuer salvages, volume after folding is minimum, and productive costs is lower, is conducive to user and configures in a large number.",,,,B63C9/06,DONG HOUKUN,,True,False
CN-2928137-Y,CN-200620076148-U,CN,Y,38306530,20060801,20060801,20070801,20070801,Air sucking supply valve,,"The utility model belongs to fire-fighting equipment, relating to a positive pressure fire-fighting air breathing apparatus, which is applied to an air-breathing supply valve that provides fresh air for firefighters, wherein the lower end of a base seat of the air-breathing supply valve is communicated with an air-breathing facemask. An intra-cavity of the base seat is provided with an air-supply valve base; a longitudinal shift air-supply spool is arranged in the intra-cavity of the air-supply valve base; a compression spring capable of moving the air supply spool up and down is covered on the mesomere of the air supply valve. A valve head arranged on the lower end of air supply spool is positioned on an opening which is mounted on the lower end of the intra-cavity of the air supply valve base, and a male cone is arranged in the valve head which is oriented to the opening. A briquetting is mounted on top of an upper end of the air supply spool. The compression spring comes into contact with a hood face of a control lever, one end of which is connected to the base seat via hinges and the other end is arranged on the lower part of an air-breathing valve block which seals the upper end of the intra-cavity of the air-breathing valve base seat. The utility model has the advantages of compact structure, small volume and high operation reliability.",,,,A62B18/10,HUAYAN SHIP EQUIPMENT CO LTD J,CN,True,True
KR-20230060389-A,KR-20210145057-A,KR,A,86379929,20211027,20211027,20230504,0,life jacket capable of generating distress signal,조난신호 발생이 가능한 구명조끼,"The present invention relates to a life jacket capable of generating a distress signal by generating electricity through a thermoelectric module, comprising: a main body worn by a castaway; a notification means mounted on the main body; a thermoelectric module provided in the main body and generating power by the temperature difference between seawater and a human body; a signal transmission means for receiving power generated from the thermoelectric module and transmitting a distress signal; and a connection means for electrically connecting the thermoelectric module with the notification means and the signal transmission means. Thus, the life jacket capable of generating a distress signal can stably supply power in a distress situation by thermoelectric power generated by the temperature difference between seawater and the human body, and is provided with the notification means that extends long from the top of the life jacket so that a rescuer can easily check the location of the castaway from a distance.","본 발명은 열전모듈을 통해 전기가 발전되어 조난신호 발생이 가능한 구명조끼에 관한 것으로, 조난자가 착용하는 본체; 상기 본체에 장착되는 알림수단; 상기 본체에 구비되며 해수와 인체의 온도차에 의해 전원을 생성하는 열전모듈; 상기 열전모듈에서 생성된 전원을 공급받아 조난신호를 송출하는 신호송출수단; 및 상기 열전모듈과 알림수단 및 신호송출수단을 전기적으로 연결하기 위한 연결수단;를 포함한다.",,F21S9/04;G08B5/36;F21V33/0064;B63C9/20;B63C9/11,B63C9/11;G08B5/36;F21V33/00;F21S9/04;B63C9/20,KERI KOREA ELECTROTECHNOLOGY RES INST,KR,True,False
CN-213545493-U,CN-202022731832-U,CN,U,76483940,20201123,20201123,20210625,20210625,Pager with tracking and positioning functions,,"The utility model discloses a calling set with trail locate function belongs to calling set technical field, which comprises a housin, GPS orientation module is installed to the interior roof of casing, the internally mounted of casing has signal emission module, the inside wall of casing is fixed with the sleeve pipe, the inside slip of sheathed tube has the round bar, the one end of round bar runs through and extends to the outside of casing, be fixed with first spring between sleeve pipe and the round bar, the bottom fixed stop piece of round bar, the through-hole has been seted up on the separation blade, the front of casing is seted up flutedly, the inside of recess is fixed with the second spring. The utility model discloses can prevent that oneself from touching or child plays and touch the problem that the button was touched to the mistake and lead to the mistake to send distress signal in the old person&#39;s daily activity by mistake, it is troublesome to have reduced unnecessary for rescuer, family members and old man, also provides more accurate rescue signal for the rescuer to this calling set&#39;s practicality has been improved.",,,,G08B25/01;G08B21/04,JILIN GUOSE TIANLIAN CULTURE IND GROUP CO LTD,,True,False
CN-104350803-A,CN-201280072051-A,CN,A,48798435,20120131,20120131,20150211,0,Post-accident network probe and method of using the same,,"A post-accident network probe and a method of using the probe are disclosed. The probe is configured to be deployed in a confined environment (e.g. an underground mine), typically after an accident has occurred, in order to establish a connection with the wireless network, or a portion thereof, located therein. The probe generally allows the rescuers to determine the position of potentially trapped miners and can allow the rescuers to have access to environment-related information collected by the network, to get vital signs information, and/or to communicate with the trapped miners. The probe can be deployed using different access methods such as bore holes (existing or new), ventilation shafts, preventive installations of probes, etc.. Notably, since the probe establishes a connection with the network, the location of the probe does not have to be exactly where the miners are located as long as the miners are tracked by the network.",,,H04W8/005;H04W4/90;E21F11/00;H04B7/26;H04W84/00,H04W4/90;H04W16/26;H04W80/12;E21F17/06;E21F11/00;H04W88/08;H04W84/22,NEWTRAX HOLDINGS INC,,True,False
