publication_number,application_number,country_code,kind_code,family_id,filing_date,priority_date,publication_date,grant_date,title_en,title_ko,abstract_en,abstract_ko,claims_en,cpc_codes,ipc_codes,assignees,assignee_countries,hit_context,hit_cpc
CN-105976563-A,CN-201610518994-A,CN,A,56954858,20160701,20160701,20160928,0,Fire rescue system,,"The invention provides a fire rescue system comprising a command platform and a positioning caller worn on a firefighter. The positioning caller comprises an inertial positioning module, an active positioning module and a first sending module; the inertial positioning module is used for acquiring current first position information by adopting an inertial positioning mode; the active positioning module is used for acquiring current second position information by adopting an active positioning mode; the first sending module is used for sending the first position information and the second position information to the command platform; and the command platform is used for calculating the actual position of the positioning caller according to the first position information and the second position information. By adopting the fire rescue system, accurate position data is obtained by synthesizing the positioning results of the inertial positioning module and the active positioning module and after constraint and correction of an algorithm, so that the positioning precision of indoor positioning under complex environments is improved.",,,G08B25/08;G06Q50/26;G08B25/10;G01C21/165;G08B25/016;G01S19/47;G08B21/02,G08B21/02;G01S19/47;G08B25/10;G01C21/16;G08B25/01;G08B25/08;G06Q50/26,QINGDAO ACAD FOR OPTO-ELECTRONICS ENG,,True,False
US-2014357215-A1,US-201313905942-A,US,A1,50792392,20130530,20130530,20141204,0,Method and apparatus to allow a psap to derive useful information from accelerometer data transmitted by a caller&#39;s device,,"A Public Safety Answering Point (PSAP) is configured to receive a description of detected movement associated with one or more inertial sensors of a communication device. The description of the detected movement may then be analyzed to determine a likelihood of injury associated with the movement, whether or not the user associated with the communication device is experiencing abnormal neuromuscular activity, and/or whether the user is outside a range of the communication device such that the user is unlikely to hear audio information originating from the communication device. The PSAP may additionally or alternatively utilize the description of the movement information to assist and/or provide an advisory recommendation in the decision of which, if any first responder resources should be dispatched; the recommendation may include which resources and at what priority the resources should be dispatched.",,,H04W4/027;H04W4/90;H04M2201/18;H04W4/029;H04M2250/12;H04M2203/1075;H04M3/5116;H04M2203/2094;H04M2242/30,H04W4/90;H04W4/029,AVAYA INC,US,True,True
CN-106941654-B,CN-201610001263-A,CN,B,59469809,20160105,20160105,20200526,20200526,Personnel and asset searching system and method for tourist attraction and goods yard,,"The invention integrates the GPS module and an ultra-long distance intelligent electronic tag which works in a low duty ratio working mode into a low-power consumption intelligent GPS tag by utilizing ultra-low power consumption and ultra-long distance sleep awakening technology with a distance of more than 1500 meters. The GPS tag not only has all functions of intelligent electronic tags including indoor positioning and multi-channel cooperative work, but also has the function of outdoor accurate positioning which is unique to the GPS. The GPS label does not depend on networks such as a mobile public network or WiFi and the like to transmit the GPS position information acquired by the GPS label, and the service life of a battery of the GPS label can reach 3-5 years. It is not only low in cost, but also simple and convenient to use. The device can be widely used for searching and positioning personnel in various tourist attractions, amusement places and cities; personnel management of the travel team. The remote area has no personnel search and rescue covered by network, and can be widely used for asset search and positioning of containers and the like in large ports and cargo yards.",,,H04W4/80;H04W4/025;Y02D30/70;H04B5/77,H04W4/029;H04B5/00;G01S19/14;H04W4/80,,,True,True
CN-105988127-A,CN-201510051406-A,CN,A,57037170,20150130,20150130,20161005,0,Firefighter indoor positioning device and firefighter indoor positioning method based on compound positioning system,,"A firefighter indoor positioning device and a firefighter indoor positioning method based on a compound positioning system are disclosed. The method comprises the following steps: getting outdoor satellite positioning information; getting outdoor base station positioning information; getting indoor WIFI positioning information; correcting and optimizing the sea level standard atmospheric pressure and temperature values of the current area of the positioning system to get corresponding altitude information; and analytically processing, storing and recording the satellite positioning information, the base station positioning information, the WIFI positioning information and the altitude information, and providing real-time indoor positioning information and trajectory tracking information for a data service center. According to the invention, the positioning information of the modules in the positioning system is acquired and synthetically analyzed, and the locations of firefighters can be precisely positioned in real time when the firefighters get into a room and put out a fire to save life and property; and meanwhile, data of each dimension of the satellite positioning information is effectively stored in milliseconds, so the external data service center can monitor the trajectory of indoor rescue work of firefighters in real time.",,,,G01S19/42,ASAT (CHINA) TECH INC,,True,False
US-2024012090-A1,US-202217859174-A,US,A1,89431219,20220707,20220707,20240111,0,Ultra wideband ai-enhanced imu tracking system for first responder use with smart glasses,,"A tracking system that works through walls, below grade, and at long range is provided, which may be utilized as a first responder tracking system. The system combines UWB (Ultrawideband) with AI-enhanced IMU motion tracking with use on, e.g., android-based smart glasses, phones and tablets. The UWB tracking provides a stable reference point in GPS denied environments, offering 3D tracking under the most challenging conditions. When walls or distance make UWB untenable, disclosed tags stream back IMU data processed by machine learning algorithms which remove, e.g., the effect of drift, noise, and error common to motion-based tracking. The system may process the UWB and IMU input data and produce a platform and language agnostic serialized message stream with position data. This published stream allows any visualization platform to subscribe and consume 3D position data, be it a local graph for engineering debug, cloud-based first responder software, or a third-party solution.",,,G01S5/02685;G01S19/49;G01S5/0264;G01S5/0244;G01C21/165,G01S5/02;G01S19/49,THIRDEYE GEN INC,US,True,True
CN-102423261-B,CN-201110279420-A,CN,B,45957359,20110920,20110920,20131002,20131002,Ultra-wide bandwidth radar type non-contact life parameter real-time monitoring system,,"The invention discloses an ultra-wide bandwidth radar type non-contact life parameter real-time monitoring system which comprises a UWB (Ultra-Wide Bandwidth) radar front end and a signal processing display unit. The system can realize real-time and non-contact monitoring on physiological parameters of a human body, such as respiration, body movement signals, respiratory rate, and the like under the condition of penetrating through a thicker nonmetal obstacle. The ultra-wide bandwidth radar type non-contact life parameter real-time monitoring system is mainly used for the physiological parameter monitoring of patients which are not suitable for being connected with electrodes and a sensor in a ward, such as large-area burn patients, and the like, can be also used for carrying out non-contact real-time monitoring on buried wounded people (who can not be rescued in short time) in the disasters, such as earthquake, and the like and provides necessary reference for search and rescue staffs applying medical rescue to learn the vital sign condition of a rescued object at any time.",,,,G01S13/88;A61B5/08,FOURTH MILITARY MEDICAL UNIV,,True,True
CN-103207383-A,CN-201210546303-A,CN,A,48754662,20130516,20130516,20130717,0,Method for performing two-dimensional wireless positioning on stationary node based on single mobile node,,"The invention discloses a method for performing two-dimensional wireless positioning on a stationary node based on a single mobile node and relates to a wireless positioning method. The method comprises the steps of measuring information of acceleration, angular speed and the like through an inertial sensor to calculate the relative position of the mobile node; determining several point coordinates to serve as virtual positioning index points; and using measured distances between the stationary node and the index points during determination and a locating algorithm to calculate relative coordinates of the stationary node to the mobile node, and displaying the relative coordinates on a handheld device. According to the method for performing two-dimensional wireless positioning on the stationary node based on the single mobile node, search and rescue personnel can find persons in distress rapidly and accurately.",,,,G01C21/16;G01S5/14,UNIV SHENYANG CHEMICAL TECH,,True,False
CN-116233035-A,CN-202310117801-A,CN,A,86585245,20230215,20230215,20230606,0,Digital fire-fighting individual communication system and data perception acquisition communication method,,"The invention discloses a digital fire-fighting individual communication system and a data perception acquisition communication method, which comprise a core communication terminal and a plurality of networking nodes, wherein the core communication terminal is assembled on a scene fire-fighting individual, and has a plurality of network communication modes, is carried by the fire-fighting individual, can be in wireless interconnection and intercommunication with one or a plurality of networking nodes nearby, and can carry out audio and video communication with scene actual combat command platform commander of other scene fire-fighting individual or scene command parts. According to the invention, the information acquisition and communication equipment are highly integrated, so that the effective fusion of the individual fire fighting system equipment is realized, the individual combat load is reduced, and the individual flexible combat advantage is better exerted; the UWB-Tag is applied to realize the position location of the UWB base station, a method for information communication exchange between two networks is established, the difficulty of position acquisition of individual firefighters in indoor and outdoor spaces, particularly in the internal combat process of complex buildings, is solved, and the individual safety protection capability of the individual firefighters in the emergency rescue process can be effectively improved.",,,Y02D30/70;H04L49/355;H04L49/15;H04L12/4604;H04W4/029;H04W88/08,H04L49/15;H04W4/029;H04W88/08;H04L49/35;H04L12/46,SHENYANG FIRE RES INSTITUTE OF MEM,,True,True
CN-108615204-A,CN-201810423421-A,CN,A,63661942,20180506,20180506,20181002,0,A kind of building based on BIM and UWB faces side hole safety management system and method,,"The invention discloses a kind of buildings based on BIM and UWB to face side hole safety management system and method, and management system includes UWB personnel positioning modules, and central server visualizes display module, and safe early warning module and intelligence search and rescue module；UWB personnel positionings module realizes personnel&#39;s three-dimensional localization by UWB no-load communication techniques；Personnel positioning information is carried out data with BIM models and coupled by central server, and analyzes whether personnel are in danger zone；Visualize accurate location of the display module real-time display personnel in BIM models；Safe early warning module carries out danger warning prompt to personnel；Intelligence searches and rescues module and determines most short rescue route for unexpected personnel occur, and is shown on BIM models.The present invention can be accurately positioned personnel&#39;s three-dimensional position in real time, and be compared and analyzed with preset danger zone, and phonic warning is carried out to construction personnel, to effectively take precautions against dangerous generation, help to reduce casualties, realize building site intelligent safety management.",,,G06F30/20;G06Q50/08,G06Q50/08;G06F17/50,UNIV BEIJING TECHNOLOGY,,True,False
CN-117572459-A,CN-202210930365-A,CN,A,89884967,20220803,20220803,20240220,0,Unmanned aerial vehicle capable of automatically switching navigation system,,"The invention discloses an unmanned aerial vehicle capable of automatically switching navigation systems, which comprises an unmanned aerial vehicle body, a laser SLAM system for realizing navigation of the unmanned aerial vehicle, a visual SLAM system for assisting navigation of the unmanned aerial vehicle and a controller, wherein the unmanned aerial vehicle body is provided with a plurality of navigation modules; when the controller detects that the error between the pose obtained by the laser inertial odometer in the laser SLAM system and the reference true value is larger than a switching setting threshold, the laser SLAM system is switched to the vision SLAM system for unmanned plane navigation. The unmanned aerial vehicle provided by the invention can still make a movement decision in a complex environment when encountering severe weather such as heavy rain, dense smoke or dense fog, and the like, so that the accuracy and stability of the unmanned aerial vehicle are improved, the unmanned aerial vehicle is convenient to use, and the safety is improved.",,,G01S17/933;G01S17/86;G01S19/43;G01S19/46;G01S19/47;G01C21/1652;G01C22/00;B64C27/08;B64D47/00,G01S17/933;B64U10/13;B64U20/80;G01C21/16;G01C22/00;G01S17/86;G01S19/43;G01S19/46;G01S19/47,BEIJING QINGYUAN INTELLIGENT TECH CO LTD,,False,True
US-2024077873-A1,US-202318388260-A,US,A1,83228491,20231109,20210309,20240307,0,Radar sensor-based bio-inspired autonomous mobile robot using ble location tracking for disaster rescue,,"An autonomous bio-inspired mobile robotic device ( 200 ) capable of detecting, tracking and communicating location of survivor(s) ( 34 ) trapped under earthquake/building collapse debris ( 30, 32 ). The small-size, lightweight, ruggedized autonomous legged mobile robot ( 200 ) incorporates high-frequency millimeter-wave radar sensor ( 10 ) and Ultra Wideband (IR-UWB) radar sensor ( 12 ) for detecting presence and perform ranging of trapped survivor(s) ( 34 ). The autonomous mobile robot ( 200 ) also comprises GNSS ( 8 ) and BLE ( 4 ) connectivity for location tracking of trapped survivor(s) ( 34 ) in conjunction with a Wi-Fi enabled visual sensing solution ( 20 ) and a flashlight ( 16 ) to aid during rescue operation. The battery-powered ( 24 ) autonomous bio-inspired mobile robot ( 200 ) also comprises an MCU ( 26 ), actuators ( 14   b ), motor control circuitry ( 18 ) and IMU ( 6 ) to control robot ( 200 ) locomotion and perform sensor data fusion. BLE ( 4 ) connectivity solution of the present invention ( 200 ) communicates the location of detected trapped survivor(s) ( 34 ) to a plurality of rescue devices ( 44 A,  44 B,  44 C) using Angle-of-Arrival ( 700 )/Angle-of-Departure ( 800 ) method for successful survivor ( 34 ) location resolution.",,,G05D1/0212;G01S5/0231;G05D1/0246;G05D1/0257;G05D1/027;G05D1/0278;G01S2205/06;G05D2201/0217;B25J11/008;G01S13/56;G01S13/888;G01S13/887;G01S13/42;G01S13/867;G01S13/86;G01S13/881;G01S13/584;G01S7/415;G01S19/48;G01S19/17,G01S5/02,PANNALA SUMA GOURI,IN,True,True
EP-2025178-A2,EP-07873941-A,EP,A2,39738929,20070531,20060531,20090218,0,Method and system for locating and monitoring first responders,,"The present invention is directed to methods and systems for locating and monitoring the status of people and moveable assets, such as first responders, including firefighters and other public service personnel, and their equipment both indoors and out. The invention can provide for locating and monitoring the status of people and assets in environments where GPS systems do not operate, or where operation is impaired or otherwise limited. The system and method uses inertial navigation to determine the location, motion and orientation of the personnel or assets and communicates with an external monitoring station to receive requests for location, motion orientation and status information and to transmit the location, motion orientation and status information to the monitoring station.",,,G08G1/20;G08B25/016;G01C21/1654;G01S19/49,H04W84/02;A62C99/00,TRX SYSTEMS INC,US,True,False
US-12268910-B2,US-202117515772-A,US,B2,81379755,20211101,20201030,20250408,20250408,Precision aerial firefighting and deluge system for helicopters and unmanned aerial systems,,"The precision aerial firefighting and deluge system for helicopters and unmanned aerial systems is a device to attack fires inaccessible to firefighters due to altitude or other obstructions by streaming water or other fire retardant into or onto a specific location on the ground, on the water, or at altitude. The system employs a medium or heavy lift helicopter or unmanned aerial systems one or more tanks or bladders for water and/or fire retardant chemicals, a compressed air foam system, a pump, rigid plumbing lines for outflow of water/fire retardant; a rigid, telescopic boom that extends beyond rotor tip path plane, flexible lines/hoses inside boom; a crew switched electronic boom controller, a boom management system, a flange adapter, an electric, variable direction, crew-controlled fire monitor, a drop-hose, and a dart with inertial feathers.",,,A62C3/0271;A62C3/0214;B64D1/16;A62C3/00;A62C29/00;A62C31/24;A62C31/22;A62C3/0242,B64D1/16;A62C3/02,SELIGSON BRIAN ROBERT,US,True,False
CN-111263315-A,CN-202010050346-A,CN,A,70950605,20200117,20200117,20200609,0,Rescue equipment for dog,,"The invention relates to rescue equipment for dogs, which comprises a police dog cap, wherein the police dog cap is connected to rescue personnel handheld equipment through wireless transmission; the police dog cap comprises a control module, a camera, a sound pickup, a loudspeaker, a chargeable and dischargeable battery, a GPS positioning tag and a UWB positioning tag; the handheld device comprises a sound pickup, a loudspeaker, a chargeable and dischargeable battery, two UWB positioning base stations, a remote controller and a display module; the control module, UWB location label and GPS location are connected with control module, and the camera is connected with control module, and the adapter is connected with the controller, and the speaker is connected with the controller, can charge and discharge the battery and be connected with control module. The invention can realize the autonomous positioning requirements of the police dog and the rescued person with real-time high precision, the real-time transmission of the site environment, the voice conversation between the rescuers and the rescued person and the voice instruction of the police dog.",,,H04W4/029;H04W4/023;H04N7/185;H04B2001/3866;G01S19/46;H04B1/385,H04N7/18;G01S19/46;H04W4/029;H04B1/3827;H04W4/02,UNIV XIAN TECHNOLOGICAL,,True,True
KR-20230155143-A,KR-20220054637-A,KR,A,88742434,20220503,20220503,20231110,0,Method for Tracking Emergency Caller for Securing Emergency Rescue Golden Time in City Area,도심 지역에서 긴급 구조 골든타임 확보를 위한 요구조자 탐색 방법,"A method for locating a first responder to ensure emergency rescue golden time in an urban area is disclosed. The method includes the following steps: measuring a signal strength from a rescuer terminal; estimating a GPS position error distribution of the rescuer; determining whether a path between the rescuer and the rescuer is LOS or NLOS and estimating a location and uncertainty of the rescuer after obtaining channel parameters according to each of the above; and minimizing a navigation path of the rescuer in a direction that minimizes a cramer-rao lower bound (CRLB), which is an inverse matrix of the FIM.",도심 지역에서 긴급 구조 골든타임 확보를 위한 요구조자 탐색 방법이 개시된다. 개시된 방법은 요구조자 단말기로부터의 신호 세기를 측정하는 단계; 구조대의 GPS 위치 오차 분포를 추정하는 단계; 구조대와 요구조자 사이의 경로가 LOS 인지 또는 NLOS인지 여부를 판단하고 각 상항에 따른 채널 파라미터를 획득한 후 요구조자의 위치 및 불확실성을 추정하는 단계; 및 FIM의 역행렬인 CRLB(Cramer-Rao Lower Bound)를 최소화하는 방향으로 구조대의 탐색 경로를 최소화하는 단계를 포함한다.,,G01S11/06;G01S19/17;G08B21/0202;H04W4/90;G01S2201/04,G01S11/06;G01S19/17;G08B21/02;H04W4/90,UIF UNIV INDUSTRY FOUNDATION YONSEI UNIV,KR,True,False
CN-109714822-B,CN-201811602573-A,CN,B,66258467,20181226,20181226,20210226,20210226,Positioning system and method for emergency networking in disaster area,,"The invention relates to a positioning system and a method for emergency networking in a disaster area, belonging to the technical field of communication positioning. The system comprises a GNSS data module, a data processing module and a data processing module, wherein the GNSS data module is used for acquiring coordinate data of a peripheral reference point of a disaster area and providing reference coordinate data for UWB emergency networking in the disaster area; the UWB emergency networking module is used for establishing UWB emergency networking in a disaster area according to the reference coordinate data; the UWB mobile tag positioning module is used for acquiring positioning data of UWB emergency networking in a disaster area; the data calculation module is used for calculating the position information of the rescuers according to the positioning data of the UWB emergency networking and the reference coordinate data; and the monitoring end display module is used for receiving the position information of the rescue workers and displaying the positions of the rescue workers in real time. The invention solves the problem that rescue workers cannot be accurately positioned due to the fact that the quality of communication signals cannot be guaranteed in a disaster site of building collapse in the prior art.",,,,G01S19/46;H04W84/18;H04W64/00,,,True,False
CN-120970631-A,CN-202511139033-A,CN,A,97652059,20250814,20250814,20251118,0,Individual soldier field searching equipment based on IMU guides,,"The invention discloses individual field searching equipment based on IMU (inertial measurement unit) guidance in the technical field of communication equipment, which comprises a microcontroller, a positioning function module, a communication function module, a power supply system, an interaction function module, a searching function module and a distress function module. The invention is provided with a GPS and Beidou BDS dual positioning mode, carries 4G, LORA and Beidou short message multi-communication modes, uses an MPU9250 nine-axis sensor and uses an algorithm such as Kalman filtering to calibrate gesture and geomagnetic errors for an IMU to be matched with an LCD to serve as an electronic compass to execute search and rescue guidance, uses low-power hardware, designs various working modes in terms of equipment software and algorithm to realize dynamic power consumption management, and tests that the duration is not less than 24 hours under the condition of full task output and not less than 48 hours under the normal condition.",,,G01S19/421;G01C21/08;G01C21/165,G01S19/42;G01C21/08;G01C21/16,UNIV HEFEI TECHNOLOGY,,True,False
JP-2022067378-A,JP-2020176060-A,JP,A,81390587,20201020,20201020,20220506,0,Disaster prevention support system and program,,"To provide a disaster prevention support system and a program that allow for determining the attributes of occupants when displaying the number of the occupants in each area of a building.SOLUTION: A disaster prevention support system 1 includes an automatic fire alarm system 2, an indoor positioning system 3, an on-site activity support system 4, and a private firefighting support system 5. The disaster prevention support system 1 acquires location and attribute information of occupants. At the time of a fire, detector alarm information is sent from a support server 7 to portable terminals 8 carried by private firefighters, and a map image showing numbers of occupants in each area of a building, which are aggregated in units of the attribute based on the acquired location and attribute information, is displayed on a display device.SELECTED DRAWING: Figure 1",,,,G08B25/04;G08B27/00;G08B21/02;G06Q90/00,NOHMI BOSAI LTD,,True,False
US-2025152463-A1,US-202519023276-A,US,A1,67620576,20250115,20160224,20250515,0,Automatic determination of defibrillation pad location on patient&#39;s chest,,"A medical device uses UWB units to infer a position of an adjunct positioned in proximity to an exterior portion of a patient&#39;s body. The position information can be used to provide CPR feedback to a rescuer. In other applications, the position information can be used to provide prompts to a user to change the position of the adjunct.",,,A61H2205/084;A61H2203/0456;A61H31/007;A61N1/39046;A61N1/39044;A61N1/046;A61H2201/1253;A61H2201/1619;A61H31/00;A61H31/005;A61H31/006;A61H2201/5043;A61H2201/5007;A61H2201/1688;A61H2031/002;A61H2201/1669;A61H2230/82;A61H2201/5097;A61H1/00,A61H31/00,PHYSIO CONTROL INC,US,True,False
WO-2008108788-A3,US-2007013039-W,WO,A3,39738929,20070531,20060531,20081120,0,Method and system for locating and monitoring first responders,,"The present invention is directed to methods and systems for locating and monitoring the status of people and moveable assets, such as first responders, including firefighters and other public service personnel, and their equipment both indoors and out. The invention can provide for locating and monitoring the status of people and assets in environments where GPS systems do not operate, or where operation is impaired or otherwise limited. The system and method uses inertial navigation to determine the location, motion and orientation of the personnel or assets and communicates with an external monitoring station to receive requests for location, motion orientation and status information and to transmit the location, motion orientation and status information to the monitoring station.",,,G08G1/20;G08B25/016;G01C21/1654;G01S19/49,H04Q7/20;A62C99/00,TRX SYSTEMS INC;BANDYOPADHYAY AMRIT;KOHN ERIC A;GOLDSMAN NEIL;TEOLIS CAROLE A;BLANKENSHIP GILMER L;FUNK BENJAMIN E,US,True,False
CN-118169679-B,CN-202410591501-A,CN,B,91357025,20240514,20240514,20240709,20240709,Wireless remote control life detector for rescue searching,,"A life detector for wireless remote control rescue search belongs to the technical field of detection equipment and aims to solve the problems that the imaging effect of a radar detector and the detection precision of trapped people are affected due to the fact that the number of antennas causes high grating/side lobe levels when the existing radar life detector transmits ultra-wideband signals; according to the invention, the unmanned aerial vehicle main body is provided with the radio-frequency radar and the far-infrared camera for aerial detection, the unmanned aerial vehicle main body receives instructions from an operator under the action of the remote control antenna, so that control of a flight track and operation of radar detection equipment are realized, the radio-frequency radar emits ultra-wideband signals, electromagnetic wave irradiation detection is performed by using the spiral antenna array, meanwhile, the far-infrared camera captures thermal imaging data of a target point, the data are processed and analyzed by each functional module in the intelligent control computer, and the image optimization module optimizes images by adopting a weighted coherence factor processing method, so that grating/sidelobe levels are effectively inhibited, and resolution and detection accuracy of the images are improved.",,,G01V11/00;G01S7/2813;G01S7/03;G01S7/41;G01S13/887;G01S13/867;Y02T10/40,G01V11/00;G01S13/88;G01S7/41;G01S7/28;G01S7/03;G01S13/86,,,False,True
US-10352680-B2,US-201615339663-A,US,B2,58667549,20161031,20151006,20190716,20190716,Through-the-wall magnetoquasistatic positioning,,"Magnetoquasistatic through-the-wall non-line-of-sight coupling between a mobile transmitting device located within a building, or indoor, and a fixed receiving device located outside the building, outdoor, enables positioning of the transmitting device through the wall of the building and in non-line-of-sight environments. Systems based on magnetoquasistatic coupling can separately sense the distance and orientation of the transmitting device accurately even in heavy non-line-sight environments such as steel-reinforced buildings. The approach permits sensing and determination of location and attitude of mobile devices in buildings and can be used to locate rescue workers, first responders, or law enforcement officers inside a building.",,,G01R29/0871;G01N27/72;G01B7/004,G01R29/08;G01N27/72;G01B7/004,CALIFORNIA INST OF TECHN,US,True,False
CN-209498814-U,CN-201822084408-U,CN,U,68194261,20181212,20181212,20191018,20191018,A kind of fire-fighting drill bracelet based on UWB,,"The utility model discloses a kind of fire-fighting drill bracelet based on UWB, including shell, it is connected to first watchband and the second watchband at shell both ends, set on the face-piece of housing upper surface, display screen, battery and the machine core panel being set in the housing, set on the bottom case of housing lower surface；Machine core panel includes: master controller, UWB locating module, communication module, attitude transducer, heart rate sensor, smoke detector, and main controller controls；Master controller receives the position data determined by UWB locating module, the attitude data obtained by attitude transducer, the heart rate data obtained by heart rate sensor, the smoke data obtained by smoke detector, control display is on a display screen, and above-mentioned data are transmitted to by server by communication module, server is electrically connected monitoring client, is monitored in real time by monitoring client.The utility model can monitor the case where bracelet wearer in real time, and convenient processing in time is abnormal, ensure its safety, and accurate positioning, data transmission are fast.",,,,A44C5/00,UNIV CHINA GEOSCIENCES WUHAN,,True,False
KR-101906324-B1,KR-20170103381-A,KR,B1,63875827,20170816,20170816,20181010,20181010,Device for position tracking and monitoring of endangered rescue personnel in indoor diseaster environment using wireless communication and method thereof,무선통신을 이용한 실내 재난환경에서의 위험에 처한 구조대원의 위치파악 및 모니터링 장치 및 방법,"According to the present invention, a device for acquiring and monitoring a position of a rescue worker in danger in an indoor disaster environment using wireless communication comprises: a monitoring terminal including a bioactivity monitoring sensor unit to collect bioactivities via Bluetooth low energy (BLE) communication between a temperature sensor and a heart rate sensor, an indoor environment position tracking unit to use an acceleration sensor to track a position in an indoor environment, and a remote server communication unit to perform communication with a remote server via wireless communication to be carried on the body of a rescue worker; a server including a bioactivity monitoring unit to collect, store, and monitor the bioactivities and recognize a dangerous state, and an indoor position tracking unit to store position tracking data; and a search terminal including a sensing unit to determine whether the rescue worker is present or absent, a position tracking unit to track a position of a rescue worker and track a direction of a rescue worker in danger, and a direction display lamp to notify a direction to find a rescue worker in danger.","본 발명은 무선통신을 이용한 실내 재난환경에서의 위험에 처한 구조대원의 위치파악 및 모니터링 장치에 관한 것으로, 온도센서와 심박센서간 BLE(Bluetooth Low Energy)통신을 통해 생체활동을 수집하는 생체활동 모니터링 센서부, 가속도 센서를 이용하여 실내 환경에서의 위치추적을 담당하는 실내환경 위치추적부, 및 무선통신을 통해 원격 서버와 통신을 수행하는 원격 서버통신부로 구성되어 구조대원 몸에 휴대하는 모니터링 단말; 상기 생체활동을 수집 및 저장, 모니터링, 위험상태 인지를 담당하는 생체활동 모니터링부, 및 위치추적 데이터를 저장하는 실내 위치 추적부로 구성된 서버; 및 상기 구조대원이 있는지 없는지를 판별하는 감지부, 구조대원의 위치를 추적하고 위험에 처한 구조대원의 방향을 추적해 내는 위치 추적부, 및 위험에 처한 구조대원을 찾기 위한 방향을 알리는 방향 표시등으로 구성된 탐색 단말;을 포함하는 것을 특징으로 한다.",,G08B21/10;G08B27/001;G08B21/0211;G08B25/10;G08B25/14,G08B27/00;G08B21/10;G08B25/10;G08B21/02;G08B25/14,TELEWORKS CO LTD,KR,True,False
CN-109363303-A,CN-201811519887-A,CN,A,65373348,20181212,20181212,20190222,0,A kind of fire-fighting drill bracelet based on UWB,,"The present invention discloses a kind of fire-fighting drill bracelet based on UWB, including shell, is connected to first watchband and the second watchband at shell both ends, set on the face-piece of housing upper surface, display screen, battery and the machine core panel being set in the housing, set on the bottom case of housing lower surface；Machine core panel includes: master controller, UWB locating module, communication module, attitude transducer, heart rate sensor, smoke detector, and main controller controls；Master controller receives the position data determined by UWB locating module, the attitude data obtained by attitude transducer, the heart rate data obtained by heart rate sensor, the smoke data obtained by smoke detector, control display is on a display screen, and above-mentioned data are transmitted to by server by communication module, server is electrically connected monitoring client, is monitored in real time by monitoring client.The present invention can monitor the case where bracelet wearer in real time, and convenient processing in time is abnormal, ensure its safety, and accurate positioning, data transmission are fast.",,,A44C5/0007,A44C5/00,UNIV CHINA GEOSCIENCES WUHAN,,True,False
US-2010179421-A1,US-60166508-A,US,A1,40075532,20080523,20070524,20100715,0,System and method for non-invasive instantaneous and continuous measurement of cardiac chamber volume.,,"A system and method for non-invasive and continuous measurement of cardiac chamber volume and derivative parameters including stroke volume, cardiac output and ejection fraction comprising an ultrawideband radar system having a trans-mitting and receiving antenna for applying ultrawideband radio signals to a target area of a subject&#39;s anatomy wherein the receiving antenna collects and transmits signal returns from the target area which are then delivered to a data processing unit, such as an integrated processor or PDA, having software and hardware used to process the signal returns to produce a value for cardiac stroke volume and changes in cardiac stroke volume supporting multiple diagnostic requirements for emergency response and medical personnel whether located in the battlefield, at a disaster site or at a hospital or other treatment facility.",,,A61B5/411;A61B6/507;A61B6/508;A61B5/026;A61B5/05;A61B5/0507;A61B5/02028;A61B5/029;A61B5/6823,A61B6/00,TUPIN JOE,,True,False
CN-117007050-A,CN-202310945067-A,CN,A,88566722,20230731,20230731,20231107,0,Intelligent fire rescue boot and positioning method thereof,,"The application discloses an intelligent firefighting rescue boot and a positioning method thereof, wherein walking speed values, direction data and gesture data of a plurality of preset time points are transmitted by a miniature Inertial Navigation System (INS) deployed in the firefighting boot; performing time sequence association analysis on the walking speed values, the direction data and the gesture data of the plurality of preset time points to obtain positioning parameter association characteristics; and determining positioning data based on the positioning parameter association features. Therefore, the high-precision positioning of the firefighter can be realized under the condition that no external reference signal exists, so that the firefighter is suitable for complex and changeable fire scene environments, and the rescue efficiency and safety are improved.",,,G01C21/20;G01C21/206;G01C21/165;G01C21/18;A43B3/02;A43B3/48;A43B3/44;A43B3/34,G01C21/20;A43B3/02;A43B3/34;A43B3/44;A43B3/48;G01C21/16;G01C21/18,DONGPENG SHOES IND CO LTD;Pingxiang Fire Rescue Detachment,,True,True
CN-121521073-B,CN-202511522832-A,CN,B,98714338,20251023,20251023,20260904,20260904,Disaster site three-dimensional mapping system based on unmanned aerial vehicle,,"The invention relates to the technical field of disaster site mapping, and discloses a disaster site three-dimensional mapping system based on an unmanned aerial vehicle. The system comprises a control unmanned aerial vehicle carrying a multispectral sensor for carrying out omnibearing scanning on a disaster site, collecting earth surface deformation data and multiband reflectivity data, carrying out time sequence alignment and noise filtering on the collected data, constructing an initial three-dimensional point cloud through dynamic voxelization processing, merging inertial measurement unit data to correct space positions, identifying earth surface fracture zone edge and elevation mutation characteristics from the point cloud, dividing geological stability subareas by combining the reflectivity data, carrying out multilevel detail division on the stability subareas by adopting a self-adaptive octree segmentation algorithm, automatically adjusting grid resolution according to fracture zone density to generate a three-dimensional topological structure of the disaster site, calculating earth surface displacement vectors and sedimentation gradients through comparing historic and current three-dimensional data, marking potential secondary disaster risk areas, and realizing accurate evaluation and risk early warning of the disaster site.",,,G01C15/00;G01C11/025;G01C11/36;G01N21/55;G01N21/25;G01C21/20;G01C21/005;G01S17/86;G01S17/875;G01C5/00;G01B11/026;G01C21/1652;G01C21/1656,G01C15/00;G01B11/02;G01C5/00;G01C11/02;G01C11/36;G01C21/00;G01C21/16;G01C21/20;G01N21/25;G01N21/55;G01S17/86;G01S17/875,,,True,True
CN-202975337-U,CN-201220735859-U,CN,U,48516395,20121227,20121227,20130605,20130605,Firefighter indoor/outdoor 3D seamless positioning and attitude detection system,,"The utility model discloses a firefighter indoor/outdoor 3D seamless positioning and attitude detection system. The system includes a main control circuit board based on an STM32 single chip microcomputer, a GPRS data transmission module based on Sim-900, a GPS positioning module, a remote monitoring client and an inertial navigation module I and an inertial navigation module II; the main control circuit board is respectively connected with the GPRS data transmission module, the GPS positioning module and the inertial navigation module I and the inertial navigation module II through serial ports; and the GPRS data transmission module is connected and communicates with the bound remote monitoring client through adopting a GPRS network. The firefighter indoor/outdoor 3D seamless positioning and attitude detection system of the utility model can realize firefighter indoor/outdoor 3D seamless positioning and attitude detection, can accurately identify and judge movement states of firefighters, and at the same time, can realize firefighter indoor/outdoor 3D seamless positioning; according to application occasions of the firefighters, the system can extend sensors such as a toxic gas sensor, a smoke sensor and a temperature sensor; and the system is of great significance in the protection of life safety of the firefighters who work in complex fire environments.",,,,G01S19/49,UNIV SHANDONG,,True,False
CN-211068857-U,CN-201921664993-U,CN,U,71635863,20191008,20191008,20200724,20200724,Multifunctional fire-fighting robot,,"The utility model relates to the technical field of fire fighting equipment, and discloses a multifunctional fire fighting robot, which mainly comprises four parts, namely a self-walking chassis 1, an upper loader 2, an autonomous control system 3 and a data acquisition and transmission system 4; the robot is provided with various sensors such as a laser radar, a tracking camera and various toxic gas detectors, can be remotely controlled in a non-line-of-sight manner, has the functions of autonomous path planning driving, tracking driving and the like, and is a third-generation intelligent fire-extinguishing rescue robot in the true sense. The robot can replace fire rescue personnel to enter dangerous disaster accident sites such as inflammable, explosive, toxic, anoxic or dense smoke and the like for detection, fire extinguishing and rescue, and the problem of personal safety threat of the fire fighters in the sites is solved; meanwhile, the robot has extremely strong off-road surface driving capacity, can overcome surface obstacles such as curbs, abrupt slopes, trenches and the like through various field road surfaces such as grasslands, sand lands, shoals, broken stones and the like, and is used for detection, fire extinguishment and rescue under field conditions.",,,,A61G1/06;A62C37/00;A62C27/00;B62D57/02,MINGGUANG HAOMIAO SECURITY AND PROTECTION SCIENCE & TECH CO LTD,,True,False
CN-110456785-A,CN-201910575868-A,CN,A,68481748,20190628,20190628,20191115,0,A kind of autonomous heuristic approach in interior based on caterpillar robot,,"The autonomous heuristic approach in interior that the invention discloses a kind of based on caterpillar robot, includes the following steps: step 1, using caterpillar robot as mobile robot platform, is expanded；Step 2 optimizes laser beam dot matrix with the map obtained, estimates laser point in the expression of map and the probability of occupancy grid；Scan matching is solved the problems, such as with Gaussian-Newton method, obtains the rigid body translation (x, y, theta) that laser point set is mapped to existing map；Step 3 is built Tu Bao and is combined using hector_navigation navigation packet and hector_slam, to realize the indoor specific frame independently explored；Inertial measurement system IMU is added in state estimation in navigation, and is filtered using EKF；The present invention can be easier, be more convenient that control robot is gone to carry out indoor autonomous exploration, the grating map of indoor environment be obtained, to more effectively rescue personnel be helped to search and rescue the wounded.",,,G05D1/02,G05D1/02,UNIV GUANGDONG TECHNOLOGY,,True,False
CN-116654203-A,CN-202310562783-A,CN,A,87714547,20230518,20230518,20230829,0,ROS-based modular unmanned ship/unmanned vehicle system with intelligent auxiliary counterweight,,"The modular unmanned ship/unmanned vehicle system based on intelligent auxiliary counterweight of ROS comprises a ship body/vehicle body, wherein a foundation module and an expansion module are installed in the ship body/vehicle body, the foundation module and the expansion module both comprise universal modules, each universal module comprises an embedded ROS system, a battery, a wireless electric energy conversion circuit and a wireless charging coil interface, the foundation module is provided with a plurality of wireless charging coil interfaces, the wireless charging coil interface of the expansion module is in butt joint with the wireless charging coil interface on the foundation module to realize charging and communication with the foundation module, the expansion module is one or a plurality of combinations of camera modules, 4G network modules, radar modules, inertial modules, vertical propulsion modules, horizontal propulsion modules, docking modules, water quality detection modules, water surface garbage cleaning modules, sonar imaging modules, search and rescue modules, magnetic sensor modules, high-speed calculation modules, interference modules and Mecanum wheel modules, and the ship body is provided with an intelligent counterweight module for counterweight or weight reduction and balance.",,,B63B43/00;H02J50/10;B63B35/32;B63C9/02;G01N33/18;B60L53/12;B62D63/02;Y02T10/70,B63B43/00;B60L53/12;B62D63/02;B63B35/32;B63C9/02;G01N33/18;H02J50/10,UNIV HANGZHOU DIANZI,,True,False
CN-113075655-A,CN-202110300464-A,CN,A,76613078,20210322,20210322,20210706,0,Dual-source IR-UWB radar for searching and rescuing non-natural human body target after disaster,,"The invention belongs to the technical field of post-disaster search and rescue, and particularly relates to a dual-source IR-UWB radar for searching and rescuing a human body target in an unnatural state after a disaster, which comprises a radar host, an antenna array and an upper computer; the radar host comprises a stepping control module, a sequential logic control module, a data acquisition module, a DSP data processing module, a power supply module, an indicator light and an operation button; the antenna array comprises a Tx1 antenna, a Tx2 antenna, an Rx1 antenna and an Rx2 antenna; the upper computer is a notebook computer and a tablet personal computer, the structure is reasonable, the defect that a single-source IR-UWB radar cannot have a lower central frequency and a larger bandwidth at the same time is overcome, the target is detected by using two antennas with low central frequencies of 270MHz and 400MHz, the equivalent bandwidth of the radar is expanded, and the system has good ruins penetration capacity and strong weak signal detection capacity.",,,G01S13/88;G01S7/415,G01S7/41;G01S13/88,UNIV PLA AIR FORCE MEDICAL,,True,True
US-2023148891-A1,US-202318098223-A,US,A1,40075532,20230118,20070524,20230518,0,"System and method for non-invasive instantaneous and continuous measurement of heart rate, stroke volume and ejection fraction",,"A system and method for non-invasive and continuous measurement of cardiac chamber volume and derivative parameters including stroke volume, cardiac output and ejection fraction comprising an ultrawideband radar system having a trans-mitting and receiving antenna for applying ultrawideband radio signals to a target area of a subject&#39;s anatomy wherein the receiving antenna collects and transmits signal returns from the target area which are then delivered to a data processing unit, such as an integrated processor or PDA, having software and hardware used to process the signal returns to produce a value for cardiac stroke volume and changes in cardiac stroke volume supporting multiple diagnostic requirements for emergency response and medical personnel whether located in the battlefield, at a disaster site or at a hospital or other treatment facility.p",,,A61B5/029;A61B5/411;A61B5/05;A61B5/026;A61B6/507;A61B6/508;A61B5/0507;A61B5/02028;A61B5/6823,A61B5/00;A61B5/05;A61B5/0507;A61B5/026;A61B5/029;A61B5/02;A61B6/00,LIFEWAVE BIOMEDICAL INC,US,True,False
CN-120185697-B,CN-202510660111-A,CN,B,96042719,20250522,20250522,20250722,20250722,Unmanned aerial vehicle search and rescue positioning method with low power consumption and two-way beacon cooperation,,"The invention belongs to the technical field of unmanned aerial vehicle search and rescue positioning, and particularly discloses a unmanned aerial vehicle search and rescue positioning method with low power consumption and two-way beacon cooperation, which is characterized in that an activation signal is forwarded through unmanned aerial vehicle group cooperation relay, a coverage radius range is improved by combining a spread spectrum technology, a terrain shielding blind area is eliminated, a joint positioning algorithm of azimuth angles and change rates thereof is provided, satellite signals are not required to be relied on, meter-level positioning is realized in a non-line-of-sight environment, the beacon device adopts an intermittent wake-up mechanism, the standby current is reduced to below 10 mu A, the endurance time is prolonged to 30 days, the long-period search and rescue requirement is met, and the problems of the traditional search and rescue system in terms of coverage area, safety, precision and cost are systematically solved.",,,Y02D30/70;H04W4/90;H04W4/029;H04L63/0869;H04L63/0428;H04L9/0852;H04L9/40;H04L27/2601;H04L1/0057;H04B1/69;H04B7/18504;H04B7/18506,H04W4/90;H04W4/029;H04L27/26;H04L9/40;H04L9/08;H04L1/00;H04B1/69;H04B7/185,,,True,True
CN-119299956-A,CN-202411404178-A,CN,A,94168270,20241009,20241009,20250110,0,Method and system for constructing and optimizing environment map based on ultra wideband UWB,,"The invention provides a method and a system for constructing and optimizing an environment map based on ultra wideband UWB, which are applicable to extreme environments. First, the system initializes a two-dimensional grid map and collects signal data through the UWB device. When determining the LOS path, the corresponding mesh is defined as &#34;free&#34; state, otherwise marked as &#34;occupied&#34;. For NLOS features, the obstacle positions are mapped onto a map. And then, refining the map through an average filter, a morphological filter and a region growing algorithm, and improving the accuracy of obstacle representation. Finally, the optimized map information is utilized, and the weight of a positioning algorithm is adjusted through a Weighted Least Squares (WLS) method, so that the positioning accuracy is improved. The invention has the advantages that the invention can effectively construct the environment obstacle information, is suitable for navigation after refinement treatment, and can normally construct the map in dark light and smoke environment. The system relies solely on UWB sensors to achieve accurate positioning in obstructed environments.",,,H04W64/00;H04W4/024;G06T7/187;G06T5/30;G06T5/20;G06T5/70,H04W64/00;G06T7/187;G06T5/70;G06T5/30;G06T5/20;H04W4/024,TSINGHUA SHENZHEN INT GRADUATE SCHOOL,,False,True
KR-20220094242-A,KR-20200184475-A,KR,A,82400206,20201228,20201228,20220706,0,Disaster monitoring system of steep slope land by using DRON and operating method thereof,드론을 이용한 경사지 재난 감시 시스템 및 그 운용방법,"The present invention relates to a slope disaster monitoring system using a drone and an operating method thereof. The slope disaster monitoring system comprises: a ground pile unit; a central control center server; a manager control terminal; and a disaster monitoring drone. According to the present invention, it is possible to accurately predict the possibility of a landslide or collapse of a slope.","본 발명은 산사태 등이 발생할 수 있는 급격한 경사지에 위치정보를 확인할 수 있는 소자를 다수 살포하고 가시광선과 열화상이 포함된 현장의 3차원 위치데이터와 이미지를 촬영하여 데이터베이스로 기록 관리하고 주기적으로 해당 현장을 감시하므로 경사지에서 발생할 수 있는 재난을 사전에 예방하거나 피해 규모를 예상하고 확인하는 드론을 이용한 경사지 재난 감시 시스템 및 그 운용방법에 관한 것으로 지상의 경사지에 해당하는 특정 지역에 고정 설치되며 해당 위치 설명 정보를 입력받아 기록 저장하고 지피에스 좌표정보와 엘비에스 좌표정보를 각각 수신하여 갱신 기록 저장하며 해당 제어신호 수신에 의하여 기록 저장된 정보를 지반데이터 패킷 프레임으로 변환하여 와이파이 통신방식과 블루투스 통신방식과 CDMA 이동통신 방식으로 각각 송신하고 하나 이상 다수로 이루어지는 지상말뚝부; 지상말뚝부와 스마트통신망을 경유하여 와이파이 통신방식과 블루투스 통신방식과 CDMA 이동통신 방식과 유선랜 통신방식 중 선택된 어느 하나 또는 선택된 어느 하나 이상으로 접속하고 지반데이터 패킷 프레임으로 변환된 정보를 수신하여 할당된 영역에 저장 관리하며 분석 처리된 상황정보를 출력하는 중앙관제센터서버; 중앙관제센터서버에 접속하여 상기 상황정보를 수신하고 해당 비행조정제어신호를 출력하는 관리자조정단말; 관리자조정단말의 해당 비행조정제어신호에 의하여 비행하고 지피에스 좌표정보와 엘비에스 좌표정보와 관성항법 좌표정보를 각각 검출하며 선택적 산술평균연산된 좌표정보를 이용하여 비행자세를 제어하고 지정된 위치의 상공에서 지정된 지상을 자외선과 적외선과 가시광선으로 각각 스테레오 촬영하고 촬영시의 해당 자세 정보에 연계시켜 할당된 영역에 기록 저장하며 지반데이터 패킷 프레임으로 변환하여 자체 구비된 다수 통신수단 중 2 가지 이상의 통신수단으로 상기 관리자조정단말과 중앙관제센터서버에 송신하는 재난감시드론을 포함하는 특징에 의하여 수풀이 울창한 산간지역의 지반의 상태를 신속하고 정밀하게 측정 관찰하여 산사태 또는 경사지의 붕괴 가능성을 정확하게 예측하고, 발생된 재난 현장을 정확하게 분석하여 필요한 후속조치가 신속하게 진행되도록 하는 효과가 있다.",,H04N23/10;B64U10/80;Y02A50/00;H04L63/0428;H04W4/023;G01S19/01;G06Q50/26;G06F16/29;G06Q50/10;G01C21/24;B64U2101/31;G08B31/00;G08B21/10;B64U20/87;B64U10/14;B64C2201/126;B64D47/08;G03B15/006;B64C39/024;B64U2201/20,G06Q50/26;H04W4/02;B64C39/02;G01C21/24;G06Q50/10;H04L9/40;G03B15/00;G01S19/01;G06F16/29;B64D47/08,PROMAX CO LTD,KR,True,True
KR-20190138076-A,KR-20180064192-A,KR,A,69004016,20180604,20180604,20191212,0,System and method for tracking location of rescue worker in disaster building,재난건물 내에서 구조대원의 위치추적 시스템 및 방법,"According to one embodiment of the present invention, provided is a system for tracking a position of a rescue member in a disaster building, which comprises: a position detector outputting blinking light having a light blinking frequency which is distinguishable toward at least one light transmitting window present in the disaster building, and detecting a light arrival point position corresponding to an arrival point in the disaster building of the blinking light; a member terminal carried by a rescue member and photographing a ray image formed at the position of the ray arrival point in the disaster building by the blinking ray, and transmitting the photographed ray image; and a position tracking server using the arrival point position of the ray for the blinking ray received from the position detector and a light blinking frequency calculated from the received ray image, and determining an indoor position of the rescue member carrying the member terminal.","본 발명의 일 실시예에 따른 재난건물 내에서 구조대원의 위치추적시스템은 재난 건물에 존재하는 적어도 하나 이상의 광선 투과 윈도우를 향해 구분 가능한 광 점멸 주파수를 갖는 점멸 광선을 출력하고, 상기 점멸 광선의 상기 재난 건물 내의 도달 지점에 대응하는 광선 도달점 위치를 검출하는 위치 검출기; 구조대원에 의해 휴대되며, 상기 점멸 광선에 의해 상기 재난 건물 내의 상기 광선 도달점 위치에 형성된 광선 이미지를 촬영하고, 촬영된 광선 이미지를 전송하는 대원 단말기; 및 상기 위치 검출기로부터 수신된 상기 점멸 광선에 대한 상기 광선 도달점 위치 및 상기 대원 단말기로부터 수신된 상기 광선 이미지로부터 산출된 광 점멸 주파수를 이용하여, 상기 대원 단말기를 휴대하는 상기 구조대원의 실내 위치를 결정하는 위치 추적 서버를 포함한다.",,G01S11/12;G08B25/14;G08B21/0205,G08B21/02;G01S11/12;G08B25/14,LEE JAI JIN,KR,True,False
CN-112268241-B,CN-202011169298-A,CN,B,74344294,20201028,20201028,20250128,20250128,Emergency navigation and positioning system and method for fire disaster in building,,"The invention discloses a fire emergency navigation positioning system and a method in a building, wherein the system comprises a handheld positioning device, fire emergency lamps, a first UWB transceiver and an intelligent sensor, each handheld positioning device is provided with a UWB positioning tag and a second UWB transceiver, each fire emergency lamp is provided with a power supply, a display screen and a processor, the first UWB transceiver and the intelligent sensor are arranged in each fire emergency lamp and are connected with the processor and the power supply, the first UWB transceiver is used for sending corresponding signals and positioning data of the processor when receiving UWB signals of the UWB positioning tag, and the processor is used for calculating and sending the positioning data and environment data of the handheld positioning device, judging the unblocked condition of a channel and controlling the display screen to indicate an escape route according to a judging result and the environment data. The invention can provide the fire fighter with the unblocked condition of the internal passage of the building and the distribution condition of trapped people, and improve the disaster relief efficiency.",,,Y02D30/70;G01S5/04;F21V23/003;F21S8/00,G01S5/04;F21V23/00;F21S8/00,,,True,False
CN-208924523-U,CN-201821941313-U,CN,U,66712242,20181123,20181123,20190531,20190531,A kind of emergency light and indoor positioning navigation system with positioning function,,"The utility model relates to emergency light technical fields, specifically disclose a kind of emergency light with positioning function, wherein, lamp includes: lighting circuit, Bluetooth base. station, power module, microcontroller, speech control module and lamp cap control module, speech control module and lighting circuit are connect with power module, Bluetooth base. station is connect with power module and microcontroller respectively, power module with external power supply power supply for connecting, speech control module is connect with lamp cap control module, speech control module is also connect with microcontroller, lighting circuit is connect with lamp cap control module, Bluetooth base. station with communication of mobile terminal for connecting, microcontroller is used to control the work of Bluetooth base. station.The invention also discloses a kind of indoor positioning navigation system.The helpful trapped person&#39;s positioning of emergence lighting lamp with positioning function provided by the utility model, to improve the escape efficiency of trapped person.",,,,G10L15/26;H04W4/02;F21V21/30;H04W64/00;G08B7/06,JIANGSU ZHONGKE ZHIRUI INTERNET OF THINGS TECH CO LTD,,True,True
US-2025386131-A1,US-202519237437-A,US,A1,96020550,20250613,20240614,20251218,0,Hearing protection with directional audio,,"Hearing protection including passive noise cancellation or reduction material can include UWB radios. The hearing protection may include a microphone for capturing the audio when the user is speaking. An UWB radio can be used to transmit the audio to other users with similar hearing protection. The UWB radio can also be used to determine a relative location of other users and 3D spatial audio encoding can be applied to the associated audio signals in order to make it appear that the audio signals are coming from the relative location of the other respective users. The hearing protection may be used in a wide range of environments, including for example for first responders. In such cases, the hearing protection may include active noise cancelling functionality for reducing a loudness of siren noises.",,,H04R2460/07;H04R2460/01;H04R2420/07;H04R1/288;G10K2210/1082;G10K2210/1081;A61F11/145;G10K11/17837;H04S2400/11;H04R2227/003;H04S7/304;H04R2201/107;H04R27/00;H04R1/1083,H04R1/28;G10K11/178;A61F11/14;H04R1/10,KOTOWICK KYLE,CA,True,False
CN-117858229-B,CN-202311789244-A,CN,B,90544449,20231225,20231225,20240906,20240906,Emergency wireless communication scheduling system for indoor positioning of firefighters,,"The invention provides an emergency wireless communication scheduling system for indoor positioning of firefighters, which particularly relates to the technical field of wireless communication scheduling in firefighters, and comprises a communication scheduling module, a signal receiving module and terminal equipment, wherein the communication scheduling module is connected with the signal receiving module, and the signal receiving module is connected with the terminal equipment; the communication scheduling module is carried on the fire fighter body, and the terminal equipment is arranged on the ground. The communication scheduling module comprises a sensor and a radio indicator transmitting part which are arranged on the body of the firefighter, a wireless communication assembly connected with the radio indicator transmitting part and a power supply module. The wireless communication assembly is connected with the photo transmission module; the photo transmission module comprises a camera shooting assembly and a cooling and mist reducing assembly which are arranged on the body of the firefighter. The emergency wireless communication scheduling system for indoor positioning of firefighters provided by the invention realizes the aim of indoor positioning of firefighters in a wireless communication scheduling transmission mode.",,,Y02D30/70;H04N23/695;H04W40/22;H04W4/90;H04W4/33;H04W64/00,H04W40/22;H04W4/90;H04W4/33;H04N23/695;H04W64/00,,,True,False
US-2015077282-A1,US-201314069237-A,US,A1,52667473,20131031,20130917,20150319,0,"Real-time, two dimensional (2-d) tracking of first responders with identification inside premises",,"A combination of active reader tags and ultra wideband (UWB) radar systems provide real-time monitoring of first responders, with identification of each team member using active tags, and detection of victims or other subjects using motion or breathing detection, in a field of operations such as a building affected by fire or hazardous material or search and rescue mission area. Initially, a cluster of miniaturized radars (sensors) act in a static mode of operation, gathering static radar information used to depict a constructed layout of the premises. The cluster of radars then operate in a dynamic mode that detects motion or breathing of multiple subjects inside the field of operations. With dual mode operation the system can read the active tags identification, and by triangulation, display the position of each first responder with its identification and positions of subjects on a composite image of the constructed layout.",,,G01S7/415;G01S13/0209;G01S13/74;G01S19/13;G01S13/888;G01S5/14;G01S1/02;G01S5/10;G01S13/78;G01S13/04;G01S13/56;G01S13/89,G01S1/02;G01S19/13;G01S13/89;G01S5/10;G01S13/04,MOHAMADI FARROKH,US,True,True
CN-219417726-U,CN-202223255981-U,CN,U,87237539,20221206,20221206,20230725,20230725,Emergency management fire-fighting and disaster-relief search and rescue radar based on MIMO frequency modulation continuous wave,,"The utility model designs an MIMO frequency modulation continuous wave-based emergency management fire-fighting and disaster-relief search and rescue radar which comprises a product shell, a linear power supply module, an integrated transceiver module, a power amplifier module, a signal processing board, a display control unit, a calibration unit, a VGA unit, a rectifying circuit, a low-noise amplification unit and an FPGA interface module, wherein the linear power supply module is arranged in the product shell; the environment-friendly energy-saving wall body penetrating power, power area, external interference and other factors are taken into consideration, the MIMO array antenna with multiple inputs and multiple outputs is adopted, the requirements of ultra-wideband, impedance matching, light weight and low profile are met, receiving and transmitting leakage is controlled, and the dynamic range of a receiving channel is ensured; the array topological structure is optimized, and grating lobes on angles are avoided as much as possible while the requirement of detecting high resolution is met; the multi-airspace degree of freedom is adopted to ensure the fuzzy calculation of the target, reduce the change of propagation speed and direction deviation and inhibit a plurality of false targets caused by multipath effect.",,,,G01S7/41;G01S7/35,UNIV SHENYANG JIANZHU,,True,False
WO-2011131733-A3,EP-2011056356-W,WO,A3,43243169,20110420,20100422,20111229,0,"Vertical take-off and landing multimodal, multienvironment, gyropendular craft with compensatory propulsion and fluidic gradient collimation",,"The invention relates to a vertical take-off and landing gyropendular craft or drone device able to move around in the following different physical environments: in the air, on land, at sea, underwater or in space, comprising upper and lower propulsion units, equipped with an annular fairing accommodating a certain number of electronically slaved wing or gas-powered drive or propulsion units situated in the continuation of the axis of this device, mounted on 3-D swivels at the ends of a certain number of telescopic rods, for example set at 120° apart at the periphery of the platform and orientable about the three axes according to the plane of flight of the multimodal multi-environment craft, a vertebral structure by way of a 3-D articulated central body of solid or hollow cylindrical shape for forming a stabilized function of stabilizing, maintaining the position and heading, and of an inertial rotary disc platform equipped underneath with a cabin of hemispherical shape extending from the vertebral structure, accommodating a payload or a useful application, designed for various fields of application e.g. the sector of defence or civil security, so as to perform functions of search and rescue, exploration, navigation, transport, surveillance and telecommunications infrastructure deployment in free space.",,,B64U50/14;B64U2101/58;B64U2101/61;B64U30/26;B64U10/20;B64U30/293;B64U30/297;B64U60/40;B64U60/55;B64U70/83;B64U70/87;B64C29/00,B64U10/20;B64U30/26;B64U30/293;B64U30/297;B64U60/40;B64U60/55;B64U70/83;B64U70/87,DESAULNIERS JEAN-MARC JOSEPH,FR,True,False
CN-106941654-A,CN-201610001263-A,CN,A,59469809,20160105,20160105,20170711,0,It is a kind of to be used for personnel and assets hunting system and the method in tourist attraction and goods yard,,"The present invention utilizes super low-power consumption and the overlength distance sleep awakening technology more than 1500 meters of distances, GPS module is integrated with one using the overlength distance intelligent electronic label of low duty ratio mode of operation, the intelligent GPS label as a low-power consumption.Here not only there is GPS labels intelligent electronic label to include indoor positioning, and the institute including multichannel cooperates is functional, but also with the distinctive outdoor pinpoint functions of GPS.GPS labels transmit the GPS position information oneself collected independent of networks such as mobile public network or WiFi, and the service life of its battery is up to 3-5.Its not only low cost, and easy to use.The personnel that can be widely used in various tourist attractions, recreation ground and city search positioning；The personal management of tourist party.Remote districts the personnel without the network coverage search and rescue, and is but also widely used for assets search positioning of container etc. in major port and goods yard etc..",,,H04W4/025;H04W4/80;Y02D30/70;H04B5/77,H04W4/02;H04B5/00;H04W4/00,CHENGDU WEST VALLEY DIGITAL TECH INC,,True,True
CN-119497258-A,CN-202411617961-A,CN,A,94621088,20241113,20241113,20250221,0,Mine rescue search system and mine rescue search method,,"The invention provides a mine rescue search system and method, which belong to the field of mine safety technology and emergency rescue communication, and comprise a plurality of search instruments and a plurality of beacons, wherein the search instruments are positioned under a mine and are in communication connection through an ultra wideband UWB module, each search instrument is in communication connection with the plurality of beacons and is used for receiving signals of the plurality of beacons and transmitting the received beacon signals to other search instruments, and the plurality of search instruments position the beacons according to the received signals of the same beacon. The invention adopts the TNP protocol to calculate and compensate the propagation delay of the aerial signal, distributes the time interval for communicating with the same beacon for the searcher and at least two searchers nearest to the searcher, can lead the beacon signal of trapped personnel to be shared to the searchers, realizes data sharing, and can form rescue team under the mine to rescue, thereby avoiding the problem that rescue cannot be carried out when mine disaster occurs.",,,Y02D30/70;H04W4/029;H04W4/023;H04W56/001;H04W76/15,H04W56/00;H04W4/029;H04W4/02;H04W76/15,BEIDOU TIANDI CO LTD,,True,True
CN-120916111-A,CN-202511164337-A,CN,A,97553402,20250820,20250820,20251107,0,Dual-communication intelligent fire-fighting equipment with high-precision indoor positioning function,,"The invention discloses double-communication intelligent fire-fighting equipment with a high-precision indoor positioning function, which belongs to the field of intelligent distress systems. The system has the functions of accurate positioning and high-efficiency communication, combines ATGM H positioning modules and UWB positioning technologies, provides accurate indoor and outdoor positioning capability, and ensures that firefighters can be positioned in real time and accurately no matter in indoor, underground or outdoor environments. In particular to indoor positioning, primary position calculation is realized through PDOA and DS-TWR algorithms, and then a self-adaptive Kalman filtering algorithm with memory attenuation is adopted as a post-processing link to realize indoor centimeter-level high-precision positioning.",,,Y02D30/70;G08B7/06;G01S19/42;G01S19/17;H04W4/80;H04W4/38;H04W4/33;H04W4/30;H04W4/021;H04W4/023;H04W4/029,H04W4/80;H04W4/38;H04W4/33;H04W4/30;H04W4/021;H04W4/02;G08B7/06;G01S19/42;G01S19/17;H04W4/029,UNIV HEFEI TECHNOLOGY,,True,True
US-7843768-B2,US-8258708-A,US,B2,41163882,20080411,20080411,20101130,20101130,System for communicating location of survivors in mine emergencies,,"The disclosed system uses seismic signaling to locate survivors in a mine collapse. A separate transmitter with a specific pre-selected frequency or frequencies is placed in pre-positioned safety zones of a mine. The system generates frequency-locked, unmodulated seismic energy, which allows rescuers to identify the safety zone where a transmitter is activated. The transmitter comprises an oscillator that generates the signal. The oscillator drives the transducer. The transducer causes the inertial mass to move. The movement of the inertial mass generates the seismic waves, which are conducted through the pressure plate to the earth. The seismic signal is detected then amplified, filtered, converted and then processed. The use of a continuous signal enables the processing unit to identify the frequency of the signal with a very low error rate, using frequency content identification. The disclosure also describes a method for transmitting seismic waves through the earth using the above described system.",,,H04B1/034,H04B1/02,SQUIRE JAMES C;SULLIVAN GERALD A;FLATHERS III GEORGE W,,True,False
CN-103313195-A,CN-201310176518-A,CN,A,49137882,20130514,20130514,20130918,0,Method for realizing indoor positioning by utilizing fire-fighting evacuation strobe light and smoke detector,,"The invention discloses a method for realizing indoor positioning by utilizing a fire-fighting evacuation strobe light and a smoke detector. The method comprises the steps of obtaining positioning identification information by taking the fire-fighting evacuation strobe light or the smoke detector as a positioning base point through intelligent positioning equipment communicating with the positioning base point, and locally processing the positioning information or sending the positioning information through a network to conduct remote processing. According to the method, a great amount of fire-fighting evacuation strobe lights and smoke detectors installed or necessarily installed are used, a communication module (such as a zigbee module) with a GUID (Globally Unique Identifier) positioning function is additionally arranged in the equipment, thus not only being used for the communication control of the fire-fighting evacuation strobe lights and the smoke detectors, but also realizing the low-cost distribution of the indoor positioning base points. The method is of a positioning method which is low in cost, wide in coverage and capable of fast distributing the positioning base points.",,,,H04W4/04,XINJIANG ENOWIT INFORMATION TECHNOLOGY CO LTD,,True,False
CN-121037976-A,CN-202511475653-A,CN,A,97769023,20251016,20251016,20251128,0,Intelligent reflecting surface-assisted ultra-wideband indoor positioning method and device,,"The invention discloses an intelligent reflection surface-assisted ultra-wideband indoor positioning method, which relates to the technical field of communication facilities, wherein an intelligent reflection surface receives ultra-wideband pulse signals, selects different beam forming schemes, dynamically generates and applies optimal phase configuration parameters to reflection units, user equipment receives ultra-wideband signals from a direct path and a path reflected by the intelligent reflection surface, calculates distance information, performs comprehensive position calculation by combining an arrival time difference or an arrival angle algorithm, estimates three-dimensional coordinates of the user equipment, updates the phase configuration parameters, constructs a closed-loop feedback optimization loop, and iteratively executes until final three-dimensional position coordinates of the user equipment are calculated. The invention also provides an ultra-wideband indoor positioning device, which comprises an ultra-wideband base station, user equipment and an intelligent reflecting surface, wherein the intelligent reflecting surface is provided with a passive reflecting unit for independently regulating and controlling the phase. The invention is suitable for complex indoor and outdoor environments and meets the high-precision positioning requirements of urban traffic, personnel guidance, disaster sites, logistics and the like.",,,H04B1/7172;H04B1/71632;H04B7/04013;H04W4/33;H04W64/00,H04W4/33;H04B7/04;H04B1/717;H04B1/7163;H04W64/00,UNIV XIANGTAN,,True,False
CN-103487054-A,CN-201310470996-A,CN,A,49827466,20131008,20131008,20140101,0,"Novel hand-held indoor positioner, positioning system thereof, and positioning method of positioning system",,"The invention relates to a novel hand-held indoor positioner, a positioning system thereof, and a positioning method of the positioning system. The positioner comprises a system operation control module, and a sensor group module, a two-dimensional code scanning module, a display module and a data storage module which are connected with the system operation control module; the positioning system comprises the hand-held indoor positioner and two-dimensional codes pasted at the entrance of a room and key points; and the positioning method allows current position information to be obtained by calculating according to sensor data sent from sensor groups, data room two-dimensional code data sent from the two-dimensional code scanning module and room landform data in the data storage module and to be displayed through the display module. The positioner, the positioning system and the positioning method have a reasonable design, realizes the indoor positioning function through the sensor data and the two-dimensional code information by effectively combining a plurality of sensor groups, the two-dimensional code scanning module and the two-dimensional codes in the room, has the characteristics of high positioning precision, high anti-interference capability, use convenience, low cost and the like, and can be widely used in the exhibition field, the firefighting field and the like.",,,G01C21/165;G01C21/206,G01C21/18;G01S5/08;G06K9/00,TIANJIN GUOXIN HAOTIAN 3D SCIENCE & TECHNOLOGY CO LTD,,True,True
CN-112333627-A,CN-202011119061-A,CN,A,74314151,20201019,20201019,20210205,0,Indoor positioning method and system,,"The application relates to an indoor positioning method and system, wherein the indoor positioning method comprises the following steps: constructing a three-dimensional coordinate map according to the installation positions of a plurality of detection devices in a building; controlling each detection device to detect the trapped person and acquiring detection data; and determining the position of the trapped person according to the detection data and the position coordinates of each detection device in the three-dimensional coordinate map. Through the application, the problem that the position of the trapped person cannot be quickly positioned in the related technology is solved.",,,H04W64/00;H04W4/33;H04W4/021;H04W4/023,H04W4/02;H04W4/33;H04W4/021;H04W64/00,ZHEJIANG HUAXIAO TECH CO LTD,,True,True
CN-108378450-B,CN-201810191027-A,CN,B,63067016,20180308,20180308,20230721,20230721,Method for realizing intelligent fire-fighting helmet for sensing explosion accident and predicting risk,,"The invention relates to a method for realizing an intelligent fire-fighting helmet for sensing explosion accidents and predicting risks, which comprises a fire-fighting helmet, a remote combustible gas detector, a thermal imaging camera module, a head-mounted near-to-eye display module, a positioning instrument, a data communication transmission module, an embedded core board, an earphone, a base station and a fire-fighting command center. According to the invention, a firefighter positioning technology is combined with a building information model and live-action thermal image information, and information projection and display are carried out through the head-mounted near-to-eye display module, so that the real-time position of the firefighter in a building can be displayed for the firefighter, and the environment explosion risk and the risk thereof can be predicted in real time. When a firefighter enters an unknown environment place, the potential fire explosion accident risk can be rapidly and effectively predicted, and the rapid perception and information communication of the firefighter on the fire accident scene can be realized through an advanced video and thermal imaging technology and an indoor positioning and communication transmission technology, so that the fire fighting rescue science level and capability of the firefighter are improved.",,,A42B3/20;A42B3/0406;A42B3/0433;A42B3/046;A42B3/06;A42B3/30;G02B27/0172;G08B21/14;G08B21/16,A42B3/04;A42B3/06;A42B3/20;A42B3/30;G02B27/01;G08B21/14;G08B21/16,,,True,False
CN-112082553-A,CN-202010725044-A,CN,A,73735615,20200724,20200724,20201215,0,Indoor positioning method and positioning device based on WIFI and laser radar and robot,,"The embodiment of the invention relates to an indoor positioning method, a positioning device, an unmanned robot, a server, terminal equipment and a computer readable storage medium based on WIFI and laser radar, wherein the indoor positioning method based on the WIFI and the laser radar comprises the following steps: constructing a WIFI fingerprint database; constructing a laser 2D map; simultaneously performing indoor WIFI positioning and laser AMCL positioning; and selecting a WIFI positioning result to replace the AMCL for repositioning according to the effectiveness of the AMCL positioning result until the positioning result is output. According to the embodiment of the invention, by adding the WIFI indoor positioning method, when the robot runs in an indoor environment, the result of the WIFI positioning is adopted to replace the result of the laser positioning trapped in the local optimum, so that the result of the laser positioning is changed, the repositioning is completed on the basis, the accurate position of the laser positioning is found, the robot is helped to find the position of the robot under the mismatch condition, and the application requirement of an actual scene is better met.",,,G01S17/931;G01C21/206;H04W4/33;H04W4/02;G01S17/86;G01C21/005;G01S17/89;H04W64/00,H04W4/02;H04W64/00;G01C21/20;H04W4/33;G01S17/86;G01S17/89;G01S17/931,GUANGZHOU ELITE AUTOPILOT TECH CO LTD,,False,True
CN-116879959-A,CN-202310749862-A,CN,A,88265323,20230625,20230625,20231013,0,Post-disaster search and rescue detection system and method based on radio tomography,,"The application discloses a post-disaster search and rescue detection system and method based on radio tomography, comprising the following steps: ultra-wideband wireless sensor network, robot cluster and cluster control and tomography system. The ultra-wideband wireless sensor network is divided into a stationary ultra-wideband node and a mobile ultra-wideband node, wherein the stationary node is used for assisting in positioning of the mobile node, and all the nodes are used for radio tomography; the robot clusters are used for bearing the mobile ultra-wideband nodes, each robot is provided with two nodes, and is provided with an independent power supply, a two-dimensional laser radar and a communication module, so that the robot can walk under complex road conditions, and the application range is wide; the cluster control and tomography system is in wireless interconnection with the robot clusters and is used for controlling the moving track of the robot, performing tomography on the environment according to the direct path signal receiving intensity signals acquired in the ultra-wideband wireless sensor network, and realizing victim detection in invisible areas (dense smoke, collapse environments and the like).",,,Y02D30/70;G01V3/12;G01S17/86,G01V3/12;G01S17/86,UNIV SOOCHOW,,True,True
CN-116867062-A,CN-202310822946-A,CN,A,88229647,20230705,20230705,20231010,0,Three-dimensional visual indoor positioning system for fire rescue,,"The invention discloses a three-dimensional visual indoor positioning system for fire rescue, which relates to the technical field of positioning and comprises a positioning label, a positioning module and a positioning module, wherein the positioning label is used for sending communication information to the outside, and the communication information comprises sending time; the positioning module comprises at least three positioning units, and the positioning units are used for receiving the communication information sent by the positioning tag and sending the receiving time and the sending time to the server; and the server is used for receiving the receiving time and the sending time sent by the positioning unit and determining the position information of the positioning label on the three-dimensional model according to the receiving time, the sending time, the communication speed, the positioning unit position and the preset three-dimensional model. The invention solves the problem of low positioning accuracy of the existing indoor positioning system and realizes the accurate positioning of firefighters indoors.",,,H04W64/00;H04W4/023;H04W4/33,H04W64/00;H04W4/02;H04W4/33,HANGZHOU JIUBANG FIRE SAFETY TECH CO LTD,,True,True
CN-118565456-A,CN-202410592754-A,CN,A,92471925,20240511,20240511,20240830,0,Handheld stand-alone search and rescue method and system based on inertial navigation and UWB,,"The application discloses a handheld single machine search and rescue method and system based on inertial navigation and UWB. The method comprises the following steps: determining initial gesture information of the handheld stand-alone device, wherein the gesture comprises initial position information and initial speed information; calculating initial distance information between the handheld single machine equipment and the personnel to be searched and rescued; the handheld single machine equipment is moved for multiple times, and updated posture information of the handheld single machine equipment and updated distance information between the handheld single machine equipment and the personnel to be searched and rescuing after each movement are calculated; and determining the position information of the personnel to be searched and rescuing according to the initial posture information, the initial distance information, the updated posture information and the updated distance information. According to the application, the inertial navigation system is introduced, so that the more accurate positioning of the personnel to be searched and rescued can be finished only through the single-machine search and rescue equipment, the active participation of the personnel to be searched and rescued is not needed, and the pressure and misjudgment of the personnel to be searched and rescued are reduced. In an environment where more complex ranging is continuously abnormal and jumping, the interference of the abnormal ranging on a positioning result can be eliminated based on the historical ranging by using a factor graph algorithm. Better positioning effect can be obtained in complex environment.",,,G01S5/02585;G01C21/20;G01C21/005,G01S5/02;G01C21/20;G01C21/00,SHENZHEN JINWO TECH CO LTD,,True,True
CN-108872977-A,CN-201810408040-A,CN,A,64327524,20180502,20180502,20181123,0,Life entity double station cooperative detection method based on single channel ULTRA-WIDEBAND RADAR,,"The invention discloses a kind of life entity double station cooperative detection method based on single channel ULTRA-WIDEBAND RADAR, pass through echo-signal in the radar receiving area of two different locations, form two two-dimentional echo-signal matrixes, motion filtering is carried out respectively to two matrixes, two matrixes are subjected to cross-correlation calculation along slow time dimension after the operation such as low-pass filtering, cross correlation matrix number is formed, calculates specific location and the imaging of target at a distance from two radars using target in cross-correlation matrix.This method can either realize effective detection to multiple and different strong and weak life entity targets, the range information relative to two radars of each life entity target can be disposably extracted again, the location information of life entity target can be resolved without pairing processing, it can be effectively reduced false-alarm and false dismissal probability under multi-target condition, the accuracy and robustness for improving human body target detection can satisfy the needs of the plural faint vital signs detection of name trapped person under the occasions such as disaster assistance.",,,G01S7/41;G01V3/12;G01S13/88,G01V3/12;G01S7/41;G01S13/88,UNIV CHENGDU TECHNOLOGY,,True,True
CN-113490145-A,CN-202110869412-A,CN,A,77944767,20210730,20210730,20211008,0,Self-networking positioning system based on UWB,,"The invention discloses an ad hoc network positioning system based on UWB, which comprises a long-distance Bluetooth gateway or a UWB base station, 1 or a plurality of fixed-point tags, 1 or a plurality of nearby tags and a server. The invention adopts a mechanism combining UWB and Bluetooth, and coordinates the master-slave relation M and the fixed point relation A of the label while reducing the power consumption, and confirms the self-positioning condition F; meanwhile, the ranging result is uploaded through Bluetooth, so that the ranging result can be conveniently received by a Bluetooth gateway or other intelligent equipment such as a tablet, a mobile phone and the like with Bluetooth, and the position information is further analyzed and displayed on a map; and self positioning and navigation can be realized. The firefighter carrying the tag can acquire the position information of the member carrying the tag at any time through the industrial tablet, and can support teammates through navigation or arrange personnel nearby for support. Because the data is directly transmitted from the tag to the tablet personal computer or the smart phone, the data does not need to be forwarded through a cloud platform or a server and the like, and the time delay of the position data is reduced to the minimum.",,,H04W4/023;H04W4/80;H04W4/02;H04W84/18;Y02D30/70,H04W84/18;H04W4/80;H04W4/02,95POWER INFORMATION TECH CO LTD,,True,True
CN-122028044-A,CN-202610001880-A,CN,A,93851120,20230615,20230615,20260512,0,Communication method and related equipment,,"The application provides a communication method and related equipment. The method includes a first responder receiving a first frame from an initiator for initiating a ranging procedure, the first responder generating a first private address based on the first frame and information related to an identity of the first responder, the first responder transmitting a second frame carrying the first private address to the initiator. The method can be applied to an ultra wideband multi-millisecond ranging system. In accordance with the present application, the initiator may verify whether the frame is indeed from an authorized responder in an ultra wideband multi-millisecond ranging session.",,,H04B1/7163;G01S13/765;H04L61/35;H04W12/08;H04W12/75;H04W8/26;H04W64/00;H04W12/02,H04W64/00;H04W12/71;H04W12/69;H04W12/06;H04W12/041;H04W12/03;H04W8/26;H04W4/80;H04L61/00;G01S13/02;H04W12/08,HUAWEI TECH CO LTD,,True,False
WO-2011131733-A2,EP-2011056356-W,WO,A2,43243169,20110420,20100422,20111027,0,"Vertical take-off and landing multimodal, multienvironment, gyropendular craft with compensatory propulsion and fluidic gradient collimation",,"The invention relates to a vertical take-off and landing gyropendular craft or drone device (FIG. 18) able to move around in the following different physical environments: in the air, on land, at sea, underwater or in space, comprising upper and lower propulsion units, equipped with an annular fairing accommodating a certain number of electronically slaved wing or gas-powered drive or propulsion units situated in the continuation of the axis of this device, mounted on 3-D swivels at the ends of a certain number of telescopic rods, for example set at 120° apart at the periphery of the platform and orientable about the three axes according to the plane of flight of the multimodal multi-environment craft, a vertebral structure by way of a 3-D articulated central body of solid or hollow cylindrical shape for forming a stabilized function of stabilizing, maintaining the position and heading, and of an inertial rotary disc platform equipped underneath with a cabin of hemispherical shape extending from the vertebral structure, accommodating a payload or a useful application, designed for various fields of application e.g. the sector of defence or civil security, so as to perform functions of search and rescue, exploration, navigation, transport, surveillance and telecommunications infrastructure deployment in free space.",,,B64U50/14;B64U2101/58;B64U2101/61;B64U30/26;B64U10/20;B64U30/293;B64U30/297;B64U60/40;B64U60/55;B64U70/83;B64U70/87;B64C29/00,B64U10/20;B64U30/26;B64U30/293;B64U30/297;B64U60/40;B64U60/55;B64U70/83;B64U70/87,DESAULNIERS JEAN-MARC JOSEPH,FR,True,False
WO-2022190003-A1,IB-2022052108-W,WO,A1,83228491,20220309,20210309,20220915,0,Radar sensor-based bio-inspired autonomous mobile robot using ble location tracking for disaster rescue,,"An autonomous bio-inspired mobile robotic device (100) capable of detecting, tracking and communicating location of survivors trapped under earthquake/building collapse debris. The small-size, lightweight, ruggedized autonomous legged mobile robot incorporates high-frequency millimeter-wave radar sensor and Ultra Wideband (IR-UWB) radar sensor for detecting presence and perform ranging of trapped survivors. The autonomous mobile robot also comprises GNSS and BLE connectivity for location tracking of trapped survivors in conjunction with a Wi-Fi enabled visual sensing solution and a flashlight to aid during rescue operation. The battery-powered autonomous bio-inspired mobile robot (100) also comprises an MCU, actuators, motor control circuitry and IMU to control robot locomotion and perform sensor data fusion. BLE connectivity solution of the present invention communicates the location of detected trapped survivors to a plurality of rescue devices which use BLE Angle-of-Arrival method for successful survivor location resolution.",,,G01S13/887;G01S13/584;G01S13/888;G01S13/881;G01S13/867;G01S13/56;G01S7/415;G01S13/42;G01S13/86;B25J11/008;G01S19/48;G01S19/17;G05D1/0212;G05D1/0246;G05D1/0257;G05D1/027;G05D1/0278;G01S2205/06;G01S5/0231,B25J11/00;G01S13/56;B25J9/00;G01S19/01,PANNALA SUMA GOURI,IN,True,True
US-2025277902-A1,US-202318859076-A,US,A1,88730794,20230512,20220512,20250904,0,Method and device for cluster configuration and round allocation for uwb communication,,An operation method of an electronic device according to various embodiments of the present disclosure may comprise the steps of: identifying two-way ranging (TWR) values for multiple anchors; configuring a first cluster including a first initiator anchor and first responder anchors on the basis of the TWR values; configuring a second cluster including a second initiator anchor and second responder anchors on the basis of the TWR values; and allocating a ranging round to each of the first cluster and the second cluster.,,,H04B1/7163;G01S13/767;G01S5/0268;H04W84/18;H04W8/005;G01S5/0289;H04W8/00;G01S5/02;H04W4/80;G01S13/876,H04B1/7163;G01S13/76;G01S13/87,SAMSUNG ELECTRONICS CO LTD,KR,True,True
CN-116879959-B,CN-202310749862-A,CN,B,88265323,20230625,20230625,20260203,20260203,Post-disaster search and rescue detection system and method based on radio tomography,,"The invention discloses a post-disaster search and rescue detection system and method based on radio tomography, comprising the following steps: ultra-wideband wireless sensor network, robot cluster and cluster control and tomography system. The ultra-wideband wireless sensor network is divided into a stationary ultra-wideband node and a mobile ultra-wideband node, the stationary node is used for assisting in positioning of the mobile node, all nodes are used for radio tomography, a robot cluster is used for bearing the mobile ultra-wideband node, each robot is provided with two nodes and is provided with an independent power supply, a two-dimensional laser radar and a communication module, the robot can walk under complex road conditions, the application range is wide, the cluster control and tomography system is in wireless interconnection with the robot cluster and is used for controlling the moving track of the robot, and the environment is subjected to tomography according to direct path signal receiving intensity signals collected in the ultra-wideband wireless sensor network, so that victim detection on invisible areas (dense smoke, collapsed environments and the like) is realized.",,,Y02D30/70;G01S17/86;G01V3/12,G01S17/86;G01V3/12,,,True,True
CN-119642815-A,CN-202411698589-A,CN,A,94948499,20241126,20241126,20250318,0,"Unmanned aerial vehicle peak cruising path planning method, storage medium and device based on goblet sea squirt swarm algorithm",,"The invention relates to an unmanned aerial vehicle mountain peak cruising path planning method based on a goblet sea squirt swarm algorithm, which solves the defects of low search precision, slow convergence speed, easy local optimization, poor optimizing stability and the like of the goblet sea squirt swarm algorithm, and provides a goblet sea squirt swarm algorithm (CWSSA) based on chaotic mapping and self-adaptive inertial weight. In order to enable the population to be uniformly distributed in a search space, enhance the diversity of the population, initialize the population by adopting a Tent chaotic map, select a logic chaotic map to update the position of a leader, avoid the leader from being trapped in local optimum and leading to insufficient global search, update the position of a follower by a self-adaptive weight strategy, improve the global search and local development capacity of an algorithm, introduce Gauss variation at a food source position, enable the algorithm to quickly jump out of the local optimum and improve the global search precision.",,,Y02T10/40,G06N7/08;G06N3/126;G01C21/20,CSSC CHONGQING HYDRAULIC MECH ELECTRONICAL CO LTD,,False,True
CN-112367704-B,CN-202011331930-A,CN,B,74532813,20201124,20201124,20220527,20220527,Handheld instrument suitable for accurate positioning of coal mine personnel and positioning method,,"The invention discloses a handheld instrument suitable for accurately positioning coal mine personnel, which comprises a shell, a power supply, a voltage conversion circuit, a UWB radio frequency chip, a power amplifier, a UWB signal receiving and transmitting antenna, a microcontroller, a Bluetooth communication module, a Bluetooth signal receiving and transmitting antenna and a touch display screen. The invention provides three working modes to meet the search and rescue requirements under different situations, and the accurate positioning of the tag/base station is realized by effectively combining the three working modes, thereby being beneficial to search and rescue personnel under a mine; meanwhile, parameter configuration, operation management and firmware updating are carried out on the tags/base stations by combining the Bluetooth communication module, so that the positioning accuracy of other tags can be improved and the tag power consumption can be reduced by reasonably setting the working mode of each tag in the search and rescue process besides the convenience of daily management.",,,H04W64/006;H04W4/80;Y02D30/70;H04W64/00,H04W4/80;H04W64/00,,,True,False
EP-3729389-A1,EP-17826494-A,EP,A1,60953835,20171219,20171219,20201028,0,Real-time managing evacuation of a building,,"The present disclosure relates an evacuation management system, EMS, (40, 52, 60, 00, 200) operative to provide real-time evacuation information for evacuation of a building, triggered by alarm notification(S202). Based on determined (S214) precise real-time positions of personal ultra-wide band, UWB,devices, as determined by UWB real-time localization system, RTLS, a controller determines (S210) evacuation plans being personal UWB device specific in real-time. Based on individual evacuation plans and input from building facilities, real- time guidance information is defined (S208) and sent to each personal UWB device, providing guidance to person carrying said personal UWB device, in what direction to move (S212), to reach a safe area. Based on localization signals the UWB RTLSA then calculates updated positions of the personal UWB devices and sends to the evacuation management system. It is an advantage that trapped or injured people can be found, even in low visibility areas.",,,G06Q50/265;G08B25/001;G06Q90/205;H04W4/029;G06N20/00;G08B7/066;H04W4/024;G01C21/206;G06K7/10306;H04W4/33;H04W4/90;G08B21/02;H04W76/50,G01C21/20;G08B7/06;G06Q90/00;G01C21/34;G06Q50/26,ERICSSON TELEFON AB L M,SE,True,True
CN-108474835-B,CN-201680068664-A,CN,B,58763620,20161123,20151125,20220415,20220415,Indoor positioning and tracking system,,"Systems, methods, and apparatus are disclosed for tracking at least one of an object, a vehicle, and a person in a field by determining a distance between a first node and a remote node. In some embodiments, a method is provided for tracking an emergency responder in an emergency scene by determining distances between nodes located on the emergency responder and allowing the relative position of the emergency responder to be mapped.",,,G01S2205/06;G01S5/0231;G01S13/84;G01S13/825;G01S7/352;G01S13/878;G01S13/88,G01S5/04,,,True,True
CN-115092363-B,CN-202210827168-A,CN,B,83296453,20220714,20220714,20240723,20240723,Distributed intelligent reconnaissance and striking integrated system and method,,"The invention discloses a distributed intelligent reconnaissance and striking integrated system and method, which relate to the field of intelligent weapon control and comprise the following steps: the upper end of the ship body is provided with a ship cabin; the photoelectric tracking reconnaissance device comprises a photoelectric detection head and a photoelectric control cabinet, wherein the photoelectric detection head is fixedly arranged at the top of the ship cabin, and the photoelectric control cabinet is arranged in the ship cabin; the inertial navigation device is arranged below the photoelectric detection head; the remote control weapon station comprises a weapon platform and a wall hanging box, wherein the weapon platform is fixedly arranged on the front side of the upper end of the warship body, and the wall hanging box is arranged in the warship cabin. The invention has the advantages that: the photoelectric, navigation and remote control weapon equipment on the unmanned ship are optimally integrated to form a distributed intelligent reconnaissance and striking integrated system, so that the warning patrol, intelligence reconnaissance, offshore accurate striking, search and rescue and other tasks of a designated area, as well as the mine exploration/mine discharge, anti-frog personnel and other special combat tasks can be effectively completed.",,,B63B2035/005;B63B2035/008;B63B35/00;G01S17/08;B63B49/00;B63G1/00,G01S17/08;B63B49/00;B63B35/00;B63G1/00,,,True,False
US-11138866-B2,US-202016733821-A,US,B2,65817945,20200103,20180416,20211005,20211005,Indoor positioning system for fire alarm system,,"A building management system tracks occupants of a building in which the building management system is installed and presents information about the occupants, including location information, to first responders during emergency and/or training events. Distributed devices of the building management system receive identification information broadcast by user devices of the occupants and sends the identification information to a control panel of the building management system. Location information for the occupants is generated based on the identification information received from the user devices and stored along with time and date information. This location information is then retrieved and presented to first responders, for example, by displaying a map of the building with icons representing the distributed devices and occupants, based on the location information.",,,G06T11/65;G08B26/007;H04W4/029;G06F3/147;H04W4/026;G08B17/00;H04W4/90;H04W4/33;G08B25/14;G06T11/60,G08B26/00;G06T11/60;G06F3/147;G08B1/08;G08B17/00,TYCO SAFETY PRODUCTS CANADA LTD,CA,True,True
CN-208924524-U,CN-201821948634-U,CN,U,66712387,20181123,20181123,20190531,20190531,A kind of emergency light and indoor positioning navigation system,,"The utility model relates to indoor navigation technical fields, specifically disclose a kind of emergency light, wherein, emergency light includes: emergency light lamps and lanterns, power module, battery, Wi-Fi module, speech control module, lamp cap control module and buzzer, speech control module, Wi-Fi module and battery are connect with power module, emergency light lamps and lanterns are connect with battery and power module respectively, buzzer is connected with battery, speech control module is connect with lamp cap control module, and emergency light lamps and lanterns are connect with lamp cap control module；Speech control module can control the rotation of lamp cap control module, and power module can to charge the battery, and battery can provide power supply supply when power module powers off for buzzer and emergency light lamps and lanterns, and Wi-Fi module with mobile terminal for connecting.The invention also discloses a kind of indoor positioning navigation system.The function of the helpful trapped person&#39;s indoor positioning of emergency luminaire provided by the utility model, to solve the escape efficiency of trapped person.",,,,G08B7/06;F21V21/30;H04W64/00;G10L15/26;H04W4/02,JIANGSU ZHONGKE ZHIRUI INTERNET OF THINGS TECH CO LTD,,True,True
CN-117572459-B,CN-202210930365-A,CN,B,89884967,20220803,20220803,20250926,20250926,Unmanned aerial vehicle capable of automatically switching navigation system,,"The invention discloses an unmanned aerial vehicle capable of automatically switching a navigation system, which comprises an unmanned aerial vehicle body, a laser SLAM system for realizing navigation of the unmanned aerial vehicle, a visual SLAM system for assisting navigation of the unmanned aerial vehicle and a controller, wherein when the controller detects that the error between the pose obtained by a laser inertial odometer in the laser SLAM system and a reference true value is greater than a switching setting threshold value, the laser SLAM system is switched to the visual SLAM system for navigation of the unmanned aerial vehicle. The unmanned aerial vehicle provided by the invention can still make a movement decision in a complex environment when encountering severe weather such as heavy rain, dense smoke or dense fog, and the like, so that the accuracy and stability of the unmanned aerial vehicle are improved, the unmanned aerial vehicle is convenient to use, and the safety is improved.",,,B64D47/00;B64C27/08;G01C22/00;G01C21/1652;G01S19/47;G01S19/46;G01S19/43;G01S17/86;G01S17/933,G01S19/47;G01S19/46;G01S19/43;G01S17/86;G01C22/00;G01C21/16;B64U20/80;B64U10/13;G01S17/933,,,False,True
US-10565859-B2,US-201815953627-A,US,B2,65817945,20180416,20180416,20200218,20200218,Indoor positioning system for fire alarm system,,"A building management system tracks occupants of a building in which the building management system is installed and presents information about the occupants, including location information, to first responders during emergency and/or training events. Distributed devices of the building management system receive identification information broadcast by user devices of the occupants and sends the identification information to a control panel of the building management system. Location information for the occupants is generated based on the identification information received from the user devices and stored along with time and date information. This location information is then retrieved and presented to first responders, for example, by displaying a map of the building with icons representing the distributed devices and occupants, based on the location information.",,,G08B17/00;G08B25/14;H04W4/026;H04W4/33;H04W4/90;G06F3/147;G06T11/60;G08B26/007;G06T11/65;H04W4/029,G08B1/08;G08B26/00;G06F3/147;G08B17/00;G06T11/60,TYCO SAFETY PRODUCTS CANADA LTD,CA,True,True
CN-109547939-A,CN-201811353423-A,CN,A,65847163,20181114,20181114,20190329,0,Terricole track monitor terminal and working method based on NB-IOT,,"The invention discloses terricole track monitor terminals and working method based on NB-IOT, belong to the motion profile locating and tracking technical field of the terricole based on Internet of Things.Monitor terminal includes control processing module, GPS/ Beidou module, INS inertial navigation module, barometric leveling module, smoke sensor device, Temperature Humidity Sensor, NB-IOT communication module and antenna and backstage host computer, GPS/ Beidou module, INS inertial navigation module, barometric leveling module, smoke sensor device module, temperature humidity sensor module, NB-IOT communication module and antenna are connect with control processing module, and are monitored by monitor terminal to animal.The present invention is communicated using NB-IOT wireless technology, realize the transmission of low-power consumption, the location information of long range and environmental information, the technical advantage for thering are other locating and tracking technologies to hardly match, it is micro- to realize that intelligentized wild animal tracer technique has extremely profound significance.",,,H04W4/38;H04W4/70;H04L67/12;H04W4/029;Y02D30/70,H04W4/38;H04W4/70;H04W4/029;H04L29/08,UNIV HANGZHOU DIANZI,,False,True
CN-105216905-A,CN-201510701362-A,CN,A,54986290,20151027,20151027,20160106,0,Instant location and map building survey search and rescue robot,,"The invention discloses a kind of instant location and survey search and rescue robot with map building, to be applied to after calamity the fields such as tube map establishment, landform exploration, comprise obstacle detouring chassis, vehicle body platform, 3-D scanning module, main control unit, body shell and driver module form.Obstacle detouring chassis adopts the bionics suspension frame structure of six wheel drive, makes car body have passive adaptivity to different terrain.3-D scanning module includes 3-D scanning mechanism, scanning laser radar, infrared temperature sensor, inertial laser sensor and fixed support composition.This robot can in traveling process autonomous exploration surrounding environment, and create three-dimensional land map in real time, detect whether likely life entity simultaneously and exist; Real-time three-dimensional map, possibility life entity can be searched and rescued position feedback to operating personal; Operating personal is helped to understand field condition quickly and accurately, to launch salvage work as early as possible, the personal casualty that minimizing is surveyed and rescue worker is unnecessary simultaneously and labor loss.",,,,B62D61/10;G01S17/89,UNIV BEIJING FORESTRY,,True,False
CN-118534479-A,CN-202410745654-A,CN,A,92385703,20240611,20240611,20240823,0,Method for positioning and monitoring in limited space based on Internet of things,,"The invention provides a limited space positioning monitoring method based on the Internet of things, which comprises the following steps: the method comprises the steps of acquiring first position information of personnel in a limited space in real time through a UWB limited space positioning technology, acquiring point cloud data in the limited space in real time through a laser radar positioning device, constructing an indoor map in the limited space through the point cloud data, supplying power to a system through a solar cell panel and a storage battery, acquiring environment information data in the limited space in real time through a singlechip module, a smoke sensing acquisition circuit module, a temperature sensing acquisition circuit module and a gas sensing acquisition circuit module, uploading real-time information of each sensing acquisition module circuit to a PC, a mobile phone and a cloud, and transmitting the data information to the mobile phone in real time through a short message module. The invention can monitor the environmental information data and the personnel position in the limited space on the premise of saving energy, thereby improving the disaster rescue efficiency.",,,G01D21/02;G01C21/206;G01S17/86;H04W4/38;H04W4/14;H04W4/33;H04W64/00;Y02D30/70,H04W64/00;H04W4/38;H04W4/33;H04W4/14;G01D21/02;G01C21/20;G01S17/86,UNIV JIANGSU TECHNOLOGY,,True,True
CN-217005802-U,CN-202220014279-U,CN,U,82390011,20220105,20220105,20220719,20220719,Disaster site self-adaptive emergency investigation device,,"The utility model discloses a disaster site self-adaptive emergency investigation device which comprises an antenna assembly, a main control board, a battery, an egg-shaped shell and a camera arranged on the shell, wherein the main control board is connected with the antenna assembly; the bottom of the shell is provided with a counterweight part for centering, so that the shell forms a tumbler structure; the antenna assembly, the main control board and the battery are respectively arranged in the shell; the main control board is provided with a UWB positioning module, and the battery, the antenna assembly and the camera are respectively electrically connected with the main control board. The disaster site self-adaptive emergency investigation device has a simple and novel structure; the shell is arranged into a tumbler structure, so that the shell can be kept upright after being thrown into a disaster site, and the camera has a good shooting visual angle; the antenna assembly can transmit pictures shot by the camera to a command center outside a disaster site, and help rescue workers to remotely survey the site condition; the UWB positioning module can help determine the position of a UWB positioning card on the rescue personnel, and the rescue personnel are prevented from getting lost.",,,,G01C11/36;G01S5/02,SHENZHEN TIANYOU SATELLITE APPLICATION TECH CO LTD,,True,True
EP-4664920-A1,EP-25182817-A,EP,A1,96020550,20250613,20240614,20251217,0,Hearing protection with directional audio,,"Hearing protection (102) including passive noise cancellation or reduction material can include ultrawideband radios (110). The hearing protection may include a microphone (112a, 112b) for capturing the audio (106) when the user (104) is speaking. An ultrawideband radio (110) can be used to transmit the audio (106) to other users (104) with similar hearing protection (102). The ultrawideband radio (110) can also be used to determine a relative location of other users (104) and 3D spatial audio encoding can be applied to the associated audio signals in order to make it appear that the audio signals are coming from the relative location of the other respective users (104). The hearing protection (102) may be used in a wide range of environments, including for example for first responders. In such cases, the hearing protection (102) may include active noise cancelling functionality for reducing a loudness of siren noises.",,,H04R2460/07;H04R2460/01;H04R2420/07;H04R1/288;G10K2210/1082;G10K2210/1081;A61F11/145;G10K11/17837;H04R1/1083;H04S2400/11;H04R2227/003;H04S7/304;H04R2201/107;H04R27/00,H04S7/00;H04R27/00;H04R1/10,KOTOWICK KYLE,CA,True,False
CN-106679664-A,CN-201610554358-A,CN,A,58839831,20160712,20160712,20170517,0,LTE and PDR-based fire-fighting indoor positioning and track navigating method and system,,"The invention relates to an LTE and PDR-based fire-fighting indoor positioning and track navigating method and system. The system comprises an intelligent terminal, an LTE small base station and a positioning server, wherein the intelligent terminal is terminal equipment supporting LTE, a camera, a nine-axis sensor and an air-pressure sensor; fire-fighting positioning service APP is installed on the intelligent terminal equipment, is an operator of a positioning algorithm, and is used for collecting information of the LTE RSS, camera, nine-axis sensor and air-pressure sensor, calculating the position of a firefighter according to the information, and returning the positioning result to the server; the LTE small base station is a small cell of a mobile communication system for covering indoor signals, and is used for providing data service link and assistant positioning to a smart mobile phone in the positioning system. The method and system have the beneficial effects that a communication and positioning environment can be quickly constructed by utilizing the LTE small base station and the intelligent terminal, the field arrangement system is convenient, and the implementation of the system can be greatly increased.",,,H04W64/00;G01C21/206,G01C21/20;H04W64/00,SUNWAVE COMM CO LTD,,True,True
JP-2013003047-A,JP-2011136482-A,JP,A,47671753,20110620,20110620,20130107,0,Victim rescue support system and information processing method,,"PROBLEM TO BE SOLVED: To provide a victim rescue support system which can be utilized without a limit of area or place, and also rapidly and efficiently locate victims&#39; positions.SOLUTION: A plurality of portable base stations are installed at a disaster stricken area. Each of the portable base station generates position parameter information composed of a tag ID and a parameter for position estimation by communicating with an RFID tag carried by a victim via UWB-IR, and transmits the position parameter information to a positioning server. The positioning server estimates and stores a position of each RFID tag 100 on the basis of the position parameter information transmitted from the portable base station.",,,,G01S5/14;G08B25/04;G01S13/74,YOKOSUKA TELECOM RES PARK KK,,True,False
CN-117858229-A,CN-202311789244-A,CN,A,90544449,20231225,20231225,20240409,0,Emergency wireless communication scheduling system for indoor positioning of firefighters,,"The invention provides an emergency wireless communication scheduling system for indoor positioning of firefighters, which particularly relates to the technical field of wireless communication scheduling in firefighters, and comprises a communication scheduling module, a signal receiving module and terminal equipment, wherein the communication scheduling module is connected with the signal receiving module, and the signal receiving module is connected with the terminal equipment; the communication scheduling module is carried on the fire fighter body, and the terminal equipment is arranged on the ground. The communication scheduling module comprises a sensor and a radio indicator transmitting part which are arranged on the body of the firefighter, a wireless communication assembly connected with the radio indicator transmitting part and a power supply module. The wireless communication assembly is connected with the photo transmission module; the photo transmission module comprises a camera shooting assembly and a cooling and mist reducing assembly which are arranged on the body of the firefighter. The emergency wireless communication scheduling system for indoor positioning of firefighters provided by the invention realizes the aim of indoor positioning of firefighters in a wireless communication scheduling transmission mode.",,,H04N23/695;H04W40/22;H04W4/90;H04W4/33;H04W64/00;Y02D30/70,H04W64/00;H04N23/695;H04W4/33;H04W4/90;H04W40/22,JINAN WUZHILIAN INTELLIGENT TECH CO LTD;XIAMEN ATTIOT INTELLIGENT TECH CO LTD,,True,False
CN-118322160-A,CN-202410186266-A,CN,A,91778579,20240220,20240220,20240712,0,Fire scene vision construction system and working method,,"A fire scene vision construction system and a working method belong to the technical field of fire robots. The system comprises an environment-aware robot and a matched AR fire-fighting helmet, wherein the robot comprises a crawler device, a chassis cabin and a main cabin; the chassis cabin is fixedly provided with a protective shell, an electric motor, a power supply and a motion control board, and the main cabin is provided with the protective shell, a 4D millimeter wave radar sensor, a UWB sensor and a miniature main board. The AR fire helmet comprises a power supply, a UWB sensor, a miniature main board and an AR display. According to the invention, a cross-mode millimeter wave radar signal semantic segmentation algorithm, a high-precision rapid graph building and man-machine cooperative motion control algorithm of UWB are operated on a miniature main board in a main body cabin, and segmentation results are processed by the miniature main board in the helmet and then displayed by an AR display. The system can effectively avoid the short plates of the camera and the laser radar which fail in the dense smoke environment; the calculation power consumption of point cloud calculation is avoided, the drawing precision is improved, and the problem of motion control of the robot is solved.",,,B25J9/1694;B25J9/1664;B25J9/163;B25J5/005;G06N3/08,G06N3/08;B25J9/16;B25J5/00,UNIV DALIAN TECH,,True,False
WO-2018095054-A1,CN-2017093124-W,WO,A1,62171157,20170717,20161123,20180531,0,"Method and apparatus for transmitting image of scene of fire, and hand-held thermal imager for firefighting",,"Provided are a method and apparatus for transmitting an image of the scene of a fire, and a hand-held thermal imager for firefighting. The method comprises: acquiring position information about a fire-fighter by means of an inertial navigation system, and generating a visible spectrum image and a thermal imaging far-infrared spectrum image of the scene of a fire; according to the thermal imaging far-infrared spectrum image and the visible spectrum image, performing superposition to generate a scene image of the scene of the fire corresponding to the position information; and transmitting the position information and the scene image to a background command centre by means of a mobile network. By implementing the embodiments of the present application, position information about a fire-fighter and a scene image corresponding to the position information can be transmitted to a background command centre in a timely manner, so that the background command centre develops a reasonable rescue plan for the situation at the scene of a fire.",,,G01C21/16;G01J5/00;G01J5/0018;H04N5/265,G01C21/16;H04N5/265;G01J5/00,HANGZHOU HIKVISION DIGITAL TEC,CN,True,False
US-2013166198-A1,US-201213616323-A,US,A1,39738929,20120914,20060531,20130627,0,Method and system for locating and monitoring first responders,,"The invention is directed to methods and systems for locating and monitoring the status of people and moveable assets, such as first responders, including firefighters and other public service personnel, and their equipment both indoors and out. The invention provides for locating and monitoring the status of people and assets in environments where GPS systems do not operate, or where operation is impaired or otherwise limited. The system and method uses inertial navigation to determine the location, motion and orientation of the personnel or assets and communicates with an external monitoring station to receive requests for location, motion orientation and status information and to transmit the location, motion orientation and status information to the monitoring station.",,,G08B25/016;G08G1/20;G01C21/1654;G01S19/49;G01C21/16,A62C99/00;G01C21/16,FUNK BENJAMIN E;BANDYOPADHYAY AMRIT;KOHN ERIC A;GOLDSMAN NEIL;TEOLIS CAROLE A;BLANKENSHIP GILMER L,US,True,False
CN-114200495-B,CN-202210143889-A,CN,B,80645464,20220217,20220217,20220429,20220429,Accurate positioning method and system for firefighter in full-task scene,,"The invention provides a method and a system for accurately positioning firefighters in a full-task scene, which comprises the following steps: intelligent fire hydrant system module: referencing a positioning beacon, monitoring the health state, detecting the fire and predicting the situation, and guiding the alarm and the task; the movable intelligent reference positioning system module comprises: the method comprises the steps of referencing a positioning beacon, autonomously positioning to acquire information through an IMU (inertial measurement unit), and resolving reference positioning; wearable individual positioning system: the positioning tag is referenced, the accurate position is calculated by receiving signals, information is obtained by self-positioning, task guidance is carried out, and physiological information is monitored; fire control task control commander terminal system module: positioning monitoring personnel, monitoring and predicting fire situation, optimizing and commanding tasks, monitoring equipment state, displaying and controlling; a central processing server module: monitoring information, optimizing tasks and guidance, resolving and positioning, and managing a database. The invention provides a method for accurately positioning fire fighters and guiding tasks in a full task stage.",,,A61B5/0205;G01S19/49;G08B17/06;G08B17/10;G01S19/43;G01C21/165,A61B5/0205;G01C21/16;G01S19/43;G08B17/06;G08B17/10;G01S19/49,,,True,False
KR-102693052-B1,KR-20230079328-A,KR,B1,92378924,20230620,20230620,20240807,20240807,Integrated control system for emergency disaster response and method for providing service thereof,긴급 재난 대응을 위한 통합 관제 시스템 및 그의 서비스 방법,"The present invention relates to an integrated control system for emergency disaster response and a service method thereof. The integrated control system of the present invention provides real-time information on the movement status of dispatched vehicles to a caller from the time of the emergency disaster report, thereby providing a reassuring service to the caller, analyzes multiple composite signals of the caller and firefighters to measure and identify their indoor locations at the disaster scene, secures the floor-by-floor layout of the building at the scene to accurately determine the locations of the caller and the dispatched firefighters, and provides a response service that responds to emergency disasters by sharing real-time information on hospital beds and situational information according to the transport situation among the fire situation room, police station, emergency medical institution, public health center, and disaster medical support team in relation to the transport of emergency patients, thereby securing an appropriate time for transport and controlling, monitoring, and supporting all information from dispatch to conclusion in the comprehensive situation room with the dispatched firefighters. The present invention enables rapid response and rescue from relevant agencies within the full council, thereby securing the golden time for emergency disaster incidents.","본 발명은 긴급 재난 대응을 위한 통합 관제 시스템 및 그의 서비스 방법에 관한 것이다. 본 발명의 통합 관제 시스템은 긴급 재난 발생에 따른 신고 시점에서부터 신고자에게 출동 차량의 이동 상황을 실시간 전달하여 신고자에게 안심 서비스를 제공하고, 신고자와 소방대원의 다중 복합 신호를 분석하여 재난 현장에서의 실내 위치를 측정 및 파악하고, 현장의 건물에 대한 층별 평면 위치를 확보하여 신고자와 출동 소방대원의 정확한 위치를 파악하며, 응급 환자 이송에 따른 소방 상황실, 경찰서, 응급의료 기관, 보건소 및 재난 의료 지원팀들 간에 병상 정보와 이송 상황에 따른 상황 정보를 실시간 공유하여 이송 적정 시간을 확보하여 출동 소방대원들과 종합 상황실에서 출동에서 종결까지 모든 정보를 관제, 모니터링 및 지원하여 긴급 재난 대응에 대처하는 대응 서비스를 제공한다. 본 발명에 의하면, 전원 협의체의 관련 기관들로부터 신속한 대응 및 구조가 가능하도록 하여 긴급 재난 사고에 대한 골든타임을 확보할 수 있다.",,H04W4/90;H04W4/12;H04W4/029;G08B27/001;G08B25/14;G08B21/10;G06Q50/10;G01S19/01;G06Q50/26,H04W4/90;H04W4/12;H04W4/029;G08B27/00;G08B25/14;G08B21/10;G06Q50/10;G06Q50/26,JINSYSTEM CO LTD,KR,True,True
US-8706414-B2,US-201213616323-A,US,B2,39738929,20120914,20060531,20140422,20140422,Method and system for locating and monitoring first responders,,"The invention is directed to methods and systems for locating and monitoring the status of people and moveable assets, such as first responders, including firefighters and other public service personnel, and their equipment both indoors and out. The invention provides for locating and monitoring the status of people and assets in environments where GPS systems do not operate, or where operation is impaired or otherwise limited. The system and method uses inertial navigation to determine the location, motion and orientation of the personnel or assets and communicates with an external monitoring station to receive requests for location, motion orientation and status information and to transmit the location, motion orientation and status information to the monitoring station.",,,G08B25/016;G08G1/20;G01C21/1654;G01S19/49,A62C99/00;G08G1/123;G01C21/00,FUNK BENJAMIN E;BANDYOPADHYAY AMRIT;KOHN ERIC A;GOLDSMAN NEIL;TEOLIS CAROLE A;BLANKESHIP GILMER L;TRX SYSTEMS INC,US,True,False
CN-105245684-A,CN-201410270707-A,CN,A,55043178,20140613,20140613,20160113,0,Internet of things sign-in card and fire fighting propaganda loading method,,"The invention relates to an internet of things sign-in card and a fire fighting propaganda loading method. The characteristic lies in that the sign-in card adopts a passive two-dimensional code, NFC (near field communication) and UHF (ultra high frequency) based RFID (radio frequency identification) as internet of things sign-in carriers. The characteristic also lies in that an application method of the sign-in card comprises the step of setting an intelligent mobile phone, an App (application program), a corresponding network, a server and an intelligent device used for reading a fire fighting propaganda RFID carrier. The advantage of loading the RFID sign-in carrier of the sign-in card is that fire fighting guidance is realized through indoor positioning in special fire scenes of power failure, network disconnection, indoor and outdoor communication shielding, smoke billowing and complete dark. The advantage of loading the two-dimensional code and the NFC sign-in carrier of the sign-in card is that fire fighting propaganda is implied to commercial sign-in through sign-in services of the sign-in card at ordinary times. Therefore, purposes of the invention are achieved efficiently with a low cost.",,,,H04M1/72412;G06K7/00;H04W4/04,LI HONG,,True,False
KR-20240104356-A,KR-20220186550-A,KR,A,91949145,20221228,20221228,20240705,0,Fire detection system for predicting fire situation and checking occupancy through supervised learning,지도학습을 통한 화재 상황 예측 및 재실 여부를 확인할 수 있는 화재감지 시스템,"The present invention provides a fire detection system capable of predicting fire situations and confirming occupancy status through supervised learning. The fire detection method according to an embodiment comprises the steps of: obtaining data for fire detection by the fire detection system; applying the obtained data to a recurrent neural network (RNN) model; determining the occurrence of a fire based on the RNN model; and determining occupancy detection based on an ultra-wideband (UWB) sensor. By utilizing machine learning with data from various sensors such as temperature, humidity, and smoke detectors, the system can assess and predict fire risk in advance and improve accuracy through re-learning of the prediction model. Additionally, the UWB radar sensor enables detection of human presence and location at the fire site, thereby minimizing human casualties during fire incidents.","지도학습을 통한 화재 상황 예측 및 재실 여부를 확인할 수 있는 화재감지 시스템이 제공된다. 본 발명의 실시예에 따른 화재감지 방법은, 화재감지 시스템이, 화재 감지를 위한 데이터를 획득하는 단계; 화재감지 시스템이, 획득된 데이터를 RNN(Recurrent Neural Network) 모델에 적용하는 단계; 화재감지 시스템이, RNN 모델을 기반으로 화재 발생 여부를 판단하는 단계; 및 화재감지 시스템이, UWB(Ultra-WideBand; 초광대역) 센서를 기반으로 재실감지 여부를 판단하는 단계;를 포함한다. 이에 의해, 각 센서(온/습도, 연기감지)로부터 데이터를 이용한 기계학습을 통해 화재감지의 위험도를 사전에 판단하고 예측할 수 있으며, 예측 모델의 재학습을 통해 정확도를 개선할 수 있다. 또한, UWB(Ultra-WideBand; 초광대역) 레이더 센서를 통하여 화재 발생 장소에 인체가 존재하는지를 판단하고, 위치를 확인할 수 있어, 화재 발생 시 인명 피해를 최소화할 수 있다.",,G01K1/02;G01S13/04;G01S13/0209;G06N3/09;G06N3/044;G01D21/02;G08B21/22;G08B17/10;G08B31/00,G08B21/22;G08B17/10;G06N3/09;G06N3/044;G01S13/04;G01S13/02;G01D21/02;G08B31/00,KOREA ELECTRONICS TECHNOLOGY,KR,True,False
CN-205193837-U,CN-201520864569-U,CN,U,55786808,20151102,20151102,20160427,20160427,Novel large -scale naval vessels under -deck personnel positioning system,,"The utility model discloses a novel large -scale naval vessels under -deck personnel positioning system, sign, refer to label, ultra wide band location receiver, ultra wide band location processing ware and surveillance center&#39;s server including ultra wide band (UWB) personel locator beacon. Provide another kind of novel large -scale naval vessels under -deck personnel positioning system simultaneously, signed the mounting groove, referred to label mounting groove, ultra wide band location receiver mounting groove, ultra wide band location processing ware mounting groove and surveillance center&#39;s server mounting groove including integrated ultra wide band personel locator beacon. The utility model discloses based on the ultra wide band location finding technique, solved the problem of the inside personnel location in large -scale naval vessels cabin, for large -scale naval vessel is taking place under the condition such as accident, under -deck personnel&#39;s location, search and rescue, medical science rescue etc. Provide technical foundation and support.",,,,G01S5/06;G06K17/00,UNIV PLA 2ND MILITARY MEDICAL,,True,False
CN-221103572-U,CN-202322954119-U,CN,U,91303008,20231102,20231102,20240607,20240607,Fire emergency device based on UWB positioning,,"The utility model relates to the technical field of fire emergency devices and discloses a fire emergency device based on UWB positioning, which comprises a wear plate positioning device and positioning auxiliary devices, wherein the wear plate positioning device and the positioning auxiliary devices are internally provided with the UWB positioning device, the wear plate positioning device and a signal center wirelessly transmit signals, the wear plate positioning device is worn on a rescuer, the number of the positioning auxiliary devices is multiple, and the multiple positioning auxiliary devices are arranged in the building in a pre-distributed manner. This fire control emergency device based on UWB location is through seting up at the back of removing positioning device and wearing the slot, can effectually fix the position such as waistband, the safety rope at personnel with removing positioning device through wearing the slot, when carrying out the scene of a fire rescue, can avoid the high strength motion and lead to the problem that equipment drops, and use battery locking piece to fix spacing to the lithium cell, make the lithium cell make things convenient for the dismouting to change and the installation is firm, reached the effect that equipment convenient to carry is difficult for droing.",,,,H04W64/00;H04N7/18,ZHEJIANG ZHENENG TAIZHOU NO 2 POWER GENERATION CO LTD;HANGZHOU PUFENG INFORMATION TECH CO LTD,,True,False
CN-121252813-A,CN-202511759553-A,CN,A,98197150,20251127,20251127,20260102,0,Indoor personnel positioning method and system based on multi-mode sensing,,"The application relates to the technical field of indoor positioning, in particular to an indoor personnel positioning method and system based on multi-mode sensing, the ultra-wideband channel impulse response, millimeter wave radar data and thermal imaging data of each layer are acquired, double-base geometric mapping is carried out by combining building information, an indoor ray path is reconstructed, and an occupied grid diagram is generated. Further collecting the water mist distribution intensity generated by the spraying equipment, carrying out phase correction and beam domain purification on millimeter wave data, and carrying out flow direction filtering and flicker suppression on thermal imaging data to obtain preprocessing data. On the basis, motion prior information and boundary constraint information are extracted, fusion is realized in the occupied grid diagram through mass conservation updating and normalization synthesis, and finally the position information and the motion orientation of the object to be positioned are output. The application can maintain the positioning stability and accuracy under the interference of fire smoke, water mist and multipath effect, and is suitable for high-risk scenes such as fire rescue and the like.",,,,G01S13/86;G01C21/00;G01C21/20,SHANDONG TAIGUANG ELECTRONIC GROUP CO LTD,,False,True
CN-119619984-B,CN-202510170615-A,CN,B,94897191,20250217,20250217,20250513,20250513,Heading angle-assisted Kalman information direction finding correction method,,"The invention provides a heading angle-assisted Kalman information direction finding correction method, which comprises the steps of firstly obtaining a heading angle of a search and rescue aircraft through an airborne inertial unit of the search and rescue aircraft, measuring a gangway angle of a search and rescue target relative to the search and rescue aircraft through an airborne search and rescue radio station, combining the heading angle information of the search and rescue aircraft with a radio direction finding, calculating an azimuth angle of the search and rescue target, taking the azimuth angle of the search and rescue target as a state value, establishing a Kalman filtering recursive formula, constructing Kalman information, carrying out first correction on a direction finding result, and carrying out second correction on the heading angle, so that the radio direction finding wild value is effectively corrected, and the accuracy and reliability of aviation search and rescue radio direction finding are greatly improved.",,,G01C1/00;G01C21/16;G01C21/20;G01S3/14;G01S3/023,G01S3/14;G01C21/20;G01C21/16;G01C1/00;G01S3/02,,,True,True
CN-209490396-U,CN-201821527482-U,CN,U,68150858,20180919,20180919,20191015,20191015,A kind of Internet of Things intelligent fire self-rescue apparatus,,"The utility model discloses a kind of Internet of Things intelligent fire self-rescue apparatus, including Protective clothes combined with cap and mask (1), self-help apparatus (2) and intelligent positioner (3), it is characterized in that the filter device (2) is arranged in parallel using multiple filtration film, equipped with two filter layers and activated carbon adsorption device, form closed filter, filter and Protective clothes combined with cap and mask are all made of new material, it is lightweight and convenient, meet Human Engineering Principle, survivor is set to avoid wearing discomfort because of respirator during escape, the problem of Smoke Filter is delayed escape time not in time, the intelligent positioner uses NFC indoor positioning technologies, it is automatically positioned indicator of trapped personnel position, and it be furnished with light source emitter and loudspeaking alarm, allow fire fighter more rapidly and accurately find indicator of trapped personnel specific location.",,,,A62B18/08;A62B7/10;A62B18/02,UNIV SHANDONG SCIENCE & TECH,,True,True
KR-20200055373-A,KR-20180138972-A,KR,A,70910521,20181113,20181113,20200521,0,Fire Command System utilizing Real-Time status and Indoor Position Tracking Information,소방대원의 실시간 상태 확인 및 실내 위치 트래킹 정보를 활용한 소방 지휘 시스템,"The present invention relates to a firefighting command system utilizing a real-time status and indoor position tracking information of a firefighter. More specifically, disclosed is a firefighting command system which sets a location coordinate using a beacon to obtain the indoor location information of a firefighter using an acceleration, geomagnetic field, and barometric pressure sensors and obtains a more accurate location using a pedestrian dead reckoning (PDR) method. In addition, the firefighting command system displays the location information on the screen of a mobile terminal to identify a movement path through a tracking system and measure, in real time, the status of the firefighter and information on the field by attaching a shock detection sensor and a temperature and humidity sensor to a firefighting suit and attaching a heart rate sensor attached to a fire fighting glove, thereby transmitting the status and information to the mobile terminal by using a long range (LoRa) communication module.","본 발명은 소방대원의 실시간 상태 확인 및 실내 위치 트래킹 정보를 활용한 소방 지휘 시스템에 관한 것으로서 더욱 상세하게는 비콘을 활용하여 위치 좌표를 설정한 뒤 가속도, 지자계, 기압 센서를 이용하여 소방대원의 실내 위치 정보를 확보하고 PDR(Pedestrian Dead Reckoning) 방식을 이용하여 보다 정확한 위치를 파악 할 수 있으며, 이러한 위치 정보를 모바일 단말기의 화면에 출력하여 트래킹 시스템을 도입해 이동 경로 파악과 충격 감지 센서, 온습도 센서를 화재 진압복에 부착하고 심박 센서를 소방 장갑에 부착하여 현장 정보와 소방대원의 상태를 실시간으로 측정해 LoRa(Long Range) 통신 모듈을 활용하여 모바일 단말기로 전송하는 소방 지휘 시스템이 개시된다.",,G06Q50/10;G06Q50/26;H04W4/70;G16Y40/50;G08B25/14,H04W4/70;G06Q50/10;G06Q50/26,AHN JU YEON,KR,True,False
CN-103994767-A,CN-201410198780-A,CN,A,51308999,20140512,20140512,20140820,0,Rescuer indoor cooperated positioning device and method,,"The invention provides a rescuer indoor cooperated positioning device and a method. A system comprises at least three inertial navigation positioning devices, a plurality of single chip microcomputers, a plurality of ZigBee wireless sensor network nodes, a plurality of GPRS modules, and a remote server. The inertial navigation positioning devices are separately disposed on at least three rescuers. All the rescuers are provided with one of the single chip microcomputers, one of the ZigBee wireless sensor network nodes and one of the GPRS modules. The inertial navigation positioning devices are carried by some of the rescuers, thus achieving indoor positioning. A real-time positioning network is formed through a ZigBee wireless sensor network, and position data is provided for other rescuers not carrying the inertial navigation positioning devices in a rescuing site. When a rescuer can verify the position of himself or herself, the position information can be corrected and the precision of a dynamic positioning network can be corrected. A headquarter can know the positions and distribution of the rescuers on the site in real time, and the rescuers can known the position information of themselves and their teammates, thus increasing the disaster rescuing efficiency so as to guarantee human safety.",,,G01S5/0257;G01C21/165,G01S5/02;G01C21/16,UNIV NORTHEASTERN,,True,True
KR-20250062336-A,KR-20230147190-A,KR,A,95713154,20231030,20231030,20250508,0,CPR assist device,심폐소생술 보조장치,"The present invention relates to a cardiopulmonary resuscitation (CPR) assistance device. The device may comprise: a plurality of antennas for receiving signals, which are transmitted from an IR-UWB radar and changed according to chest compression of an object; a control unit for determining a chest compression depth, a number of chest compressions per minute, and a degree of chest relaxation of a CPR operation performed by a rescuer through analysis of the signals received from the plurality of antennas; and an output unit for outputting the chest compression depth, the number of chest compressions per minute, and the degree of chest relaxation of the CPR operation of the rescuer determined by the control unit.","본 발명은 심폐소생술 보조장치에 관한 것이다. 본 장치는 IR-UWB 레이더로부터 송신된 신호가 객체의 흉부 압박에 따라 변화되는 신호를 수신하는 복수개의 안테나, 복수개의 안테나로부터 수신된 신호를 분석을 통해 구조자가 시행하는 심폐소생술 동작의 흉부 압박 깊이, 분당 흉부 압박 횟수, 흉부 이완의 정도를 판단하는 제어부 및 제어부로부터 판단된 구조자의 심폐소생술 동작의 흉부 압박 깊이, 분당 흉부 압박 횟수, 흉부 이완의 정도를 출력하는 출력부를 포함할 수 있다.",,A61H2203/0456;A61H2230/605;A61H2201/5005;A61H2201/5071;A61H2230/065;A61H2201/50;A61H31/006;A61H31/004,A61H31/00,UNIV CHOSUN IACF,KR,True,False
WO-2024010636-A1,US-2023021028-W,WO,A1,86688588,20230504,20220708,20240111,0,Multiple access techniques in ultra-wideband (uwb) positioning,,"Disclosed are techniques for wireless communication. In an aspect, an initiator anchor node transmits, to a first responder anchor node, first configuration information for a first ranging session between the initiator anchor node and the first responder anchor node, wherein the first configuration information indicates a first initiation time for the first ranging session, and transmits, to a second responder anchor node, second configuration information for a second ranging session between the initiator anchor node and the second responder anchor node, wherein the second configuration information indicates a second initiation time for the second ranging session, wherein the first and second ranging sessions are configured to enable a mobile device to obtain a first time-difference of arrival (TDOA) measurement and a second TDOA measurement for the first responder anchor node and the second responder anchor node, respectively, and wherein the second initiation time is offset from the first initiation time.",,,H04J3/0661;H04B1/7163;H04B1/7075;H04W64/00;G01S13/765;H04W4/80;H04W4/023,H04W4/02,QUALCOMM INC,US,True,True
CN-107067632-A,CN-201710126413-A,CN,A,59622046,20170225,20170225,20170818,0,Indoor positioning smoke sensor emitting smoke through Bluetooth,,"The invention belongs to an indoor positioning smoke sensor emitting smoke by Bluetooth, which is characterized in that a geographic information superimposer and a Bluetooth emitter are additionally arranged on the existing smoke sensor. The device automatically overlaps two-dimensional and three-dimensional geographic position information (room number, building position, road section name and region name) of a smoke sensor, when an alarm condition occurs, a mobile phone owner in the site touches a mobile phone emergency rescue button, the mobile phone receives the geographic position information of the owner sent by a Bluetooth transmitter embedded in the device in real time and uploads the specific geographic information to a duty police mobile terminal, a district dispatching place and a superior command center in real time, and a duty department can reach a first site for issuing a case in real time according to the uploaded alarm condition position and a doorplate number after receiving the alarm, so that the purpose of integrating the alarm condition command and alarm handling action is achieved; the invention can also upload the alarm condition and the video monitored by the embedded camera of the device to the district dispatching place and the superior command center in real time through the operation of the on-site mobile phone according to the requirement.",,,G08B25/10;G08B17/10,G08B17/10;G08B25/10,ZHI LUKUI,,True,False
US-2019365600-A1,US-201916544510-A,US,A1,67620576,20190819,20160224,20191205,0,Automatic determination of defibrillation pad location on patient&#39;s chest,,"A medical device uses UWB units to infer a position of an adjunct positioned in proximity to an exterior portion of a patient&#39;s body. The position information can be used to provide CPR feedback to a rescuer. In other applications, the position information can be used to provide prompts to a user to change the position of the adjunct.",,,A61N1/39046;A61N1/39044;A61N1/046;A61H2230/82;A61H2031/002;A61H31/007;A61H31/005;A61H31/006;A61H2205/084;A61H2201/1619;A61H31/00;A61H2201/1688;A61H2203/0456;A61H2201/5097;A61H2201/1669;A61H2201/5043;A61H2201/5007;A61H2201/1253;A61H1/00,A61H31/00,PHYSIO CONTROL INC,US,True,False
US-10383789-B1,US-201615052776-A,US,B1,67620576,20160224,20160224,20190820,20190820,Automatic determination of defibrillation pad location on patient&#39;s chest,,"A medical device uses UWB units to infer a position of an adjunct positioned in proximity to an exterior portion of a patient&#39;s body. The position information can be used to provide CPR feedback to a rescuer. In other applications, the position information can be used to provide prompts to a user to change the position of the adjunct.",,,A61N1/39046;A61N1/39044;A61N1/046;A61H2230/82;A61H2031/002;A61H31/007;A61H31/005;A61H31/006;A61H2205/084;A61H2201/1619;A61H31/00;A61H2201/1688;A61H2203/0456;A61H2201/5097;A61H2201/1669;A61H2201/5043;A61H2201/5007;A61H2201/1253;A61H1/00,A61H31/00,PHYSIO CONTROL INC,US,True,False
EP-4552346-A1,EP-23728489-A,EP,A1,86688588,20230504,20220708,20250514,0,Multiple access techniques in ultra-wideband (uwb) positioning,,"Disclosed are techniques for wireless communication. In an aspect, an initiator anchor node transmits, to a first responder anchor node, first configuration information for a first ranging session between the initiator anchor node and the first responder anchor node, wherein the first configuration information indicates a first initiation time for the first ranging session, and transmits, to a second responder anchor node, second configuration information for a second ranging session between the initiator anchor node and the second responder anchor node, wherein the second configuration information indicates a second initiation time for the second ranging session, wherein the first and second ranging sessions are configured to enable a mobile device to obtain a first time-difference of arrival (TDOA) measurement and a second TDOA measurement for the first responder anchor node and the second responder anchor node, respectively, and wherein the second initiation time is offset from the first initiation time.",,,H04J3/0661;H04B1/7163;H04B1/7075;H04W64/00;G01S13/765;H04W4/023;H04W4/80,H04W4/02,QUALCOMM INC,US,True,True
CN-114427860-A,CN-202111669531-A,CN,A,81310852,20211231,20211231,20220503,0,Firefighter gait and posture detection method,,"The invention discloses a method for detecting gait and posture of a fireman, which comprises the following steps: every time the firefighter takes one step, the corresponding basic state parameters are obtained through the measurement of the sensor; deriving the basic state parameters to obtain extended state parameters; judging the movement gait or posture of the firefighter according to the basic state parameters and the extended state parameters of the firefighter and by combining a state judgment criterion; and transmitting the determined movement gait or posture data of the firefighter back to the command terminal. The invention embeds an inertia processing layer, which analyzes the inertia data (speed, position, attitude angle) to judge the action state of the personnel, analyzes the action of the fire fighter and classifies the action into: normal walking, running, stillness, creeping forward, free falling, going upstairs, going downstairs and the like; the method monitors the nature of the firefighter&#39;s movements and attitude and posture in real time only through foot-mounted inertial sensors and provides flexible early warning in situations where the firefighter may be unconscious and unable to communicate.",,,G01C21/20;G01C21/165;G01C21/18;G01C21/16,G01C21/18;G01C21/16;G01C21/20,BEIJING SPACEFLIGHT CONTROL INSTRUMENT RES INSTITUTE,,True,True
CN-120941375-A,CN-202511018963-A,CN,A,97613900,20250723,20250723,20251114,0,Robot capable of automatically searching personnel underground coal mine and rescue method,,"The application relates to a robot capable of automatically searching personnel in a coal mine and a rescue method thereof, wherein the method comprises the steps that the robot collects environment information of an underground accident site, and the environment information comprises high-frequency IMU data, laser radar point clouds and camera images; and determining the current position of the robot according to the high-frequency IMU data, the laser radar point cloud, the motor encoder pulse data and the camera image. The application realizes high-precision positioning by utilizing the laser radar, the inertial measurement unit and the camera, performs detection such as personnel search and gas analysis on unknown areas, can assist trapped personnel to quickly evacuate through the personnel carrying cabin after the trapped personnel are searched, and can send the position of the trapped personnel to off-site searching and rescuing personnel in a state that the trapped personnel are disabled to assist the rescuing personnel to enter an accident site for rescuing wounded personnel. The application not only can greatly improve the safety and efficiency of rescue, but also can provide powerful technical support for emergency disposal of coal mine safety accidents, and becomes an important tool for guaranteeing the life safety of miners.",,,E21F11/00;B25J19/022;B25J19/02;B25J11/00;B25J9/1664;B25J9/1679;B25J9/16,E21F11/00;B25J19/02;B25J11/00;B25J9/16,XIAN RESEARCH INSTITUTE OF CHINA COAL TECHNOLOGY & ENGINEERING GROUP CORP,,True,False
CN-118731934-A,CN-202410639427-A,CN,A,92859820,20240522,20240522,20241001,0,Target detection method and device based on inertial measurement unit and ultra-wideband radar coupling,,"The invention provides a target detection method and device based on inertial measurement unit and ultra-wideband radar coupling, wherein the method comprises the following steps: acquiring a reference speed calculated by an inertial measurement unit; receiving a radar echo signal returned by an indoor environment; based on the reference speed, carrying out weak target enhancement processing on the radar echo signal by adopting a preset adaptive algorithm to obtain a target radar echo signal; and detecting the target in the indoor environment according to the target radar echo signal to obtain a target detection result. According to the method, the reference speed calculated by the inertial measurement unit is utilized to assist in carrying out weak target enhancement processing on the radar echo signal, so that the performance of detecting the weak target under the influence of multipath interference and clutter of the radar in a mobile measurement mode can be effectively improved, high-precision target detection is realized, and firefighters and other rescue workers are assisted to rapidly and accurately detect trapped people under emergency conditions such as fire.",,,G01C21/1652;G01S7/295;G01S7/2923;G01S13/06;G01S13/0209;G01S13/86,G01S13/06;G01S13/02;G01S7/295;G01S7/292;G01C21/16;G01S13/86,UNIV TSINGHUA,,True,False
CN-119044958-A,CN-202411113331-A,CN,A,93574609,20240814,20240814,20241129,0,Human body target positioning method based on tensor decomposition singular spectrum analysis method,,"The invention discloses a human body target positioning method based on a singular spectrum analysis method of tensor decomposition, which relates to the technical field of emergency search and rescue human body positioning and comprises the following steps of S1, ultra Wideband (UWB) biological radar echo signal acquisition and preprocessing, S2, embedding a preprocessed one-dimensional time sequence into tensor, S3, tensor decomposition, S4, grouping reconstruction, S5 and Hankel matrixing. The method is more suitable for processing non-stationary signals, and in subspace selection and reconstruction, the tensor decomposition process is supervised by using an Ensemble Empirical Mode (EEMD), and the tensor decomposition replaces the Singular Value Decomposition (SVD) process in the traditional Singular Spectrum Analysis (SSA), so that the signals can be well processed, in addition, the EEMD plays a role in supervising the reconstruction process in the tensor decomposition, and the SNCR reduction caused by error estimation of respiratory signal frequency is avoided.",,,G06F18/10;G06F17/16;G01S7/418;G01S13/06;G01S13/88,G06F18/10;G06F17/16;G01S13/06;G01S7/41;G01S13/88,GENERAL HOSPITAL OF NORTHERN THEATER COMMAND OF PLA,,True,True
KR-102278248-B1,KR-20200149983-A,KR,B1,77150921,20201111,20201111,20210716,20210716,AI based dangerous situation detection system for mobile crane and work of ground work place yard using analyzing accident cause big data of mobile crane and work of ground work place yard,이동식 크레인 지상 작업장 및 작업자 사고원인 분석 빅데이터를 이용한 ai기반 이동식 크레인 지상 작업장 및 작업자 위험 탐지 시스템,"The present invention relates to an artificial intelligence (AI)-based dangerous situation detection system for a working ground and worker below a mobile crane using accident cause analysis big data of a working ground and worker below a mobile crane and, more specifically, to a system for detecting the risk of a working ground and worker below a mobile crane, which is operated by an AI system and an ultrawide band (UWB) VT sensor and PT sensor system to prevent accidents. According to the present invention, the system comprises: an AI system analyzing mobile crane types and features, mobile crane working environments, disaster cases by the type of disaster including fall, drop, overturning, straying, collapse, electric shock, and collision related to mobile crane works, causes of accidents including defects in lifting objects, booms, car bodies, boarding equipment, and hooks, classification of victims including crane operators, nearby workers, and managers, and causes of accidents including non-compliance with safety rules, defective line hanging works, defective crane equipment, overturning of cranes, defective boarding facilities, defective buckets, and inexperienced work to build big data for each mobile crane type/feature, each mobile crane working environment, each disaster case by disaster type, each accident cause, each victim classification, and each accident cause, and generating and mapping accident response scenarios corresponding to the big data for each classification; and a UWB VT sensor and PT sensor system attached to the mobile crane and a worker or an object.","본 발명은 이동식 크레인 지상 작업장 및 작업자 사고원인 분석 빅데이터를 이용한 AI기반 이동식 크레인 지상 작업장 및 작업자 위험 탐지 시스템에 관한 것으로, 이동식 크레인 종류 및 특징과, 이동식 크레인 작업환경과, 이동식 크레인 작업과 관련한 추락, 낙하, 전도, 협착, 도괴·붕괴, 감전 및 충돌을 포함하는 재해형태별 재해사례와, 인양물, 붐대, 차체, 탑승설비 및 후크 결함을 포함하는 사고유발원인과, 크레인 운전자, 인근 작업자, 관리자를 포함하는 피해자분류와, 안전수칙 미준수, 줄걸이 작업불량, 크레인 장비불량, 크레인 전도, 탑승설비 불량, 버켓불량 및 작업미숙을 포함하는 사고원인을 분석하여 상기 이동식 크레인 종류 및 특징, 이동식 크레인 작업환경, 재해형태별 재해사례, 사고유발원인, 피해자분류, 사고원인별로 분류별 빅데이터화하고, 상기 분류별 빅데이터에 상응하는 안전사고 대응시나리오를 작성 맵핑하여 구축한 인공지능시스템과; 이동식 크레인 및 작업자 또는 사물에 부착된 UWB VT 및 PT센서시스템;을 포함하여 구성되어 상기 인공지능시스템 및 UWB VT센서 및 PT센서 시스템에 의하여 작동되는 이동식 크레인 지상 작업장 및 작업자의 위험을 탐지하기 위한 시스템에 관한 것이다.",,B66C15/00;G06Q10/0637;G06Q10/04;G06Q10/0635,G06Q10/04;G06Q10/06,IL SEUNG DONG ENG & CON CO LTD,KR,True,False
US-8463361-B2,US-60166508-A,US,B2,40075532,20080523,20070524,20130611,20130611,System and method for non-invasive instantaneous and continuous measurement of cardiac chamber volume,,"A system and method for non-invasive and continuous measurement of cardiac chamber volume and derivative parameters including stroke volume, cardiac output and ejection fraction comprising an ultrawideband radar system having a transmitting and receiving antenna for applying ultrawideband radio signals to a target area of a subject&#39;s anatomy wherein the receiving antenna collects and transmits signal returns from the target area which are then delivered to a data processing unit, such as an integrated processor or PDA, having software and hardware used to process the signal returns to produce a value for cardiac stroke volume and changes in cardiac stroke volume supporting multiple diagnostic requirements for emergency response and medical personnel whether located in the battlefield, at a disaster site or at a hospital or other treatment facility.",,,A61B6/507;A61B5/411;A61B6/508;A61B5/026;A61B5/05;A61B5/0507;A61B5/02028;A61B5/029;A61B5/6823,A61B5/00,TUPIN JR JOE PAUL;LIFEWAVE INC,US,True,False
KR-20220093607-A,KR-20200184489-A,KR,A,82401918,20201228,20201228,20220705,0,Method and apparatus for position estimation of first responders,긴급 구조원의 위치 결정 방법 및 장치,"Disclosed is a method for measuring an indoor location of an emergency responder in an emergency communication system which can be rapidly deployed during disaster recovery. According to one embodiment, a method for determining a location of an emergency responder includes the steps of: estimating a distance between an anchor node and an emergency responder based on signals received from a plurality of anchor nodes; based on the distance, determining an optimal set of anchor nodes from the plurality of anchor nodes; and determining the location of the emergency responder based on the optimal set of anchor nodes. The anchor node includes at least one of still-alive access points (SAPs) and helper access points (HAPs).","재난 복구 시 신속 배치 가능한 응급 통신 시스템에서 긴급 구조원의 실내 위치 측정 방법이 개시된다.  일 실시예에 따른 긴급 구조원의 위치 결정 방법은 복수의 앵커 노드에서 수신되는 신호에 기초하여, 앵커 노드와 긴급 구조원 사이의 거리를 추정하는 단계, 거리에 기초하여, 복수의 앵커 노드 중에서 최적의 앵커 노드 집합을 결정하는 단계, 최적의 앵커 노드 집합에 기초하여, 긴급 구조원의 위치를 결정하는 단계를 포함하고, 앵커 노드는 스틸 얼라이브 액세스 포인트(still-alive access points ; SAPs) 및 헬퍼 액세스 포인트(helper access points ; HAPs) 중 적어도 하나를 포함한다.",,G01S11/06;H04W64/00;G01S5/14;G01S5/0252,G01S11/06;G01S5/02;G01S5/14;H04W64/00,NAT UNIV KUNSAN IACF,KR,True,True
CN-117784816-B,CN-202311816073-A,CN,B,90393885,20231226,20231226,20241029,20241029,Unmanned aerial vehicle field search and rescue method and device based on UWB,,"The invention relates to the technical field of communication positioning, in particular to an unmanned aerial vehicle field search and rescue method and device based on UWB. The method comprises the following steps: step 100, receiving a distress signal sent by a UWB transmitter carried by a distress person by using a UWB receiver carried by an unmanned aerial vehicle; 102, controlling the unmanned aerial vehicle to fly for three times from an initial position according to a preset flight rule; 104, collecting position coordinates of the current position of the unmanned aerial vehicle after each flight is finished; step 106, determining the position coordinates of the distress call and the distance from the initial position to the distress call based on the initial position of the unmanned aerial vehicle and the position coordinates of the current position after each flight is finished; step 108, circularly executing the steps 102-106 until the distance from the initial position to the SOS person is smaller than the preset distance; and taking the position coordinate of the current position of the unmanned aerial vehicle in the first flight in each round of circulation process as the position coordinate of the initial position. The technical scheme of the invention can improve the field search and rescue efficiency.",,,,G05D1/46,,,True,False
CN-105865445-A,CN-201610187759-A,CN,A,56626006,20160329,20160329,20160817,0,Inertial navigation indoor positioning system and use method thereof,,"The invention discloses an inertial navigation indoor positioning system and a use method thereof. The system comprises a positioning module and a receiving module, the positioning module mainly comprises a calculating and processing module, an emission module and a gyroscope, one side of the calculating and processing module in the positioning module is provided with an error calibration module, the gyroscope is communicated with the calculating and processing module and the error calibration module, the calculating and processing module is communicated with the emission module, and the emission module is wirelessly communicated with the receiving module. The system can realizes accurate positioning in firefighting or rescue and relief work places without arranging basic points in advance. Human body pace data is acquired by the gyroscope, is calculated and analyzed by the calculating and processing module, is received by the receiving module, and is introduced to a computer, the position information of personnel is monitored in real time, and the pace data undergoes error detection and error correction through the error calibration module to make position information transmitted to command personnel be accurate.",,,G01C21/206;G01C21/16,G01C21/16;G01C21/20,QUANGAN (SUZHOU) INTELLIGENT TECH CO LTD,,True,True
CN-114802732-A,CN-202210511157-A,CN,A,82513380,20220511,20220511,20220729,0,Coaxial double-rotor unmanned aerial vehicle,,"The invention discloses a coaxial double-rotor unmanned aerial vehicle, and belongs to the technical field of unmanned aerial vehicles. The vertical cylindrical fuselage is adopted, the coaxial double propellers provide power, and the control of the aircraft is realized by changing the direction of the pulling force and the rotating speed difference of the double rotors. The invention can also adopt GNSS positioning equipment and vision positioning equipment to respectively combine with IMU to form an inertial satellite integrated navigation and vision-inertial navigation synchronous positioning and map building VI-SLAM navigation positioning system, and can realize autonomous flight in both open environment covered by GNSS and closed and GNSS-rejected environment. The aircraft has the attributes of universalization, informatization, autonomy, intellectualization and the like, has a simple structure, low cost, high efficiency ratio, firmness and durability and convenient carrying, can provide global situation information of &#39;no-go, no-touch and no-see&#39; parts of streets, indoors, jungles and the like, and completes the tasks of detection or search and rescue of closed and sheltered spaces of cities, jungles, indoors and the like.",,,B64U50/19;B64U2201/00;B64U10/10;B64C27/10;G01C21/20;B64C27/001;G01C21/165;B64C27/52;B64C13/24;B64C27/14;G01C21/206;B64C13/28;B64C27/12;B64C27/50,B64C13/24;B64C27/00;B64C27/14;G01C21/16;B64C27/10;B64C27/52;B64C13/28;B64C27/12;B64C27/50;G01C21/20,SHENYANG AIRCRAFT DESIGN INSTITUTE YANGZHOU COLLABORATIVE INNOVATION RES INSTITUTE CO LTD,,True,True
CN-117189247-A,CN-202310937909-A,CN,A,89000589,20230727,20230727,20231208,0,"Risk analysis early warning device, early warning method, safety risk assessment method and system",,"The invention discloses risk analysis early warning equipment, an early warning method, a safety risk assessment method and a system, wherein the risk analysis early warning equipment comprises a clothing body, a positioning component, a monitoring component, an alarm component, an analysis prediction component and a communication component, the positioning component comprises a main positioning module and a standby positioning module, the main positioning module comprises a UWB main positioning module and an RTK positioning module, and the standby positioning module comprises a UWB standby positioning module; the monitoring component comprises a physiological condition monitoring module and an environmental condition monitoring module; the analysis and prediction component comprises a main control module and a standby control module which are provided with risk analysis and prediction units for constructing a CNN-LSTM model; the communication assembly comprises a main communication module and a standby communication module; and meanwhile, when accidents such as roof collapse and the like occur, the position information, the physiological condition information and the internal environment information of the mining area of the operating personnel can be provided for the outside, so that the search and rescue efficiency is improved.",,,,E21F17/18;G06Q10/04;G06Q10/0635;G06Q50/02;G08B21/04;G08B25/01;G08B25/08;G08B31/00,UNIV CHINA GEOSCIENCES WUHAN,,True,False
CN-215834019-U,CN-202122223428-U,CN,U,80199641,20210915,20210915,20220215,20220215,Emergency rescue comprehensive command device,,"The utility model relates to an emergency rescue comprehensive command device, which belongs to the technical field of emergency rescue, and comprises a closed space, double emergency rescue comprehensive command equipment with double UWB (ultra wide band) tag modules and a UWB base station system; the emergency rescue comprehensive command equipment comprises a motor, a wireless module, an obstacle avoidance device, an encoder, a double UWB (ultra Wide band) tag module, an IMU (inertial measurement Unit) inertial measurement unit, a temperature detection module, a gas concentration detection module and a smoke concentration detection module, wherein the motor, the wireless module, the obstacle avoidance device, the encoder, the double UWB tag module, the IMU inertial measurement unit, the temperature detection module, the gas concentration detection module and the smoke concentration detection module are respectively connected with a PID (proportion integration differentiation) controller; the method has the advantages that the UWB positioning is adopted to automatically set the path tour according to the user; when meeting an obstacle during driving, the vehicle can automatically stop; through the configuration of cell-phone APP: a. the movement speed and the movement track of the emergency rescue comprehensive command equipment can be configured through the APP; b. the driving, stopping and remote control of the emergency rescue comprehensive command equipment can be controlled through the APP; c. the running state of the emergency rescue comprehensive command equipment can be monitored.",,,,G08B21/14;G08B25/10;H04W4/02;G08B21/16;H04M1/72415,HUNAN VOCATIONAL INSTITUTE OF SAFETY TECH CHANGSHA COAL MINE SAFETY TECH TRAINING CENTER,,True,True
US-2009257316-A1,US-8258708-A,US,A1,41163882,20080411,20080411,20091015,0,System for communicating location of survivors in mine emergencies,,"The disclosed system uses seismic signaling to locate survivors in a mine collapse. A separate transmitter with a specific pre-selected frequency or frequencies is placed in pre-positioned safety zones of a mine. The system generates frequency-locked, unmodulated seismic energy, which allows rescuers to identify the safety zone where a transmitter is activated. The transmitter comprises an oscillator that generates the signal. The oscillator drives the transducer. The transducer causes the inertial mass to move. The movement of the inertial mass generates the seismic waves, which are conducted through the pressure plate to the earth. The seismic signal is detected then amplified, filtered, converted and then processed. The use of a continuous signal enables the processing unit to identify the frequency of the signal with a very low error rate, using frequency content identification. The disclosure also describes a method for transmitting seismic waves through the earth using the above described system.",,,H04B1/034,H04B1/38,VMI FOUNDATION INC,US,True,False
KR-20260111888-A,KR-20250003511-A,KR,A,100774083,20250109,20250109,20260716,0,Rescue worker Indoor Location Tracking System,구조대원 실내 위치 추적 시스템,,"본 발명의 구조대원 실내 위치 추적 시스템은, 복수의 실시간 위치추적용 무선태그의 무선신호를 수신하는 적어도 하나 이상의 앵커노드와, 구조대원의 몸에 부착되며 소정의 주기마다 실시간 위치추적용 무선태그를 자동투하시키는 태그 투하장치와, 상기 앵커노드로부터 수신된 상기 복수의 실시간 위치추적용 무선태그의 무선신호를 바탕으로 미리 설정된 위치측위방식을 이용하여 실시간 위치추적용 무선태그의 위치를 파악하는 위치 파악부를 포함하는 것을 특징으로 한다.",,H04W4/029;G06Q50/10;G06Q50/26;H04W4/023;H04W4/80,H04W4/029;G06Q50/10;G06Q50/26;H04W4/02;H04W4/80,KUMOH NATIONAL INST OF TECHNOLOGY INDUSTRY ACADEMIC COOPERATION FOUNDATION,KR,True,True
CN-113115212-A,CN-202110493748-A,CN,A,76721058,20210507,20210507,20210713,0,Management system based on UWB mine staff,,"The invention discloses a management system based on UWB mine workers, comprising: a base station system; the tag system is used for receiving and transmitting data with the base station system and is arranged on a safety helmet of a worker; the upper computer transmits and receives data to and from the base station system; and the background monitoring alarm system is used for receiving the data signal sent by the upper computer. The system can know the specific position of each worker in real time through the upper computer of the system, and whether the worker enters a dangerous area, and timely remind workers entering an illegal area; the life safety of the worker can be better guaranteed, and if the worker encounters an emergency or danger, the worker can ask for help through a help calling button on the label system to be rescued in time; when an accident occurs in the mine, the trapped personnel can be accurately positioned, and accurate and effective rescue is implemented.",,,G08B25/016;G08B25/10;G08B25/12;G08B3/10;H04W4/021;H04W4/023;G08B21/0261;G08B21/0272;H04W4/30;H04W4/029,G08B25/10;G08B25/01;G08B25/12;H04W4/029;G08B3/10;H04W4/021;G08B21/02;H04W4/30;H04W4/02,HE BINGCHEN,,True,True
CN-120499603-A,CN-202510547498-A,CN,A,96679636,20250428,20250428,20250815,0,Fire-fighting indoor rescue positioning method and system based on national secret trusted communication,,"The invention discloses a fire-fighting indoor rescue positioning method, a fire-fighting indoor rescue positioning system and a fire-fighting indoor rescue positioning system based on national secret trusted communication, which relate to the technical field of indoor rescue personnel positioning and comprise the following steps that step 100, a hybrid positioning network is formed through a UWB positioning base station, a UWB positioning card and a visual positioning node; step 200, acquiring initial positions and motion tracks of trapped personnel, encrypting by adopting a national encryption algorithm, uploading to a command center digital twin platform, step 300, acquiring multi-source sensor data by a rescue personnel terminal, receiving UWB base station signals, generating real-time position information of the rescue personnel and sign information of the rescue personnel by combining a pre-stored indoor micro map, step 400, encrypting the real-time position information of the rescue personnel and the sign information of the rescue personnel by adopting the national encryption algorithm, selecting a communication frequency band by adopting a dynamic frequency spectrum allocation mechanism, transmitting to the command center digital twin platform, and step 500, fusing the real-time position of the rescue personnel and the information of the trapped personnel by the command center digital twin platform, generating a rescue obstacle avoidance path and transmitting to the rescue personnel terminal.",,,,H04W72/0453;H04W64/00;H04W12/03;H04W4/90;H04W4/33;H04W4/029,YUXI E GOVERNMENT INTRANET INFORMATION TECH CENTER,,True,True
KR-101853700-B1,KR-20160168500-A,KR,B1,62183697,20161212,20161212,20180502,20180502,Indoor localization system in disaster relief and localization method thereof,재난 구조시의 실내 위치 표시 시스템 및 방법,"The present invention relates to aindoor localization system and method during disaster relief, which can carry out exact localization by recognizing an indoor position if existing communication facilities are interrupted, and an indoor environment is changed (damaged) in a disaster situation. The indoor localization system comprises: a disaster victim terminal as a fixed node; a plurality of rescuer terminals as a plurality of mobile nodes, which can communicate with the disaster victim terminal; a localization server which divides a lower region with respect to the indoor environment, determines a position of the disaster victim terminal with the highest accuracy among positions reported from all the rescuer terminals as the final position of the disaster victim terminal; a database which divides the inside of a building into a latticed target region by the localization server, divides the target region into a lower region in accordance with the number and type of walls between the region and each latticed point, and stores information with respect to the indoor environment realized by separately forming the gathering of reference points (RP) with respect to each latticed point. According to the present invention, therefore, costs of an off-line step may be reduced in comparison to a conventional fingerprint-based method.","재난 상황에서 기존의 통신 시설이 중단되고 실내 환경이 변경(손상)되는 경우 실내 위치를 파악하여 정확한 위치 표시(localization)를 실행할 수 있는 재난 구조시의 실내 위치 표시 시스템 및 방법에 관한 것으로, 고정 노드로서 재난피해자 단말기, 다수의 이동 노드로서 상기 재난피해자 단말기와 통신 가능한 다수의 구조자 단말기, 상기 실내 환경에 대한 하부 영역을 분할하고, 상기 재난피해자 단말기의 최종 위치로서 모든 구조자 단말기들로부터 보고된 위치들 중에서 가장 높은 정확도를 갖는 재난피해자 단말기의 위치를 재난피해자 단말기의 최종 위치로 결정하는 위치 표시 서버, 상기 위치 표시 서버에 의해 건물 내를 격자로 표적 영역으로 분할하고, 영역과 각 격자점 사이의 벽의 개수와 종류에 따라 표적 영역을 하부 영역으로 분할하고, 각 격자점에 대해 별도로 참조 점(RP : Reference Points) 집합을 형성하여 이루어진 상기 실내 환경에 대한 정보를 저장하는 데이터베이스를 포함하는 구성을 마련하여, 종래의 지문 기반 방법에 비해 오프라인 단계의 비용을 줄일 수 있다.",,H04W64/006;H04W4/025;H04W4/043;H04W4/90,H04W4/02;H04W64/00,SEOUL NAT UNIV R&DB FOUNDATION,KR,True,True
CN-102423261-A,CN-201110279420-A,CN,A,45957359,20110920,20110920,20120425,0,Ultra-wide bandwidth radar type non-contact life parameter real-time monitoring system,,"The invention discloses an ultra-wide bandwidth radar type non-contact life parameter real-time monitoring system which comprises a UWB (Ultra-Wide Bandwidth) radar front end and a signal processing display unit. The system can realize real-time and non-contact monitoring on physiological parameters of a human body, such as respiration, body movement signals, respiratory rate, and the like under the condition of penetrating through a thicker nonmetal obstacle. The ultra-wide bandwidth radar type non-contact life parameter real-time monitoring system is mainly used for the physiological parameter monitoring of patients which are not suitable for being connected with electrodes and a sensor in a ward, such as large-area burn patients, and the like, can be also used for carrying out non-contact real-time monitoring on buried wounded people (who can not be rescued in short time) in the disasters, such as earthquake, and the like and provides necessary reference for search and rescue staffs applying medical rescue to learn the vital sign condition of a rescued object at any time.",,,,A61B5/08;G01S13/88,FOURTH MILITARY MEDICAL UNIV,,True,True
CN-117784816-A,CN-202311816073-A,CN,A,90393885,20231226,20231226,20240329,0,Unmanned aerial vehicle field search and rescue method and device based on UWB,,"The invention relates to the technical field of communication positioning, in particular to an unmanned aerial vehicle field search and rescue method and device based on UWB. The method comprises the following steps: step 100, receiving a distress signal sent by a UWB transmitter carried by a distress person by using a UWB receiver carried by an unmanned aerial vehicle; 102, controlling the unmanned aerial vehicle to fly for three times from an initial position according to a preset flight rule; 104, collecting position coordinates of the current position of the unmanned aerial vehicle after each flight is finished; step 106, determining the position coordinates of the distress call and the distance from the initial position to the distress call based on the initial position of the unmanned aerial vehicle and the position coordinates of the current position after each flight is finished; step 108, circularly executing the steps 102-106 until the distance from the initial position to the SOS person is smaller than the preset distance; and taking the position coordinate of the current position of the unmanned aerial vehicle in the first flight in each round of circulation process as the position coordinate of the initial position. The technical scheme of the invention can improve the field search and rescue efficiency.",,,,G05D1/46,SHENZHEN DACHENWEI TECH GROUP CO LTD,,True,False
CN-121995373-A,CN-202511896579-A,CN,A,99643663,20251216,20251216,20260508,0,"Mobile life detection method, system and device based on migration learning mechanism and UWB radar",,"The invention discloses a mobile life detection method, a system and a device based on a migration learning mechanism and a UWB radar, which relate to the technical field of radar signal processing and emergency rescue, and have the technical key points that the mobile life detection method and the system construct a simulation-migration-real-time reasoning technical system, generate a large amount of diversified training data with labels through high-fidelity physical simulation, and pre-train a deep neural network model by utilizing the data; after the mobile platform enters a real disaster site, the invention adopts a transfer learning technology, and the pre-training model can be quickly fine-tuned by only collecting data of a very small amount of non-living areas on site or simply calibrating the data, so that the model is suitable for the current special environment. In this way, the invention can realize high-precision mobile life detection and provide powerful support for emergency rescue work.",,,,H04W4/30;H04W4/02;G06N3/096;G06N3/0464;G06N3/0442;G01S7/41;G01S13/88,UNIV SOUTHWEST,,True,True
CN-113639755-B,CN-202110961650-A,CN,B,78423121,20210820,20210820,20240906,20240906,Fire scene escape-rescue combined system based on deep reinforcement learning,,"The invention discloses a fire scene escape-rescue combined system based on deep reinforcement learning, which comprises an escape garment arranged near a fire hydrant box of a fire safety key unit and a fire control room arranged on a fire rescue vehicle; the escape suit is provided with a low-power consumption wireless signal transmission module which communicates with the outside in a severe environment, and is implanted with a building escape route map, an indoor positioning system and a Q-learning reinforcement learning escape route planning algorithm; the fire control room is provided with an information receiving module and an escape path guiding algorithm based on real-time fire conditions and LSTM; once a fire condition occurs, when on-site personnel pick up the escape clothes and generate rapid movement, the line signal transmission module of the escape clothes automatically starts and guides personnel to evacuate and carries out real-time communication with the fire control room and the fire rescue vehicle, so that the combination of on-site self rescue and fire rescue personnel search and rescue is realized, the survival rate is effectively improved, and the degree of damage of the on-site personnel is reduced to the greatest extent.",,,G06N3/044;G06N3/08;G01C21/20,G06N3/092;G06N3/0442;G01C21/20,,,True,True
CN-120185697-A,CN-202510660111-A,CN,A,96042719,20250522,20250522,20250620,0,Unmanned aerial vehicle search and rescue positioning method with low power consumption and two-way beacon cooperation,,"The invention belongs to the technical field of unmanned aerial vehicle search and rescue positioning, and particularly discloses a unmanned aerial vehicle search and rescue positioning method with low power consumption and two-way beacon cooperation, which is characterized in that an activation signal is forwarded through unmanned aerial vehicle group cooperation relay, a coverage radius range is improved by combining a spread spectrum technology, a terrain shielding blind area is eliminated, a joint positioning algorithm of azimuth angles and change rates thereof is provided, satellite signals are not required to be relied on, meter-level positioning is realized in a non-line-of-sight environment, the beacon device adopts an intermittent wake-up mechanism, the standby current is reduced to below 10 mu A, the endurance time is prolonged to 30 days, the long-period search and rescue requirement is met, and the problems of the traditional search and rescue system in terms of coverage area, safety, precision and cost are systematically solved.",,,Y02D30/70;H04W4/90;H04W4/029;H04L63/0869;H04L63/0428;H04L9/0852;H04L9/40;H04L27/2601;H04L1/0057;H04B1/69;H04B7/18504;H04B7/18506,H04W4/90;H04W4/029;H04L27/26;H04L9/40;H04L9/08;H04L1/00;H04B1/69;H04B7/185,UNIV XIDIAN,,True,True
US-2010124259-A1,US-69324710-A,US,A1,35463622,20100125,20040527,20100520,0,Method and System for Determining the Delay of Digital Signals,,"A method of and system for determining the time required for a digital bit or bit stream to traverse a round-trip path from a source transceiver to at least one destination transceiver and back is disclosed. The relative timing of the transmitted bit or bit stream is compared to the return bit or bit stream using a high speed comparison configuration so as to provide in substantially real-time various measurements related to or derived from the time required to traverse the round trip path, including distance measurement in indoor positioning, real-time locating, adaptive cruise control, intelligent transportation systems, robotics, collision avoidance, personnel accountability, emergency location, search and rescue, loss and theft prevention, logistics, marine safety, network analysis, communication channel characterization, and other high-speed measurement tasks. In addition, a method of and system for determining the distance between a source transceiver and a destination transceiver, and a method of and system for determining the angular position of a transceiver with respect to at least two other transceivers, are disclosed.",,,H04J3/0682;G01S13/76;G01S13/878,H04J3/06;G01S13/76;H04B1/38;H04B17/00;G01S13/87,BOKHOUR EDWARD,,True,False
CN-103245976-B,CN-201310196338-A,CN,B,48925609,20130523,20130523,20160120,20160120,Based on human body target and the surrounding environment structure compatible detection method of UWB bioradar,,"The invention discloses a kind of human body target based on UWB bioradar and surrounding environment structure compatible detection method, comprise the following steps: A pre-treatment step; B human body target detection steps; C-structure detection steps; Consider the hole formed under pressing the survivor be embedded in ruins to be mostly buried in ruins after the disasters such as earthquake occur, therefore there is certain space between survivor and ruins, and the medium in this space is air.Utilize this qualifications and human body target positional information, the detecting and identifying to hole upper and lower interface can be realized, to for obtaining in follow-up study more accurately, comprehensively ruins structural information explore, and the application and development of searching and rescuing bioradar technology for UWB provides new thinking.",,,,G01V3/12,,,True,True
CN-113947993-A,CN-202111176527-A,CN,A,79329405,20211009,20211009,20220118,0,Doorplate with umb and Beidou positioning functions,,"The invention discloses a doorplate utilizing umb and Beidou positioning functions, which comprises a mounting plate, a doorplate main body, a fixing plate, a fixing component, a doorplate mark, a buzzer, a solar panel, a power supply module, a Beidou positioning module, a umb module, a UWB module, a control module, a two-dimensional code generation module, a switching module and a wireless transmission module, wherein the doorplate main body is fixed on one side of the mounting plate, the fixing plate is mounted on the other side of the mounting plate through the fixing component, and the doorplate mark is mounted on one side of the doorplate main body; the doorplate provided by the invention avoids the singleness of the traditional doorplate, is convenient for a user to use, the Beidou positioning module and the umb module are more accurately positioned, and are matched with the buzzer, so that the alarming positioning and disaster rescue are facilitated, the doorplate position is conveniently and accurately found, the search and rescue time is reduced, and the fixed assembly is arranged, so that the doorplate main body can be conveniently fixedly installed, detached and maintained, and time and labor are saved.",,,H04W4/024;G08B3/10;G09F7/18;G09F7/00;G01S19/14;G09F2007/1856,G09F7/00;G01S19/14;G08B3/10;G09F7/18;H04W4/024,JIANG YUANYUAN,,True,True
KR-102747843-B1,KR-20240045404-A,KR,B1,94237381,20240403,20240403,20250102,20250102,Uwb communication-based fire control system using indoor embedded lighting,실내 매립형 조명을 이용한 uwb 통신 기반 소방 관제 시스템,"Disclosed is a UWB communication-based fire monitoring system using indoor embedded lighting, comprising: a firefighter UWB tag that is attached to a firefighter and performs UWB communication; a rescue requester UWB tag that is attached to a rescue requester and performs UWB communication; a fire status notification UWB tag that is attached to a designated area of a fire site and performs UWB communication; an indoor embedded UWB anchor that is embedded in an indoor space, emits light, and performs UWB communication with the firefighter UWB tag, the rescue requester UWB tag, and the fire status notification UWB tag; and a UWB integrated monitoring server that measures the UWB tag communication time of the indoor embedded UWB anchor with the rescue requester UWB tag, the firefighter UWB tag, and the fire status notification UWB tag in real-time and measures and monitors the respective positions of the firefighter UWB tag, the rescue requester UWB tag, and the fire status notification UWB tag in real-time based on the real-time measured UWB tag communication time.","실내 매립형 조명을 이용한 UWB 통신 기반 소방 관제 시스템이 개시된다.  소방관에 부착되어 UWB 통신을 수행하는 소방관 UWB 태그; 요구조자에 부착되어 UWB 통신을 수행하는 요구조자 UWB 태그; 화재 현장의 소정 공간에 부착되어 UWB 통신을 수행하는 화재 상태 알림 UWB 태그; 실내 공간에 매립되어 조명을 방사하며, 상기 소방관 UWB 태그, 상기 요구조자 UWB 태그 및 상기 화재 상태 알림 UWB 태그와 UWB 통신을 수행하는 실내 매립형 UWB 앵커; 상기 실내 매립형 UWB 앵커의 상기 요구조자 UWB 태그, 상기 소방관 UWB 태그 및 상기 화재 상태 알림 UWB 태그와의 UWB 태그 통신 시간을 실시간 측정하고, 실시간 측정된 UWB 태그 통신 시간에 의해 상기 소방관 UWB 태그, 상기 요구조자 UWB 태그 및 상기 화재 상태 알림 UWB 태그의 각각의 위치를 실시간 측정하고 모니터링하는 UWB 통합 관제 서버를 구성한다.",,H05B47/19;H05B47/155;H05B47/105;G08B27/001;G08B21/0277;G08B21/02;G06Q50/10;H04W4/80,H05B47/19;H05B47/155;H05B47/105;G08B27/00;G08B21/02;G06Q50/10;H04W4/80,SHINHWA CONSTRUCTION CO LTD,KR,True,False
KR-20150138790-A,KR-20140067272-A,KR,A,54979143,20140602,20140602,20151210,0,Disaster control system,실내위치제공장치를 통한 재난방지 시스템,"A beacon is installed on a train or a public stage and is managed to execute an operation or report the location. A security guard in the corresponding location is connected through the corresponding beacon. The beacon can always connect the responsible agent and the security guard in a short range in order to check a device when an accident occurs, transmit a warning or a message, and enable the security guard to execute a needed operation as a first responder. The present invention can also group the security guard and a special public officer in a short range and transmit a responding manual to the corresponding agent to enable the security guard to execute the needed operation as the first responder. The present invention can group the agents on the same floor or train or in adjacent locations to enable more organized response.","비컨은 열차, 공공장소 등에 설치되어 있으며 위치및 작동이 관리되고 있으며 해당 비컨을 통하여 해당 위치의 안전요원등이 연결되어 있는 상태로 되어 있거나 근거리에 있는 책임요원이나 안전요원을 언제나 연결할 수 있도록 하여 사고가 발새아였을대 장치를 확인하여 경고및 메세지를 전달하도록 하고 안전요원을 통하여는 필요한 초동조치를 할 수 있도록 한다.  
또한, 근거리에 있는 안전요원, 특수공무원등을 그룹핑 할 수 있으며 필요한 경우 대응메뉴얼을 해당 요원에게 전송하여 안전요원등이 당황하지 않고 초동조치를 행할 수 이쏟록 한다.  
특히 같은 층, 근처의 위치와 장소, 같은 열차 등에 있는 요원들이 그룹핑될 수 있어 보다 조직적인 대응이 가능하도록 할 수 있다.",,G08B25/10;G08B23/00,G08B25/10;G08B23/00,PLUM CO LTD,KR,True,False
KR-102801399-B1,KR-20220186550-A,KR,B1,91949145,20221228,20221228,20250429,20250429,Fire detection system for predicting fire situation and checking occupancy through supervised learning,지도학습을 통한 화재 상황 예측 및 재실 여부를 확인할 수 있는 화재감지 시스템,,"지도학습을 통한 화재 상황 예측 및 재실 여부를 확인할 수 있는 화재감지 시스템이 제공된다. 본 발명의 실시예에 따른 화재감지 방법은, 화재감지 시스템이, 화재 감지를 위한 데이터를 획득하는 단계; 화재감지 시스템이, 획득된 데이터를 RNN(Recurrent Neural Network) 모델에 적용하는 단계; 화재감지 시스템이, RNN 모델을 기반으로 화재 발생 여부를 판단하는 단계; 및 화재감지 시스템이, UWB(Ultra-WideBand; 초광대역) 센서를 기반으로 재실감지 여부를 판단하는 단계;를 포함한다. 이에 의해, 각 센서(온/습도, 연기감지)로부터 데이터를 이용한 기계학습을 통해 화재감지의 위험도를 사전에 판단하고 예측할 수 있으며, 예측 모델의 재학습을 통해 정확도를 개선할 수 있다. 또한, UWB(Ultra-WideBand; 초광대역) 레이더 센서를 통하여 화재 발생 장소에 인체가 존재하는지를 판단하고, 위치를 확인할 수 있어, 화재 발생 시 인명 피해를 최소화할 수 있다.",,G01K1/02;G01S13/04;G01S13/0209;G06N3/09;G06N3/044;G01D21/02;G08B21/22;G08B17/10;G08B31/00,G08B21/22;G08B17/10;G06N3/09;G06N3/044;G01S13/04;G01S13/02;G01D21/02;G08B31/00,,,True,False
CN-109323694-A,CN-201810979107-A,CN,A,65263841,20180827,20180827,20190212,0,A kind of indoor positioning and search and rescue system based on unmanned plane,,"The present invention discloses a kind of indoor positioning and search and rescue system based on unmanned plane, including earth station and unmanned plane two parts, the earth station includes control computer, model generates interface, control interface, the base station UWBLOC and data transmission module, the unmanned plane includes drone body, flight control system, signal transmission device, indoor positioning module, data processing module, gas detection module, camera, fire behavior acquisition module and life detection module, fire behavior size and spatial distribution and variation tendency are judged by setting fire behavior acquisition module, life detection module is set simultaneously and detects the life entity to live, gas-detecting device is set again to judge the concentration of pernicious gas, and these detection results are generated interface display in model to come out for fireman&#39;s reference, the present invention can carry out scene of fire effectively and comprehensive Information is collected, and is referred to for fireman, is helped fireman to formulate rescue strategies, is reduced the difficulty and risk of rescue.",,,G01N33/0062;G01S13/88;G01C21/206,G01S13/88;G01N33/00;G01C21/20,GUANGDONG RONGQE INTELLIGENT TECH CO LTD,,True,True
CN-115988423-A,CN-202211720934-A,CN,A,85975657,20221231,20221231,20230418,0,Fire fighting fire scene internal attack positioning method based on digital twin technology,,"The invention provides a fire fighting fire scene internal attack positioning method based on a digital twin technology, which comprises the following steps: step one, acquiring sensor information from a data acquisition device; step two, importing a scene three-dimensional model; acquiring real-time data of an attack position in a fire scene; step four, carrying out real-time synchronous twinning in the fire scene attack process of the firemen; fifthly, carrying out online interaction by firemen; the fourth step specifically comprises the following steps; s1, establishing and researching a twin model; s2, indoor positioning research based on a PDR algorithm; s3, designing a digital twin physical layer; s4, visual monitoring research based on MQTT; the invention can solve the problem that the firefighter gets lost in the process of attack.",,,,G06T17/00;H04W64/00;H04W4/029;H04W4/33;H04W4/024,UNIV FUZHOU,,True,True
CN-119299956-B,CN-202411404178-A,CN,B,94168270,20241009,20241009,20250930,20250930,Method and system for constructing and optimizing environment map based on ultra wideband UWB,,"The invention provides a method and a system for constructing and optimizing an environment map based on ultra wideband UWB, which are applicable to extreme environments. First, the system initializes a two-dimensional grid map and collects signal data through the UWB device. When determining the LOS path, the corresponding mesh is defined as &#34;free&#34; state, otherwise marked as &#34;occupied&#34;. For NLOS features, the obstacle positions are mapped onto a map. And then, refining the map through an average filter, a morphological filter and a region growing algorithm, and improving the accuracy of obstacle representation. Finally, the optimized map information is utilized, and the weight of a positioning algorithm is adjusted through a Weighted Least Squares (WLS) method, so that the positioning accuracy is improved. The invention has the advantages that the invention can effectively construct the environment obstacle information, is suitable for navigation after refinement treatment, and can normally construct the map in dark light and smoke environment. The system relies solely on UWB sensors to achieve accurate positioning in obstructed environments.",,,H04W64/00;H04W4/024;G06T7/187;G06T5/30;G06T5/20;G06T5/70,H04W64/00;G06T7/187;G06T5/70;G06T5/30;G06T5/20;H04W4/024,,,False,True
CN-203894599-U,CN-201320815768-U,CN,U,51720976,20131206,20131206,20141022,20141022,Indoor positioning and condition monitoring system for fire-fighting and rescue personnel,,"The utility model relates to an indoor positioning and condition monitoring system for fire-fighting and rescue personnel, and belongs to the technical field of dead zone positioning. The system consists of an indoor positioning module, a condition monitoring module, an emergent rescue device, and a remote monitoring module, wherein the indoor positioning module, the condition monitoring module and the emergent rescue device are fixed in a terminal which is worn on a rear waist of an operator, so as to achieve the positioning and condition monitoring of the operator. Moreover, the position and condition of the operator are displayed through an upper computer. The surroundings of the operator are simulated by the upper computer, and a route is also drawn. The system provided by the utility model is high in positioning precision, is high in safety, is good in instantaneity, and greatly helps the indoor firefighting and rescue.",,,,G05B19/418;G01C21/18,UNIV HEBEI TECHNOLOGY,,True,False
CN-115200579-A,CN-202211118481-A,CN,A,83572311,20220915,20220915,20221018,0,Self-configurable firefighter location and environment detection method and system,,"The invention provides a self-configurable firefighter positioning and environment detecting method and system, which comprises the following steps: step 1, the equipment is in a sleep mode; step 2, the equipment is switched into a working state from a sleep mode; step 3, respectively calculating position data by the micro inertial navigation system and the satellite navigation system; step 4, the central processing unit acquires environmental data by using the sensing detection module; step 5, acquiring equipment information and firefighter identity identification information; step 6, the positioning equipment and the identity identification information of the firemen, the fusion positioning position data and the fire fighting site environment detection data are broadcasted and sent out through the wireless communication module; and 7, continuously and intelligently detecting and configuring the peripheral sensing detection module/equipment by the equipment in the working mode. The invention can realize non-inductive use, and firemen do not need to manually operate each device on a task site, thereby reducing the workload, and also do not need to carry out additional training on the firemen, thereby reducing the use cost and difficulty.",,,G01C21/165;G01D21/02;H04W4/029;G01S19/47;H04W84/18,H04W4/029;G01D21/02;G01S19/47;G01C21/16;H04W84/18,JIANGSU DEYIJIA SECURITY TECH CO LTD,,True,True
CN-121336474-A,CN-202380099337-A,CN,A,93851120,20230615,20230615,20260113,0,Communication method and related equipment,,"The application provides a communication method and related equipment. The method includes a first responder receiving a first frame from an initiator for initiating a ranging procedure, the first responder generating a first private address based on the first frame and information related to an identity of the first responder, the first responder transmitting a second frame carrying the first private address to the initiator. The method can be applied to an ultra wideband multi-millisecond ranging system. In accordance with the present application, the initiator may verify whether the frame is indeed from an authorized responder in an ultra wideband multi-millisecond ranging session.",,,H04L61/35;H04W12/08;H04W12/75;H04W8/26;H04W64/00;H04W12/02;G01S13/765;H04B1/7163,H04W64/00,HUAWEI TECH CO LTD,,True,False
CN-114459589-B,CN-202111567022-A,CN,B,81406442,20211220,20211220,20240705,20240705,Underwater acoustic signal detection method based on Redberg atomic radar,,"The invention discloses an underwater acoustic signal detection method based on a Redberg atomic radar, which utilizes a multi-frequency band microwave source to emit microwave signals to a water surface, each frequency band microwave signal senses fluctuation of the water surface and generates a reflection echo, utilizes a Redberg atomic antenna array to receive the reflection echo of each frequency band microwave signal once, inverts the water surface fluctuation signal according to a micro Doppler effect and fits an acoustic component through high-pass filtering. According to the invention, the performance of the traditional radar is upgraded by the capability advantage of the Redburg atoms in the aspects of high-sensitivity electromagnetic signal sensing, ultra-wideband multi-band parallel signal detection and the like, so that the traditional radar meets the micro-Doppler water surface fluctuation measurement requirement; meanwhile, in view of the fact that the working frequency of the underwater acoustic signal is larger than the fluctuation frequency of the water surface waves, high-frequency effective information can be extracted from low-frequency strong background noise by using a high-pass filter, and a brand-new and feasible underwater acoustic signal detection means with upgraded performance is provided for underwater exploration, hydrologic measurement, diving search and rescue and the like.",,,G01R29/0892;G01S13/88;G01H3/00,G01S13/88;G01R29/08;G01H3/00,,,True,True
CN-214930621-U,CN-202121312874-U,CN,U,79050098,20210612,20210612,20211130,20211130,Autonomous navigation unmanned aerial vehicle integrating visual inertial navigation,,"The utility model relates to an autonomous navigation unmanned aerial vehicle integrating visual inertial navigation, wherein a frame is of a three-layer structure, and the bottom of the bottom layer of the frame is provided with a supporting part and a camera assembly; a plurality of wings are arranged outwards at the edges between the middle layer and the bottom layer of the rack, and a flight assembly and a function expansion assembly are arranged in cooperation with the wings; a control panel is arranged on the upper part of the bottom layer of the machine frame among the plurality of wings in a matching way; a power supply is arranged on the middle layer of the frame in a matching way; the top layer of the rack is provided with an upper computer in a matching way; the upper computer and the control panel are connected with a power supply, and the upper computer is matched with the control panel; the camera shooting assembly, the flying assembly and the function expansion assembly are arranged in a matched mode with the control panel. The utility model can independently position and navigate in complex unknown environment which can not be reached easily, provide reasonable and stable map building of surrounding environment, automatically patrol in high-difficulty search and rescue tasks of different occasions, carry out map reconnaissance and construction in unknown geographical areas, and realize autonomous navigation logistics transportation; overall structure is stable, and work efficiency is high, and operating condition is stable, the maintenance of being convenient for.",,,,B64D33/10;B64C39/02;B64C27/08;B64C1/06;B64D47/08,CHEN XINTIAN;QU BO,,True,False
CN-111765886-A,CN-202010419251-A,CN,A,72719179,20200518,20200518,20201013,0,Multi-terminal collaborative forest crown lower landform mapping system and method,,"The invention discloses a system and a method for establishing a map of a landform under a multi-terminal cooperative forest tree crown. The method comprises initializing correction time; the method comprises the following steps that a three-dimensional laser radar obtains three-dimensional point cloud data of a space environment around an unmanned vehicle, an inertial navigation system obtains inertial navigation positioning data of the unmanned vehicle, and a satellite navigation module obtains satellite navigation positioning data of the unmanned vehicle; fusing inertial navigation positioning data and satellite navigation positioning data of the unmanned vehicle to obtain real-time positioning information of the unmanned vehicle; and orderly accumulating according to the three-dimensional point cloud data and the real-time positioning information to generate a three-dimensional landform map. The unmanned vehicle inertial navigation positioning data and the satellite navigation positioning data are fused, the positioning precision of the unmanned vehicle is improved, the precision of the three-dimensional landform map is improved, and direct basis and guarantee are provided for the optimal fire extinguishing search and rescue path and scheme when a fire disaster occurs.",,,G01S19/48;G01S17/86;G01S19/47;G01C21/165,G01C21/16;G01S19/47;G01S19/48;G01S17/86,ZHEJIANG XIBEIHU SPECIAL VEHICLE CO LTD,,True,False
CN-116233741-A,CN-202211618399-A,CN,A,86586274,20221215,20221215,20230606,0,High-rise building fire rescue information system based on bluetooth indoor positioning,,"The invention discloses a high-rise building fire rescue information system based on Bluetooth indoor positioning, which comprises: the Bluetooth beacon is used for sending Bluetooth signals to the intelligent terminals in the communication range in the building; the intelligent terminal is used for collecting real-time position information of rescue workers, receiving Bluetooth signals sent by the Bluetooth beacons and sending the received Bluetooth signals to the background server; the background server is used for analyzing the Bluetooth signal through a signal attenuation model to obtain a signal intensity indication value of the intelligent terminal, analyzing the signal intensity indication value through a filtering algorithm to obtain a stable signal intensity indication value, calculating to obtain the distance between the Bluetooth beacon and the intelligent terminal, further calculating to obtain the position of the intelligent terminal, and transmitting the obtained position information to the command terminal; and the command terminal is used for receiving the position information of the intelligent terminal sent by the background server. The invention can accurately acquire the position of the firefighter, improve rescue efficiency and reduce the probability of casualties.",,,Y02D30/70;H04W4/021;H04W4/33;H04W4/80;H04W64/00;G08B17/00,G08B17/00;H04W64/00;H04W4/021;H04W4/33;H04W4/80,NANJING LES INF TECH CO LTD,,True,True
CN-115056235-A,CN-202210584067-A,CN,A,83198857,20220527,20220527,20220916,0,Rat search and rescue robot based on multi-mode fusion positioning and search and rescue method,,"The invention discloses a rat search and rescue robot based on multi-mode fusion positioning and a search and rescue method, and the robot comprises a rat biological body, an electronic backpack module and a system platform, wherein the electronic backpack module comprises a microprocessor, a pulse generator, a channel selector, a wireless communication signal receiving module, a UWB human body presence sensor, a positioning module and a power supply circuit, the system platform comprises an upper computer and a wireless communication signal transmitting module, and wireless communication connection is established in a wireless communication mode so as to establish an information interaction channel between a computer system and a biological brain central nervous system among the rat biological body, the electronic backpack module and the system platform. The rat robot realized by the brain-computer interface technology directly takes the body of a rat as a body, reserves the good function of the animal through natural evolution, does not need to use a special control algorithm to detect and judge the environment in a complex environment, and can autonomously realize the motion control and obstacle avoidance functions by utilizing the existing capacity of the rat.",,,B25J9/1679;B25J11/00;B25J9/1676;B25J9/1661;B25J13/087;Y02D30/70,B25J13/08;B25J9/16;B25J11/00,UNIV ZHEJIANG,,True,False
US-2024108541-A1,US-202318384374-A,US,A1,67620576,20231026,20160224,20240404,0,Automatic determination of defibrillation pad location on patient&#39;s chest,,"A medical device uses UWB units to infer a position of an adjunct positioned in proximity to an exterior portion of a patient&#39;s body. The position information can be used to provide CPR feedback to a rescuer. In other applications, the position information can be used to provide prompts to a user to change the position of the adjunct.",,,A61H31/005;A61H31/007;A61H2203/0456;A61H2205/084;A61H1/00;A61H2201/5097;A61H2230/82;A61H2201/1669;A61H2031/002;A61H2201/1688;A61H2201/5007;A61H2201/5043;A61H31/006;A61H31/00;A61H2201/1619;A61H2201/1253;A61N1/046;A61N1/39044;A61N1/39046,A61H31/00,PHYSIO CONTROL INC,US,True,False
CN-118688874-A,CN-202410700686-A,CN,A,92773412,20240531,20240531,20240924,0,Multi-information fusion and heat source assisted medical search and rescue unmanned aerial vehicle positioning method,,"The invention belongs to the technical field of unmanned aerial vehicle positioning, and particularly relates to a medical search and rescue unmanned aerial vehicle positioning method based on multi-information fusion and heat source assistance. According to the method, a GPS, an inertial measurement unit, an optical flow sensor, an ultrasonic sensor, an infrared thermal imaging camera and other sensors are integrated, an extended Kalman filtering algorithm and an active disturbance rejection control algorithm are utilized to achieve accurate positioning of a target heat source and accurate landing of an unmanned aerial vehicle, and a real-time monitoring unit in a real-time monitoring and decision support system receives data returned by the unmanned aerial vehicle and transmits analysis results to a real-time decision unit. The positioning method provided by the invention enables the unmanned aerial vehicle to effectively execute medical search and rescue tasks in a wide search area under complex terrain and changeable weather conditions, and provides immediate medical assistance for trapped persons, thereby playing a vital role in the field of emergency medical rescue.",,,G01J5/48;G01S19/42;G01C21/183;G01C21/165;G01C21/005;G01C21/20;G01V9/005,G01S19/42;G01J5/48;G01C21/20;G01C21/16;G01C21/00;G01V9/00,JIANGXI CHANGHE PHARMACEUTICAL SUPPLY CHAIN MAN CO LTD,,True,True
WO-2024254833-A1,CN-2023100512-W,WO,A1,93851120,20230615,20230615,20241219,0,Communication method and related device,,"The present application provides a communication method and related device. The method includes: a first responder receives from an initiator a first frame for initiating a ranging process; the first responder generates a first private address based on the first frame and information related to an identity of the first responder; and the first responder transmits a second frame carrying the first private address to the initiator. The method may be applied to ultra-wideband multi-millisecond ranging systems. According to this application, an initiator can verify whether a frame is really from an authorized responder in an ultra-wideband multi-millisecond ranging session.",,,H04L61/35;H04W12/08;H04W12/75;H04W12/02;H04W8/26;H04W64/00;G01S13/765;H04B1/7163,H04W64/00,HUAWEI TECH CO LTD,CN,True,False
CN-108832997-B,CN-201810892369-A,CN,B,64153629,20180807,20180807,20240112,20240112,Unmanned aerial vehicle group searching and rescuing method and system,,"The invention discloses a search and rescue method and a system for unmanned aerial vehicle groups, wherein the method comprises the following steps: the method comprises the steps that a plurality of search unmanned aerial vehicles form an unmanned aerial vehicle group, and a detection source is carried to scan a region to be searched to determine a suspected region, wherein the detection source comprises a radio spectrum detection source, and/or a SAR imaging detection source, and/or an optical imaging detection source; determining a target area from the suspected area through data fusion; and scanning the target area by searching an ultra-wideband life detection radar carried by the unmanned aerial vehicle, and acquiring and returning vital sign state information in the target area. The method has the advantages of accurate search and rescue positioning, high precision, good flexibility, good stability, capability of greatly improving the search and rescue efficiency and the like.",,,H04B7/18504;H04B7/18506;H04B7/18508;G01S13/867;G01S13/887;G01S13/90,H04B7/185;G01S13/86;G01S13/88;G01S13/90,,,True,True
CN-121240042-A,CN-202511372732-A,CN,A,98160610,20250924,20250924,20251230,0,Disaster warning video color ring sending method and device based on near field communication equipment,,"The disclosure relates to a disaster warning video color ring sending method and device based on short-range communication equipment. The method comprises the steps of obtaining networking information of a search and rescue network sent by a target user terminal, wherein the search and rescue network is a group constructed by the target user terminal based on ultra wideband UWB technology, screening optimal terminals from surrounding short-distance assisted search and rescue terminals, the networking information comprises disaster type information and position information reported by the target user terminal, corresponding disaster warning video color ring is generated according to the disaster type information in the networking information, and the disaster warning video color ring and the position information of the target user terminal are directionally pushed to the assisted search and rescue terminals in the search and rescue network based on terminal identification of the networking information, wherein the disaster warning video color ring is used for assisting the assisted search and rescue terminals to rescue. The method and the device can reduce the resource loss of the search and rescue target in the search and rescue process, can also improve the accuracy of search and rescue information transmission, and realize the accurate triggering of the search and rescue information.",,,Y02D30/70,H04W84/18;H04W4/90;H04W4/80;H04W4/021;H04M3/42;G08B21/10;H04W4/12,MIGU MUSIC CO LTD;MIGU CULTURE TECH CO LTD;CHINA MOBILE COMMUNICATIONS GROUP CO LTD,,True,True
CN-115056235-B,CN-202210584067-A,CN,B,83198857,20220527,20220527,20230905,20230905,Multi-mode fusion positioning-based rat search and rescue robot and search and rescue method,,"The invention discloses a rat search and rescue robot and a search and rescue method based on multi-mode fusion positioning, wherein the rat search and rescue robot comprises a rat biological body, an electronic knapsack module and a system platform, the electronic knapsack module comprises a microprocessor, a pulse generator, a channel selector, a wireless communication signal receiving module, a UWB human body existence sensor, a positioning module and a power supply circuit, the system platform comprises an upper computer and a wireless communication signal transmitting module, and wireless communication connection is established in a wireless communication mode so as to build an information interaction path between a computer system and a biological brain central nervous system among the rat biological body, the electronic knapsack module and the system platform. The rat robot realized by the brain-computer interface technology directly takes the body of the rat as a body, keeps the good function of the animal through natural evolution, does not need to detect and judge the environment by a special control algorithm in a complex environment, and can autonomously realize the motion control and obstacle avoidance functions by utilizing the existing capability of the rat.",,,Y02D30/70;B25J11/00;B25J9/1676;B25J9/1679;B25J9/1661;B25J13/087,B25J11/00;B25J9/16;B25J13/08,,,True,False
CN-208721783-U,CN-201821110660-U,CN,U,65973387,20180713,20180713,20190409,20190409,Indoor positioning system for firemen,,"A firefighter indoor positioning system, having: a wireless tag reader for a firefighter to wear or carry; the wireless tags are arranged at a plurality of positioning points in an indoor space and are respectively provided with a memory for storing position information, and the position information corresponds to one positioning point; in operation, the wireless tag reading device is wirelessly coupled with at least one wireless tag in a sensing range to obtain the position information corresponding to at least one positioning point of the indoor space.",,,,G01S5/10,LIU MIANZHI,,True,False
CN-118962672-A,CN-202411113199-A,CN,A,93399565,20240814,20240814,20241115,0,Method and system for predicting survival space aperture of pressed human body,,"The invention belongs to the technical field of prediction of living space of a buried human body, and discloses a method and a system for predicting aperture of living space of the buried human body based on ultra-wideband biological radar, according to prior information that medium in a living space hole is mostly air, and the propagation speed of electromagnetic waves is close to the propagation speed of the electromagnetic waves in vacuum, after a human body target is judged to exist and positioned, taking the human body target positioning position as the circle center, taking the distance from the sparse pulse sequence obtained by sparse pulse deconvolution to the circle center as the radius, making a series of concentric circles, if the concentric circles are overlapped to a certain extent, judging the position of the pulse sequence as the upper edge position of the human body living space hole, and estimating the aperture size. The method can effectively estimate the aperture size of the living space of the human body target under ruins, and the information is favorable for judging the surrounding condition of survivors.",,,G01S7/418;G01S7/417;G01S7/41;G01S13/0209;G01S13/88,G01S13/02;G01S7/41;G01S13/88,GENERAL HOSPITAL OF NORTHERN THEATER COMMAND OF PLA,,False,True
CN-108474835-A,CN-201680068664-A,CN,A,58763620,20161123,20151125,20180831,0,Indoor positioning and tracing system,,"The invention discloses track system, the method and apparatus of at least one of object, vehicle and personnel at the scene by determining the distance between first node and remote node.In some embodiments, it provides a kind of for by the distance between node for being located in emergency responder and allowing to draw the relative position of the emergency responder method to track the emergency responder at emergency scene.",,,G01S2205/06;G01S13/88;G01S13/878;G01S5/0231;G01S7/352;G01S13/84;G01S13/825,G01S5/04,SCOTT TECH INC,,True,True
CN-114800445-A,CN-202210344882-A,CN,A,82532416,20220402,20220402,20220729,0,Amphibious exoskeleton robot system for underwater rescue,,"The invention provides an amphibious exoskeleton robot system for underwater rescue in the technical field of flood disaster relief auxiliary robots, which comprises a sensing module, a base module and a rigid lower limb exoskeleton, wherein the sensing module comprises a myoelectric sensor and an inertial sensor, the base module comprises a processing module and a driving module, the rigid lower limb exoskeleton module comprises a waterproof backpack, the inertial sensor is arranged on the surface of the skin of a joint, the myoelectric sensor is arranged at the position of a shank and a thigh, the driving module and the processing module are arranged in the waterproof backpack, the driving module is connected with the processing module, the inertial sensor and the myoelectric sensor receive signals, the signals are fed back to the processing module and the driving module, and the driving module indicates the rigid lower limb exoskeleton to make corresponding actions to provide assistance. The invention is provided with the inertial sensor to realize the distinguishing of the motion states, obtains the bioelectricity signal of the rescuers by the myoelectric sensor to predict the next action, and controls the rigid lower limb exoskeleton to make the corresponding action to complete the optimal boosting work.",,,B25J9/0006;B25J9/16;B25J9/1694,B25J9/00;B25J9/16,INSTITUTE OF ADVANCED TECHNOLOGY UNIV OF SCIENCE AND TECHNOLOGY OF CHINA,,True,False
CN-121208816-A,CN-202511490898-A,CN,A,98107594,20251017,20251017,20251226,0,Wall penetrating radar system for life detection,,"The invention discloses a through-wall radar system for life detection, which belongs to the technical field of radar detection, and comprises an antenna module, a P440 ultra-wideband transceiver module, a signal processing module, a communication module and a control terminal, wherein an antenna array formed by sail-shaped antenna units is constructed, and the P440 ultra-wideband transceiver module is combined to realize accurate detection of a human body target after a dry brick wall with the thickness of more than or equal to 22cm, and the system is modularized integrated under the condition of ensuring the detection distance and the angle range, so that portability is ensured, and the system stability is ensured through a power module and a temperature sensing supplementing unit, so that the system can be widely applied to the scenes of anti-terrorism detection, post-disaster search and rescue and the like. The invention solves the problem of insufficient reliability of life detection of the radar in a complex wall environment.",,,,G01S13/88,UNIV ELECTRONIC SCI & TECH CHINA,,True,True
KR-20260111794-A,KR-20250003284-A,KR,A,100774027,20250109,20250109,20260716,0,Firefighter location tracking system and method using Bluetooth-based indoor positioning and altitude sensor,블루투스 기반 실내 측위 및 고도 센서를 이용한 소방 대원 위치 추적 시스템 및 방법,,"본 발명은 블루투스 기반 실내 측위 및 고도 센서를 이용한 소방 대원 위치 추적 시스템 및 방법에 관한 것이다. 본 발명의 시스템은 소방 대원이 휴대하는 스마트폰, 웨어러블 기기, 그리고 관제 서버로 구성된다. 스마트폰은 블루투스 모듈과 고도 센서를 이용하여 위치 정보를 측정하고, 웨어러블 기기는 스마트폰과 블루투스 통신을 통해 위치 정보를 수신하여 디스플레이에 표시한다. 관제 서버는 스마트폰과 웨어러블 기기에서 수신된 정보를 기반으로 소방 대원의 위치를 3차원 좌표로 계산하고, 이를 지도 상에 시각적으로 표시하여 소방 현장 지휘 및 효율적인 구조 활동을 지원한다. 
 
본 발명에 따르면, 블루투스 및 고도 센서를 이용하여 실내 환경에서 소방 대원의 위치를 정확하게 파악할 수 있으며, 저비용, 저전력으로 구현 가능하며, 유지보수가 용이한 위치 추적 시스템을 제공한다. 또한, 화재, 재난 등의 상황에서도 안정적으로 작동하는 강건한 위치 추적 시스템을 제공하며, 소방 대원의 위치 정보, 이동 경로, 층 정보, 상대적 위치 등 다양한 정보를 실시간으로 제공하여 소방 현장 지휘 및 효율적인 구조 활동을 지원할 수 있다.",,H04W4/029;G06Q50/10;G06Q50/26;H04W4/023;H04W4/026;H04W4/80;H04W4/90,H04W4/029;G06Q50/26;H04W4/02;H04W4/80;H04W4/90,JAYBANGJAE CO LTD,KR,True,True
CN-210835734-U,CN-201922212823-U,CN,U,71279592,20191211,20191211,20200623,20200623,Unmanned aerial vehicle search and rescue system,,"The utility model discloses an unmanned aerial vehicle search and rescue system, include: the system comprises an upper computer, an unmanned aerial vehicle and a portable device which are in wireless connection communication with the upper computer, and an OpenMV machine vision module; the portable device is positioned on the person to be rescued; the portable device is attached with a GPS module to preliminarily position the rescue workers, and meanwhile, the unmanned aerial vehicle and the portable device are respectively provided with a UWB positioning module to perform positioning again. The utility model discloses at first treat the rescue personnel through the GPS module and carry out preliminary location, the host computer obtains preliminary positioning information, go out to move unmanned aerial vehicle and go to preliminary positioning position according to planning the route, the further accurate positioning of UWB positioning module is recycled, positioning accuracy reaches centimetre level, can realize accurate input, when unable realization real-time location and the pursuit through the UWB module, unmanned aerial vehicle can rely on OpenMV machine vision module to realize real-time location and pursuit, thereby the adaptability and the interference killing feature of system have been strengthened.",,,,G05D1/12,UNIV GUANGXI,,True,False
CN-120034829-A,CN-202510214403-A,CN,A,95734510,20250226,20250226,20250523,0,Fire rescue field positioning system and method based on Internet of things,,"The invention discloses a fire rescue field positioning system and method based on the Internet of things, and relates to the technical field of positioning; the method comprises the steps of enabling a person to be positioned to wear equipment integrated with an ultrahigh frequency RFID card reader and an inertial navigation sensor, entering the area to be positioned, enabling the ultrahigh frequency RFID card reader to automatically scan surrounding passive RFID cards and read ID information to obtain RFID positioning information, enabling the inertial navigation sensor to calculate the motion track and direction of the person to be positioned to obtain the positioning information of the inertial navigation sensor, and commanding a dispatching background to determine the real-time position of the person to be positioned through a data analysis algorithm. According to the invention, the RFID positioning and the inertial navigation sensor are combined, the passive RFID card is used for providing a fixed position reference, the inertial navigation sensor compensates the positioning blind area, the personnel positioning is completed in a seamless connection way, and the firefighting rescue area is covered.",,,G08B21/185;H04L67/12;H04W4/80;H04W4/025;H04W4/029,H04W4/80;H04W4/02;H04L67/12;G08B21/18;H04W4/029,SUZHOU QIANYE IOT TECH CO LTD,,True,True
CN-105388452-A,CN-201510729672-A,CN,A,55420941,20151030,20151030,20160309,0,Ultra wideband radar multipoint distributed target positioning method based on life detection aircraft,,"The invention discloses an ultra wideband radar multipoint distributed target positioning method based on a life detection aircraft, which relates to the technical field of life detection aircrafts and radars. Based on powerful maneuvering performance of a search and rescue aircraft, an ultra wideband life detection radar is arranged on the aircraft, and by using the multipoint distributed target positioning method, quick and accurate living thing positioning can be realized. In an experiment, the radar is placed on an aircraft pan-tilt, the aircraft is used for controlling the radar to move at a high altitude, and according to a multipoint distributed target judgment criterion, a three-sphere method is applied to solving target position information. The original distance detection result in a pitch-catch mode is used for solving a ternary quadratic inhomogeneous equation set, the optimal solution is selected according to results of the equation set, and thus the position information of the living thing in three-dimensional space can be obtained. Through applying an adjacent discrimination method to searching a detection point, the radar is closest to the target position and surrounds the target, and effectiveness and reliability of living thing target positioning are enhanced.",,,G01S5/00,G01S5/00,UNIV BEIJING TECHNOLOGY,,True,False
CN-110276927-B,CN-201810233446-A,CN,B,67957931,20180316,20180316,20240528,20240528,Waterproof infrared light smoke detector for throwing,,"The invention discloses a waterproof infrared light smoke detector for throwing, which comprises a smoke detector body, wherein an air passage is arranged in the smoke detector body, an infrared luminous tube and an infrared photosensitive tube are symmetrically arranged on two sides of the middle of the air passage, an electrode contact A and an electrode contact B are symmetrically arranged on two sides of one end part of the air passage, an electrode contact C and an electrode contact D are symmetrically arranged on two sides of the other end part of the air passage, the electrode contact A, the electrode contact B, the electrode contact C, the electrode contact D, the infrared luminous tube and the infrared photosensitive tube are all connected with a control circuit board box through wires, and the control circuit board box is fixedly arranged at the right center of the inside of the smoke detector body. The invention solves the problem that the traditional smoke sensor is difficult to rapidly and accurately monitor smoke in the area near the ground in severe environments such as emergency rescue and the like by arranging the infrared luminous tube, the infrared photosensitive tube and the acceleration inertial sensor.",,,G08B17/103,G08B17/103,,,True,False
CN-108734356-B,CN-201810516125-A,CN,B,63935458,20180525,20180525,20211008,20211008,Indoor positioning and path planning method under fire-fighting rescue condition,,"The invention discloses an indoor positioning and path planning method under the condition of fire fighting and rescue, which comprises a server platform of an emergency on-site command center, a GPS positioning module, an inertial navigation module, an air respirator with augmented reality glasses and information processing and transmitting terminal equipment, wherein the GPS positioning module and the inertial navigation module are arranged on the firemen, and the specific position of the firemen in a building is obtained by obtaining the conversion relation from an inertial navigation coordinate system to a world coordinate system through the GPS positioning and the inertial navigation positioning. And planning an indoor optimal path from the firefighter to the target position according to the target position appointed by the command center. By the method, the fire-fighting rescue action speed of the firemen can be effectively improved, and the action safety of the firemen is guaranteed.",,,G01C21/343;G06Q10/047;G01S19/49,G01C21/20;G06Q10/04;G06F16/29;G01S19/49,,,True,True
CN-223077666-U,CN-202421369938-U,CN,U,96257550,20240617,20240617,20250708,20250708,"Fire control positioning system based on INS, 5G and unmanned aerial vehicle combination",,"The utility model discloses a fire-fighting positioning system based on combination of an INS, a 5G and an unmanned aerial vehicle, which belongs to the technical field of fire-fighting positioning and comprises a rotary wing unmanned aerial vehicle and a positioning terminal, wherein the rotary wing unmanned aerial vehicle is provided with a 5G base station and a first camera module, the first camera module is arranged on a cradle head of the rotary wing unmanned aerial vehicle, data acquired by the first camera module are wirelessly transmitted through the 5G base station, the positioning terminal comprises a microprocessor module arranged in a shell, a display screen, a first Bluetooth module and a 5G communication module, the display screen, the first Bluetooth module and the 5G communication module are electrically connected with the microprocessor module, an inertial navigation system module, a second camera and the second Bluetooth module are arranged on a fire-fighting helmet, the inertial navigation system module, the second camera module and the second Bluetooth module are electrically connected, and the first Bluetooth module and the second Bluetooth module are in communication connection. The utility model can assist firefighters in sensing the scene situation and the position, and improve the positioning accuracy and reliability in the fire environment.",,,,H04W4/02;H04N7/18;G01C21/20;B64U101/30;B64U20/87;B64U10/14;A62C3/02;G01C21/16,UNIV GUANGXI,,True,True
KR-20240099680-A,KR-20220181424-A,KR,A,91944745,20221222,20221222,20240701,0,System for spatial visualizing of disaster site and method thereof,재난현장 공간 시각화 시스템 및 그 방법,"The present invention relates to a system for visualizing a space at a disaster site and a method thereof and, more specifically, to a system for visualizing a space at a disaster site and a method thereof, which visualize and provide spatial information of various disaster sites by using location information of rescue workers confirmed through pedestrian dead reckoning (pdr) and data measured through fmcw lidar, thereby accurately grasping a spatial structure of a site where a disaster occurs and smoothly performing lifesaving work.","본 발명은 재난현장 공간 시각화 시스템 및 그 방법에 관한 것으로, 보행자 추측 항법(PDR)을 통해 확인한 구조대원의 위치 정보와 FMCW 라이다를 통해 측정한 데이터를 이용하여 각종 재난현장의 공간 정보를 시각화하여 제공함으로써, 재난이 발생한 현장의 공간 구조를 정확하게 파악할 수 있으며, 이를 통해서 인명 구조 작업을 원활하게 수행할 수 있도록 하는 재난현장 공간 시각화 시스템 및 그 방법에 관한 것이다.",,G06T2207/10028;G01C22/006;G06T3/18;G01S7/4913;G01S17/894;G01S17/86;G01S17/50;G01S7/497,G06T3/00;G01S17/894;G01S17/86;G01S17/50;G01S7/4913;G01S7/497,INFOWORKS CO LTD,KR,True,True
CN-109581289-B,CN-201811421404-A,CN,B,65924688,20181127,20181127,20230505,20230505,TOA co-positioning method for vehicle-mounted fire-fighting rotor unmanned aerial vehicle,,"The invention discloses a TOA co-location method of a vehicle-mounted fire-fighting rotor unmanned aerial vehicle, which comprises the following steps: UWB module installation and deployment: three motor fire-fighting vehicles on the ground are adopted as positioning platforms, and four UWB modules are deployed and installed on the roof of each vehicle; each motor fire truck roof platform is provided with a fire-fighting rotor unmanned aerial vehicle, and each rotor unmanned aerial vehicle is provided with a UWB module; the UWB module coordinates of the fire rotor unmanned aerial vehicle are calculated; the method comprises the steps of collecting TOA sensor data of a UWB module of the fire-fighting rotor unmanned aerial vehicle; and (5) solving the spatial position of the fire-fighting rotor unmanned aerial vehicle. According to the invention, under the conditions of unreliable GPS signals, weak signals or refusal among urban buildings, the accurate and reliable calculation of the spatial position of the fire-fighting rotor unmanned aerial vehicle is realized by the TOA co-location mode of a plurality of small-sized motor fire-fighting vehicles, thereby providing preconditions for autonomous or semi-autonomous flight of the fire-fighting rotor unmanned aerial vehicle and improving the safety of firefighters during operation.",,,G01S5/06,G01S5/06,,,True,False
CN-108803620-A,CN-201810828427-A,CN,A,64077970,20180725,20180725,20181113,0,A kind of UWB positioning systems for robot,,"A kind of UWB positioning systems for robot,Belong to indoor autonomous navigation technology field,Including locating module,Reconnoitre module,Data processing module,Control module,GPS technology and UWB technology are combined by locating module,GPS technology is for positioning robot chamber external position,UWB technology is for the positioning to indoor location,It reconnoitres module and is equipped with a variety of detection units,For detecting varying environment data,After data being exchanged with the pattern drawing unit in control module,It can be used for search-and-rescue work,Control model is divided into Active Control Mode and passive control model,The formulation of route can to data analysis and be independently carried out by system CPU data analysis unit,It also can be by the way that mobile route be sent instructions or fixed in a manner of program under artificial remote control,The present invention solves the problems, such as the unstable of indoor transmissions signal by UWB technology,UWB technology transmission rate is high,Spatial content is big,It is at low cost,It is low in energy consumption.",,,G01D21/02;G05D1/0236;G05D1/0214;G05D1/024;G05D1/0242;G05D1/0246;G05D1/0276;G05D1/0278,G01D21/02;G05D1/02,LIANG BUGE,,True,False
CN-112183138-A,CN-202011051531-A,CN,A,73946980,20200929,20200929,20210105,0,Rapid help seeking method based on indoor positioning advertisement screen,,"The invention discloses a quick help seeking method based on an indoor positioning advertisement screen. When the person needs to seek help, the person looks for a nearby advertisement screen; judging whether the help seeker can use code scanning software or not; seeking help by scanning the two-dimensional code on the advertisement screen; seeking help through a help seeking button of the advertisement screen; initiating a help call; the machine linkage is used for displaying the requirements and the position of equipment closest to the help seeker; the rescuer selects whether to provide help; scanning the two-dimensional code on the watched advertisement screen, and displaying navigation of equipment nearest to the help seeker, snapshot of a nearby environment or contact information of the help seeker; the rescuer arrives at the position of the help seeker and judges whether the help can be given or not; displaying a feedback two-dimensional code on an advertisement screen after releasing the release of the related emergency message; and (3) the rescuers and passers-by scan and evaluate the two-dimensional codes in the step (10), if the two-dimensional codes are true to call for help, the two-dimensional codes are ended, and if the two-dimensional codes are false to call for help, the two-dimensional codes are added into a blacklist.",,,G06V40/166;H04W4/021;G06K7/1417;H04W4/024;G09F9/30;H04W4/90;H04W4/33;G06K7/10821,G06K9/00;H04W4/33;H04W4/90;H04W4/021;H04W4/024;G06K7/10;G09F9/30;G06K7/14,FUZHOU DONGFANG WISDOM NETWORK TECH CO LTD,,True,True
KR-20170037802-A,KR-20150137192-A,KR,A,58587211,20150927,20150927,20170405,0,Method for emergency call using wearable device in both in-building and outdoor environment,웨어러블 디바이스를 활용한 실내외 응급호출 구현 방안,"The present invention relates to a communication terminal device which transmits location information measured by an optimum positioning method to a rescuer, respectively, in case a victim is located indoors and outdoors, in an emergency call by using a wearable device, and a recording medium storing a program to perform the method. Unlike the prior art in which errors may be generated according to the position of the victim by performing only the indoor positioning or outdoor positioning, optimum position information is automatically selected according to the position of the victim to transmit accurate position information of the victim, thereby increasing the likelihood of success of rescue.","본 발명은 웨어러블 디바이스를 활용하여 응급호출시 피구호자의 위치가  실내일 경우와 실외일 경우, 각각 최적의 측위방법으로 측위된 위치정보를 구호자에게 전송하는 통신단말장치와 이러한 방법을 수행할 수 있는 프로그램이 저장된 기록매체에 관한 것이다. 실내측위 혹은 실외측위만 수행하여 피구호차의 위치에 따라서 오차가 많이 발생할 수 있는 종래의 기술과 달리 피구호자의 위치에 따라  자동으로 최적의 위치정보를  선택하여 피구호자의 정확한 위치정보를 전송함으로써 구호의 성공 가능성을 높였다.",,G08B21/025;G08B25/14;G08B21/0205;G08B21/0269;G08B25/10;G08B21/0277;G08B25/016,G08B21/02;G08B25/01;G08B25/14;G08B25/10,CHOI GOON DON,KR,True,False
CN-118102223-A,CN-202410175053-A,CN,A,91147084,20240207,20240207,20240528,0,UWB network-based remote fire-fighting IoT system design,,"The design name is a remote fire-fighting IOT system design based on a UWB network, is an internet of things system with main functions of positioning, monitoring, fire-fighting and local navigation based on UWB communication technology, and is used for combining communication, positioning, network organization, data processing, computer visualization and the like, and aims to better solve the problem of difficult implementation of fire-fighting rescue in remote areas and higher floors of cities, monitor environments, remote operation objects and reduce casualties through the internet of things. Meanwhile, in a 3D modeling scene, positioning and navigation are performed by combining data, so that firefighters can conveniently perform fixed-point search and rescue navigation, and convenient intelligent service is provided for common users of other non-firefighting staff in commercial buildings.",,,H04L67/34;H04L67/131;H04L67/12;H04L67/025;H04W4/38;H04W4/06;H04W4/33;H04W4/024,H04W4/024;H04L67/00;H04L67/025;H04L67/12;H04L67/131;H04W4/06;H04W4/33;H04W4/38,LIANG CHENXI;GUO HUAN,,True,True
KR-20200028809-A,KR-20180167912-A,KR,A,70004155,20181221,20180907,20200317,0,Method for uwb transaction and electronic device therefor,Uwb 트랜잭션을 위한 방법 및 전자 장치,"The present invention relates to a method for an ultrawide band (UWB) transaction, which is capable of providing a security-guaranteed transaction using a UWB transaction, and an electronic device thereof. According to various embodiments of the present invention, the electronic device comprises: a communication circuit performing short-range wireless communications; a UWB communication circuit performing UWB communications; a security element providing an execution environment isolated from an operating system (OS) of the electronic device; and a processor. The UWB communication circuit performs ranging with an external electronic device, receives a first UWB signal including a media access control (MAC) header and a MAC payload from the external electronic device, and determines whether to transfer information included in a MAC payload information element to the security element based on at least the MAC payload information element included in the MAC payload. In addition, various embodiments are possible.","다양한 실시예에 따르면, 근거리 무선 통신을 수행하도록 설정된 통신 회로, UWB(ultra-wideband) 통신을 수행하도록 설정된 UWB 통신 회로, 상기 전자 장치의 OS(operating system)로부터 고립된(isolated) 실행 환경을 제공하도록 설정된 보안 요소, 및 프로세서를 포함하는 전자 장치가 개시된다. 상기 UWB 통신 회로는, 외부 전자 장치와의 레인징(ranging)을 수행하고, 상기 외부 전자 장치로부터 MAC 헤더 및 MAC 페이로드를 포함하는 제1 UWB 신호를 수신하고, 상기 MAC 페이로드에 포함된 MAC(medium access control) 페이로드 정보 요소에 적어도 기반하여 상기 MAC 페이로드 정보 요소에 포함된 정보의 상기 보안 요소로의 전달 여부를 결정하도록 설정될 수 있다. 이외에도 다양한 실시예들이 가능하다.",,H04W12/08;H04W88/06;H04W4/80;H04W4/40;H04W4/023;H04L63/107;G06F2221/2111;H04B1/7163;H04W12/06;H04L63/0853;G07C9/29;G06F21/53;G06F21/44,H04W88/06;H04W4/80;H04W12/08,SAMSUNG ELECTRONICS CO LTD,KR,False,True
CN-113784280-B,CN-202110860366-A,CN,B,78836607,20210728,20210728,20220614,20220614,Fireman indoor positioning method based on WiFi fingerprint,,"The invention discloses a WiFi fingerprint-based firefighter indoor positioning method, which comprises the following steps: when a fire disaster suddenly occurs, receiving signal intensity information transmitted by the wireless access node by a fireman rushing into the fire scene, and determining the serial number of a cluster to which the fireman belongs; according to the wireless access node reliability function, calculating and screening the reliability of each wireless access node, and filtering out wireless access nodes damaged by fire; calculating the distance proportion of all reference points in the same cluster by using a dynamic online matching algorithm in the cluster to which the firefighter belongs and combining the signal strength values received by the reference points, and selecting the reference points with the distance proportion larger than a distance proportion threshold value to carry out position estimation; and calculating the position coordinates of the firefighter according to the selected reference point. The invention provides an AP trust function to screen the AP aiming at the possible AP damage condition in the fire scene; and a dynamic online matching algorithm is applied, so that the positioning precision of the algorithm is improved.",,,G06F18/23213;H04W4/33;H04W4/023;H04W4/021,H04W4/33;H04W4/021;G06K9/62;H04W4/02,,,True,True
CN-116654203-B,CN-202310562783-A,CN,B,87714547,20230518,20230518,20251028,20251028,ROS-based modular unmanned ship/unmanned vehicle system with intelligent auxiliary counterweight,,"The modular unmanned ship/unmanned vehicle system based on intelligent auxiliary counterweight of ROS comprises a ship body/vehicle body, wherein a foundation module and an expansion module are installed in the ship body/vehicle body, the foundation module and the expansion module both comprise universal modules, each universal module comprises an embedded ROS system, a battery, a wireless electric energy conversion circuit and a wireless charging coil interface, the foundation module is provided with a plurality of wireless charging coil interfaces, the wireless charging coil interface of the expansion module is in butt joint with the wireless charging coil interface on the foundation module to realize charging and communication with the foundation module, the expansion module is one or a plurality of combinations of camera modules, 4G network modules, radar modules, inertial modules, vertical propulsion modules, horizontal propulsion modules, docking modules, water quality detection modules, water surface garbage cleaning modules, sonar imaging modules, search and rescue modules, magnetic sensor modules, high-speed calculation modules, interference modules and Mecanum wheel modules, and the ship body is provided with an intelligent counterweight module for counterweight or weight reduction and balance.",,,Y02T10/70;B62D63/02;B60L53/12;G01N33/18;B63C9/02;B63B35/32;H02J50/10;B63B43/00,H02J50/10;G01N33/18;B63C9/02;B63B35/32;B62D63/02;B60L53/12;B63B43/00,,,True,False
US-11557014-B2,US-201716765909-A,US,B2,60953835,20171219,20171219,20230117,20230117,Real-time managing evacuation of a building,,"The present disclosure relates an evacuation management system, EMS, (40, 52, 60, 00, 200) operative to provide real-time evacuation information for evacuation of a building, triggered by alarm notification (S202). Based on determined (S214) precise real-time positions of personal ultra-wide band, UWB, devices, as determined by UWB real-time localization system, RTLS, a controller determines (S210) evacuation plans being personal UWB device specific in real-time. Based on individual evacuation plans and input from building facilities, real-time guidance information is defined (S208) and sent to each personal UWB device, providing guidance to person carrying said personal UWB device, in what direction to move (S212), to reach a safe area. Based on localization signals the UWB RTLSA then calculates updated positions of the personal UWB devices and sends to the evacuation management system. It is an advantage that trapped or injured people can be found, even in low visibility areas.",,,G06N20/00;G01C21/206;H04W4/029;G06Q50/265;G06K7/10306;G06Q90/205;H04W76/50;G08B7/066;H04W4/024;G08B25/001;H04W4/90;G08B21/02;H04W4/33,G08B7/06;H04W4/024;G06N20/00;G06Q90/00;G08B25/00;H04W4/90;H04W76/50;G08B21/02;H04W4/33;H04W4/029;G06K7/10,ERICSSON TELEFON AB L M,SE,True,True
CN-119404527-A,CN-202380051200-A,CN,A,86688588,20230504,20220708,20250207,0,Multiple access techniques in Ultra Wideband (UWB) positioning,,"Techniques for wireless communication are disclosed. In one aspect, an initiator anchor node sends first configuration information for a first ranging session between the initiator anchor node and the first responder anchor node to a first responder anchor node, wherein the first configuration information indicates a first time of initiation for the first ranging session, and sends second configuration information for a second ranging session between the initiator anchor node and the second responder anchor node to a second responding Fang Mao node, wherein the second configuration information indicates a second time of initiation for the second ranging session, wherein the first ranging session and the second ranging session are configured to enable a mobile device to obtain a first time difference of arrival (TDOA) measurement and a second TDOA measurement for the first responder anchor node and the second responding Fang Mao node, respectively, and wherein the second time of initiation is offset from the first time of initiation.",,,H04J3/0661;H04B1/7163;H04B1/7075;H04W64/00;G01S13/765;H04W4/023;H04W4/80,H04W4/02,QUALCOMM INC,,True,True
CN-110853314-A,CN-201911144448-A,CN,A,69602696,20191120,20191120,20200228,0,Indoor dynamic security evacuation system based on Internet of things and BIM,,"The invention discloses an indoor dynamic security evacuation system based on the Internet of things and BIM, which comprises: the system comprises an indoor personnel positioning system, an indoor environment monitoring system, a building structure monitoring system, a set of dynamic evacuation path optimization algorithm and a three-dimensional dynamic visual system, wherein the indoor environment monitoring system is installed in a room of a building; the building structure monitoring system is arranged in a beam, a column, a floor slab and a wall body of a building; the dynamic evacuation path optimization algorithm can divide an indoor layout into a dangerous area and a safe area according to indoor environment information acquired by the indoor environment system and structural stress information acquired by the building structure monitoring system, and an evacuation path optimization scheme for trapped people is obtained by combining personnel position information acquired by the indoor positioning system and the indoor layout after dividing the areas; when disasters such as earthquake, fire and the like occur, trapped people can be helped to find the optimal evacuation path, the evacuation efficiency is improved, and casualties are reduced.",,,G06Q10/047;G08B25/10;H04L67/12;G01D21/02;G08C17/02;Y02A10/40,G08C17/02;G06Q10/04;G16Y10/30;G06F30/13;G01D21/02;H04L29/08;G16Y10/80;G08B25/10,UNIV BEIJING TECHNOLOGY,,True,False
CN-115092363-A,CN-202210827168-A,CN,A,83296453,20220714,20220714,20220923,0,Distributed intelligent reconnaissance and striking integrated system and method,,"The invention discloses a distributed intelligent reconnaissance and striking integrated system and a method, which relate to the field of intelligent weapon control and comprise the following steps: the warship comprises a warship body, wherein a warship cabin is arranged at the upper end of the warship body; the photoelectric tracking reconnaissance device comprises a photoelectric detection head and a photoelectric control cabinet, wherein the photoelectric detection head is fixedly arranged at the top of the cabin, and the photoelectric control cabinet is arranged inside the cabin; the inertial navigation equipment is arranged below the photoelectric detection head; the remote control weapon station comprises a weapon platform and a wall-mounted box, wherein the weapon platform is fixedly arranged on the front side of the upper end of a warship body, and the wall-mounted box is arranged in a warship cabin. The invention has the advantages that: photoelectric, navigation and remote control weapon equipment on the unmanned ship are optimized and integrated to form a distributed intelligent reconnaissance and attack integrated system, and tasks such as warning patrol, information reconnaissance, accurate attack on the sea, search and rescue and the like on a designated area, and mine exploration/mine elimination, anti-frogman and other special combat tasks can be effectively completed.",,,B63B49/00;G01S17/08;B63B2035/008;B63G1/00;B63B35/00;B63B2035/005,B63B35/00;B63G1/00;G01S17/08;B63B49/00,WUHAN HUAZHIYANG TECH CO LTD,,True,False
US-2013338497-A1,US-201313902623-A,US,A1,40075532,20130524,20070524,20131219,0,System and method for non-invasive instantaneous and continuous measurement of cardiac chamber volume,,"A system and method for non-invasive and continuous measurement of cardiac chamber volume and derivative parameters including stroke volume, cardiac output and ejection fraction comprising an ultrawideband radar system having a trans-mitting and receiving antenna for applying ultrawideband radio signals to a target area of a subject&#39;s anatomy wherein the receiving antenna collects and transmits signal returns from the target area which are then delivered to a data processing unit, such as an integrated processor or PDA, having software and hardware used to process the signal returns to produce a value for cardiac stroke volume and changes in cardiac stroke volume supporting multiple diagnostic requirements for emergency response and medical personnel whether located in the battlefield, at a disaster site or at a hospital or other treatment facility.",,,A61B6/508;A61B6/507;A61B5/411;A61B5/026;A61B5/05;A61B5/0507;A61B5/02028;A61B5/029;A61B5/6823,A61B5/026;A61B5/02;A61B5/05,TUPIN JR JOE PAUL,US,True,False
KR-20180090933-A,KR-20170015757-A,KR,A,63230383,20170203,20170203,20180814,0,Intelligent gas leakage alarm system and method thereof,지능형 가스 누출 경보 시스템 및 그 방법,"Provided is an intelligent gas leakage alarm system for providing an optimal evacuation path and a method thereof. The system comprises: a worker mobile device estimating worker location information based on a radio signal for indoor positioning received from a plurality of gas leakage detecting devices fixedly installed in a building; and a control center collecting measurement data measuring concentration of a harmful gas, the temperature/humidity, flow of air, and smoke from the gas leak detecting devices, generating harmful information indicating a gas leakage position, a gas distribution map according to the gas leakage position, and a gas diffusion state according to time based on the measurement data, estimating evacuation path information optimized for each worker in the building based on the harmful information and the worker position information received from the worker mobile device, and transmitting the estimated evacuation path information and the harmful information to the worker mobile device.","지능형 가스 누출 경보 시스템이 제공된다. 이 시스템은, 건물 내에 고정 설치된 다수의 가스 누출 감지 장치로부터 수신된 실내측위용 무선신호를 기반으로 작업자 위치 정보를 추정하는 작업자 휴대기기; 및 상기 다수의 가수 누출 감지 장치로부터 유해 가스의 농도, 온/습도, 공기의 흐름, 연기를 측정한 측정 데이터를 수집하고, 상기 측정 데이터를 기반으로 가스 누출 위치, 상기 가스 누출 위치에 따른 가스 분포도 및 시간에 따른 가스 확산 양상을 나타내는 유해 정보를 생성하고, 상기 유해 정보와 상기 작업자 휴대기기로부터 수신된 작업자 위치 정보를 기반으로 상기 건물 내에서 작업자 별로 최적화된 대피 경로 정보를 추정하고, 추정된 상기 대피 경로 정보와 상기 유해 정보를 상기 작업자 휴대기기로 전송하는 관제 센터;를 포함한다.",,G08B21/14;G08B25/14;G08B5/22;G08B21/10;G08B27/00;G08B3/10,G08B5/22;G08B3/10;G08B25/14;G08B21/14;G08B27/00;G08B21/10,KOREA ELECTRONICS TECHNOLOGY,KR,True,False
WO-2019120491-A1,EP-2017083626-W,WO,A1,60953835,20171219,20171219,20190627,0,Real-time managing evacuation of a building,,"The present disclosure relates an evacuation management system, EMS, (40, 52, 60, 00, 200) operative to provide real-time evacuation information for evacuation of a building, triggered by alarm notification(S202). Based on determined (S214) precise real-time positions of personal ultra-wide band, UWB,devices, as determined by UWB real-time localization system, RTLS, a controller determines (S210) evacuation plans being personal UWB device specific in real-time. Based on individual evacuation plans and input from building facilities, real- time guidance information is defined (S208) and sent to each personal UWB device, providing guidance to person carrying said personal UWB device, in what direction to move (S212), to reach a safe area. Based on localization signals the UWB RTLSA then calculates updated positions of the personal UWB devices and sends to the evacuation management system. It is an advantage that trapped or injured people can be found, even in low visibility areas.",,,G06K7/10306;G06Q90/205;G08B25/001;H04W4/029;H04W76/50;G08B21/02;H04W4/024;G08B7/066;H04W4/90;H04W4/33;G06N20/00;G06Q50/265;G01C21/206,G01C21/34;G06Q90/00;G01C21/20;G08B7/06;G06Q50/26,ERICSSON TELEFON AB L M,SE,True,True
US-2025254644-A1,US-202318856779-A,US,A1,86688588,20230504,20220708,20250807,0,Multiple access techniques in ultra-wideband (uwb) positioning,,"Disclosed are techniques for wireless communication. In an aspect, an initiator anchor node transmits, to a first responder anchor node, first configuration information for a first ranging session between the initiator anchor node and the first responder anchor node, wherein the first configuration information indicates a first initiation time for the first ranging session, and transmits, to a second responder anchor node, second configuration information for a second ranging session between the initiator anchor node and the second responder anchor node, wherein the second configuration information indicates a second initiation time for the second ranging session, wherein the first and second ranging sessions are configured to enable a mobile device to obtain a first time-difference of arrival (TDOA) measurement and a second TDOA measurement for the first responder anchor node and the second responder anchor node, respectively, and wherein the second initiation time is offset from the first initiation time.",,,H04J3/0661;H04B1/7163;H04B1/7075;G01S13/765;H04W4/023;H04W64/00;H04W4/80,H04J3/06;H04B1/7163;H04B1/7075;H04W64/00,QUALCOMM INC,US,True,True
CN-121396307-A,CN-202511662458-A,CN,A,98479709,20251113,20251113,20260123,0,Microwave tracking system based on Beidou positioning and signal searching automatic rotation adjustment,,"The invention relates to the technical field of maritime communication and target tracking, and discloses a maritime search and rescue multi-target collaborative tracking method and a maritime search and rescue multi-target collaborative tracking system based on sea condition self-adaption, wherein the maritime search and rescue multi-target collaborative tracking method comprises the steps of obtaining sea condition forecast data, ship gyroscope data and target initial position data to generate a comprehensive data set, and (3) establishing a motion-drift coupling prediction model, calculating a time-varying difficulty matrix, executing a sea condition self-adaptive load balancing algorithm to generate a collaborative tracking instruction set, updating prediction parameters in real time through a ship motion-target track coupling prediction network, and carrying out multipath signal transmission processing based on a non-line-of-sight microwave communication technology. The method solves the technical problems of low multi-target collaborative tracking precision and unreasonable resource allocation under extreme sea conditions.",,,,H04W28/08;H04W4/30;H04W4/029;H04W4/024;G01S19/53;H04B7/185,JIANGSU RUICHI BOTONG COMMUNICATION TECH CO LTD;YANGJIANG BRANCH OF CHINA UNITED NETWORK COMMUNICATIONS LTD,,True,True
CN-116430587-A,CN-202310203031-A,CN,A,87093250,20230306,20230306,20230714,0,Augmented reality search and rescue glasses suitable for complicated environmental conditions,,"The invention discloses augmented reality search and rescue glasses suitable for complex environmental conditions, which comprise UWB ultra-wideband radar, RGB cameras, infrared cameras, IMU, eyeball trackers, calculation modules, display modules and the like. Wherein: UWB ultra-wideband radar, RGB camera, infrared camera adopt different technical means to detect the life in the environment respectively, realize shielding, life detection under multiple complex environment such as low illumination. The eye tracker is used for monitoring eye movements of the wearer, and the IMU is used for monitoring head movements of the wearer. The calculation module fuses the real-time life detection result, the eyeball movement of the wearer and the head movement data, and then presents the life detection result on the display module, thereby providing guidance for the search and rescue work of the rescue workers. Under complex environmental conditions, the invention has higher life detection capability, can greatly reduce the workload of rescue workers, and is very beneficial to life detection under complex environmental conditions.",,,G02B27/017;G02B27/0172;G02B27/0093;G02C11/10;G01S13/0209;G01S13/887;G01J5/48;G01J5/0025;H04N23/90;H04N23/45;G02B2027/0178,G02B27/01;G01J5/00;G01J5/48;G01S13/02;G01S13/88;G02B27/00;G02C11/00;H04N23/45;H04N23/90,JIANGSU COLLEGE ENG & TECHNOLOGY,,True,True
CN-119085640-A,CN-202411179889-A,CN,A,93669003,20240827,20240827,20241206,0,"Under-forest personnel positioning equipment based on inertial navigation, UWB, GNSS and LORA",,"The present disclosure relates to an inertial navigation, UWB, GNSS and LORA based understory personnel positioning apparatus, method, electronic device and storage medium. The personnel positioning equipment comprises a main control module, a sensor module and an antenna module, wherein the main control module is used for receiving UWB information, GPS information, beidou information and LORA information based on the antenna module, receiving the sensor information based on the sensor module and processing the UWB information, the GPS information, the Beidou information, the LORA information and the sensor information to generate positioning information, the sensor module is used for generating the sensor information based on each sensor, and the antenna module is used for collecting the UWB information, the GPS information, the Beidou information and the LORA information based on each antenna. The system and the method adopt three modes for combined positioning, more accurately position personnel and more quickly rescue facilities, can send information under the condition of no public network, are convenient for detecting firefighter conditions in real time, detect harmful gases and send alarm signals.",,,G01C21/20;G01C21/165;Y02D30/70,G01C21/20;G01C21/16,BEIJING INST MECH EQUIPMENT,,True,True
CN-109875529-B,CN-201910064564-A,CN,B,66926684,20190123,20190123,20201204,20201204,Vital sign detection method and system based on ultra-wideband radar,,"The invention discloses a vital sign detection method and a vital sign detection system based on an ultra-wideband radar, which relate to the technical field of vital sign detection and are used for acquiring an echo signal of the ultra-wideband radar; filtering processing operations such as linear migration removal, time domain sliding average difference filtering, fast Fourier transform, frequency domain sliding average difference filtering, overall frequency domain sliding average filtering and the like are carried out on the ultra-wideband radar echo signals; carrying out harmonic multiple cycle detection on the filtered frequency domain signal to obtain a vital sign signal, wherein the vital sign signal comprises information such as position information, respiratory rate and heart rate of a person to be detected; the invention improves the judgment standard of respiration and heartbeat frequency, can accurately detect the position of a vital body from a radar and the respiration and heartbeat rate, can detect and display the vital sign information in real time, and has wide application prospect in the aspects of medical care, disaster search and rescue and the vital sign detection of special people.",,,,G01S7/292;G01S7/41;G01S13/88;A61B5/0205,,,True,True
CN-114839658-B,CN-202210738541-A,CN,B,82573952,20220628,20220628,20220920,20220920,Method and system for locating entry point of firefighter building,,"The invention provides a method and a system for locating entry points of firefighters in buildings, comprising the following steps: step S1: respectively solving position data by a micro inertial navigation system and a satellite navigation system; step S2: fusing the position data to obtain fused position data; step S3: collecting 3D data of surrounding environment, matching and resolving the data with the 3D graphic database of the building, and correcting the position information of the micro inertial navigation system by using the position information of the database after the entry point of the building is successfully paired; step S4: the micro inertial navigation system calculates accurate position data by integration starting from this point based on the corrected position information. The invention provides a fusion positioning method based on a miniature 3D laser radar, which is used for determining the accurate position of a building entry point of a fireman and fusion positioning calculation of an individual positioning system, so that the problem that the prior art cannot provide an effective and accurate fusion positioning method is solved.",,,G01S19/45;G01S17/86;G01S19/47,G01S17/86;G01S19/47;G01S19/45,,,True,False
CN-120628058-A,CN-202510745338-A,CN,A,96957900,20250605,20250605,20250912,0,IMU auxiliary depth SLAM method and system integrating language-vision multi-mode perception,,"The invention provides an IMU auxiliary depth SLAM method and system integrating language-visual multi-mode perception, which comprises the functional modules of initial calibration and semantic map initialization, pre-integral prediction and key frame judgment, dense point cloud reconstruction and relative pose estimation, semantic embedding extraction, semantic guidance loop detection, semantic three-dimensional map incremental update and the like, wherein IMU motion priori, depth geometric constraint and language model semantic factors are jointly modeled through a graph optimization framework, and high-precision positioning and labeled map construction under a complex dynamic environment are realized. Compared with the prior art which only depends on geometric or inertial information, the invention reduces the loop error matching rate, improves the closed loop convergence efficiency and long-time repositioning robustness, and provides semantic interfaces for upper-layer tasks such as natural language navigation, target retrieval and the like. The invention can be widely applied to the fields of service robots, security inspection, intelligent driving, post-disaster search and rescue and the like.",,,G06T2207/30244;G06T2207/20084;G06T2207/10028;G06N3/0455;G06T7/80;G06T7/75;G06T7/251;G01C21/1656;G01C21/3848;G01C21/3841,G06T7/80;G06T7/73;G06T7/246;G06N3/0455;G01C21/16;G01C21/00,UNIV XIAN TECHNOLOGICAL,,True,False
CN-121252813-B,CN-202511759553-A,CN,B,98197150,20251127,20251127,20260206,20260206,Indoor personnel positioning method and system based on multi-mode sensing,,"The application relates to the technical field of indoor positioning, in particular to an indoor personnel positioning method and system based on multi-mode sensing, the ultra-wideband channel impulse response, millimeter wave radar data and thermal imaging data of each layer are acquired, double-base geometric mapping is carried out by combining building information, an indoor ray path is reconstructed, and an occupied grid diagram is generated. Further collecting the water mist distribution intensity generated by the spraying equipment, carrying out phase correction and beam domain purification on millimeter wave data, and carrying out flow direction filtering and flicker suppression on thermal imaging data to obtain preprocessing data. On the basis, motion prior information and boundary constraint information are extracted, fusion is realized in the occupied grid diagram through mass conservation updating and normalization synthesis, and finally the position information and the motion orientation of the object to be positioned are output. The application can maintain the positioning stability and accuracy under the interference of fire smoke, water mist and multipath effect, and is suitable for high-risk scenes such as fire rescue and the like.",,,,G01S13/86;G01C21/00;G01C21/20,,,False,True
CN-213274281-U,CN-202022664334-U,CN,U,75953413,20201118,20201118,20210525,20210525,Indoor positioning device based on wireless WIFI inertial positioning,,"The utility model belongs to the technical field of wireless positioning, in particular to an indoor positioning device based on wireless WIFI inertial positioning, which comprises a mounting seat, a control box and a processor, wherein both sides of the mounting seat are provided with fixing binding bands, the top of the mounting seat is provided with the control box, the left side of the top of the control box is provided with a smoke sensor, the middle of the top of the control box is provided with a display screen, the right side of the top of the control box is provided with a buzzer, the inner cavity of the control box is provided with a processor, a storage battery, an inertial sensor and a communication module, the processor is electrically connected with the storage battery, the smoke sensor and the inertial sensor in an input mode, the structure is reasonable, the indoor positioning is realized through the cooperation of the inertial sensor, the processor, the communication module and a monitoring terminal, the smoke sensor, the display screen and the buzzer are arranged on the, the fire disaster monitoring and early warning is realized, and the remote warning is realized through the cooperation of the communication module and the monitoring terminal.",,,,G01C21/16;G01N15/06;G01S5/02;G08B17/10,UNIV HUNAN SCIENCE & TECHNOLOGY,,True,True
CN-118816862-A,CN-202410881819-A,CN,A,93081353,20240703,20240703,20241022,0,"Emergency positioning method and device based on vehicle, vehicle and equipment",,"The application provides an emergency positioning method and device based on a vehicle, the vehicle and equipment, and the method and the device can be used in the technical field of vehicle positioning. The method comprises the following steps: if the vehicle is monitored to be in an emergency state, a first UWB signal is sent to UWB search and rescue equipment through a UWB functional module; receiving a second UWB signal sent by UWB search and rescue equipment through a UWB functional module; analyzing the received second UWB signal to obtain the positioning information of the vehicle; transmitting a third UWB signal to UWB search and rescue equipment through the UWB functional module; wherein the third UWB signal includes positioning information of the vehicle; the UWB search and rescue equipment is used for processing the positioning information and generating and displaying the relative position information of the vehicle. The method can quickly and accurately position the trapped vehicle, reduce the positioning time and the excavation workload, and is more beneficial to search and rescue operation.",,,H04W64/00;G01C21/165;Y02D30/70,H04W64/00;G01C21/16,ECARX HUBEI TECH CO LTD,,True,False
EP-2601100-A2,EP-11729582-A,EP,A2,43243169,20110420,20100422,20130612,0,"Vertical take-off and landing multimodal, multienvironment, gyropendular craft with compensatory propulsion and fluidic gradient collimation",,"The invention relates to a vertical take-off and landing gyropendular craft or drone device (FIG. 18) able to move around in the following different physical environments: in the air, on land, at sea, underwater or in space, comprising upper and lower propulsion units, equipped with an annular fairing accommodating a certain number of electronically slaved wing or gas-powered drive or propulsion units situated in the continuation of the axis of this device, mounted on 3-D swivels at the ends of a certain number of telescopic rods, for example set at 120° apart at the periphery of the platform and orientable about the three axes according to the plane of flight of the multimodal multi-environment craft, a vertebral structure by way of a 3-D articulated central body of solid or hollow cylindrical shape for forming a stabilized function of stabilizing, maintaining the position and heading, and of an inertial rotary disc platform equipped underneath with a cabin of hemispherical shape extending from the vertebral structure, accommodating a payload or a useful application, designed for various fields of application e.g. the sector of defence or civil security, so as to perform functions of search and rescue, exploration, navigation, transport, surveillance and telecommunications infrastructure deployment in free space.",,,B64U50/14;B64U2101/58;B64U2101/61;B64U30/26;B64U10/20;B64U30/293;B64U30/297;B64U60/40;B64U60/55;B64U70/83;B64U70/87;B64C29/00,B64U10/20;B64U30/26;B64U30/293;B64U30/297;B64U60/40;B64U60/55;B64U70/83;B64U70/87,DESAULNIERS JEAN-MARC JOSEPH,FR,True,False
CN-113891245-A,CN-202111361899-A,CN,A,79017820,20211117,20211117,20220104,0,Fire scene fireman cooperative relay positioning method,,"The invention relates to a cooperative relay positioning method and system for firefighters in a fire scene. According to the number of UWB base stations which can communicate with the tag to be positioned, the UWB base stations are firstly divided into a plurality of priorities and then targeted positioning is carried out. Aiming at the first priority label, the UWB and the INS are combined, under the condition that the UWB base station is sufficient but mostly in an NLOS environment, the NLOS error in the UWB ranging value is weakened, and the positioning accuracy of the first priority label is improved. And then, the positioned label is used as a mobile anchor point and is combined with a corresponding UWB base station to form a reference node, and for other priority labels, a cooperative positioning algorithm based on UWB is adopted to perform relay positioning on the label to be positioned in a grouping positioning mode according to the conditions of the UWB base stations and the mobile anchor points distributed around the label, so that the positioning rate of the other priority labels is improved. The invention can reduce the requirement of positioning on high UWB base station distribution density or long communication radius, and uses the whole co-location network resource to the maximum extent, thereby obtaining more positioning reference information.",,,H04W64/00;H04W4/023;Y02D30/70,H04W4/02;H04W64/00,UNIV XIAN POSTS & TELECOMMUNICATIONS;XIAN BLUE SEA SKY ELECTRONIC INFORMATION TECH CO LTD,,True,True
WO-2023219473-A1,KR-2023006511-W,WO,A1,88730794,20230512,20220512,20231116,0,Method and device for cluster configuration and round allocation for uwb communication,Uwb 통신을 위한 클러스터 구성 및 라운드 할당 방법 및 장치,An operation method of an electronic device according to various embodiments of the present disclosure may comprise the steps of: identifying two-way ranging (TWR) values for multiple anchors; configuring a first cluster including a first initiator anchor and first responder anchors on the basis of the TWR values; configuring a second cluster including a second initiator anchor and second responder anchors on the basis of the TWR values; and allocating a ranging round to each of the first cluster and the second cluster.,"본 개시의 다양한 실시예에 따른 전자 장치의 동작 방법은, 복수의 앵커들에 대한 TWR (two-way ranging) 값들을 확인하는 단계와, 상기 TWR 값들에 기반하여, 제1 initiator 앵커와 제1 responder 앵커들을 포함하는 제1 클러스터를 구성하는 단계와, 상기 TWR 값들에 기반하여, 제2 initiator 앵커와 제2 responder 앵커들을 포함하는 제2 클러스터를 구성하는 단계와, 상기 제1 클러스터 및 상기 제2 클러스터 각각에 레인징 라운드를 할당하는 단계를 포함할 수 있다.",,H04B1/7163;G01S13/767;G01S13/876;H04W8/005;G01S5/0289;G01S5/0268;H04W4/80;G01S5/02;H04W84/18;H04W8/00,H04W4/80;G01S5/02;H04W8/00;H04W84/18,SAMSUNG ELECTRONICS CO LTD,KR,True,True
WO-2008148040-A1,US-2008064760-W,WO,A1,40075532,20080523,20070524,20081204,0,System and method for non-invasive instantaneous and continuous measurement of cardiac chamber volume,,"A system and method for non-invasive and continuous measurement of cardiac chamber volume and derivative parameters including stroke volume, cardiac output and ejection fraction comprising an ultrawideband radar system having a transmitting and receiving antenna for applying ultrawideband radio signals to a target area of a subject&#39;s anatomy wherein the receiving antenna collects and transmits signal returns from the target area which are then delivered to a data processing unit, such as an integrated processor or PDA, having software and hardware used to process the signal returns to produce a value for cardiac stroke volume and changes in cardiac stroke volume supporting multiple diagnostic requirements for emergency response and medical personnel whether located in the battlefield, at a disaster site or at a hospital or other treatment facility.",,,A61B6/508;A61B5/411;A61B6/507;A61B5/026;A61B5/05;A61B5/0507;A61B5/02028;A61B5/029;A61B5/6823,A61B5/04,TUPIN JOE,US,True,False
US-9383426-B2,US-201314069237-A,US,B2,52667473,20131031,20130917,20160705,20160705,"Real-time, two dimensional (2-D) tracking of first responders with identification inside premises",,"A combination of active reader tags and ultra wideband (UWB) radar systems provide real-time monitoring of first responders, with identification of each team member using active tags, and detection of victims or other subjects using motion or breathing detection, in a field of operations such as a building affected by fire or hazardous material or search and rescue mission area. Initially, a cluster of miniaturized radars (sensors) act in a static mode of operation, gathering static radar information used to depict a constructed layout of the premises. The cluster of radars then operate in a dynamic mode that detects motion or breathing of multiple subjects inside the field of operations. With dual mode operation the system can read the active tags identification, and by triangulation, display the position of each first responder with its identification and positions of subjects on a composite image of the constructed layout.",,,G01S19/13;G01S7/415;G01S5/14;G01S13/78;G01S13/04;G01S13/74;G01S13/0209;G01S13/56;G01S13/888;G01S1/02;G01S5/10,G01S13/02;G01S5/10;G01S7/41;G01S13/56;G01S13/88;G01S19/13;G01S13/78;G01S13/74;G01S1/02;G01S13/04;G01S5/14,MOHAMADI FARROKH,US,True,True
CN-119213795-A,CN-202380039774-A,CN,A,88730794,20230512,20220512,20241227,0,Method and apparatus for cluster configuration and round allocation for UWB communications,,"Methods of operation of an electronic device according to various embodiments of the present disclosure may include confirming two-way ranging (TWR) values for a plurality of anchors, configuring a first cluster including a first initiator anchor and a first responder anchor based on the TWR values, configuring a second cluster including a second initiator anchor and a second responder anchor based on the TWR values, and assigning a ranging round to each of the first cluster and the second cluster.",,,H04B1/7163;G01S13/767;G01S13/876;H04W8/005;G01S5/0289;G01S5/0268;H04W84/18;H04W8/00;G01S5/02;H04W4/80,H04W84/18;H04W8/00;G01S5/02;H04W4/80,SAMSUNG ELECTRONICS CO LTD,,True,True
WO-2025037291-A2,IB-2025050141-W,WO,A2,94632794,20250107,20250107,20250220,0,"Enhancement of the 3d indoor positioning by augmenting a multitude of 3d imaging, lidar distance corrections, imu sensors and 3-d ultrasound",,"The invention focuses on enhancing indoor positioning and navigation through advanced synchronous fusion methodologies that integrate various technologies, including Inertial Navigation Systems (INS), Inertial Measurement Units (IMU), LiDAR, stereo vision, and Sonar. This comprehensive system aims to achieve high-precision data collection with centimeter-level accuracy, crucial for creating detailed three-dimensional indoor maps. A significant aspect of this innovation is its ability to address privacy concerns by incorporating measures that abstract sensitive segments of the environment when necessary, ensuring personal privacy is maintained during data collection. Additionally, the system tackles challenges such as voids in stereo imaging and temperature variations in ultrasound and LiDAR measurements through sophisticated algorithms and corrections, including back propagation techniques that utilize stereo depth data. By employing particle swarm optimization and Neuro-Fuzzy algorithms, the framework enhances the accuracy and reliability of navigation in complex environments, making it particularly beneficial for emergency responders and personal navigation in unfamiliar settings.",,,G01S17/08;G06N20/00,G06N20/00;G01S17/08,BAJNAID MOHAMMADFAWZI,SA,True,False
US-2020143665-A1,US-202016733821-A,US,A1,65817945,20200103,20180416,20200507,0,Indoor Positioning System for Fire Alarm System,,"A building management system tracks occupants of a building in which the building management system is installed and presents information about the occupants, including location information, to first responders during emergency and/or training events. Distributed devices of the building management system receive identification information broadcast by user devices of the occupants and sends the identification information to a control panel of the building management system. Location information for the occupants is generated based on the identification information received from the user devices and stored along with time and date information. This location information is then retrieved and presented to first responders, for example, by displaying a map of the building with icons representing the distributed devices and occupants, based on the location information.",,,H04W4/026;G08B17/00;G06F3/147;G08B25/14;H04W4/90;H04W4/33;G08B26/007;G06T11/60;G06T11/65;H04W4/029,G08B26/00;G06T11/60;G06F3/147,TYCO SAFETY PRODUCTS CANADA LTD,CA,True,True
US-2023014243-A1,US-202217936265-A,US,A1,58406603,20220928,20150929,20230119,0,Search and rescue uav system and method,,An unmanned aerial vehicle (UAV) having at least one sensor for detecting the presence of a survivor in a search and rescue area. The at least one sensor is preferably an ultra-wide band (UWB) transceiver sensor. The UAV includes a UAV data link transceiver for wirelessly communicating information concerning the survivor to a command center.,,,G01S13/888;G01S13/90;G01S13/0209;G01S2013/0245;G08G5/00;G05D1/104;B64U2201/20;B64U2101/31;B64U2101/57;B64U2101/56;G08G5/53;G08G5/56;G08G5/57,G01S13/02;G08G5/00;G01S13/88;G05D1/10,TYCO FIRE & SECURITY GMBH,CH,True,True
WO-2008108788-A2,US-2007013039-W,WO,A2,39738929,20070531,20060531,20080912,0,Method and system for locating and monitoring first responders,,"The present invention is directed to methods and systems for locating and monitoring the status of people and moveable assets, such as first responders, including firefighters and other public service personnel, and their equipment both indoors and out. The invention can provide for locating and monitoring the status of people and assets in environments where GPS systems do not operate, or where operation is impaired or otherwise limited. The system and method uses inertial navigation to determine the location, motion and orientation of the personnel or assets and communicates with an external monitoring station to receive requests for location, motion orientation and status information and to transmit the location, motion orientation and status information to the monitoring station.",,,G08G1/20;G08B25/016;G01C21/1654;G01S19/49,G01C21/18;G06F19/00;A62C99/00,TRX SYSTEMS INC;BANDYOPADHYAY AMRIT;KOHN ERIC A;GOLDSMAN NEIL;TEOLIS CAROLE A;BLANKENSHIP GILMER L;FUNK BENJAMIN E,US,True,False
CN-118361193-A,CN-202410479056-A,CN,A,91876205,20240421,20240421,20240719,0,Down-the-hole hammer drill bit for life rescue sensing and positioning,,"The invention discloses a down-the-hole hammer drill bit for life rescue sensing and positioning, which comprises the following components: the device comprises a drill bit body, a UWB base station, a nine-axis attitude sensor, a protective shell and a mounting bracket; the UWB base station and the nine-axis attitude sensor are circumferentially arranged and fixed inside the mounting bracket, the mounting bracket is fixed on the outer surface of the drill bit body, the protective housing is located outside the mounting bracket, the top end of the drill bit body is provided with a thread groove, the middle end of the drill bit body is provided with a thread groove and the inside of the protective housing is provided with a central spray pipe, and the central spray pipe and the middle of the drill bit body are provided with an air inlet duct. The problem that the existing down-the-hole hammer drill bit cannot locate and autonomously track trapped personnel in real time in the actual use process, rescue workers cannot clear and know the positions of the trapped personnel, so that rescue work difficulty is increased, and the trapped personnel cannot be timely rescued is solved.",,,H04W4/90;H04W4/029;H04W64/006;G01C21/00;E21B21/16;E21B47/013;E21B47/09;E21B47/024;E21B12/00;E21B10/38;Y02D30/70,H04W64/00;H04W4/90;H04W4/029;G01C21/00;E21B47/09;E21B47/024;E21B47/013;E21B21/16;E21B12/00;E21B10/38,CHINA RAILWAY 16TH BUREAU GROUP CO LTD;CHINA RAILWAY 16 BUREAU GROUP BEIJING METRO ENG CONSTR CO LTD;UNIV SHIJIAZHUANG TIEDAO,,True,True
US-2008077326-A1,US-75641207-A,US,A1,39738929,20070531,20060531,20080327,0,Method and System for Locating and Monitoring First Responders,,"The present invention is directed to methods and systems for locating and monitoring the status of people and moveable assets, such as first responders, including firefighters and other public service personnel, and their equipment both indoors and out. The invention can provide for locating and monitoring the status of people and assets in environments where GPS systems do not operate, or where operation is impaired or otherwise limited. The system and method uses inertial navigation to determine the location, motion and orientation of the personnel or assets and communicates with an external monitoring station to receive requests for location, motion orientation and status information and to transmit the location, motion orientation and status information to the monitoring station. The system and method can include storing the location, motion and orientation data as well as status data, in the event that the communication system is unable to communicate with and transmit information to the monitoring station, the system will wait until communication is restored and transmit the status information to the monitoring station to update the location, motion orientation and status information for the person or asset.",,,G08G1/20;G08B25/016;G01C21/1654;G01S19/49,G01C21/18;G06F19/00;A62C99/00,FUNK BENJAMIN E;BANDYOPADHYAY AMRIT;KOHN ERIC A;GOLDSMAN NEIL;TEOLIS CAROLE A;BLANKENSHIP GILMER L,,True,False
CN-202904025-U,CN-201220507346-U,CN,U,48124679,20120929,20120929,20130424,20130424,Target positioning device used for airborne equipment,,"The utility model relates a target positioning device used for airborne equipment. The target positioning device includes a signal processing unit, a laser range finder of which output signals are connected into the signal processing unit, an infrared thermal imager, a visible-light camera, a combination inertial navigation module and a goniometer, wherein the signal processing unit is used for calculating position information of a target according to uploaded various signals. According to the target positioning device used for the airborne equipment of the utility model, aerial carrier GPS information, aerial carrier attitude information, angle deviation of observation equipment relative to a carrier aircraft, and ranging information of the observation equipment for the target are integrated so as to realize accurate positioning of the longitude, latitude and height of the target; the advantages of multiple sensors are combined, and a multidimensional space transformation principle is utilized, such that rapid, effective, non-contact, high-adaptability and accurate positioning of the target can be realized; and the target positioning device can be used in fields such as forest fire prevention, and rapid search and rescue, and has broad technical and market prospect.",,,,G01C21/00;G01S19/48,CAMA LUOYANG MEASUREMENTS & CONTROLS CO LTD,,True,False
CN-104596504-A,CN-201510051872-A,CN,A,53122440,20150130,20150130,20150506,0,Method and system for quickly setting up map to assist indoor positioning under emergency rescue scene,,"The invention provides a method for quickly setting up a map to assist indoor positioning under an emergency rescue scene. The method comprises the following steps: setting up a three-dimensional map of a target building; obtaining initial position coordinate information of a rescuer entering the target building; reading sensing data and processing the sensing data; deducing the walking position coordinate information of the rescuer at the current moment through a pre-stored calculation algorithm; with one of double feet of the rescuer as a reference foot, judging whether the reference foot is in a static state at the current moment, if so, correcting a calculation error and an accumulative position calculation error, and outputting corrected walking position coordinate information of the rescuer at the current moment, otherwise, outputting deduced walking position coordinate information of the rescuer at the current moment; marking the walking position coordinate information of the rescuer at the current moment in the three-dimensional map of the target building. The method provided by the invention is used for dynamically tracking the rescuer in real time and providing assistance for integral command and dispatch of emergency rescue and the life guarantee of the rescuer.",,,G01C21/206;G01C21/005,G01C21/00;G01C21/20,SHANGHAI ADVANCED RES INST CAS,,True,True
CN-115580923-A,CN-202110676600-A,CN,A,84578891,20210621,20210621,20230106,0,Emergency positioning method based on mobile anchor point,,"The invention relates to a method for conveniently and quickly positioning trapped people by UWB mobile anchor point dynamic networking. Namely, each search and rescue worker carries a UWB mobile anchor point pull-net type detection signal sent by a UWB label worn by the trapped person; after the signal is found, arranging at least three UWB mobile anchor points near a found point, and taking one of the UWB mobile anchor points as a main anchor point; UWB positioning resolving initial conditions, namely coordinate values of each mobile anchor point can be set visually, and measuring tools or instruments are not needed for surveying the coordinates of the mobile anchor points; the main anchor point calculates UWB label positioning signals detected by the main anchor point and other anchor points in real time in an edge calculation mode, so that the position of the label is determined; and then, a search and rescue person carrying a UWB tag integrated with a portable display terminal gradually approaches the position of the tag of the trapped person according to the position icons of the tag and the tag of the trapped person on the display terminal, and finally finds the accurate position of the trapped person.",,,H04W64/00;H04W64/003,H04W64/00,WANG JUNSHENG,,True,False
CN-119642799-A,CN-202411815102-A,CN,A,94940291,20241211,20241211,20250318,0,Outdoor search and rescue method and device based on ultra-wideband correction,,"The invention relates to the technical field of computers, in particular to a field search and rescue method and device based on ultra-wideband correction. The method comprises the steps of obtaining an initial data set of a person to be rescued, determining position coordinates of the person to be rescued based on the data set of the person to be rescued, determining estimated coordinates of an IMU at a fourth moment based on the data set of the person to be rescued and a preset step length, updating the initial data set of the person to be rescued according to the estimated coordinates of the IMU at the fourth moment and the distance from the position of the person to be rescued to obtain an updated data set of the person to be rescued, and circularly executing the steps of 102-106 until the estimated coordinates of the IMU and the distance from the position of the person to be rescued are smaller than the preset distance. Through the configuration mode, the position of the personnel to be searched and rescuing can be accurately positioned on the premise of a large-scale UWB positioning system without a plurality of base stations and tags.",,,H04W64/00;H04W4/02;G01C21/20;G01C21/165;G01C21/005,H04W64/00;H04W4/02;G01C21/20;G01C21/16;G01C21/00,UNIV SHENZHEN POLYTECHNIC,,True,True
US-2019318611-A1,US-201815953627-A,US,A1,65817945,20180416,20180416,20191017,0,Indoor Positioning System for Fire Alarm System,,"A building management system tracks occupants of a building in which the building management system is installed and presents information about the occupants, including location information, to first responders during emergency and/or training events. Distributed devices of the building management system receive identification information broadcast by user devices of the occupants and sends the identification information to a control panel of the building management system. Location information for the occupants is generated based on the identification information received from the user devices and stored along with time and date information. This location information is then retrieved and presented to first responders, for example, by displaying a map of the building with icons representing the distributed devices and occupants, based on the location information.",,,G08B17/00;H04W4/33;H04W4/026;H04W4/90;G08B25/14;G06F3/147;G06T11/60;G08B26/007;G06T11/65;H04W4/029,G06T11/60;G08B26/00;G06F3/147,TYCO SAFETY PRODUCTS CANADA LTD,CA,True,True
KR-102725482-B1,KR-20240046785-A,KR,B1,93462385,20240405,20240405,20241105,20241105,Indoor buried-type of ultra-wideband anchor device with downlight function,다운라이트 조명 기능이 구비되는 실내 매립형 uwb 앵커 장치,"Disclosed is an indoor embedded ultra-wideband (UWB) anchor device having a downlight lighting function. The present invention comprises: a downlight lighting module installed on a ceiling of a certain space in a building and having an LED radiating downlight lighting light; a UWB anchor module attached to the downlight lighting module and performing UWB communication with a UWB tag; an emergency power supply module for supplying commercial power and emergency power to the downlight lighting module and the UWB anchor module; a fixing plate for fixing and coupling the downlight lighting module and the UWB anchor module in close contact with each other; and a microphone for collecting surrounding voice and sound in real time. According to the indoor embedded UWB anchor device having a downlight lighting function, a ceiling-embedded downlight lighting, and a UWB anchor are attached and installed indoors, and the UWB anchor is configured to perform UWB communication with a UWB tag of a firefighter or a demander, thereby measuring and recognizing a precise position of the firefighter or the demander at a fire scene from the outside.","다운라이트 조명 기능이 구비되는 실내 매립형 UWB 앵커 장치가 개시된다. 건물 내 소정 공간의 천정에 설치되며, 다운라이트 조명광을 방사하는 LED를 구비하는 다운라이트 조명 모듈; 상기 다운라이트 조명 모듈에 부착되어 설치되며, UWB 태그와 UWB 통신을 수행하는 UWB 앵커 모듈; 상기 다운라이트 조명 모듈 및 상기 UWB 앵커 모듈로 상용 전원 및 비상 전원을 공급하는 비상 전원 공급 모듈; 상기 다운라이트 조명 모듈 및 상기 UWB 앵커 모듈을 서로 밀착하여 고정 결합하는 고정용 플레이트; 주변의 음성 및 소리를 실시간 집음하는 마이크로폰을 구성한다.  상술한 다운라이트 조명 기능이 구비되는 실내 매립형 UWB 앵커 장치에 의하면, 실내에 천장 매립형의 다운라이트 조명과 이에 UWB 앵커를 부착하여 설치하고, UWB앵커가 소방관이나 요구조자의 UWB 태그와 UWB 통신을 수행하도록 구성됨으로써, 외부에서도 화재 현장의 소방관이나 요구조자의 정밀한 위치를 측정하여 인지할 수 있는 효과가 있다.",,F21Y2115/10;H04W4/80;H04W4/02;F21V23/0442;F21S8/026;F21V21/041,H04W4/80;H04W4/02;F21Y115/10;F21V23/04;F21S8/02;F21V21/04,SHINHWA CONSTRUCTION CO LTD,KR,True,True
CN-204225920-U,CN-201420569947-U,CN,U,52924029,20140929,20140929,20150325,20150325,Locate mining device and mining system,,"The utility model discloses the mining device in a kind of location and mining system, locate mining device and comprise a body, described body arranges location and installation chamber, and described location and installation chamber arranges locating module mount pad, it is fixedly installed an indoor positioning module.Described location and installation chamber also arranges a battery, and it connects described locating module mount pad, for being described indoor positioning module for power supply.The above locates mining device can realize precise positioning; trapped personnel can be searched and rescued in time when there is accident of mine disaster, getting valuable rescue time, simultaneously; also can be the track protection of mining site manager realization to miner operation in daily miner operation, to avoid unnecessary security incident.",,,,G01S7/00;E21F11/00,WEN YUGUI,,True,False
EP-2809057-A1,EP-14170106-A,EP,A1,50792392,20140527,20130530,20141203,0,Method and apparatus to allow a PSAP to derive useful information from accelerometer data transmitted by a caller&#39;s device,,"A Public Safety Answering Point (PSAP) is configured to receive a description of detected movement associated with one or more inertial sensors of a communication device. The description of the detected movement may then be analyzed to determine a likelihood of injury associated with the movement, whether or not the user associated with the communication device is experiencing abnormal neuromuscular activity, and/or whether the user is outside a range of the communication device such that the user is unlikely to hear audio information originating from the communication device. The PSAP may additionally or alternatively utilize the description of the movement information to assist and/or provide an advisory recommendation in the decision of which, if any first responder resources should be dispatched; the recommendation may include which resources and at what priority the resources should be dispatched.",,,H04M2250/12;H04M2201/18;H04M2203/1075;H04M3/5116;H04W4/029;H04W4/027;H04M2203/2094;H04M2242/30;H04W4/90,H04W76/00;H04M3/51;H04W4/90;H04W4/029,AVAYA INC,US,True,True
KR-101642286-B1,KR-20150021390-A,KR,B1,56616853,20150212,20150212,20160725,20160725,Heading Orientation Estimation Method Using Pedestrian Characteristics in Indoor Environment,보행특성을 이용한 실내에서의 보행자 이동방향 추정 방법,"The present invention relates to a method for estimating a moving direction of a pedestrian in an indoor environment using a walking property. The method for estimating a moving direction of a pedestrian in an indoor environment using a walking property comprises: a waling data obtaining step (S100) obtaining walking data from a signal transmitted in accordance with a walking motion of a pedestrian from an inertial measurement unit (IMU) mounted on shoes of the pedestrian; a pedestrian position estimating step (S200) of estimating the position of the pedestrian using the obtained walking data; and a moving direction correcting step (S300) of correcting a moving direction of the pedestrian to reduce an estimation error of the pedestrian position estimated by the pedestrian position estimating step (S200). The moving direction correcting step (S300) comprises: a pedestrian exercise type determining step (S310) of determining an exercise type of the pedestrian; and a measurement value renewing step (S320) of renewing a measurement value in accordance with the determined exercise type. According to the composition of the present invention, the method for estimating a moving direction of a pedestrian in an indoor environment using a walking property enables a user to accurately grasp the position of a rescuer or a person who needs to be rescued, in an indoor environment in which it is difficult to receive a navigation signal.","본 발명은 보행특성을 이용한 실내에서의 보행자 이동방향 추정 방법에 관한 것으로, 보행자의 신발에 장착된 관성측정장치(IMU)로부터 보행자의 보행동작에 따라 송신되는 신호로부터 보행데이터를 획득하는 보행데이터 획득 단계(S100)와; 
상기 획득된 보행데이터를 이용하여 보행자의 위치를 추정하는 보행자 위치 추정 단계(S200) 및; 상기 보행자 위치 추정 단계(S200)에 의해 추정된 보행자의 위치 추정오차를 줄일 수 있도록 보행자의 이동방향을 보정하는 이동방향 보정 단계(S300)로 이루어지고, 상기 이동방향 보정 단계(S300)는 다시 보행자의 운동 유형을 결정하는 보행자 운동유형 결정단계(S310)와, 상기 결정된 운동 유형에 따라 측정값을 갱신하는 측정값 갱신 단계(S320)로 이루어지는 것을 특징으로 한다. 
상기와 같은 구성에 의해 본 발명은 실내와 같은 항법신호를 받기 어려운 실내에서도 구조 대상자나 구조요원의 위치를 더욱 정확하게 파악할 수 있다.",,G01C21/16,G01C21/16,KOREA AEROSPACE RES INST,KR,True,False
US-11617517-B2,US-201615088988-A,US,B2,40075532,20160401,20070524,20230404,20230404,System and method for non-invasive instantaneous and continuous measurement of cardiac chamber volume,,"A system and method for non-invasive and continuous measurement of cardiac chamber volume and derivative parameters including stroke volume, cardiac output and ejection fraction comprising an ultrawideband radar system having a trans-mitting and receiving antenna for applying ultrawideband radio signals to a target area of a subject&#39;s anatomy wherein the receiving antenna collects and transmits signal returns from the target area which are then delivered to a data processing unit, such as an integrated processor or PDA, having software and hardware used to process the signal returns to produce a value for cardiac stroke volume and changes in cardiac stroke volume supporting multiple diagnostic requirements for emergency response and medical personnel whether located in the battlefield, at a disaster site or at a hospital or other treatment facility.",,,A61B6/508;A61B5/411;A61B6/507;A61B5/026;A61B5/029;A61B5/02028;A61B5/0507;A61B5/05;A61B5/6823,A61B5/05;A61B5/029;A61B6/00;A61B5/00;A61B5/0507;A61B5/02;A61B5/026,LIFEWAVE BIOMEDICAL INC,US,True,False
CN-105852824-B,CN-201510028659-A,CN,B,56623167,20150120,20150120,20181026,20181026,"Positioning, vital sign monitoring and search and rescue system in the cabin of crewman sea",,"Positioning, vital sign monitoring and search and rescue system in a kind of cabin of crewman sea, including：Command centre&#39;s server, fence transmitter, crewman&#39;s vital sign real-time monitor, crewman&#39;s Real Time Localizer, carrier-borne personnel positioning processor and persons falling in water locator, it is by being based on the modern information technologies such as AIS, UWB, big-dipper satellite positioning, single crewman&#39;s vital sign real-time monitor, carrier-borne and persons falling in water Real Time Localizer and wounded&#39;s vital sign and location data Transmission system are developed, realizes that marine wounded&#39;s vital sign monitoring automation, information storage electronization, information transmission network and the wounded give first aid to visualization.",,,,A61B5/0205;A61B5/0402;A61B5/01,,,True,False
CN-117676463-A,CN-202311658689-A,CN,A,90063689,20231205,20231205,20240308,0,Fire control is with multi-functional location rescue communication system,,"The application relates to the technical field of fire control communication, in particular to a multifunctional positioning rescue communication system for fire control, which comprises a communication device, a communication base station, a first mobile communication end and a second mobile communication end, wherein the communication device and the second mobile communication end are respectively in communication connection with the communication base station, and the first mobile communication end is in communication connection with the communication device; escape system software is arranged in the first mobile communication end and can be carried by trapped people; rescue system software is arranged in the second mobile communication terminal and can be carried by firefighters; the communication device comprises a shell, a controller, a first radio frequency module, a 4G signal antenna, a second radio frequency module, a UWB ranging and positioning antenna and a UWB communication antenna, wherein the controller is arranged on the shell; the first radio frequency module and the second radio frequency module are respectively connected with the controller in a communication way, the 4G signal antenna is connected to the first radio frequency module, the UWB ranging and positioning antenna and the UWB communication antenna are respectively connected to the second radio frequency module, and the survival probability of trapped personnel can be improved.",,,H04N7/181;G08B7/06;H04W4/12;H04W4/90;H04W4/02;Y02D30/70,H04W4/02;G08B7/06;H04N7/18;H04W4/12;H04W4/90,SHANGHAI BAOYA SAFETY EQUIP CO,,True,True
CN-118189940-A,CN-202410275894-A,CN,A,91403463,20240312,20240312,20240614,0,Indoor positioning system and method based on multi-source information fusion,,"The invention relates to the technical field of multi-source information fusion, and discloses an indoor positioning system and method based on multi-source information fusion, wherein the indoor positioning system comprises the following steps: the system comprises a data acquisition module, an image enhancement module, a multi-source data fusion and pose resolving module. The data acquisition module acquires external raw data by using different sensors. And the image enhancement module improves the quality of the obtained image data. And the multisource data fusion and pose resolving module fuses the acquired multisource data to obtain fusion data, and the pose information of the system is obtained by resolving the fusion data. The data from the visible light camera, the thermal imaging camera and the inertial measurement unit (I MU) are directly integrated through a tight coupling method, so that the problem of positioning failure when GPS signals are abnormal can be solved, meanwhile, the problem of positioning failure caused by the fact that a large amount of available information is lost in an acquired image when substances such as smoke, dust or water vapor exist in dark environment and air can be solved, and accurate positioning of equipment in various indoor environments is realized.",,,G06V10/803;G06V10/449;G06V10/245;G06V20/36;G01C21/20;G01C21/005;G01C21/1656,G06V20/00;G06V10/80;G06V10/44;G06V10/24;G01C21/20;G01C21/00;G01C21/16,UNIV HENAN SCIENCE & TECH,,False,True
CN-208402133-U,CN-201821182408-U,CN,U,65128780,20180724,20180724,20190118,20190118,WIFI indoor positioning data acquisition equipment and system,,"The utility model embodiment discloses a kind of WIFI indoor positioning data acquisition equipment, including AP device.AP device includes signal receiving module, memory module, smoke detection module, sound and light alarm module, processor, shell and pedestal.Signal receiving module is used for return pulse signal；Smoke detection module transmits signal to processor for smokescope in detecting chamber.Sound and light alarm module is used to make a sound the warning signal with light beam.Signal receiving module, memory module, smoke detection module, sound and light alarm module and processor are all provided with inside the shell；Cover top portion is equipped with multiple sense cigarette holes；Pedestal passes through multiple set screw connected with outer casing.And then it realizes accurate positioning and meets the needs of user is to functional diversities.Meanwhile WIFI indoor positioning data collection system is equipped with mobile tag, server, keeps orientation management convenient and easy to use.",,,,H04W4/80;H04W4/021;H04W4/38;H04W4/029;G08B17/10;H04W4/33,SHENZHEN YUANSHU LIHE TECH CO LTD,,False,True
CN-222669703-U,CN-202421407830-U,CN,U,95053813,20240619,20240619,20250325,20250325,Portable flashlight with indoor positioning terminal and fire-fighting helmet assembly,,"The utility model provides a portable flashlight with an indoor positioning terminal and a fire-fighting helmet assembly, relates to the technical field of fire fighting, and solves the technical problem that the flashlight which is frequently worn by firefighters has a single function and cannot realize indoor positioning of firefighters; the flashlight comprises a buckle, an indoor positioning device and a flashlight body with an illumination part, wherein the buckle is fixed on the flashlight body and used for fixing the flashlight body and other equipment in a clamping manner, one end, deviating from the illumination part, of the flashlight body is provided with an accommodating end, an accommodating cavity is formed in the accommodating end, the indoor positioning device is fixed in the accommodating cavity and communicated with an indoor UWB base station in real time and used for identifying the position of the flashlight body, the flashlight can be used as indoor illumination when a fire-fighting and rescue person is positioned, emergency rescue is facilitated, and the fire-fighting helmet assembly can be used for conveniently illuminating and indoor positioning.",,,,F21V33/00;F21V21/00;A42B3/30;A42B3/04;F21L4/00,HANGZHOU JIUBANG FIRE SAFETY TECH CO LTD,,True,False
US-2018093769-A1,US-201715685743-A,US,A1,58406603,20170824,20150929,20180405,0,Search and Rescue UAV System and Method,,An unmanned aerial vehicle (UAV) having at least one sensor for detecting the presence of a survivor in a search and rescue area. The at least one sensor is preferably an ultra-wide band (UWB) transceiver sensor. The UAV includes a UAV data link transceiver for wirelessly communicating information concerning the survivor to a command center.,,,G08G5/00;G01S13/888;G01S2013/0245;G01S13/90;G01S13/0209;B64C2201/127;B64C39/024;G05D1/0038;B64C2201/126;G05D1/0044;B64C2201/146;B64U2201/20;B64U2101/31;B64U2101/57;B64U2101/56;G05D1/104;G08G5/53;G08G5/56;G08G5/57,G01S13/02;G01S13/90;G01S13/88;B64C39/02;G05D1/00,TYCO FIRE & SECURITY GMBH,CH,True,True
CN-120628058-B,CN-202510745338-A,CN,B,96957900,20250605,20250605,20260127,20260127,IMU auxiliary depth SLAM method and system integrating language-vision multi-mode perception,,"The invention provides an IMU auxiliary depth SLAM method and system integrating language-visual multi-mode perception, which comprises the functional modules of initial calibration and semantic map initialization, pre-integral prediction and key frame judgment, dense point cloud reconstruction and relative pose estimation, semantic embedding extraction, semantic guidance loop detection, semantic three-dimensional map incremental update and the like, wherein IMU motion priori, depth geometric constraint and language model semantic factors are jointly modeled through a graph optimization framework, and high-precision positioning and labeled map construction under a complex dynamic environment are realized. Compared with the prior art which only depends on geometric or inertial information, the invention reduces the loop error matching rate, improves the closed loop convergence efficiency and long-time repositioning robustness, and provides semantic interfaces for upper-layer tasks such as natural language navigation, target retrieval and the like. The invention can be widely applied to the fields of service robots, security inspection, intelligent driving, post-disaster search and rescue and the like.",,,G06T2207/30244;G06T2207/20084;G06T2207/10028;G06N3/0455;G06T7/80;G06T7/75;G06T7/251;G01C21/1656;G01C21/3848;G01C21/3841,G06T7/80;G06T7/73;G06T7/246;G06N3/0455;G01C21/16;G01C21/00,,,True,False
CN-115856860-A,CN-202211445431-A,CN,A,85664097,20221118,20221118,20230328,0,Direction and distance measuring method based on inertial navigation and pseudo-range,,"The invention relates to the field of search and rescue positioning, in particular to a direction and distance measuring method based on inertial navigation and pseudo range. The invention can realize the positioning of the target to be rescued by using the search and rescue equipment with single antenna, reduce the cost of the search and rescue equipment, and solve the problems of the installation of the traditional double-antenna array search and rescue equipment on a small airplane and the interference of the installation environment of double antennas on the reflection of wireless signals; the positioning accuracy can be improved along with the increase of the interrogation times, and the defects that each interrogation response of the double-antenna array is independently solved, and the positioning accuracy cannot be improved due to multiple interrogation responses are overcome; and the phase characteristics of the channel and the antenna are not required, which is different from the condition that the phase balance of the channel and the antenna is high in the dual-antenna array.",,,,G01S5/02;G01S3/46;G01S13/42;G01S5/06,SHAANXI FENGHUO ELECTRONICS CO LTD,,True,True
US-2020334784-A1,US-201716765909-A,US,A1,60953835,20171219,20171219,20201022,0,Real-Time Managing Evacuation of a Building,,"The present disclosure relates an evacuation management system, EMS, (40, 52, 60, 00, 200) operative to provide real-time evacuation information for evacuation of a building, triggered by alarm notification (S202). Based on determined (S214) precise real-time positions of personal ultra-wide band, UWB, devices, as determined by UWB real-time localization system, RTLS, a controller determines (S210) evacuation plans being personal UWB device specific in real-time. Based on individual evacuation plans and input from building facilities, real-time guidance information is defined (S208) and sent to each personal UWB device, providing guidance to person carrying said personal UWB device, in what direction to move (S212), to reach a safe area. Based on localization signals the UWB RTLSA then calculates updated positions of the personal UWB devices and sends to the evacuation management system. It is an advantage that trapped or injured people can be found, even in low visibility areas.",,,G06Q90/205;H04W4/90;G08B21/02;H04W4/33;G08B7/066;G08B25/001;G06N20/00;G06Q50/265;H04W4/024;G01C21/206;H04W4/029;H04W76/50;G06K7/10306,H04W4/90;H04W76/50;H04W4/029;H04W4/33;G06K7/10;G08B21/02;H04W4/024;G08B25/00;G06Q90/00;G06N20/00;G08B7/06,ERICSSON TELEFON AB L M,SE,True,True
CN-114459589-A,CN-202111567022-A,CN,A,81406442,20211220,20211220,20220510,0,Underwater acoustic signal detection method based on rydberg atomic radar,,"The invention discloses an underwater acoustic signal detection method based on a rydberg atomic radar. According to the invention, the performance of the traditional radar is upgraded by the capability advantages of the rydberg atoms in the aspects of high-sensitivity electromagnetic signal sensing, ultra-wideband multi-band parallel signal detection and the like, so that the requirements of micro-Doppler water surface fluctuation measurement are met; meanwhile, in view of the fact that the working frequency of the underwater acoustic signal is larger than the fluctuation frequency of the water surface waves, high-pass filters can be used for extracting high-frequency effective information from low-frequency strong background noise, and a brand-new, feasible and performance-upgraded underwater acoustic signal detection means is provided for underwater exploration, hydrological measurement, diving search and rescue and the like.",,,G01R29/0892;G01S13/88;G01H3/00,G01H3/00;G01S13/88;G01R29/08,NETWORK INFORMATION RES INSTITUTE OF SYSTEM ENGINEERING RES INSTITUTE OF MILITARY ACADEMY OF SCIENCE,,True,True
CN-120232410-A,CN-202510306922-A,CN,A,96166858,20250315,20250315,20250701,0,Underground personnel positioning and tracking method based on laser ranging,,"The invention belongs to the technical field of underground coal mine positioning, and discloses an underground personnel positioning and tracking method based on laser ranging, which comprises the steps of calculating the distance between nodes through ranging signals between UWB mobile nodes, and establishing a relative positioning model of the UWB mobile nodes by combining preset fixed base station coordinates; registering and aligning a first local octree map of a collapse area with a relative positioning model, fusing heterogeneous data of a laser radar and a UWB sensor in time and space dimensions to form an initial positioning result of trapped personnel, acquiring real-time data of a second local octree map and the relative positioning model of the UWB under the extreme condition of communication blockage or signal interruption, predicting the position of the trapped personnel, updating the position coordinates of a mobile node of a rescue personnel in real time according to a path planning result after local obstacle avoidance adjustment, and correcting the positioning data of the trapped personnel through a graph optimization algorithm. The invention solves the positioning problem under the complex environment of the mine collapse disaster site.",,,G06Q10/047;G01S17/86;G01S17/08;G01S17/89;G01C21/32;G01C21/3415;G01C21/3407;G01C21/3804,G06Q10/047;G01S17/89;G01S17/86;G01S17/08;G01C21/34;G01C21/32;G01C21/00,UNIV SHANDONG SCIENCE & TECH,,True,False
EP-4492835-A1,EP-23803896-A,EP,A1,88730794,20230512,20220512,20250115,0,Method and device for cluster configuration and round allocation for uwb communication,,An operation method of an electronic device according to various embodiments of the present disclosure may comprise the steps of: identifying two-way ranging (TWR) values for multiple anchors; configuring a first cluster including a first initiator anchor and first responder anchors on the basis of the TWR values; configuring a second cluster including a second initiator anchor and second responder anchors on the basis of the TWR values; and allocating a ranging round to each of the first cluster and the second cluster.,,,H04B1/7163;G01S13/767;G01S13/876;H04W8/005;G01S5/0289;G01S5/0268;H04W84/18;H04W8/00;G01S5/02;H04W4/80,G01S5/02;H04W84/18;H04W8/00;H04W4/80,SAMSUNG ELECTRONICS CO LTD,KR,True,True
CN-207274309-U,CN-201721337158-U,CN,U,61980519,20171017,20171017,20180427,20180427,A kind of amphibious unmanned boat of Quick rescue,,"It the utility model is related to unmanned boat technical field, and in particular to a kind of amphibious unmanned boat of Quick rescue.Wherein, including：Hull, cabin, mast, master controller, power plant module, communication module, power module and monitoring modular, cabin is installed at the top of hull stage casing, mast is installed on the afterbody of hull, and the top of mast is provided with headlamp, communication antenna and camera by rotating ring；Power plant module includes Cross-country wheel, engine, propeller and autopilot；Communication module includes image radio station, location communication device and inertial navigation equipment；Power module includes storage battery, charger and generator；Monitoring modular includes minisize gyroscopes and depth of water inductor；Master controller is commander&#39;s maincenter.The amphibious unmanned boat can timely respond to waterlogging rescue demand, and route is not known in cell of passing through；Using all transitable feature in its land and water, to carrying out organized conveying by rescuer；It is oriented to without manpower, meets the demand of the Quick rescue under waterlogging environment.",,,,B63B35/00;B60F3/00;B63B49/00;B63B45/02,QINGDAO ZHONGBANG DEFENSE INTELLIGENT EQUIPMENT CO LTD,,True,False
CN-116839591-B,CN-202310853754-A,CN,B,88164975,20230712,20230712,20240528,20240528,Track tracking and positioning filtering system and fusion navigation method of rescue unmanned aerial vehicle,,"A track tracking positioning filtering system and a fusion navigation method of a rescue unmanned aerial vehicle belong to the field of navigation of rescue unmanned aerial vehicles. The track tracking module and the automatic tracking return module of the track tracking positioning filtering system are fixedly arranged on the navigation platform of the rescue unmanned aerial vehicle, the track tracking module is in signal connection with the automatic return module, and the automatic return module is in signal connection with the navigation platform of the rescue unmanned aerial vehicle. The method comprises the following steps: calculating the rotation angle of the gyroscope; calculating the rotation angle of the navigation platform; speed and position descriptions; defining a state vector of an inertial navigation system and a Beidou combined system; constructing a fusion measurement position vector by using the measurement of the Beidou receiver; a filtering method based on unscented Kalman filtering uses unscented transformation techniques to approximate the probability distribution of nonlinear system states. The invention can track and record the path of the unmanned aerial vehicle in search and rescue, provide simple dangerous environment and condition positioning for staff, and provide expected preparation for further search and rescue work.",,,G01C21/20;G01C21/165;G01S19/47,G01C21/20;G01C21/16;G01S19/47,,,True,True
US-11833106-B2,US-201916544510-A,US,B2,67620576,20190819,20160224,20231205,20231205,Automatic determination of defibrillation pad location on patient&#39;s chest,,"A medical device uses UWB units to infer a position of an adjunct positioned in proximity to an exterior portion of a patient&#39;s body. The position information can be used to provide CPR feedback to a rescuer. In other applications, the position information can be used to provide prompts to a user to change the position of the adjunct.",,,A61H31/005;A61H31/007;A61H2203/0456;A61H2205/084;A61H1/00;A61H2201/5097;A61H2230/82;A61H2201/1669;A61H2031/002;A61H2201/1688;A61H2201/5007;A61H2201/5043;A61H31/006;A61H31/00;A61H2201/1619;A61H2201/1253;A61N1/046;A61N1/39044;A61N1/39046,A61H31/00,PHYSIO CONTROL INC,US,True,False
KR-20120055336-A,KR-20100117026-A,KR,A,46270923,20101123,20101123,20120531,0,A location tracking system for a building indoor,구조물 실내 위치 추적시스템,"PURPOSE: A location tracking system for an inside of a building is provided to easily identify a rescuer from a command center by monitoring a location of the rescuer located in a building in real time. CONSTITUTION: A relay(102) is installed in an external fixed position of a building(101) for performing rescue. A terminal is worn by a rescuer entering the inside of the building. A command center(110) is installed outside the building. The command center receives final location information from the terminal. The command center manages the rescuer by displaying the location of the rescuer on a monitor. The relay includes a GPS(Global Positioning System) reception module, a reception data process module, and a wireless communication module.","본 발명은 구조물의 내부에 진입하는 구조자의 위치를 실시간으로 지휘센터 또는 관제센터에서 확인 가능하여 용이하게 할 수 있고, 구조자가 위험상황에 처하였을 때에도 정확한 위치파악으로 신속하게 대처할 수 있도록 한 구조물 실내 위치 추적시스템에 관한 것으로서, 
구조작업을 수행하고자 하는 구조물의 외부 소정의 위치에 구비하는 중계기와, 구조물 내부로 진입하는 구조자가 휴대 또는 착용하는 단말기와, 상기 구조물의 외부에 설치되어 단말기로부터 최종위치정보를 제공받아 모니터에 구조자의 위치를 실시간으로 표시하여 추적 관리하는 지휘센터로 구성하는 것이 특징이다.",,H04W4/022;G01S19/17,G01S19/12;H04W4/02,JEONG SEONG YONG,KR,True,True
CN-212861679-U,CN-202021817819-U,CN,U,75191059,20200826,20200826,20210402,20210402,Independently distributed search and rescue device,,"The utility model discloses a device is searched for andd rescue to autonomic distributing type, the crawler-type chassis is installed to the bottom of automobile body, there is six degrees of freedom robotic arm at the upper end middle part on crawler-type chassis through bolted connection, there is UWB wireless range finding orientation module upper end of six degrees of freedom robotic arm through bolted connection, there is intelligent camera module at the front end middle part on crawler-type chassis through bolted connection, AMG8833 thermal imaging module is installed to the lower extreme of intelligent camera module, STM32 single chip microcomputer system&#39;s rear end is connected with communication system. Adopt the hot imaging module of AMG, the stranded personnel of discernment that can be accurate can send the coordinate and the picture condition of stranded personnel to the rescue personnel the very first time, can the search and rescue of zero clearance high strength, the work efficiency of effectual improvement rescue, scalability is high, can increase and decrease the quantity of robot wantonly, and does not influence the operating condition of robot, and the use scene is nimble.",,,,H04W4/02;B62D55/065;H04W4/021;H04N7/18;H04W4/024;H04W4/90,GUOKE ZHEJIANG MEDICAL TECH CO LTD,,True,True
CN-121165140-A,CN-202511290213-A,CN,A,98031734,20250910,20250910,20251219,0,"Forest team firefighter positioning system, method, equipment and medium based on wearable equipment",,"The application discloses a forest team firefighter positioning system, a method, equipment and a medium based on wearable equipment, and relates to the technical field of forest accurate positioning, wherein the system comprises: the wearable device worn on the body of the firefighter comprises a head positioning module, a lower limb positioning module and a waist positioning module, wherein the head positioning module is used for positioning the firefighter based on satellite positioning to obtain first position information, meanwhile, positioning the firefighter based on UWB positioning to obtain second position information, the lower limb positioning module is used for positioning thighs, calves and feet of the firefighter based on inertial positioning to obtain third position information, fourth position information and fifth position information, and the head positioning module is used for obtaining the position information of the firefighter based on five position information. The application can combine three positioning modes of satellite positioning, UWB positioning and inertial positioning to position forest firefighters, and can accurately position forest firefighters.",,,,H04W4/029;H04W4/02;G01S19/47;G01C21/16;G01S19/46,UNIV TANGSHAN,,True,True
KR-20230158872-A,KR-20220058521-A,KR,A,88730794,20220512,20220512,20231121,0,Method and apparatus for cluster configuration and round assignment for uwb communication,Uwb 통신을 위한 클러스터 구성 및 라운드 할당 방법 및 장치,"According to various embodiments of the present invention, provided is an operating method of an electronic device which includes the following steps of: identifying two-way ranging (TWR) values for a plurality of anchors; configuring a first cluster including a first initiator anchor and first responder anchors on the basis of the TWR values; configuring a second cluster including a second initiator anchor and second responder anchors on the basis of the TWR values; and allocating a ranging round to each of the first cluster and the second cluster. Therefore, during UWB communication, an optimal anchor role can be assigned and an optimal cluster can be configured.","본 개시의 다양한 실시예에 따른 전자 장치의 동작 방법은, 복수의 앵커들에 대한 TWR (two-way ranging) 값들을 확인하는 단계와, 상기 TWR 값들에 기반하여, 제1 initiator 앵커와 제1 responder 앵커들을 포함하는 제1 클러스터를 구성하는 단계와, 상기 TWR 값들에 기반하여, 제2 initiator 앵커와 제2 responder 앵커들을 포함하는 제2 클러스터를 구성하는 단계와, 상기 제1 클러스터 및 상기 제2 클러스터 각각에 레인징 라운드를 할당하는 단계를 포함할 수 있다.",,H04B1/7163;G01S13/767;G01S13/876;H04W8/005;G01S5/0289;G01S5/0268;H04W4/80;H04W84/18;G01S5/02;H04W8/00,H04W4/80;G01S5/02;H04W8/00;H04W84/18,SAMSUNG ELECTRONICS CO LTD,KR,True,True
CN-121521073-A,CN-202511522832-A,CN,A,98714338,20251023,20251023,20260213,0,Disaster site three-dimensional mapping system based on unmanned aerial vehicle,,"The invention relates to the technical field of disaster site mapping, and discloses a disaster site three-dimensional mapping system based on an unmanned aerial vehicle. The system comprises a control unmanned aerial vehicle carrying a multispectral sensor for carrying out omnibearing scanning on a disaster site, collecting earth surface deformation data and multiband reflectivity data, carrying out time sequence alignment and noise filtering on the collected data, constructing an initial three-dimensional point cloud through dynamic voxelization processing, merging inertial measurement unit data to correct space positions, identifying earth surface fracture zone edge and elevation mutation characteristics from the point cloud, dividing geological stability subareas by combining the reflectivity data, carrying out multilevel detail division on the stability subareas by adopting a self-adaptive octree segmentation algorithm, automatically adjusting grid resolution according to fracture zone density to generate a three-dimensional topological structure of the disaster site, calculating earth surface displacement vectors and sedimentation gradients through comparing historic and current three-dimensional data, marking potential secondary disaster risk areas, and realizing accurate evaluation and risk early warning of the disaster site.",,,G01C21/1656;G01C21/1652;G01B11/026;G01C5/00;G01S17/875;G01S17/86;G01C21/005;G01C21/20;G01N21/25;G01N21/55;G01C11/36;G01C11/025;G01C15/00,G01S17/875;G01S17/86;G01N21/55;G01N21/25;G01C21/20;G01C21/16;G01C21/00;G01C11/36;G01C11/02;G01C5/00;G01B11/02;G01C15/00,HUASHAN ELECTRONIC TECH CO LTD,,True,True
KR-102659298-B1,KR-20240006431-A,KR,B1,90844289,20240116,20240116,20240418,20240418,Emergency callingElevator emergency call system equipped with the function of utilizing passengers&#39; personal information,비상통화호출승객 신상정보 활용기능을 구비한 엘리베이터 비상통화 시스템,"The purpose of the present invention is to provide an elevator emergency call system having a function for utilizing personal information of passengers who have made an emergency call, which enables a manager to know personal information of passengers who have made an emergency call, thereby efficiently rescuing the passengers in need of rescue. The present invention comprises: a main unit installed in a machine room of an elevator; a sub-unit installed inside a car of the elevator and connected to the main unit, the sub-unit having a microphone, a speaker, a camera, a monitor, a Bluetooth, and a UWB transceiver built in, and having an emergency call button connected; a management office unit installed in a management office, connected to the main unit, and connected to the microphone, the speaker, the camera and the monitor; a control server installed in the management office and displaying a personal information screen comprising the name, age, type of disability, phone number and address of a person requiring rescue on the monitor of the management office unit and the monitor of an operation PC; and an operation PC installed in the management office and connected to the control server. The present invention has the effect of allowing the manager to easily obtain information about the elevator that was in the emergency call when the emergency call connection is disconnected and then physically/electrically restored during the emergency call, thereby allowing the manager to call the passengers again with a simple click call.","이 발명은 비상통화호출승객 신상정보 활용기능을 구비한 엘리베이터 비상통화 시스템에 관한 것으로서, 이 발명의 구성은, 엘리베이터의 기계실에 설치되는 주장치와, 엘리베이터의 카내부에 설치되며, 상기 주장치와 연결되며, 마이크로폰, 카메라, 모니터, 블루투스 및 UWB 송수신기가 내장되어 있으며 비상호출버튼이 연결되어 있는 자기와, 관리실에 설치되며, 상기 주장치와 연결되며, 마이크로폰과 스피커와 카메라와 모니터가 연결되어 있는 관리실기와, 관리실에 설치되며, 주장치와 관리실기와 연결되어 엘리베이터 번호 및 모기 위치를 포함한 비상통화와 관련된 데이터를 관리하고 저장함과 동시에 요구조자의 성명, 나이, 장애종류, 전화번호, 주소로 이루어지는 신상정보 화면을 관리실기의 모니터와 운영 PC의 모니터에 표시하는 관제서버와, 관리실에 설치되며, 관리실에 설치되어 있으며 상기 관제서버와 연결되는 운영 PC를 포함하며, 상기 관제서버에는 정부 또는 지방자치단체에 등록되어 있는 지체장애자, 치매환자에 대한 신상정보(성명, 나이, 장애종류, 전화번호, 주소)가 미리 저장되며, 정부 또는 지방자치단체에 등록되어 있는 지체장애자, 치매환자의 스마트폰에는 엘리베이터 비상상황과 관련된 스마트폰앱이 설치된다.",,B66B5/0006;B66B5/021;H04M11/04,B66B5/00;B66B5/02;H04M11/04,KIM JUNG ROK,KR,True,False
CN-113490145-B,CN-202110869412-A,CN,B,77944767,20210730,20210730,20220617,20220617,Ad hoc network positioning system based on UWB,,"The invention discloses an ad hoc network positioning system based on UWB, which comprises a long-distance Bluetooth gateway or a UWB base station, 1 or a plurality of fixed-point tags, 1 or a plurality of nearby tags and a server. The invention adopts a mechanism combining UWB and Bluetooth, and coordinates the master-slave relation M and the fixed point relation A of the label while reducing the power consumption, and confirms the self-positioning condition F; meanwhile, the ranging result is uploaded through Bluetooth, so that the ranging result can be conveniently received by a Bluetooth gateway or other intelligent equipment such as a tablet, a mobile phone and the like with Bluetooth, and the position information is further analyzed and displayed on a map; and self positioning and navigation can be realized. The firefighter carrying the tag can acquire the position information of the member carrying the tag at any time through the industrial tablet, and can support teammates through navigation or arrange personnel nearby for support. Because the data is directly transmitted from the tag to the tablet personal computer or the smart phone, the data does not need to be forwarded through a cloud platform or a server and the like, and the time delay of the position data is reduced to the minimum.",,,H04W84/18;H04W4/023;Y02D30/70;H04W4/80;H04W4/02,H04W4/80;H04W4/02;H04W84/18,,,True,True
CN-215691153-U,CN-202120597710-U,CN,U,80013353,20210324,20210324,20220201,20220201,Intelligent fire-fighting protective clothing,,"The utility model provides an intelligent fire-fighting protective clothing, comprising: the fire-fighting backpack is internally provided with a wireless radio frequency identification system, an electronic instrument, a battery, a circuit board and an oxygen cylinder, the upper part of the protective suit is provided with a protective mask and a head-mounted display, and the circuit board is connected with the electronic instrument of the fire-fighting backpack, the battery, the protective mask and the head-mounted display; the top of the protective mask is provided with a camera, and a thermal inductance image is displayed in a thermal inductance image head-mounted display; the intelligent watch also comprises an RFID reader and an intelligent watch, and is used for detecting the blood pressure, the heart rate and the oxygen value of a wearer; the microphone is used for realizing a remote video intercom function; the help caller sends out warning information to team members through a sound or visual warning device when the wearer is static or trapped; the communication system and the inertial navigation module are used for positioning personnel in real time; the fire-fighting backpack is externally provided with a temperature sensor for detecting the ambient temperature, and the temperature sensor can automatically alarm through a prompting lamp, a sound alarm and a vibrator when the ambient temperature exceeds a set value.",,,,A62B17/00,RUENTEX RESCUE EQUIPMENT TECH HEBEI CO LTD,,True,True
CN-105974492-A,CN-201610479557-A,CN,A,57019806,20160627,20160627,20160928,0,Multifunctional life detection instrument,,"The invention relates to a multifunctional life detection instrument. The multifunctional life detection instrument comprises a control terminal, a life detection device carrying out data exchange with the control terminal, and a charging and discharging cell and a power source circuit which provide power for the control terminal and the life detection device, wherein the life detection device comprises a main control module carrying out data exchange with the control terminal, and a UWB electromagnetic detector, a micro vibration detector and an audio video detector which are respectively connected with the main control module to realize data interaction, and the control terminal controls switching among the three modes of the UWB electromagnetic detector, the micro vibration detector and the audio video detector. The multifunctional life detection instrument is advantaged in that high precision is realized, life rescue under various conditions can be adapted, powerful guarantee is provided for disaster rescuers, and the technological level and the equipment level in aspects of earthquake relief work and life saving of the country are effectively improved.",,,G01V11/00;A61B5/00,A61B5/00;G01V11/00,HUNAN ZENNZE TECH CO LTD,,True,False
CN-121679475-A,CN-202511917797-A,CN,A,99039770,20251218,20251218,20260317,0,Automatic tracking method and system for dust removing equipment based on UWB technology,,"The invention discloses an automatic tracking method and system of dust removing equipment based on UWB technology, which comprises the steps of arranging at least three UWB positioning base stations in a workshop, wearing UWB positioning labels for each worker, installing a multi-axis intelligent lifting hook integrated with a smoke purification dust hood on an overhead track of the workshop, ranging the UWB positioning base stations and the UWB positioning labels by using a DS-TWR bilateral two-way ranging method to obtain distance information, calculating real-time three-dimensional coordinates of the worker according to the distance information of a plurality of base stations based on a trilateral positioning principle, combining preset safe hovering height according to the coordinates of the target worker, generating lifting hook target point coordinates, transmitting the lifting hook target point coordinates to a lifting hook control system, generating lifting hook running tracks based on a track planning algorithm, carrying out real-time control based on the lifting hook running tracks, and feeding back the lifting hook coordinates, speed, the working state of a smoke purification device and fault alarm information. The applicability and the acceptance of the system are improved.",,,,G05D3/12;G01C21/34;B66C15/00;G01S5/02,KEMENG WIND POWER EQUIPMENT TANGSHAN CO LTD,,False,True
CN-113009584-B,CN-202110175400-A,CN,B,76384140,20210206,20210206,20220517,20220517,Ultra-wideband MIMO radar vital sign detection positioning method,,"The invention belongs to the technical field of ultra wide band radar signal processing, and discloses an ultra wide band MIMO radar vital sign detection positioning method. The invention mainly comprises the following steps: (1) rearranging the echo data of a plurality of channels of the MIMO radar; (2) performing sequential inertial coherent imaging and compensation on the target area; (3) band-pass filtering along a time dimension; (4) calculating the position of the surface of the thorax of the living body; (5) removing clutter and direct current bias; (6) taking phases to obtain vital sign signals; (7) the respiratory and heartbeat signals are separated. (8) Detecting the peak values of the respiration and heartbeat signals, and calculating the instantaneous respiration rate and the heart rate; (9) sliding time window dynamic measurements. The invention can be used for carrying out three-dimensional positioning and vital sign measurement on trapped people in ruins and buildings, has high signal processing gain, high positioning precision and good real-time performance, and can realize instantaneous respiration rate and heart rate measurement.",,,Y02A90/10;G01V3/12;A61B5/0205;A61B5/7203,A61B5/00;A61B5/0205;G01V3/12,,,False,True
CN-118534834-B,CN-202411010877-A,CN,B,92394353,20240726,20240726,20240927,20240927,Man-machine cooperation method and system for emergency rescue service,,"The invention relates to the technical field of search and rescue, in particular to a man-machine cooperation method and a man-machine cooperation system for emergency rescue service, which comprise the following steps: s1, a robot end collects data through UWB, an odometer, a laser radar and a camera, and an operator end collects data through UWB and an IMU; s2, estimating an operator motion trail based on the IMU, estimating a robot motion trail based on the wheel type odometer, constructing a constraint function by using UWB distance measurement values, and realizing pose optimization and man-machine cooperation positioning by fusing mileage information and UWB measurement data through a graph optimization algorithm; and S3, an operator utilizes the pointing device and the touch screen to realize man-machine information interaction through a wireless network, and based on the optimized man-machine cooperation positioning result, the robot fixed-point exploration and formation following are completed by combining laser radar data. The invention can perform man-machine cooperation better.",,,G05B2219/25257;G05B19/0423;Y02T10/40,G05B19/042,,,True,False
CN-110276927-A,CN-201810233446-A,CN,A,67957931,20180316,20180316,20190924,0,One kind is shed with water proof type infrared light smoke detector,,"The invention discloses one kind to shed with water proof type infrared light smoke detector, including smoke detector ontology, the smoke detector ontology is internally provided with air flue, the on both sides of the middle of the air flue is symmetrically arranged with infraluminescence pipe and infrared photodiode, one end end two sides of the air flue are symmetrically arranged with electrode contacts A and electrode contacts B, the other end end two sides of the air flue are symmetrically arranged with electrode contacts C and electrode contacts D, the electrode contacts A, electrode contacts B, electrode contacts C, electrode contacts D, infraluminescence pipe and infrared photodiode pass through conducting wire and connect with control circuit board box, the control circuit board box is fixed at the inside center of smoke detector ontology.The present invention solves the problems, such as that traditional smoke sensor device is difficult to quick, accurate measurements region smog near the ground in the adverse circumstances such as emergency management and rescue by setting infraluminescence pipe, infrared photodiode and acceleration inertial sensor.",,,G08B17/103,G08B17/103,COMPREHEND SUZHOU INFORMATION TECH CO LTD,,True,False
CN-114994672-B,CN-202210925083-A,CN,B,83022665,20220803,20220803,20221025,20221025,Fire scene smoke scene positioning and mapping method and device based on millimeter wave radar inertia combination,,"The invention discloses a fire scene smoke scene positioning and mapping method and device based on millimeter wave radar inertia combination, wherein the method comprises the following steps: acquiring inertial data and point cloud data; obtaining posture information of the human body based on the inertial data, estimating the step length of the human body based on the constraint of human kinematics and the inertial data, and determining the position information of the human body; lifting the sparse high-noise millimeter wave radar point cloud data to obtain dense point cloud data; and mapping the dense point cloud data to a global coordinate system through the posture information and the position information of the human body to construct a map. The invention is applied to the field of navigation positioning, aims at the characteristic that the movement of emergency rescue personnel is complex and changeable, and realizes navigation positioning by detecting gait and calculating position and posture through an inertial device based on the constraint of human kinematics; and mapping the point cloud data to a global coordinate system through the position and posture information to construct a map, so as to realize real-time positioning and map construction positioning of personnel in a smoke environment.",,,G01S13/86;G06T7/70;G06T2207/20084;G01C21/1652;G01C21/3804;G06T17/05;G01S13/89;G06T2207/10028;G06T2207/30196;G06T2207/20081;G01C21/3841;Y02A90/10,G01C21/16;G01S13/89;G01C21/00;G06T17/05;G06K9/62;G01S13/86;G06T7/70,,,True,False
CN-116839591-A,CN-202310853754-A,CN,A,88164975,20230712,20230712,20231003,0,Track tracking and positioning filtering system and fusion navigation method of rescue unmanned aerial vehicle,,"A track tracking positioning filtering system and a fusion navigation method of a rescue unmanned aerial vehicle belong to the field of navigation of rescue unmanned aerial vehicles. The track tracking module and the automatic tracking return module of the track tracking positioning filtering system are fixedly arranged on the navigation platform of the rescue unmanned aerial vehicle, the track tracking module is in signal connection with the automatic return module, and the automatic return module is in signal connection with the navigation platform of the rescue unmanned aerial vehicle. The method comprises the following steps: calculating the rotation angle of the gyroscope; calculating the rotation angle of the navigation platform; speed and position descriptions; defining a state vector of an inertial navigation system and a Beidou combined system; constructing a fusion measurement position vector by using the measurement of the Beidou receiver; a filtering method based on unscented Kalman filtering uses unscented transformation techniques to approximate the probability distribution of nonlinear system states. The invention can track and record the path of the unmanned aerial vehicle in search and rescue, provide simple dangerous environment and condition positioning for staff, and provide expected preparation for further search and rescue work.",,,G01C21/20;G01C21/165;G01S19/47,G01C21/20;G01C21/16;G01S19/47,HARBIN TIANSHU WENDAO TECH CO LTD,,True,True
CN-118534834-A,CN-202411010877-A,CN,A,92394353,20240726,20240726,20240823,0,Man-machine cooperation method and system for emergency rescue service,,"The invention relates to the technical field of search and rescue, in particular to a man-machine cooperation method and a man-machine cooperation system for emergency rescue service, which comprise the following steps: s1, a robot end collects data through UWB, an odometer, a laser radar and a camera, and an operator end collects data through UWB and an IMU; s2, estimating an operator motion trail based on the IMU, estimating a robot motion trail based on the wheel type odometer, constructing a constraint function by using UWB distance measurement values, and realizing pose optimization and man-machine cooperation positioning by fusing mileage information and UWB measurement data through a graph optimization algorithm; and S3, an operator utilizes the pointing device and the touch screen to realize man-machine information interaction through a wireless network, and based on the optimized man-machine cooperation positioning result, the robot fixed-point exploration and formation following are completed by combining laser radar data. The invention can perform man-machine cooperation better.",,,G05B2219/25257;G05B19/0423;Y02T10/40,G05B19/042,UNIV SW SCI & TECH SWUST,,True,False
CN-120540298-A,CN-202510620044-A,CN,A,96792208,20250514,20250514,20250826,0,Cooperative positioning and track planning method based on air-ground robot system,,"The invention discloses a co-positioning and track planning method based on an air-ground robot system, which comprises the following steps: the unmanned aerial vehicle utilizes the laser radar to construct a global environment map and position the unmanned aerial vehicle, and the unmanned aerial vehicle combines the IMU and the UWB ranging chip to obtain the distance between the unmanned aerial vehicle and each unmanned aerial vehicle, so as to estimate the pose in real time. Based on the fused pose and global map information, a method of combining mixed A search with nonlinear track optimization is adopted, a collaborative track planning problem is converted into a multi-constraint optimization model, the problems of view distance quality, unmanned vehicle formation geometry and unmanned vehicle rapid navigation among space robots are comprehensively considered, and a collision-free optimization collaborative track meeting the kinematic constraint of the multi-robots is generated in real time. The method remarkably improves the positioning precision and the cooperation degree of the air-ground cooperation system in a complex dynamic environment, and provides a safe, efficient and real-time heterogeneous multi-robot track planning method for various application scenes such as inspection, search and rescue, environmental monitoring and the like.",,,G05D2109/20;G05D2109/10;G05D1/695;G05D1/46;G05D1/648;G05D1/248;G05D1/692;G05D1/644;G05D1/633;G05D1/246;G05D1/242;G05D1/43,G05D109/20;G05D109/10;G05D1/695;G05D1/692;G05D1/648;G05D1/644;G05D1/633;G05D1/46;G05D1/248;G05D1/246;G05D1/242;G05D1/43,UNIV ZHEJIANG,,True,False
KR-102110217-B1,KR-20180064192-A,KR,B1,69004016,20180604,20180604,20200513,20200513,System and method for tracking location of rescue worker in disaster building,재난건물 내에서 구조대원의 위치추적 시스템 및 방법,,"본 발명의 일 실시예에 따른 재난건물 내에서 구조대원의 위치추적시스템은 재난 건물에 존재하는 적어도 하나 이상의 광선 투과 윈도우를 향해 구분 가능한 광 점멸 주파수를 갖는 점멸 광선을 출력하고, 상기 점멸 광선의 상기 재난 건물 내의 도달 지점에 대응하는 광선 도달점 위치를 검출하는 위치 검출기; 구조대원에 의해 휴대되며, 상기 점멸 광선에 의해 상기 재난 건물 내의 상기 광선 도달점 위치에 형성된 광선 이미지를 촬영하고, 촬영된 광선 이미지를 전송하는 대원 단말기; 및 상기 위치 검출기로부터 수신된 상기 점멸 광선에 대한 상기 광선 도달점 위치 및 상기 대원 단말기로부터 수신된 상기 광선 이미지로부터 산출된 광 점멸 주파수를 이용하여, 상기 대원 단말기를 휴대하는 상기 구조대원의 실내 위치를 결정하는 위치 추적 서버를 포함한다.",,G01S11/12;G08B25/14;G08B21/0205,G01S11/12;G08B21/02;G08B25/14,,,True,False
CN-120382513-A,CN-202510490755-A,CN,A,96488956,20250418,20250418,20250729,0,Mining disaster rescue robot based on multi-mode sensing and intelligent recognition,,"The invention discloses a mine disaster rescue robot and a mine disaster monitoring method based on multi-mode sensing and intelligent recognition, which relate to the technical field of mine disaster rescue robots, the mining disaster rescue robot based on multi-mode sensing and intelligent recognition mainly comprises an image processing and edge calculating unit, a UWB positioning module, an inertia measuring unit, a laser radar, a binocular depth camera, a thermal imager, a sound sensor, a gas sensor, an RGB camera, a motion control unit and a power supply system. By implementing the mining disaster rescue robot and the mining disaster monitoring method based on multi-mode sensing and intelligent recognition, the positioning precision and autonomous navigation capability of the rescue robot in a complex mine environment can be improved, and the accuracy and the instantaneity of judging the states of trapped workers are improved.",,,G06V2201/07;G05D2105/05;G06V10/82;G06V10/25;G06N3/0464;G05D1/648;G05D1/247;G05D1/644;G05D1/633;G05D1/65;G05D1/246;G05D1/243;G05D1/43;B25J11/00;B25J19/00;G01C21/165;G01D21/02;E21F11/00,G06V10/82;G06V10/25;G06N3/0464;G05D105/05;G05D1/65;G05D1/648;G05D1/644;G05D1/633;G05D1/43;G05D1/247;G05D1/246;G05D1/243;G01D21/02;G01C21/16;E21F11/00;B25J11/00;B25J19/00,UNIV CHINA GEOSCIENCES WUHAN,,True,False
CN-116233035-B,CN-202310117801-A,CN,B,86585245,20230215,20230215,20231117,20231117,Digital fire-fighting individual communication system and data perception acquisition communication method,,"The invention discloses a digital fire-fighting individual communication system and a data perception acquisition communication method, which comprise a core communication terminal and a plurality of networking nodes, wherein the core communication terminal is assembled on a scene fire-fighting individual, and has a plurality of network communication modes, is carried by the fire-fighting individual, can be in wireless interconnection and intercommunication with one or a plurality of networking nodes nearby, and can carry out audio and video communication with scene actual combat command platform commander of other scene fire-fighting individual or scene command parts. According to the invention, the information acquisition and communication equipment are highly integrated, so that the effective fusion of the individual fire fighting system equipment is realized, the individual combat load is reduced, and the individual flexible combat advantage is better exerted; the UWB-Tag is applied to realize the position location of the UWB base station, a method for information communication exchange between two networks is established, the difficulty of position acquisition of individual firefighters in indoor and outdoor spaces, particularly in the internal combat process of complex buildings, is solved, and the individual safety protection capability of the individual firefighters in the emergency rescue process can be effectively improved.",,,H04L49/355;H04L49/15;H04L12/4604;H04W4/029;H04W88/08;Y02D30/70,H04L49/35;H04L12/46;H04L49/15;H04W4/029;H04W88/08,,,True,True
CN-116540202-A,CN-202310654037-A,CN,A,87447135,20230605,20230605,20230804,0,Life detection positioning method and system for mine drilling rescue,,"The application provides a life detection and positioning method and system for mine drilling rescue, wherein the method comprises the following steps: detecting an area to be detected by using back-to-back ultra-wideband radars placed in a borehole, obtaining radar echo matrixes in each preset direction of the area to be detected, and preprocessing each radar echo matrix; determining each initial direction in which the trapped person is located and the radar echo matrix preprocessed in each initial direction according to the preprocessed radar echo matrix in each preset direction; determining the distance between trapped personnel corresponding to each initial direction and the back-to-back ultra-wideband radar according to the radar echo matrix preprocessed in each initial direction; and determining the position of the trapped person based on the distance between the trapped person corresponding to each initial direction and the back-to-back ultra-wideband radar. According to the technical scheme, the back-to-back ultra-wideband radar is used for detecting the positions of trapped people, so that the calculated amount is small, and the three-dimensional positions of the trapped people can be rapidly and accurately determined.",,,G01S7/41;G01V3/38;G01V3/12;Y02D30/70,G01S7/41;G01V3/12;G01V3/38,CHINA COAL RES INSTITUTE CO LTD;BEIJING TECH RESEARCH BRANCH OF TIANDI SCIENCE & TECH CO LTD,,True,True
US-2017131080-A1,US-201615339663-A,US,A1,58667549,20161031,20151006,20170511,0,Through-the-wall magnetoquasistatic positioning,,"Magnetoquasistatic through-the-wall non-line-of-sight coupling between a mobile transmitting device located within a building, or indoor, and a fixed receiving device located outside the building, outdoor, enables positioning of the transmitting device through the wall of the building and in non-line-of-sight environments. Systems based on magnetoquasistatic coupling can separately sense the distance and orientation of the transmitting device accurately even in heavy non-line-sight environments such as steel-reinforced buildings. The approach permits sensing and determination of location and attitude of mobile devices in buildings and can be used to locate rescue workers, first responders, or law enforcement officers inside a building.",,,G01R29/0871;G01N27/72;G01B7/004,G01B7/004,CALIFORNIA INST OF TECHN,US,True,False
CN-111583136-B,CN-202010336146-A,CN,B,72120634,20200425,20200425,20230523,20230523,Method for simultaneously positioning and mapping autonomous mobile platform in rescue scene,,"The invention discloses a method for simultaneously positioning and mapping an autonomous mobile platform in a rescue scene, which is applied to the search and rescue autonomous mobile platform and can be used for positioning and mapping in extreme environments such as a fire rescue scene, a complex dangerous accident scene and the like. The method mainly comprises three parts of sensor information processing, pose estimation and pose correction. Firstly, performing operations such as deblurring, feature extraction and the like on the omnibearing image information acquired by the four-eye camera module. Then, fusing the position and the measurement information of the inertial navigation sensor, estimating the pose, and finally, carrying out global pose optimization correction. The method designs a full-automatic end-to-end defogging method based on the convolutional neural network, does not need post-processing steps, has wide application range, and can be simultaneously applied to defogging of indoor and natural scenes. Meanwhile, a relatively stable binocular vision SLAM method based on a feature point method is adopted to fuse IMU sensor data to locate and build a map of the autonomous mobile platform.",,,G06T7/246;G06T2207/10028;G06T7/73;G06F18/253;G06T2207/20164;G06T5/73,G06V10/772;G06N3/0464;G06T7/246;G06N3/096;G06T5/00;G06V10/74;G06T7/73,,,True,False
CN-103245976-A,CN-201310196338-A,CN,A,48925609,20130523,20130523,20130814,0,Human body target and surrounding structure compatibility detecting method based on UWB (Ultra Wideband) bio-radar,,"The invention discloses a human body target and surrounding structure compatibility detecting method based on a UWB (Ultra Wideband) bio-radar, comprising the following steps: a preprocessing step A, a human body target detecting step B and a structure detecting step C. Since most of survivors pressed and buried in ruins after an earthquake and other disasters are buried in holes formed under the ruins is considered, a certain space is formed between the survivors and the ruins, and the medium in the space is air. The detection and identification are realized on the upper and lower interfaces of the holes according to the limited conditions and the human body target position information, so that more accurate and more comprehensive ruins structure information can be obtained in the follow-up study, and new thinking can be provided for the application and development of a UWB search and rescue bio-radar technology.",,,,G01V3/12,FOURTH MILITARY MEDICAL UNIV,,True,True
CN-108489484-A,CN-201810200091-A,CN,A,63338660,20180312,20180312,20180904,0,A kind of memory method for path navigation based on individual soldier&#39;s Intelligent visible glasses,,"The invention discloses a kind of memory method for path navigation based on individual soldier&#39;s Intelligent visible glasses, include the following steps：One, the building interior planogram data of command centre&#39;s transmission is received, the key element in data is extracted, is plotted on Intelligent visible glasses with block diagram form；Two, the location information of real-time reception inertial navigation set transmission, and the data received are saved in local data base；Three, according to inertial navigation location information, Intelligent visible spectacle plane schematic diagram is simultaneously switched to the layer by floor where judging individual soldier, matches coordinate relationship, map location point and progress path where drawing individual soldier；Four, judge whether be currently the state of withdrawing.The present invention is using Intelligent visible glasses as platform, comprehensive utilization inertial navigation technology, network transmission technology, can provide evacuation route for fire-fighting individual soldier in the case where dense smoke visibility is low and navigate, its is assisted safety quick to withdraw the scene of a fire.",,,G01C21/16;G01C21/206,G01C21/20;G01C21/16,28TH RES INST CHINA ELECTRONICS TECH GROUP CORP,,True,True
CN-115217523-A,CN-202110426339-A,CN,A,83605730,20210420,20210420,20221021,0,Search and rescue ware based on ultra wide band suitable for environment in pit,,"Disclosed is an ultra-wideband based search and rescue apparatus suitable for use in a downhole environment, comprising: a data processing unit; an ultra-wideband radio frequency unit communicably connected to the data processing unit; and a power supply unit for the data processing unit and the ultra-wideband radio frequency unit; the ultra-wideband radio frequency unit is configured to communicate with a positioning identifier carried by a person to be searched and rescued based on an ultra-wideband communication technology to obtain communication data, and the data processing unit is configured to process the communication data to obtain positioning data of the person to be searched and rescued, wherein the positioning data comprises distance information between the person to be searched and rescued and the search and rescue device and direction information of the person to be searched and rescued relative to the search and rescue device. Therefore, the search and rescue device can realize the positioning of the personnel to be searched and rescued based on the ultra-wideband communication technology, and can obtain the distance information and the direction information of the personnel to be searched and rescued at the same time.",,,E21F17/18;H04W64/00,E21F17/18;H04W64/00,BEIJING YONGAN XINTONG TECH CO LTD,,True,False
CN-114994672-A,CN-202210925083-A,CN,A,83022665,20220803,20220803,20220902,0,Fire scene smoke scene positioning and mapping method and device based on millimeter wave radar inertia combination,,"The invention discloses a fire scene smoke scene positioning and mapping method and device based on millimeter wave radar inertia combination, wherein the method comprises the following steps: acquiring inertial data and point cloud data; obtaining posture information of the human body based on the inertial data, estimating the step length of the human body based on the constraint of human kinematics and the inertial data, and determining the position information of the human body; lifting the sparse high-noise millimeter wave radar point cloud data to obtain dense point cloud data; and mapping the dense point cloud data to a global coordinate system through the posture information and the position information of the human body to construct a map. The invention is applied to the field of navigation positioning, aims at the characteristic that the movement of emergency rescue personnel is complex and changeable, and realizes navigation positioning by detecting gait and calculating position and posture through an inertial device based on the constraint of human kinematics; and mapping the point cloud data to a global coordinate system through the position and posture information to construct a map, so as to realize real-time positioning and map construction positioning of personnel in a smoke environment.",,,G06T7/70;G01C21/3804;G01S13/86;G06T2207/20081;G06T2207/30196;G01C21/1652;G06T17/05;G06T2207/10028;G06T2207/20084;G01C21/3841;G01S13/89;Y02A90/10,G01S13/89;G06T7/70;G06K9/62;G01S13/86;G01C21/00;G06T17/05;G01C21/16,PEOPLE'S LIBERATION ARMY NATIONAL UNIVERSITY OF DEFENSE TECHNOLOGY,,True,False
CN-115096306-A,CN-202210414888-A,CN,A,83287635,20220420,20220420,20220923,0,Novel Slam indoor positioning navigation method based on monocular camera,,"A novel Slam indoor positioning navigation method based on a monocular camera relates to the technical field of navigation positioning, wherein a video stream transmitted by an unmanned aerial vehicle is analyzed through a system platform AI system, a background contour is identified and separated from an image, posterior estimation comparison is carried out based on HF-Net, and accurate position data are finally obtained; the unmanned aerial vehicle data transmission system is high in practicability and very convenient to use, the unmanned aerial vehicle can be quickly subjected to data transmission and positioning by means of a 4G network, the use cost is saved, the damage of the unmanned aerial vehicle during operation in a high-temperature high-smoke environment can be reduced, and the service life of the unmanned aerial vehicle is prolonged.",,,B64D47/08;G06T17/05;G06T7/13;G06T7/73;G06T7/194;G06T2207/20081;B64C27/08;G01C21/206,G01C21/20;G06T7/73;G06T7/194;G06T17/05;G06T7/13;B64C27/08;B64D47/08,ZHENJIANG RUNTU INTELLIGENT TECH CO LTD,,False,True
CN-120026956-A,CN-202510095841-A,CN,A,95738720,20250122,20250122,20250523,0,Coal mine equipment control system and control method based on gesture analysis,,"The invention discloses a gesture analysis-based coal mine equipment control system and a gesture analysis-based coal mine equipment control method, which are characterized in that an RGB camera and a thermal infrared instrument are spliced left and right to form a camera device, a camera device is installed on a fully mechanized working face every 6 hydraulic supports, a camera device is installed on an equipment train every 10 meters, a camera device is installed at a position where fully mechanized equipment is arranged in a mine roadway, a GPU (graphic processing unit) power calculating server and a control server are deployed in a control center, UWB positioning labels are attached to each self-rescuer equipment, wireless buttons of a signal sending module are fixed for each UWB positioning label, a UWB positioning base station is arranged in the mine every 200 meters, the UWB positioning base station is communicated with the UWB positioning labels in a communication range of the UWB positioning base station, and the UWB positioning base station and the camera device are connected with the GPU power calculating server and the control server through a switch. The invention can reduce the manpower and labor of operators, ensure the safety of the operators and realize intelligent control.",,,G06V10/82;G06V40/28;E21C35/302;E21C35/282;E21C35/24;E21D23/12;E21F17/18;E21F17/00,G06V40/20;G06V10/82;E21F17/18;E21D23/12;E21C35/24;E21F17/00,SICHUAN AEROSPACE ELECTRO & HYDRAULIC CONTROL CO LTD,,True,False
CN-113840372-A,CN-202010584553-A,CN,A,78964379,20200623,20200623,20211224,0,Aerial search positioning processor,,"The invention relates to the technical field of communication equipment, and particularly discloses an aerial search positioning processor which comprises a case, and a power module, a CPU module, an I/O module and a motherboard which are arranged in the case, wherein the power module, the CPU module and the I/O module are electrically connected with the motherboard. According to the invention, by utilizing related information provided by devices such as a communication radio station, a lifesaving radio station, a GNSS/BD Beidou transceiver, an inertial navigation system and the like, the current position of a carrier, the position of a search target, a search track, a straight flight path and other comprehensive search and rescue conditions are displayed on a display controller, so that the air search and rescue efficiency is improved, search and rescue, positioning and instant state confirmation of people and articles falling into water are completed, and the identification of the rescued target on an electronic digital map is completed.",,,H04W4/90;G06F16/29;G01S19/42;H04W64/00;G01S19/03,H04W64/00;G01S19/42;G06F16/29;H04W4/90;G01S19/03,XIAN LONGZI ELECTRONIC TECH CO LTD,,True,False
KR-102529436-B1,KR-20200184489-A,KR,B1,82401918,20201228,20201228,20230508,20230508,Method and apparatus for position estimation of first responders,긴급 구조원의 위치 결정 방법 및 장치,,"재난 복구 시 신속 배치 가능한 응급 통신 시스템에서 긴급 구조원의 실내 위치 측정 방법이 개시된다.  일 실시예에 따른 긴급 구조원의 위치 결정 방법은 복수의 앵커 노드에서 수신되는 신호에 기초하여, 앵커 노드와 긴급 구조원 사이의 거리를 추정하는 단계, 거리에 기초하여, 복수의 앵커 노드 중에서 최적의 앵커 노드 집합을 결정하는 단계, 최적의 앵커 노드 집합에 기초하여, 긴급 구조원의 위치를 결정하는 단계를 포함하고, 앵커 노드는 스틸 얼라이브 액세스 포인트(still-alive access points ; SAPs) 및 헬퍼 액세스 포인트(helper access points ; HAPs) 중 적어도 하나를 포함한다.",,G01S5/14;G01S5/0252;G01S11/06;H04W64/00,G01S5/14;H04W64/00;G01S5/02;G01S11/06,,,True,True
CN-203460182-U,CN-201320465320-U,CN,U,50172567,20130801,20130801,20140305,20140305,Multi-axis scout robot,,"The utility model relates to a multi-axis scout robot which comprises a machine body and a flight control panel. Four rotor wing pieces are installed at the positions of four corners of the machine body respectively, every rotor wing piece is connected with a motor, the flight control panel is installed at the central position of the machine body, a global positioning system (GPS) sensor is installed at one end of the flight control panel, the other end of the control panel opposite to the end is provided with a high-definition camera, a three-axis gyroscope is installed at the central position of the flight control panel, a magnetometer and a three-axis acceleration sensor are arranged on two sides of the three-axis gyroscope respectively, and a barometer is installed between the three-axis gyroscope and the GPS sensor. The multi-axis scout robot has the advantages that the three-axis gyroscope and the three-axis acceleration sensor are installed on the multi-axis scout robot to form an inertial navigation module, and the multi-axis scout robot can rapidly fly through an electronic regulator; functions of speed setting, height setting, heading locking and automatic return flight and the like can be achieved, and scout and search and rescue tasks can be finished excellently under the matching of the camera.",,,,B25J19/00;B25J11/00,UNIV HEBEI ENGINEERING,,True,False
CN-119043343-A,CN-202411558690-A,CN,A,93582538,20241104,20241104,20241129,0,Inertial navigation assisted radio direction correction method in complex environment,,"The invention provides a radio direction-finding correction method assisted by inertial navigation in a complex environment, which can be used for the inertial navigation assisted radio direction-finding correction of a long-distance complex aviation search and rescue application scene, under the condition that a direction-finding device of a carrier receives interference such as shielding, the information of the position and the heading of the carrier output by inertial navigation is combined with the direction-finding information measured by a directional device, and the single plane flying Duan Duo point measurement information is utilized to carry out cross positioning, single positioning precision is improved through clustering, and then the multi-plane flying section measurement information is utilized to gradually improve global target positioning precision, so that the direction-finding result is corrected, and the orientation precision and reliability of the aviation search and rescue orientation equipment are greatly improved.",,,G01S3/14;G01S3/023;G01C21/165;G01C21/20,G01S3/14;G01S3/02;G01C21/16;G01C21/20,UNIV NORTHWESTERN POLYTECHNICAL;SHAANXI FENGHUO ELECTRONICS CO LTD,,True,True
CN-103076619-A,CN-201210580902-A,CN,A,48153206,20121227,20121227,20130501,0,System and method for performing indoor and outdoor 3D (Three-Dimensional) seamless positioning and gesture measuring on fire man,,"The invention discloses a system and a method for performing indoor and outdoor 3D (Three-Dimensional) seamless positioning and gesture measuring on a fire man. The system comprises a main control circuit board based on an STM32 (Scanning Tunneling Microscope 32) singlechip, a GPRS (General Packet Radio Service) data transmission module based on Sim-900, a GPS (Global Positioning System) module, a remote monitoring client side, an inertial navigation module I and an inertial navigation module II, wherein the main control circuit board is respectively connected with the GPRS data transmission module, the GPS module, the inertial navigation module I and the inertial navigation module II by virtue of serial ports; and the GPRS data transmission module communicates with the bound remote monitoring client side by utilizing a GPRS network. The system and the method can be used for realizing the indoor and outdoor 3D (Three-Dimensional) seamless positioning and gesture measuring for the fire man, accurately recognizing and judging the motion state of the fire man and meanwhile realizing the indoor and outdoor 3D seamless positioning for the fire man; aiming at the application occasion of the fire man, the system can be expanded to be provided with a poisonous gas sensor, a smoke sensor, a temperature sensor and the like, and has great significance in guaranteeing the life safety of the fire man working under a complex fire scene environment.",,,,G01S19/49,UNIV SHANDONG,,True,False
CN-112268241-A,CN-202011169298-A,CN,A,74344294,20201028,20201028,20210126,0,Building interior fire emergency navigation positioning system and method,,"The invention discloses a fire emergency navigation positioning system and method in a building, wherein the system comprises handheld positioning devices, a fire emergency lamp, a first UWB transceiver and an intelligent sensor, wherein each handheld positioning device is provided with a UWB positioning tag and a second UWB transceiver; each fire-fighting emergency lamp is provided with a power supply, a display screen and a processor, a first UWB transceiver and an intelligent sensor are installed in each fire-fighting emergency lamp and are connected with the processor and the power supply, and the first UWB transceiver is used for sending corresponding signals and self positioning data to the processor when receiving UWB signals of a UWB positioning tag; the processor is used for calculating and sending positioning data and environmental data of the handheld positioning device, judging the unblocked condition of the channel and controlling the display screen to indicate an escape route according to the judgment result and the environmental data. The invention can provide the smooth condition of the internal passage of the building and the distribution condition of the trapped personnel for the fire fighters, and improve the disaster relief efficiency.",,,Y02D30/70;F21S8/00;G01S5/04;F21V23/003,F21V23/00;G01S5/04;F21S8/00,Guangdong Communication Polytechnic,,True,False
CN-213362077-U,CN-202022428672-U,CN,U,76133490,20201028,20201028,20210604,20210604,Building interior fire emergency navigation and positioning system,,"The utility model discloses a building interior fire emergency navigation positioning system, which comprises a handheld positioning device, a fire emergency lamp, a first UWB transceiver and an intelligent sensor, wherein each handheld positioning device is provided with a UWB positioning tag and a second UWB transceiver; each fire-fighting emergency lamp is provided with a power supply, a display screen and a processor, a first UWB transceiver and an intelligent sensor are installed in each fire-fighting emergency lamp and connected with the processor and the power supply, and the first UWB transceiver sends corresponding signals and positioning data of the first UWB transceiver to the processor when receiving UWB signals of a UWB positioning tag; the processor sends the positioning data and the environmental data of the trapped person to the trapped person and the rescue personnel handheld positioning device through the first UWB transceiver, and the processor is connected with and controls the display screen. The utility model discloses can provide the unblocked condition and the stranded personnel distribution condition of building inner channel for the fire fighter, improve the efficiency of rescuing.",,,,F21V23/00;G01S5/04;F21S8/00,Guangdong Communication Polytechnic,,True,False
CN-112367704-A,CN-202011331930-A,CN,A,74532813,20201124,20201124,20210212,0,Handheld instrument suitable for accurate positioning of coal mine personnel and positioning method,,"The invention discloses a handheld instrument suitable for accurately positioning coal mine personnel, which comprises a shell, a power supply, a voltage conversion circuit, a UWB radio frequency chip, a power amplifier, a UWB signal receiving and transmitting antenna, a microcontroller, a Bluetooth communication module, a Bluetooth signal receiving and transmitting antenna and a touch display screen. The invention provides three working modes to meet the search and rescue requirements under different situations, and the accurate positioning of the tag/base station is realized by effectively combining the three working modes, thereby being beneficial to search and rescue personnel under a mine; meanwhile, parameter configuration, operation management and firmware updating are carried out on the tags/base stations by combining the Bluetooth communication module, so that the positioning accuracy of other tags can be improved and the tag power consumption can be reduced by reasonably setting the working mode of each tag in the search and rescue process besides the convenience of daily management.",,,Y02D30/70;H04W4/80;H04W64/006;H04W64/00,H04W4/80;H04W64/00,NANJING WO XU WIRELESS CO LTD,,True,False
CN-114200495-A,CN-202210143889-A,CN,A,80645464,20220217,20220217,20220318,0,Accurate positioning method and system for firefighter in full-task scene,,"The invention provides a method and a system for accurately positioning firefighters in a full-task scene, which comprises the following steps: intelligent fire hydrant system module: referencing a positioning beacon, monitoring the health state, detecting the fire and predicting the situation, and guiding the alarm and the task; the movable intelligent reference positioning system module comprises: the method comprises the steps of referencing a positioning beacon, autonomously positioning to acquire information through an IMU (inertial measurement unit), and resolving reference positioning; wearable individual positioning system: the positioning tag is referenced, the accurate position is calculated by receiving signals, information is obtained by self-positioning, task guidance is carried out, and physiological information is monitored; fire control task control commander terminal system module: positioning monitoring personnel, monitoring and predicting fire situation, optimizing and commanding tasks, monitoring equipment state, displaying and controlling; a central processing server module: monitoring information, optimizing tasks and guidance, resolving and positioning, and managing a database. The invention provides a method for accurately positioning fire fighters and guiding tasks in a full task stage.",,,A61B5/0205;G08B17/10;G08B17/06;G01S19/43;G01C21/165;G01S19/49,G08B17/10;G01S19/43;G01S19/49;G08B17/06;G01C21/16;A61B5/0205,JIANGSU DEYANJIA SECURITY TECH CO LTD,,True,False
CN-113639755-A,CN-202110961650-A,CN,A,78423121,20210820,20210820,20211112,0,Fire scene escape-rescue combined system based on deep reinforcement learning,,"The invention discloses a fire scene escape-rescue combined system based on deep reinforcement learning, which comprises an escape suit arranged near a fire hydrant box of a fire safety key unit and a fire control room arranged on a fire rescue vehicle, wherein the escape suit is arranged in the fire control safety key unit; the escape suit is provided with a low-power-consumption wireless signal transmission module which is communicated with the outside in a severe environment and is implanted into a building escape route map, an indoor positioning system and an enhanced learning escape route planning algorithm based on Q-learning; the fire control room is provided with an information receiving module and an escape route guidance algorithm based on real-time fire and LSTM; in case of a fire, when the field personnel take the escape suit to move quickly, the line signal transmission module of the escape suit automatically starts to guide personnel to evacuate, and the line signal transmission module is communicated with the fire control room and the fire rescue vehicle in real time, so that the combination of fire scene self rescue and fire rescue personnel search and rescue is realized, the survival rate is effectively improved, and the damage degree of the fire scene personnel is reduced to the maximum extent.",,,G06N3/044;G01C21/20;G06N3/08,G06N3/04;G01C21/20;G06N3/08,SUZHOU INSTITUTE OF TECHNOLOGY JIANGSU UNIV OF SCIENCE AND TECHNOLOGY,,True,True
CN-121741622-A,CN-202511834986-A,CN,A,99157425,20251208,20251208,20260327,0,Sea surface UWB positioning data precision improving method based on EKF and LSTM fusion,,"The invention provides a sea surface UWB positioning data precision improving method based on the integration of an EKF and an LSTM, which is used for inhibiting NLOS errors and multipath effects through the physical model constraint of the EKF and the time sequence feature learning capability of the LSTM, improving the positioning precision in a complex sea surface environment, designing a positioning framework combining data driving and physical models, realizing long-term stable positioning in a dynamic environment, solving the problems of error accumulation and poor adaptability of the existing method, constructing an integrated positioning system, realizing the full-flow high-precision processing from data acquisition, filtering and result fusion through modularized design, and meeting the requirements of ocean engineering on the positioning precision. The invention effectively suppresses NLOS error and multipath effect, solves the problem of poor adaptability of the existing method to dynamic environment, has strong portability of software algorithm, is suitable for practical scenes such as ship navigation, ocean search and rescue, and has remarkable engineering application value.",,,,G06N3/08;G06N3/0442;G06F18/25;G06F18/213;G06F18/10;G01S5/02;G01S5/00,NO 20 RESEARCH INST OF CHINA ELECTRONICS TECHNOLOGY GROUP CORPORATION,,True,True
CN-113891245-B,CN-202111361899-A,CN,B,79017820,20211117,20211117,20240426,20240426,Fire scene firefighter cooperative relay positioning method,,"The invention relates to a fire scene firefighter cooperative relay positioning method and a system. According to the number of UWB base stations which can be communicated by the tag to be positioned, the UWB base stations are divided into multiple priorities, and then targeted positioning is carried out. Aiming at the first priority label, UWB and INS are combined, NLOS error in UWB ranging value is weakened under the condition that UWB base station is sufficient but is mostly in NLOS environment, and positioning accuracy of the first priority label is improved. And then combining the positioned labels with the corresponding UWB base stations as a reference node, aiming at other priority labels, adopting a UWB-based cooperative positioning algorithm according to the conditions of the UWB base stations distributed around the labels and the mobile anchor points, and carrying out relay positioning on the labels to be positioned in a grouping positioning mode, thereby improving the positioning rate of the other priority labels. The invention can reduce the requirement of positioning on high distribution density or long communication radius of UWB base stations, and maximally uses the whole co-positioning network resource, thereby acquiring more positioning reference information.",,,H04W4/023;H04W64/00;Y02D30/70,H04W4/02;H04W64/00,,,True,True
CN-121037976-B,CN-202511475653-A,CN,B,97769023,20251016,20251016,20260303,20260303,Intelligent reflecting surface-assisted ultra-wideband indoor positioning method and device,,"The invention discloses an intelligent reflection surface-assisted ultra-wideband indoor positioning method, which relates to the technical field of communication facilities, wherein an intelligent reflection surface receives ultra-wideband pulse signals, selects different beam forming schemes, dynamically generates and applies optimal phase configuration parameters to reflection units, user equipment receives ultra-wideband signals from a direct path and a path reflected by the intelligent reflection surface, calculates distance information, performs comprehensive position calculation by combining an arrival time difference or an arrival angle algorithm, estimates three-dimensional coordinates of the user equipment, updates the phase configuration parameters, constructs a closed-loop feedback optimization loop, and iteratively executes until final three-dimensional position coordinates of the user equipment are calculated. The invention also provides an ultra-wideband indoor positioning device, which comprises an ultra-wideband base station, user equipment and an intelligent reflecting surface, wherein the intelligent reflecting surface is provided with a passive reflecting unit for independently regulating and controlling the phase. The invention is suitable for complex indoor and outdoor environments and meets the high-precision positioning requirements of urban traffic, personnel guidance, disaster sites, logistics and the like.",,,H04B1/7172;H04B1/71632;H04B7/04013;H04W4/33;H04W64/00,H04W4/33;H04B7/04;H04B1/717;H04B1/7163;H04W64/00,,,True,False
US-2017055872-A1,US-201615088988-A,US,A1,40075532,20160401,20070524,20170302,0,System and method for non-invasive instantaneous and continuous measurement of cardiac chamber volume,,"A system and method for non-invasive and continuous measurement of cardiac chamber volume and derivative parameters including stroke volume, cardiac output and ejection fraction comprising an ultrawideband radar system having a transmitting and receiving antenna for applying ultrawideband radio signals to a target area of a subject&#39;s anatomy wherein the receiving antenna collects and transmits signal returns from the target area which are then delivered to a data processing unit, such as an integrated processor or PDA, having software and hardware used to process the signal returns to produce a value for cardiac stroke volume and changes in cardiac stroke volume supporting multiple diagnostic requirements for emergency response and medical personnel whether located in the battlefield, at a disaster site or at a hospital or other treatment facility.",,,A61B5/026;A61B5/05;A61B5/0507;A61B5/02028;A61B5/029;A61B5/6823;A61B6/508;A61B6/507;A61B5/411,A61B5/029;A61B5/00;A61B5/05;A61B5/02,TUPIN JR JOE P,US,True,False
CN-212365593-U,CN-202020768914-U,CN,U,74136263,20200511,20200511,20210115,20210115,Low smoke and zero halogen is pressure device for insulating material production,,"The utility model relates to an insulating material production technical field especially relates to a low smoke and zero halogen is pressure device for insulating material production, the on-line screen storage device comprises a base, a pedestal top fixedly connected with brace table, brace table top swing joint has the rotation wheel, the axis position swing joint who rotates the wheel has the rotation cover, the inside fixedly connected with diamond-shaped block of rotation cover, the both ends of diamond-shaped block all articulate there is the connecting rod, the one end of connecting rod articulates there is the fly leaf. The to-be-solved technical problem of the utility model is that the cooperation through hydraulic push rod, brake lever and fly leaf is used, make the cable when needs emergency braking, the drive wheel can in time stop, the rotation wheel of avoiding continues to rotate the potential safety hazard that causes because of inertial principle, lifting means&#39;s security performance, therefore, the clothes hanger is strong in practicability, use through the cooperation of brake block, fly leaf and hydraulic push rod, avoided traditional cable upper portion to need great pressure and make the cable receive the damage, practiced thrift manufacturing cost.",,,,H01B13/00,HENAN ZHUOLIN HIGH MOLECULAR NEW MAT CO LTD,,True,False
KR-20240029408-A,KR-20220107808-A,KR,A,90298178,20220826,20220826,20240305,0,Infant dectection system in vehicle based on ultra-wideband impluse-radio,Uwb 기반 비접촉식 임펄스 레이더 방식의 차량 유아 재실 감지 시스템,"The present invention relates to a UWB-based non-contact impulse radar-based vehicle infant occupancy detection system and, more specifically, to a UWB-based non-contact impulse radar-based vehicle infant occupancy detection system, in which a UWB sensor unit is installed on an upper end of a rear seat of a vehicle to measure a bio-signal of a passenger who is a monitoring target for monitoring an infant occupancy state of the vehicle in a non-contact manner, and an estimated distance between a guardian or a driver and the vehicle is measured through Bluetooth signal strength (RSSI) to monitor the occupancy state in a smartphone application through Bluetooth communication based on the measured bio-signal data and the measured estimated distance data between the guardian or the driver and the vehicle, and at the same time, a warning command signal is transmitted to a guardian terminal even if the guardian or the passenger (driver) deviates from the vehicle in the infant occupancy state to notify the guardian terminal audiovisually and immediately, thereby preventing an infant from being trapped in the vehicle.","본 발명은 UWB 기반 비접촉식 임펄스 레이더 방식의 차량 유아 재실 감지 시스템에 관한 것으로서, 보다 상세하게는 차량의 뒷 좌석 상단에 UWB 센서부가 설치되어, 비접촉식으로 차량의 유아 재실 상태를 모니터링하기 위한 모니터링 대상자인 탑승자의 생체 신호를 측정하고, 보호자 또는 운전자와 차량 사이의 추정 거리를 블루투스 신호 세기(RSSI)를 통해 측정하여 상기 측정된 생체 신호 데이터와 보호자 또는 운전자와 차량 사이의 측정된 추정 거리 데이터를 기초로 하여 블루투스 연통을 통해 스마트폰 앱에서 재실 상태를 모니터링함과 동시에, 유아 재실 상태에서 보호자 또는 탑승자(운전자)가 차량으로부터 이탈하더라도 보호자 단말로 경고 명령 신호를 전송하여 시청각적으로 즉각 통지할 수 있도록 하여 차량내 유아 갇힘 사고를 예방할 수 있는 UWB 기반 비접촉식 임펄스 레이더 방식의 차량 유아 재실 감지 시스템에 관한 것이다.",,B60R21/01534;B60R21/01566;B60W40/08;G01S13/0209;G01S13/886;B60W2040/0881;B60W2420/408;B60W2540/221;B60W2756/10,B60R21/015;B60W40/08;G01S13/02;G01S13/88,NEWELPIS CO LTD,KR,False,True
CN-108872977-B,CN-201810408040-A,CN,B,64327524,20180502,20180502,20220201,20220201,Life body double-station cooperative detection method based on single-channel ultra-wideband radar,,"The invention discloses a life body double-station cooperative detection method based on a single-channel ultra-wideband radar. The method can effectively detect a plurality of different strong and weak life body targets, can extract the distance information of each life body target relative to two radars at one time, can solve the position information of the life body target without pairing processing, can effectively reduce the false alarm and false alarm leakage probability under the condition of multiple targets, improves the accuracy and robustness of human body target detection, and can meet the requirement of detecting weak vital signs of a plurality of trapped persons under the occasions of disaster rescue and the like.",,,G01S7/41;G01S13/88;G01V3/12,G01S7/41;G01V3/12;G01S13/88,,,True,True
CN-103954284-A,CN-201410198797-A,CN,A,51331594,20140513,20140513,20140730,0,Inertial measurement unit for fire fighting scene,,"The invention relates to an inertial measurement unit for a fire fighting scene. The inertial measurement unit comprises an inertia information sensing assembly, a magnetic field intensity sensing assembly, a temperature sensing assembly, an environment sensing assembly, a man-machine interaction assembly, an alarming assembly, a data processing assembly, a data transmission assembly and a battery; the inertial measurement unit is mainly applied to occasions that indoor environments such as fire rescue scenes and disaster search and rescue scenes are severely damaged, is installed on a fireman body, can overcome the defects that a traditional saving alarm cannot locate in real time and causes false alarm, and also can overcome the defects that a traditional inertial measurement unit cannot perform environment sensing and sound-light alarming; the inertial measurement unit has the advantages of simple structure, high starting speed, low false alarm rate, strong stability, high locating precision and prognosis of dangerous cases, is particularly suitable for beig used in the fire rescue scenes for locating a firemen in real time, sensing the scene environment and effectively guaranteeing the safety.",,,G01C21/165,G01D21/02;G01C21/16,UNIV BEIJING INF SCI & TECH;BEIJING DEWEICHUANGYING TECHNOLOGY CO LTD,,True,False
CN-104155670-A,CN-201410378251-A,CN,A,51881220,20140801,20140801,20141119,0,Battle tracking system and method aiming at firefighters at fire scene,,"The invention provides a battle tracking system and method aiming at firefighters at a fire scene. The system comprises shoe bodies, position labels and a fire fighting commanding system, wherein each shoe body is provided with a micro control unit, a GPS module, an inertial navigation system module, a label identifying module, an environment induction sensing module, an alarming module, a communication module and a power supply in the position of the heel of a sole; the label identifying modules are used for identifying the position labels in a building through scanning and obtaining the three-dimensional absolute coordinate values of the positions where the labels are placed; the shoe bodies are communicated with the fire fighting commanding system for data transfer through the communication modules. The battle tracking system has the benefits as follows: the positioning system is combined with the special shoes of firefighters, so that the real-time position tracking of battle firefighters at the fire scene and the real-time detection monitoring on the fire scene disaster situation can be implemented, and the real-time positions of firefighters and the fire scene disaster situation can be fed back to commanders through the communication modules in time, therefore, the commanders can control the overall situation conveniently, the safety of people&#39;s lives and properties can be guaranteed furthest, and the fire damage is reduced.",,,G01C21/165;G01S19/49,G01S19/48,UNIV CHINA MINING,,True,False
CN-104295313-A,CN-201410514341-A,CN,A,52315229,20140929,20140929,20150121,0,Positioning mining device and mining system,,"The invention discloses a positioning mining device and a mining system. The positioning mining device comprises a body; the body is provided with a positioning installation chamber which is provided with a positioning module installation base; an indoor positioning module is fixedly arranged on the positioning module installation base; the positioning installation chamber is also provided with a battery which is connected with the positioning module installation base and used for supplying power for the indoor positioning module. According to the positioning mining device, the accurate positioning can be implemented, the trapped people can be timely rescued when mine accidents occur, the precious rescue time can be earned, and meanwhile the tracking protection on the miner operation can be implemented for mine field managers in the daily miner operation so as to avoid safety accidents.",,,G01S7/00;E21F11/00,G01S7/00;E21F11/00,WEN YUGUI,,True,False
US-2013206915-A1,US-201113642521-A,US,A1,43243169,20110420,20100422,20130815,0,"Vertical take-off and landing multimodal, multienvironment, gyropendular craft with compensatory propulsion and fluidic gradient collimation",,"The invention relates to a vertical take-off and landing gyropendular craft or drone device (FIG. 18) able to move around in the following different physical environments: in the air, on land, at sea, underwater or in outer space, comprising upper and lower propulsion units, equipped with an annular fairing accommodating a certain number of electronically slaved wing or gas-powered drive or propulsion units situated in the continuation of the axis of this device, mounted on 3-D ball-joints at the ends of a certain number of telescopic rods, for example set at 120° apart at the periphery of the platform and orientable about the three axis according to the plane of flight of the multimodal multi-environment craft, a vertebral structure by way of a 3-D articulated central body of solid or hollow cylindrical shape for forming a stabilized function of stabilizing, maintaining the position and heading, and of an inertial rotary disc platform equipped underneath with a cabin of hemispherical shape extending from the vertebral structure, accommodating a payload or a useful application, designed for various fields of application i.e. the sector of defence or civil security, so as to perform functions of search and rescue, exploration, navigation, transport, surveillance and telecommunications infrastructure deployment in free space.",,,B64U50/14;B64U2101/58;B64U2101/61;B64U30/26;B64U10/20;B64U30/293;B64U30/297;B64U60/40;B64U60/55;B64U70/83;B64U70/87;B64C29/00,B64C29/00;B64U10/20;B64U30/26;B64U30/293;B64U30/297;B64U60/40;B64U60/55;B64U70/83;B64U70/87,DESAULNIERS JEAN-MARC JOSEPH,FR,True,False
CN-109720590-B,CN-201811340267-A,CN,B,66295593,20181112,20181112,20230328,20230328,Alarm and indication system for starting process of multi-turboprop engine of amphibious aircraft,,"The invention discloses an alarm and indication system for the starting process of a multi-turboprop engine of an amphibious aircraft, which is characterized in that: the lifting wheel-mounted annunciator (115) acquires parameters such as engine ignition control, fuel oil, lubricating oil, torque, engine speed, exhaust temperature and the like and wheel-mounted signals; the collector (102) collects the sensor signals, the inertial navigation system (103) collects ground speed signals, and the radio altimeter (104) collects airplane altitude signals; the system processor (101) receives signals of the collector (102), the inertial navigation system (103) and the radio altimeter (104), and identifies the engine starting alarm state after comprehensive processing. The method can solve the problem of engine starting process alarm when the amphibious aircraft executes a water surface task, reduce the interference of unnecessary engine starting alarm to the unit when the amphibious aircraft executes the water surface task, reduce the operation load of the unit, further more rapidly execute a water surface search and rescue task, and meet the requirements of civil airworthiness standard in China.",,,,B64D47/00,,,True,False
CN-102928861-A,CN-201210378787-A,CN,A,47643703,20120929,20120929,20130213,0,Target positioning method and device for airborne equipment,,"The invention relates to a target positioning method and a target positioning device for airborne equipment. The device comprises a signal processing unit, a laser distance measuring instrument, a thermal infrared imager, a visible light camera, a combined inertial navigation module and an angle meter, wherein output signals of the laser distance measuring instrument, the thermal infrared imager, the visible light camera, the combined inertial navigation module and the angle meter are all connected to the signal processing unit, and the signal processing unit is used for solving positional information of a target according to uploaded signals. Aerial carrier global positioning system (GPS) information, aerial carrier gesture information, angular deviation of observation equipment relative to an aerial carrier and distance measuring information of the target by the observation equipment are integrated to realize accurate positioning of longitude and latitude height of the target. The advantage of a multi-sensor is combined, a multi-dimensional spatial alternation principle is utilized so as to rapidly and effectively realize accurate target positioning in a non-contact and high-adaptability way, and the target positioning method can be applied to fields such as forest fire prevention, personnel rapid search and rescue and the like, and has wide technological and market prospects.",,,,G01C21/00;G01S19/48,CAMA LUOYANG MEASUREMENT AND CONTROL CO LTD,,True,False
CN-121781970-A,CN-202512006880-A,CN,A,99229396,20251228,20251228,20260403,0,Underground tunnel rescue method and system,,"The application relates to an underground tunnel rescue method and system, which comprises the following steps of automatically starting up and self-checking emergency lamps in a tunnel after a tunnel accident occurs, synchronously starting up a LoRa ad hoc network to construct a distributed positioning network, receiving data by a command center terminal to generate a tunnel equipment layout diagram after the network is built, enabling rescue workers to wear an ultra-wideband terminal to enter the tunnel, connecting the distributed positioning network formed by the emergency lamps with an emergency base station capturing terminal signal, calculating the positions of the workers through a triangular positioning algorithm of 3 adjacent emergency base stations and transmitting the positions to the command center, and switching at least 2 emergency lamps around the area into a stroboscopic mode to form a guide light band by the command center if the workers approach to a trapped area, wherein the brightness of the emergency lamps in the tunnel depth can be adjusted. According to the scheme, the emergency lighting flexibility is improved, the positioning accuracy is improved, the lighting, positioning and commanding are integrated, the rescue safety is guaranteed, and the intelligent horizontal lifting of tunnel rescue is promoted.",,,F21V33/00;H04W84/18;H04W4/029;E21F17/18;E21F11/00;E21F17/00,H04W84/18;H04W4/029;F21V33/00;E21F17/18;E21F11/00;E21F17/00,SHANGHAI URBAN CONSTRUCTION SMART CITY OPERATION MAN CO LTD,,False,True
CN-103076619-B,CN-201210580902-A,CN,B,48153206,20121227,20121227,20141126,20141126,System and method for performing indoor and outdoor 3D (Three-Dimensional) seamless positioning and gesture measuring on fire man,,"The invention discloses a system and a method for performing indoor and outdoor 3D (Three-Dimensional) seamless positioning and gesture measuring on a fire man. The system comprises a main control circuit board based on an STM32 (Scanning Tunneling Microscope 32) singlechip, a GPRS (General Packet Radio Service) data transmission module based on Sim-900, a GPS (Global Positioning System) module, a remote monitoring client side, an inertial navigation module I and an inertial navigation module II, wherein the main control circuit board is respectively connected with the GPRS data transmission module, the GPS module, the inertial navigation module I and the inertial navigation module II by virtue of serial ports; and the GPRS data transmission module communicates with the bound remote monitoring client side by utilizing a GPRS network. The system and the method can be used for realizing the indoor and outdoor 3D (Three-Dimensional) seamless positioning and gesture measuring for the fire man, accurately recognizing and judging the motion state of the fire man and meanwhile realizing the indoor and outdoor 3D seamless positioning for the fire man; aiming at the application occasion of the fire man, the system can be expanded to be provided with a poisonous gas sensor, a smoke sensor, a temperature sensor and the like, and has great significance in guaranteeing the life safety of the fire man working under a complex fire scene environment.",,,,G01S19/49,UNIV SHANDONG,,True,False
CN-212086499-U,CN-202021291483-U,CN,U,73558385,20200702,20200702,20201204,20201204,"UWB antenna, UWB positioning tag and indoor positioning system",,"The application provides a UWB antenna, UWB location label and indoor positioning system relates to UWB location field. This application is through printing radiating element paster and feed paster on the first plane of medium base plate, and make the radiating element paster connect the feed paster gradually, in order to guarantee radiating element paster and feed paster impedance match, then through printing the ground plane paster on the second plane relative with the first plane of medium base plate, and make the ground plane paster be connected with the feed paster, in order to realize the feed ground function of feed paster, thereby guarantee that the UWB antenna that obtains belongs to small and low cost&#39;s printing plate antenna. In addition, this application is through having seted up a fluting structure in ground plane paster&#39;s position department that corresponds with the radiating element paster, makes ground plane paster realize its ground function simultaneously, also can carry out the frequency trapped wave to the radiating element paster to ensure that the UWB antenna that obtains has higher radiation efficiency.",,,,H01Q1/48;H04W4/02;H04W4/021;H04W4/33;H01Q1/50;H01Q15/00;H01Q1/38;H01Q1/22,CHENGDU JINGWEI TECHNOLOGY CO,,False,True
CN-111615050-A,CN-202010333822-A,CN,A,72198207,20200424,20200424,20200901,0,"Emergency positioning searching device, method and system",,"The invention provides an emergency positioning searching device, a method and a system, wherein the emergency positioning searching device comprises: the ultra-wideband PDOA module is used for precise distance measurement and azimuth angle measurement; the MPU module is used for configuring the working mode of each module, managing communication and reading and writing operation and processing of data information; the wireless data transmission module is used for data interaction between the emergency positioning search and rescue device and the background server; the power supply module is used for supplying power to each module; the emergency fixed search device also comprises a display module for displaying the working state of the emergency fixed search device and the distance and direction information of a person seeking help or an object to be searched relative to the emergency fixed search device; the emergency positioning search and rescue searching device further comprises a key module used for manually sending a distress signal and switching the working modes of the emergency positioning search and rescue searching device. The system can realize interactive positioning between firefighters on site, know accurate position information of the person seeking help in real time, reduce rescue difficulty and improve rescue efficiency.",,,H04W4/02;H04W64/00;H04W4/90;G08B25/016,H04W64/00;H04W4/02;H04W4/90;G08B25/01,ZHENGZHOU LOCARIS ELECTRONIC TECH CO LTD,,True,True
CN-113009584-A,CN-202110175400-A,CN,A,76384140,20210206,20210206,20210622,0,Ultra-wideband MIMO radar vital sign detection positioning method,,"The invention belongs to the technical field of ultra wide band radar signal processing, and discloses an ultra wide band MIMO radar vital sign detection positioning method. The invention mainly comprises the following steps: (1) rearranging the echo data of a plurality of channels of the MIMO radar; (2) performing sequential inertial coherent imaging and compensation on the target area; (3) band-pass filtering along a time dimension; (4) calculating the position of the surface of the thorax of the living body; (5) removing clutter and direct current bias; (6) taking phases to obtain vital sign signals; (7) the respiratory and heartbeat signals are separated. (8) Detecting the peak values of the respiration and heartbeat signals, and calculating the instantaneous respiration rate and the heart rate; (9) sliding time window dynamic measurements. The invention can be used for carrying out three-dimensional positioning and vital sign measurement on trapped people in ruins and buildings, has high signal processing gain, high positioning precision and good real-time performance, and can realize instantaneous respiration rate and heart rate measurement.",,,Y02A90/10;G01V3/12;A61B5/7203;A61B5/0205,A61B5/00;A61B5/0205;G01V3/12,NAT UNIV DEFENSE TECHNOLOGY PLA,,False,True
CN-105852817-B,CN-201510028571-A,CN,B,56623041,20150120,20150120,20181026,20181026,"Positioning, vital sign monitoring and rescue method in the cabin of crewman sea",,"One kind is based on positioning in the cabin of crewman sea, it is positioned in the crewman sea cabin of vital sign monitoring and search and rescue system, vital sign monitors and rescue method, the system comprises command centre&#39;s servers, fence transmitter, crewman&#39;s vital sign real-time monitor, crewman&#39;s Real Time Localizer, carrier-borne personnel positioning processor and persons falling in water locator, this method is by being based on AIS, UWB, the modern information technologies such as big-dipper satellite positioning, develop single crewman&#39;s vital sign real-time monitor, carrier-borne and persons falling in water Real Time Localizer and wounded&#39;s vital sign are transmitted with location data, realize marine wounded&#39;s vital sign monitoring automation, information storage electronization, information transmission network and the wounded give first aid to visualization.",,,,G01S19/17;A61B5/0402;A61B5/0205;A61B5/01,,,True,False
KR-101567342-B1,KR-20150041284-A,KR,B1,54605382,20150325,20150325,20151110,20151110,A firefighting time check system and flashlight,소방시간 체크시스템 및 상기 체크시스템에서 사용되는 무선통신용 인식칩을 장착한 손전등,"A firefighting time check system according to the present invention can use a communication method such as an ultra-wideband (UWB) method or radio-frequency identification (RFID) scanner method by installing a wireless communication recognition chip such as an RFID, an UWB chip to an absolutely portable flashlight when a fireman goes into fires or various disaster sites. It can easily check the access and the position of the fireman who goes to the fire or various disaster sites. The access time of the fire site of firemen can be accurately managed by an access control scanner which can check access through the recognition chip of the flashlight. The proper compensation and placement for the firemen can carried out by managing a fire fighting time at the firefighting site of the firemen.","본 발명에 따른 소방시간 체크시스템은 소방관등이 화재 또는 각종 재난현장에 출동 시 반드시 휴대하는 손전등에 RFID, UWB칩 등의 무선통신용 인식칩을 장착하여 UWB 방식 또는 RFID 스캐너방식 등과 같은 통신방식을 이용할 수 있어 화재 또는 각종 재난현장에 출동하는 소방관등의 입출입 및 위치를 손쉽게 파악할 수 있으며, 상기 손전등의 인식칩을 통해 입출입을 체크할 수 있는 출입통제 스캐너에 의하여 소방관들의 화재현장의 입출입시간이 정확하게 관리될 수가 있게 되어 소방관들의 소방현장에서 소방작업시간이 철저하게 관리되어 소방인력의 적절한 보상과 인력배치가 가능하게 된다.",,G08B17/00;F21V33/0076;F21V33/0064;G08B25/10,G08B25/10;F21V33/00;G08B17/00,DUVEET CO LTD,KR,True,False
CN-207946908-U,CN-201820391710-U,CN,U,63697265,20180316,20180316,20181009,20181009,One kind is shed with water proof type infrared light smoke detector,,"The utility model discloses one kind to shed with water proof type infrared light smoke detector, including smoke detector ontology, the smoke detector ontology is internally provided with air flue, the on both sides of the middle of the air flue is symmetrically arranged with infraluminescence pipe and infrared photodiode, one end end both sides of the air flue are symmetrically arranged with electrode contacts A and electrode contacts B, the other end end both sides of the air flue are symmetrically arranged with electrode contacts C and electrode contacts D, the electrode contacts A, electrode contacts B, electrode contacts C, electrode contacts D, infraluminescence pipe and infrared photodiode are connect by conducting wire with control circuit board box, the control circuit board box is fixed at the inside center of smoke detector ontology.The utility model solves the problems, such as that traditional smoke sensor device is difficult to quick, accurate measurements region smog near the ground in the adverse circumstances such as emergency management and rescue by the way that infraluminescence pipe, infrared photodiode and acceleration inertial sensor is arranged.",,,,G08B17/103,COMPREHEND SUZHOU INFORMATION TECH CO LTD,,True,False
CN-121475240-A,CN-202512000370-A,CN,A,98614484,20251229,20251229,20260206,0,Dynamic path planning and intelligent navigation return method and system for firefighter safety,,"The invention discloses a dynamic path planning and intelligent navigation return method and system for firefighter safety, which relate to the field of path planning and comprise the steps of acquiring data of fire scene air pressure, distance, gesture and the like through various sensors such as an air pressure sensor, UWB, an electronic compass and the like, acquiring three-dimensional positioning coordinates of firefighters through a fusion algorithm, recording tracks and marking characteristic points to construct a path database, dynamically planning an optimal path through an improved A-algorithm after evaluating dangerous grades by combining environment parameters, judging lost road through positioning continuity and the like, triggering return, tracing back to generate a reference path through a reverse track and correcting, sending search and rescue requests when UWB signals are lower than a threshold value, optimizing the position and guiding directions through triangular positioning, constructing a manual and automatic multi-scene alarm mechanism, and synchronously transmitting alarm related data through multiple channels. The intelligent fire scene matching system has the advantages that the fire scene complex environment is adapted by combining accurate three-dimensional positioning with dynamic path planning, intelligent return and collaborative search and rescue, and the operation safety and emergency treatment efficiency of firefighters are ensured.",,,G01C21/005;G01C21/20,G01C21/00;G01C21/20,BEIJING ORIENTAL DRAGON FIRE TECH CO LTD,,True,True
CN-120833550-A,CN-202510486507-A,CN,A,93850178,20250416,20240424,20251024,0,Method and device for evaluating object damage degree of disaster site by utilizing skeletonizing technology,,"A method for evaluating the damage degree of an object in a disaster site by using a skeletonizing technique includes moving the position of a survey robot for analyzing information in a disaster site space to a first position by using at least one sensor module including a laser radar sensor, an inertial measurement unit sensor, and one or more visual sensors, acquiring sensing information corresponding to the first position by locating a map on the fly, identifying a facility segment in the first space by using the sensing information, acquiring visual crack identification information analyzed from visual image information of the sensing information and unit crack information corresponding to the visual crack identification information by using the facility segment, determining the crack expansion risk corresponding to the unit crack information, and constructing disaster site evaluation information in the first space by using the crack expansion risk and outputting the information to one or more devices.",,,G06N3/0464;G06V10/82;G06V10/77;G06V10/762;G06V10/40;G06V10/26;G06V20/176;G06T2207/10028;G06T2207/20081;G06T2207/20084;G06T7/0004;G06T7/001;B25J9/1697;G06T2207/20044;G06T2207/30132;B25J19/021,G06V10/82;G06V10/77;G06V10/762;G06V10/40;G06V10/26;G06N3/0464;G06V20/10,NAT INSTITUTE OF PHYSICAL AND SAFETY,,True,False
US-11415689-B2,US-201715685743-A,US,B2,58406603,20170824,20150929,20220816,20220816,Search and rescue UAV system and method,,An unmanned aerial vehicle (UAV) having at least one sensor for detecting the presence of a survivor in a search and rescue area. The at least one sensor is preferably an ultra-wide band (UWB) transceiver sensor. The UAV includes a UAV data link transceiver for wirelessly communicating information concerning the survivor to a command center.,,,G01S13/0209;G01S13/888;G01S2013/0245;G08G5/00;G01S13/90;G05D1/104;B64C2201/12;B64U2201/20;B64U2101/31;B64U2101/57;B64U2101/56;G08G5/53;G08G5/56;G08G5/57,G01S13/02;G05D1/10;G01S13/90;G08G5/00;G01S13/88,TYCO FIRE & SECURITY GMBH,CH,True,True
US-2022134152-A1,US-202117515772-A,US,A1,81379755,20211101,20201030,20220505,0,Precision Aerial Firefighting and Deluge System for Helicopters and Unmanned Aerial Systems,,"The precision aerial firefighting and deluge system for helicopters and unmanned aerial systems is a device to attack fires inaccessible to firefighters due to altitude or other obstructions by streaming water or other fire retardant into or onto a specific location on the ground, on the water, or at altitude. The system employs a medium or heavy lift helicopter or unmanned aerial systems one or more tanks or bladders for water and/or fire retardant chemicals, a compressed air foam system, a pump, rigid plumbing lines for outflow of water/fire retardant; a rigid, telescopic boom that extends beyond rotor tip path plane, flexible lines/hoses inside boom; a crew switched electronic boom controller, a boom management system, a flange adapter, an electric, variable direction, crew-controlled fire monitor, a drop-hose, and a dart with inertial feathers.",,,A62C31/24;A62C31/22;A62C29/00;A62C3/00;B64D1/16;A62C3/0242;A62C3/0271;A62C3/0214,B64D1/16;A62C3/02,SELIGSON BRIAN ROBERT,US,True,False
CN-112333627-B,CN-202011119061-A,CN,B,74314151,20201019,20201019,20230321,20230321,Indoor positioning method and system,,"The application relates to an indoor positioning method and system, wherein the indoor positioning method comprises the following steps: constructing a three-dimensional coordinate map according to the installation positions of a plurality of detection devices in a building; controlling each detection device to detect the trapped person and acquiring detection data; and determining the position of the trapped person according to the detection data and the position coordinates of each detection device in the three-dimensional coordinate map. Through the application, the problem that the position of the trapped person cannot be quickly positioned in the related technology is solved.",,,H04W4/33;H04W4/021;H04W64/00;H04W4/023,H04W64/00;H04W4/02;H04W4/021;H04W4/33,,,True,True
CN-114427860-B,CN-202111669531-A,CN,B,81310852,20211231,20211231,20240503,20240503,Firefighter gait and posture detection method,,"The invention discloses a method for detecting gait and posture of a firefighter, which comprises the following steps: each time the firefighter takes a step, the corresponding basic state parameters are obtained through measurement of the sensors; deriving the basic state parameters to obtain extended state parameters; judging the movement gait or gesture of the firefighter according to the basic state parameters and the expansion state parameters of the firefighter and the state judgment criteria; and transmitting the determined movement gait or gesture data of the firefighter back to the command end. The invention embeds an inertia processing layer, and judges the action state of personnel by analyzing the inertia data (speed, position and attitude angle) independently, analyzes the actions of fire fighters and classifies the actions as follows: normal walking, running, resting, creeping forward, free falling, going upstairs, downstairs and the like; the method monitors the actions and the gesture and posture properties of the firefighter in real time only through the inertial sensors arranged on the feet, and performs flexible early warning under the condition that the firefighter is unconscious and cannot communicate.",,,G01C21/16;G01C21/165;G01C21/18;G01C21/20,G01C21/16;G01C21/18;G01C21/20,,,True,True
CN-219780405-U,CN-202320962506-U,CN,U,88103855,20230425,20230425,20230929,20230929,Mining UWB wireless positioning base station and positioning system,,"The utility model discloses a mining UWB wireless positioning base station and a positioning system. Mining UWB wireless positioning basic station has circuit board (6), its characterized in that: be provided with control chip (4), first UWB radio frequency chip (3) and POE interface (5) on circuit board (6), first UWB radio frequency chip (3) have two at least, and antenna (2) that correspond are all connected to each first UWB radio frequency chip (3), can be used to the power supply of data transmission and circuit board (6) after POE interface (5) wiring. The utility model has simple structure and reasonable design, can realize the real-time positioning of underground workers, and is convenient for monitoring management and quick search and rescue in positioning.",,,,H04W88/08;H04W64/00,WENZHOU YANCHUANG INTERNET OF THINGS TECH CO LTD,,True,False
CN-109044298-A,CN-201811060593-A,CN,A,64760215,20180912,20180912,20181221,0,It is a kind of can long-range monitoring human vital sign unmanned plane device,,"The present invention relates to it is a kind of can long-range monitoring human vital sign unmanned plane device, including unmanned plane detection device and ground intelligent terminal；By ULTRA-WIDEBAND RADAR device carry below unmanned plane, be equipped with transmitting antenna and receiving antenna, the direction of the transmitting antenna and receiving antenna vertically downward, towards ruins direction；The unmanned plane is equipped with airborne computer, can determine whether human life according to radar antenna signal；The judging result of airborne computer is sent to ground intelligent terminal by the unmanned plane detection device；The ground intelligent terminal has terminal interface, shows the position where unmanned plane on terminal interface on map, and the regional scope that unmanned plane detection device is searched and rescued may be selected, and control unmanned plane detection device is back and forth flown in selected region.Personnel search and rescue after the present invention can be widely applied to calamity, can use the high maneuverability of unmanned plane, the human life signal under a wide range of quick detection ruins.",,,A61B5/0205;G01S13/88;A61B5/6887,G01S13/88;A61B5/0205,JINLING INST TECHNOLOGY,,True,True
CN-112284397-A,CN-202011232488-A,CN,A,74350660,20201106,20201106,20210129,0,Indoor positioning search and rescue system and method based on microwave technology,,"The invention discloses an indoor positioning search and rescue system and method based on microwave technology, and the indoor positioning search and rescue system comprises a microwave antenna module (1), a circulator (2), a radio frequency transceiver module (3), a signal processor (4), an infrared temperature measurement module (5) and a positioning module (6), wherein the microwave antenna module (1) is connected with the circulator (2), the circulator (2) is connected with the radio frequency transceiver module (3), the radio frequency transceiver module (3) is connected with the signal processor (4), and the signal processor (4) is connected with the infrared temperature measurement module (5) and the positioning module (6). Has the advantages that: the radio frequency technology has low cost and wide radiation area distance. The search can be performed without lighting. The search precision is high, and the method is suitable for search and rescue work of different targets.",,,G01C21/206;G01J5/0025;G01V11/00,G01C21/20;G01V11/00;G01K13/00;G01J5/00,WANCHUANG HUIKE CHONGQING INFORMATION TECH CO LTD,,True,True
CN-118169679-A,CN-202410591501-A,CN,A,91357025,20240514,20240514,20240611,0,Wireless remote control life detector for rescue searching,,"A life detector for wireless remote control rescue search belongs to the technical field of detection equipment and aims to solve the problems that the imaging effect of a radar detector and the detection precision of trapped people are affected due to the fact that the number of antennas causes high grating/side lobe levels when the existing radar life detector transmits ultra-wideband signals; according to the invention, the unmanned aerial vehicle main body is provided with the radio-frequency radar and the far-infrared camera for aerial detection, the unmanned aerial vehicle main body receives instructions from an operator under the action of the remote control antenna, so that control of a flight track and operation of radar detection equipment are realized, the radio-frequency radar emits ultra-wideband signals, electromagnetic wave irradiation detection is performed by using the spiral antenna array, meanwhile, the far-infrared camera captures thermal imaging data of a target point, the data are processed and analyzed by each functional module in the intelligent control computer, and the image optimization module optimizes images by adopting a weighted coherence factor processing method, so that grating/sidelobe levels are effectively inhibited, and resolution and detection accuracy of the images are improved.",,,G01V11/00;G01S7/2813;G01S7/03;G01S7/41;G01S13/887;G01S13/867;Y02T10/40,G01S13/86;G01S7/03;G01S7/28;G01S7/41;G01S13/88;G01V11/00,BEIJING TOPSKY INTELLIGENT EQUIPMENT GROUP CO LTD,,False,True
CN-121702227-A,CN-202512035408-A,CN,A,99078702,20251231,20251231,20260320,0,Multi-sensor configured transmitting cradle head,,"The invention relates to the technical field of fire-fighting launching cradle head, in particular to a launching cradle head with multi-sensor configuration. According to the invention, through organically integrating yaw and pitching movements of the cradle head, continuous transmission of power supply and data signals, accurate delivery and emission of the fire extinguishing bomb and co-location of multiple sensors on the same carbon fiber base plate, the system structure is remarkably simplified, the overall quality is reduced, real-time fusion and correction of flight control data, industrial cameras, laser ranging and inertial attitude data in the high-speed rotation process are realized, the fire extinguishing bomb emission precision and response speed are greatly improved, and the fire extinguishing bomb has stronger adaptability and stability in a complex environment, and the problems of inaccurate positioning and unstable throwing of the fire extinguishing bomb caused by unmanned aerial vehicle flight vibration and fire scene smoke interference are effectively solved.",,,,F41G5/18;F41G5/06;F41G3/06;F41A9/38;B64U101/47;B64U20/87;B64D1/06;A62C19/00;F41F1/00,UNIV BEIHANG,,True,False
KR-20240098275-A,KR-20220179653-A,KR,A,91669129,20221220,20221220,20240628,0,Measuring Method of Searcher&#39;s Indoor Position,탐색자의 실내 위치 측위 방법,"The present invention provides a system (indoor positioning system) and a method for accurately identifying the position of a searcher inside a building at low cost. Provided is an indoor positioning method of a searcher, which comprises: a step in which at least three portable UWB anchors (1, 2, 3) are installed outside a building where GPS signals are receivable; a step in which GPS location information (p1, p2, p3) of each UWB anchor is transmitted to an external remote server via a mobile communication module (7); a step in which UWB communication is performed and signal arrival information, calculated by an operating module (6), is transmitted to the external server via the mobile communication module (7); and a step in which the external server calculates the exact position of a signal receiver to determine the accurate indoor position of the searcher.","본 발명은 탐색자의 실내 위치 측위 방법에 관한 것이다. 

본 발명은, 탐색자의 위치 측위 방법에 있어서, 
재난 현장에 출동한 탐색자들에 의해 건물 내부에 진입하기 전에 적어도 3개의 휴대용 UWB 앵커들(1, 2, 3)이 GPS신호 수신이 가능한 건물 외부 장소에 설치되는 단계;. 각 휴대용 UWB 앵커들(1, 2, 3)이 내부의 GPS모듈(5)을 통해 파악한 각 휴대용 UWB 앵커들(1, 2, 3)들의 GPS 위치 정보들(p1, P2, p3)이 이동통신 모듈(7)을 통해 외부 원격 서버로 전송되는 단계; 탐색자들이 소지하는 각 신호수집기와 휴대용 UWB 앵커들(1, 2, 3) 사이에 UWB통신모듈(4)을 통한 UWB통신이 수행되어 연산모듈(6)에서 계산된 신호수집기 신호 도달 관련 정보들이 이동통신 모듈(7)을 통해 외부 서버로 전송되는 단계; 수신된 상기 GPS위치 정보(p1, P2, p3)와 신호수집기 신호 도달 관련 정보들을 이용하여, 외부 서버가 신호수집기의 정확한 위치를 계산하여 탐색자의 정확한 위치를 파악하는 단계를 포함하는 것을 특징으로 한다. 

이상과 같은 본 발명을 이용하면, 작은 비용으로 건물 내부의 탐색자의 위치를 정확히 파악하는 것이 가능해 진다.",,G01S2205/006;G01S2205/02;G01S11/02;G01S19/17;G01S5/0249;G01S5/0018,G01S19/17;G01S11/02;G01S5/02;G01S5/00,ADVANCED MOBILE,KR,True,True
US-2017088261-A1,US-201514869531-A,US,A1,58406603,20150929,20150929,20170330,0,Search and Rescue UAV System and Method,,An unmanned aerial vehicle (UAV) having at least one sensor for detecting the presence of a survivor in a search and rescue area. The at least one sensor is preferably an ultra-wide band (UWB) transceiver sensor. The UAV includes a UAV data link transceiver for wirelessly communicating information concerning the survivor to a command center.,,,G01S13/0209;G01S2013/0245;G01S13/90;G08G5/00;G01S13/888;B64C2201/127;B64C39/024;B64C2201/146;B64C2201/126;G05D1/0044;G05D1/0038;B64U2201/20;B64U2101/31;B64U2101/57;B64U2101/56;G05D1/104;G08G5/53;G08G5/56;G08G5/57,G05D1/00;B64C39/02;G01S13/02,TYCO FIRE & SECURITY GMBH,CH,True,True
WO-2025037291-A3,IB-2025050141-W,WO,A3,94632794,20250107,20250107,20250403,0,"3d positioning using 3d imaging, lidar, imu, and 3d ultrasound",,"The invention focuses on enhancing indoor positioning and navigation through advanced synchronous fusion methodologies that integrate various technologies, including Inertial Navigation Systems (INS), Inertial Measurement Units (IMU), LiDAR, stereo vision, and Sonar. This comprehensive system aims to achieve high-precision data collection with centimeter-level accuracy, crucial for creating detailed three-dimensional indoor maps. A significant aspect of this innovation is its ability to address privacy concerns by incorporating measures that abstract sensitive segments of the environment when necessary, ensuring personal privacy is maintained during data collection. Additionally, the system tackles challenges such as voids in stereo imaging and temperature variations in ultrasound and LiDAR measurements through sophisticated algorithms and corrections, including back propagation techniques that utilize stereo depth data. By employing particle swarm optimization and Neuro-Fuzzy algorithms, the framework enhances the accuracy and reliability of navigation in complex environments, making it particularly beneficial for emergency responders and personal navigation in unfamiliar settings.",,,G01S17/08;G06N20/00,G06T17/05;G01S17/86;G01C21/32;G01C21/20;G01C21/16;G01S17/89,BAJNAID MOHAMMADFAWZI,SA,True,True
US-11467274-B2,US-201514869531-A,US,B2,58406603,20150929,20150929,20221011,20221011,Search and rescue UAV system and method,,An unmanned aerial vehicle (UAV) having at least one sensor for detecting the presence of a survivor in a search and rescue area. The at least one sensor is preferably an ultra-wide band (UWB) transceiver sensor. The UAV includes a UAV data link transceiver for wirelessly communicating information concerning the survivor to a command center.,,,G01S2013/0245;G08G5/00;G01S13/0209;G01S13/888;G01S13/90;B64C2201/12;G05D1/104;B64U2201/20;B64U2101/31;B64U2101/57;B64U2101/56;G08G5/53;G08G5/56;G08G5/57,G01S13/02;G05D1/10;G08G5/00;G01S13/88;G01S13/90,TYCO FIRE & SECURITY GMBH,CH,True,True
CN-203535763-U,CN-201320619426-U,CN,U,50421946,20131009,20131009,20140409,20140409,Portable intelligent fire-fighting rescue terminal,,"A portable intelligent fire-fighting rescue terminal comprises a data acquisition device and an intelligent device based on an Android system. The data acquisition device comprises a microcontroller, a smog / toxic gas sensor, a temperature sensor, a heart rate sensor, an accelerometer, a ZigBee wireless transmission module, a bluetooth module, a sound and light alarm module, a one-key calling module and a power supply circuit. The microcontroller is directly connected to the smog / toxic gas sensor, the temperature sensor, the heart rate sensor, the accelerometer, the ZigBee wireless transmission module, the bluetooth module, the sound and light alarm module and the one-key calling module separately. The intelligent device is connected to the data acquisition device via the bluetooth module to set up communication. The terminal allows visiting an upper level server and visiting external networks via Internet. The terminal accurately achieves indoor positioning of firefighters, allows automatic networking and information exchange, and transmits field conditions of a fire, heart rates and motion status of firefighters and emergency alarm information to a monitoring center and commanding people to satisfy the needs of field rescue.",,,,G08B21/02,UNIV WUHAN TECH,,True,False
CN-119967584-A,CN-202510139989-A,CN,A,95596914,20250208,20250208,20250509,0,UWB technology-based factory personnel positioning system,,"The factory personnel positioning system based on the UWB technology comprises a server, a UWB base station, a UWB tag, an alarm unit and a positioning calibration unit, wherein the server comprises a factory map drawing module, a signal receiving module, an instruction sending module and a processing module, the UWB base station is arranged in a factory and can communicate with the UWB tag and position the UWB tag, and meanwhile the UWB base station can transmit signals with the server signal receiving module through the signal sending module. According to the invention, the UWB base station is arranged on the factory, meanwhile, the factory personnel carry the UWB tag, and the UWB base station can communicate with the server, so that the position of the factory personnel can be monitored in real time, the factory personnel can be warned to avoid entering the dangerous area through the warning unit when the factory personnel is about to enter the dangerous area, meanwhile, the specific position of the factory personnel can be rapidly known when an accident occurs on the factory, and therefore, the personnel trapped on the factory can be rescued, the probability of occurrence of the safety accident in the factory personnel is reduced, and the safety of the factory personnel is ensured.",,,,H04W4/80;H04W4/30;H04W4/021;H04W4/02;H04W64/00,HANDAN HONGLIAN ZHIYU TECH CO LTD,,True,True
CN-121441888-A,CN-202511371746-A,CN,A,98528769,20250924,20250924,20260130,0,Safety monitoring system suitable for firefighter training,,"The invention discloses a safety monitoring system suitable for firefighter training, relates to the technical field of firefighting training safety, and aims to solve the problems of difficult personnel positioning, communication distortion delay, low efficiency of video monitoring and untimely safety intervention in the existing firefighting training. The system comprises a personnel positioning subsystem based on UWB, a real-time communication subsystem based on WebRTC and a training guide management subsystem, wherein the UWB personnel positioning subsystem realizes accurate positioning and track tracking of different training spaces, the WebRTC real-time communication subsystem realizes multi-mode real-time voice interaction and voice-text conversion, and the training guide management subsystem realizes positioning display, communication scheduling, video linkage and alarm control through front and rear end cooperation. The system can improve the safety monitoring precision and the scheduling efficiency in the training of firefighters, simultaneously supports the backtracking and the rewinding of the training process, and provides technical support for the safety guarantee and the efficiency improvement of the firefighting training.",,,,H04W64/00;H04W4/06;H04W4/029;H04W4/021;H04W4/02;G10L19/18;G10L15/26;H04L65/1108,NAVAL UNIVERSITY ENG PLA,,True,True
CN-105216905-B,CN-201510701362-A,CN,B,54986290,20151027,20151027,20180102,20180102,Immediately positioning and map building exploration search and rescue robot,,"The invention discloses one kind positioning immediately and map building exploration search and rescue robot, applied to the field such as tube map establishment, landform exploration after calamity, including obstacle detouring chassis, vehicle body platform, 3-D scanning module, main control unit, body shell and drive module composition.Obstacle detouring chassis uses the bionics suspension frame structure of six wheel drives, car body is had the passive adaptivity to different terrain.3-D scanning module includes 3-D scanning mechanism, scanning laser radar, infrared temperature sensor, inertial laser sensor and fixed support composition.The robot can during traveling autonomous exploration surrounding environment, and create three-dimensional land map in real time, while detect whether to be possible to life entity presence；Real-time three-dimensional map, possible life entity can be searched and rescued position and feed back to operating personnel；Help operating personnel quickly and accurately to understand field condition, to deploy rescue work as early as possible, while reduce exploration and the unnecessary casualties of rescue worker and labor loss.",,,,G01S17/89;B62D61/10,,,True,False
KR-101283896-B1,KR-20120146087-A,KR,B1,48996887,20121214,20121214,20130716,20130716,"A socket connector of incandescent lamp, a fire detector and escape-guide lamp having beacon module for detecting indoor location and system for detecting indoor location using the same",실내 측위용 비콘 모듈을 구비한 화재 감지기 및 피난 유도등과 이를 이용한 실내 측위 시스템,"PURPOSE: A fire detector including a beacon module for indoor positioning, an evacuation guidance lamp, and an indoor positioning system using the same are provided to facilitate accurate indoor positioning by mounting the beacon module for indoor positioning, thereby being manufactured at low costs. CONSTITUTION: A fire detector (700) is composed of a base, a cover (700b), and a support (700c). The base is combined with the cover and simultaneously forms a smoke sensing room and a dark room inside. A power supply unit receives power from the outside and provides the power. An AC/DC converter converts the received power and supplies driving power. A beacon module for indoor positioning wirelessly transmits a beacon signal to the outside through an embedded antenna using wireless communication. The beacon module for indoor positioning is installed on a predetermined position of the base or on a circuit board between the support and the base. [Reference numerals] (AA) Beacon signal (including a beacon ID); (BB) Position of a user; (CC) Position estimation message","본 발명은 실내 측위용 비콘 모듈을 구비한 백열등 소켓 커넥터, 화재 감지기 및 피난 유도등과 이를 이용한 실내 측위 시스템에 관한 것으로, 본 발명에 의하면 백열등 소켓 커넥터, 화재 감지기 및 피난 유도등에 실내 측위용 비콘 모듈을 장착하여 정확한 실내 측위가 가능하도록 함으로써, 실내 측위 시스템을 저렴한 비용으로 간단하게 구축할 수 있는 효과가 있다. 또한, 본 발명에 의하면 백열등 소켓 커넥터, 화재 감지기 및 피난 유도등으로부터 전송되는 비콘 신호의 세기를 기초로 사용자의 현재 위치를 정확하게 파악할 수 있으므로, 이에 따라 건물 내부에 화재나 위급상황이 발생하였을 때 실내에 사람이 있는지를 일일이 확인하러 다니지 않고도 사용자의 현재 위치를 신속하게 파악하여 대피하도록 할 수 있어 신속한 인명구조 및 초기대응이 가능하게 되는 효과가 있다.",,G01S5/0231;G01S1/04;G08B7/062;G01C21/206;G08B7/066;G01C3/08;H01K1/62,G01S1/02;G01S5/02,WINITECH,KR,True,True
EP-3557551-A1,EP-19163213-A,EP,A1,65817945,20190315,20180416,20191023,0,Indoor positioning system for fire alarm system,,"A building management system tracks occupants of a building in which the building management system is installed and presents information about the occupants, including location information, to first responders during emergency and/or training events. Distributed devices of the building management system receive identification information broadcast by user devices of the occupants and sends the identification information to a control panel of the building management system. Location information for the occupants is generated based on the identification information received from the user devices and stored along with time and date information. This location information is then retrieved and presented to first responders, for example, by displaying a map of the building with icons representing the distributed devices and occupants, based on the location information.",,,G08B17/00;H04W4/33;H04W4/90;H04W4/026;G08B25/14;G06F3/147;G06T11/65;G08B26/007;H04W4/029,H04W4/029;H04W64/00;G08B25/14;H04W4/02;H04W4/021,TYCO SAFETY PRODUCTS CANADA LTD,CA,True,True
CN-104765031-B,CN-201510091914-A,CN,B,53646980,20150302,20150302,20170301,20170301,A kind of ultra-wideband microwave chaos life detection radar device,,"The present invention relates to a kind of life detection radar device, especially a kind of ultra-wideband microwave chaos life detection radar device having both detection human life characteristic information and range information, can be used for disaster assistance.A kind of ultra-wideband microwave chaos life detection radar device includes the first signal generator, the first power splitter, frequency mixer, power amplifier, ultra broadband transmitting antenna, ultra-wideband receiver antenna, low noise amplifier, i/q demodulator, secondary signal generator, the second power splitter, voltage-controlled phase shifter, adjustable attenuator, solid state microwave sensor, the 3rd signal generator, lock-in amplifier, signal acquisition process module, can quickly and accurately detect vital signss information and the positional information of trapped personnel.",,,A61B5/02;G01S13/88,G01S13/88;A61B5/02,,,True,True
US-2026101313-A1,US-202519417935-A,US,A1,93851120,20251212,20230615,20260409,0,Communication method and related device,,"The present application describes a communication method and related device. The method includes a first responder receiving from an initiator a first frame for initiating a ranging process. The first responder generates a first private address based on the first frame and information related to an identity of the first responder, and the first responder transmits a second frame carrying the first private address to the initiator. The method may be applied to ultra-wideband multi-millisecond ranging systems. According to this application, an initiator can verify whether a frame is really from an authorized responder in an ultra-wideband multi-millisecond ranging session.",,,G01S13/765;H04B1/7163;H04L61/35;H04W12/08;H04W12/75;H04W8/26;H04W64/00;H04W12/02,H04B1/7163;H04W64/00,HUAWEI TECH CO LTD,CN,True,False
CN-119043343-B,CN-202411558690-A,CN,B,93582538,20241104,20241104,20250207,20250207,Inertial navigation assisted radio direction correction method in complex environment,,"The invention provides a radio direction-finding correction method assisted by inertial navigation in a complex environment, which can be used for the inertial navigation assisted radio direction-finding correction of a long-distance complex aviation search and rescue application scene, under the condition that a direction-finding device of a carrier receives interference such as shielding, the information of the position and the heading of the carrier output by inertial navigation is combined with the direction-finding information measured by a directional device, and the single plane flying Duan Duo point measurement information is utilized to carry out cross positioning, single positioning precision is improved through clustering, and then the multi-plane flying section measurement information is utilized to gradually improve global target positioning precision, so that the direction-finding result is corrected, and the orientation precision and reliability of the aviation search and rescue orientation equipment are greatly improved.",,,G01S3/14;G01S3/023;G01C21/165;G01C21/20,G01S3/14;G01S3/02;G01C21/16;G01C21/20,,,True,True
CN-114839658-A,CN-202210738541-A,CN,A,82573952,20220628,20220628,20220802,0,Method and system for locating entry point of firefighter building,,"The invention provides a method and a system for locating entry points of firefighters in buildings, comprising the following steps: step S1: respectively solving position data by a micro inertial navigation system and a satellite navigation system; step S2: fusing the position data to obtain fused position data; step S3: collecting 3D data of surrounding environment, matching and resolving the data with the 3D graphic database of the building, and correcting the position information of the micro inertial navigation system by using the position information of the database after the entry point of the building is successfully paired; step S4: the micro inertial navigation system calculates accurate position data by integration starting from this point based on the corrected position information. The invention provides a fusion positioning method based on a miniature 3D laser radar, which is used for determining the accurate position of a building entry point of a fireman and fusion positioning calculation of an individual positioning system, so that the problem that the prior art cannot provide an effective and accurate fusion positioning method is solved.",,,G01S19/47;G01S17/86;G01S19/45,G01S19/45;G01S17/86;G01S19/47,JIANGSU DEYIJIA SECURITY TECH CO LTD,,True,False
CN-104295313-B,CN-201410514341-A,CN,B,52315229,20140929,20140929,20170815,20170815,Position mining device and mining system,,"The invention discloses the mining device of one kind positioning and mining system, positioning mining device includes a body, and the body sets location and installation chamber, and the location and installation chamber sets locating module mounting seat, an indoor positioning module is fixedly installed thereon.The location and installation chamber also sets up a battery, and it connects described locating module mounting seat, for for the indoor positioning module for power supply.The mining device of positioning described above can realize precise positioning; trapped personnel can be searched and rescued in time when occurring accident of mine disaster, get the rescue time of preciousness, simultaneously; the track protection to miner operation can be also realized for mining site manager in daily miner operation, unnecessary security incident is to avoid.",,,E21F11/00;G01S7/00,G01S7/00;E21F11/00,,,True,False
US-12681475-B2,US-202318388260-A,US,B2,83228491,20231109,20210309,20260714,20260714,Radar sensor-based bio-inspired autonomous mobile robot using BLE location tracking for disaster rescue,,"An autonomous bio-inspired mobile robotic device ( 200 ) capable of detecting, tracking and communicating location of survivor(s) ( 34 ) trapped under earthquake/building collapse debris ( 30, 32 ). The small-size, lightweight, ruggedized autonomous legged mobile robot ( 200 ) incorporates high-frequency millimeter-wave radar sensor ( 10 ) and Ultra Wideband (IR-UWB) radar sensor ( 12 ) for detecting presence and perform ranging of trapped survivor(s) ( 34 ). The autonomous mobile robot ( 200 ) also comprises GNSS ( 8 ) and BLE ( 4 ) connectivity for location tracking of trapped survivor(s) ( 34 ) in conjunction with a Wi-Fi enabled visual sensing solution ( 20 ) and a flashlight ( 16 ) to aid during rescue operation. The battery-powered ( 24 ) autonomous bio-inspired mobile robot ( 200 ) also comprises an MCU ( 26 ), actuators ( 14   b ), motor control circuitry ( 18 ) and IMU ( 6 ) to control robot ( 200 ) locomotion and perform sensor data fusion. BLE ( 4 ) connectivity solution of the present invention ( 200 ) communicates the location of detected trapped survivor(s) ( 34 ) to a plurality of rescue devices ( 44 A,  44 B,  44 C) using Angle-of-Arrival ( 700 )/Angle-of-Departure ( 800 ) method for successful survivor ( 34 ) location resolution.",,,G05D1/0212;G01S5/0231;G05D1/0246;G05D1/0257;G05D1/027;G05D1/0278;G01S2205/06;B25J11/008;G01S13/56;G01S13/888;G01S13/887;G01S13/42;G01S13/867;G01S13/86;G01S13/881;G01S13/584;G01S7/415;G01S19/48;G01S19/17,G05D1/00;G01S5/02,PANNALA SUMA GOURI,IN,True,True
CN-112291700-A,CN-201910626839-A,CN,A,74419481,20190712,20190712,20210129,0,Fine positioning system applying UWB technology,,"The invention provides a fine positioning system applying UWB technology, which comprises a server, a positioning module arranged on a positioning device and a search and rescue module; the positioning module is provided with a UWB tag which communicates with the server through UWB; the positioning module is connected with the search and rescue module through Bluetooth; the search and rescue module and the positioning module are respectively provided with a Bluetooth sending module and a Bluetooth receiving module which are matched; and a sending indicator lamp and a receiving indicator lamp for displaying the strength of the Bluetooth connecting signal are respectively arranged on the search and rescue module and the positioning module. By adopting the technical scheme, when the rescue is carried out under the mine, the rescue personnel can know the distance from the rescuee in real time, the rescue time is saved, and meanwhile, as the positioning device is also provided with the indicating lamp, the rescuee can know the signal that the rescuer comes to rescue the rescuee by receiving the indicating lamp, so that the rescuee is informed, and the rescuers can further take the measures of calling for help and the like to directly find the rescuee.",,,H04W4/02;G08B5/002;H04W4/021;H04W64/00;H04B5/48,H04B5/48;H04W4/02;H04W64/00;G08B5/00;H04W4/021,QILIAN TIANJIN TECH CO LTD,,True,True
CN-119316928-A,CN-202310857064-A,CN,A,94189831,20230712,20230712,20250114,0,"Terminal positioning method, device, equipment and storage medium",,"The application discloses a terminal positioning method, a terminal positioning device, terminal positioning equipment and a storage medium. The method comprises the steps of obtaining base station data of an unmanned aerial vehicle base station and coordinate data of a terminal in an unmanned aerial vehicle flight area, identifying a signal transmission environment between the terminal and the unmanned aerial vehicle base station to obtain an identification result, correcting the base station data under the condition that the identification result represents that the signal transmission environment is a non-line-of-sight signal environment, determining positioning information of the terminal based on the corrected base station data and the coordinate data, solving the problem that search and rescue positioning accuracy is low under the condition that the search and rescue signal transmission environment is the non-line-of-sight signal transmission environment, realizing automatic correction of the coordinate data of the terminal, and improving the accuracy of the positioning information of the terminal.",,,H04W64/006;H04W64/003,H04W64/00,CHINA MOBILE CHENGDU INFORMATION COMMUNICATION TECH CO LTD;CHINA MOBILE COMMUNICATIONS GROUP CO LTD,,True,False
EP-4710657-A1,EP-23941068-A,EP,A1,93851120,20230615,20230615,20260318,0,Communication method and related device,,"The present application provides a communication method and related device. The method includes: a first responder receives from an initiator a first frame for initiating a ranging process; the first responder generates a first private address based on the first frame and information related to an identity of the first responder; and the first responder transmits a second frame carrying the first private address to the initiator. The method may be applied to ultra-wideband multi-millisecond ranging systems. According to this application, an initiator can verify whether a frame is really from an authorized responder in an ultra-wideband multi-millisecond ranging session.",,,G01S13/765;H04B1/7163;H04W64/00;H04L61/35;H04W12/08;H04W12/75;H04W8/26;H04W12/02,H04W64/00,HUAWEI TECH CO LTD,CN,True,False
US-2016043771-A1,US-201514822504-A,US,A1,55268227,20150810,20140808,20160211,0,Wafer scale. ultra-wide band (uwb) radiometer with sensor probe for disaster victim rescue,,"A multi-sensor system is disclosed for detecting victims that may be trapped or buried (for example, earthquake survivors in collapsed buildings) and for accurately and safely locating such victims for safe and efficient rescue. An ultra wide band (UWB) radiometer sensor can detect and precisely calculate the position of the victim relative to a known position of a sensor probe or a monitoring unit of a sensor system. A sensing probe may be guided toward a victim and provide a combination of sensors and transducers (e.g., radiometer, optical and infrared camera, acoustic or sound transducers such as microphone and speaker) that may allow a probe operator remote from the subject (e.g., victim) to also determine the condition and status of the victim and communicate with the victim. With unique coding of the UWB signals, multiple units can be used together to triangulate a more exact position of each victim.",,,G01S2205/06;G01S5/0264;G01S19/05;G01S19/10;H04B1/7163;H04W4/02;G08B5/36;A61B5/05;A61B5/1113;H04W4/029,G08B5/36;G01S19/05;G01S19/10;H04B1/7163;H04W4/029;H04W4/02,MOHAMADI FARROKH,US,True,True
KR-20230085760-A,KR-20210174243-A,KR,A,86745106,20211207,20211207,20230614,0,Terminal for alerting based on position for fire fighting,소방용 위치 기반 경보 단말,"According to an embodiment of the present disclosure, a location-based alarm terminal for firefighting, comprises an NFC module, a wireless LAN, an RFID tag, a Bluetooth module, an ultra-wideband (UWB) module, an output module, and a control circuit electrically connected to the NFC module, the wireless LAN, the RFID tag, the Bluetooth module, the UWB module, and the output module. The control circuit can initiate a communication with one or more adjacent external terminals using the NFC module, form a Wi-Fi mesh with the external terminals using the wireless LAN, calculate a first distance between a location-based alarm terminal for firefighting and each of the external terminals using the Bluetooth module, calculate a second distance between the location-based alarm terminal for firefighting and each of the external terminals using the UWB module, and output an alarm using the output module when the first distance calculated by using the Bluetooth module and the second distance calculated by using the UWB module satisfy a specified condition. Therefore, a firefighter can be prevented from falling behind or being isolated.","본 문서에 개시되는 일 실시예에 따른 소방용 위치 기반 경보 단말은 NFC 모듈, 무선 LAN, RFID 태그, 블루투스 모듈, UWB(ultra wideband) 모듈, 출력 모듈, 및 NFC 모듈, 무선 LAN, RFID 태그, 블루투스 모듈, UWB 모듈 및 출력 모듈과 전기적으로 연결된 제어 회로를 포함하고, 제어 회로는 NFC 모듈을 이용하여 인접한 하나 이상의 외부 단말과 통신을 개시하고, 무선 LAN을 이용하여 하나 이상의 외부 단말과 Wi-Fi 메쉬를 형성하고, 블루투스 모듈을 이용하여 소방용 위치 기반 경보 단말과 하나 이상의 외부 단말 각각 사이의 제1 거리를 산출하고, UWB 모듈을 이용하여 소방용 위치 기반 경보 단말과 하나 이상의 외부 단말 각각 사이의 제2 거리를 산출하고, 블루투스 모듈을 이용하여 산출한 제1 거리 및 UWB 모듈을 이용하여 산출한 제2 거리가 지정된 조건을 만족하는 경우, 출력 모듈을 이용하여 경보를 출력할 수 있다.",,G08B21/0247;H04W4/023;G08B21/0277;H04W4/80;G06K7/10237;G08B21/0275;G08B21/0233;G07C9/27,G06K7/10;G07C9/27;H04W4/02;G08B21/02;H04W4/80,SEOUL METROPOLITAN GOVERNMENT,KR,True,True
US-8688375-B2,US-75641207-A,US,B2,39738929,20070531,20060531,20140401,20140401,Method and system for locating and monitoring first responders,,"The present invention is directed to methods and systems for locating and monitoring the status of people and moveable assets, such as first responders, including firefighters and other public service personnel, and their equipment both indoors and out. The invention can provide for locating and monitoring the status of people and assets in environments where GPS systems do not operate, or where operation is impaired or otherwise limited. The system and method uses inertial navigation to determine the location, motion and orientation of the personnel or assets and communicates with an external monitoring station to receive requests for location, motion orientation and status information and to transmit the location, motion orientation and status information to the monitoring station. The system and method can include storing the location, motion and orientation data as well as status data, in the event that the communication system is unable to communicate with and transmit information to the monitoring station, the system will wait until communication is restored and transmit the status information to the monitoring station to update the location, motion orientation and status information for the person or asset.",,,G08G1/20;G08B25/016;G01C21/1654;G01S19/49,G08G1/123;A62C99/00;G01C21/00,FUNK BENJAMIN E;BANDYOPADHYAY AMRIT;KOHN ERIC A;GOLDSMAN NEIL;TEOLIS CAROLE A;BLANKENSHIP GILMER L;TRX SYSTEMS INC,US,True,False
KR-20200102172-A,KR-20190020433-A,KR,A,72234366,20190221,20190221,20200831,0,Maritime life saving system with a geofence and artificial intelligence function,지오펜스와 인공 지능을 활용한 해상 인명 구조 시스템,"The present invention relates to a marine lifesaving system using a geofence and artificial intelligence (AI). The marine lifesaving system of the present invention includes a transmitting device provided in a life jacket, and a receiving device and a rescue processing device provided in a ship. The transmitting device has an inertial sensor and a salinity sensor. The receiving device transmits a radio signal transmitted from the transmitting device to the rescue processing device. The rescue processing device generates voice information in accordance with various scenarios in response to various distress accidents, and forms an AI voice signal optimized for a situation of a distress accident as a database. The rescue processing device sets a positional relationship between the transmitting device and the receiving device as a geofence area. When the transmitting device deviates from a set geofence area or is detected equal to or less than a reference altitude from the inertial sensor and a certain value of salinity concentration is detected at the same time, it is determined that a distress accident or a fall accident occurs to induce sailing of a ship to a location of a survivor or to provide an operator of the ship with AI voice information guiding to rescue a falling person. According to the present invention, when a distress accident occurs, the AI voice information can be output to promptly and accurately rescue a survivor or a falling person.","본 발명은 지오펜스와 인공 지능을 활용한 해상 인명 구조 시스템에 관한 것이다. 본 발명의 해상 인명 구조 시스템은 구명 조끼에 구비되는 발신 장치와, 선박에 구비된 수신 장치 및 구조 처리 장치를 포함한다. 발신 장치는 관성 센서와 염분 센서를 구비한다. 수신 장치는 발신 장치로부터 전송되는 무선 신호를 구조 처리 장치로 전달한다. 구조 처리 장치는 다양한 조난 사고에 대응하여 여러가지 시니리오에 따른 음성 정보를 생성하고, 조난 사고의 상황에 최적화된 인공 지능 음성 신호를 데이터베이스화한다. 구조 처리 장치는 발신 장치와 수신 장치들 간의 위치 관계를 지오펜스 영역으로 설정한다. 발신 장치가 설정된 지오펜스 영역으로부터 이탈되거나, 관성 센서로부터 기준 고도 이하로 감지되고 동시에 일정 크기의 염분 농도가 감지되면, 조난 사고 또는 낙선 사고가 발생된 것으로 판별하여 조난자의 위치로 선박의 항해를 유도하거나 또는 낙선자를 구조하도록 안내하는 인공 지능 음성 정보를 선박의 운항자에게 제공한다. 본 발명에 의하면, 조난 사고 발생 시, 인공 지능 음성 정보를 출력하여 조난자 및 낙선자를 신속하고 정확하게 구조하도록 할 수 있다.",,G08B3/1033;G08B21/0263;B63C9/11;B63C2009/0017;G08B21/0227;G08B21/0236;B63C9/20;G08B21/0269;B63B2728/00,B63C9/11;B63C9/20;B63C9/00;G08B3/10;G08B21/02,EXITECH CO LTD;FINE CO LTD,KR,True,False
US-11754696-B2,US-202217936265-A,US,B2,58406603,20220928,20150929,20230912,20230912,Search and rescue UAV system and method,,An unmanned aerial vehicle (UAV) having at least one sensor for detecting the presence of a survivor in a search and rescue area. The at least one sensor is preferably an ultra-wide band (UWB) transceiver sensor. The UAV includes a UAV data link transceiver for wirelessly communicating information concerning the survivor to a command center.,,,B64U2201/20;B64U2101/31;B64U2101/57;B64U2101/56;G01S13/0209;G01S13/888;G01S13/90;G01S2013/0245;G08G5/00;G05D1/104;G08G5/53;G08G5/56;G08G5/57;B64U2101/00,G01S13/02;B64U101/00;G01S13/88;G01S13/90;G05D1/10;G08G5/00,TYCO FIRE & SECURITY GMBH,CH,True,True
CN-121310259-A,CN-202511570778-A,CN,A,98295519,20251030,20251030,20260109,0,Mining post-disaster multifunctional emergency rescue detection system,,"The invention belongs to the technical field of rescue detection systems, and particularly relates to a mining post-disaster multifunctional emergency rescue detection system which comprises a personnel positioning identification card and a rescue end, wherein the personnel positioning identification card is carried by underground personnel in daily life, the personnel positioning identification card comprises a UWB communication module and is used for carrying out real-time positioning based on the cooperation of a preset communication channel CH2 and a UWB base station network, the rescue end is integrated with an environment detection module, a positioning search module, a laser ranging module and a communication module, the environment detection module is used for acquiring environment information, the laser ranging module is used for carrying out laser ranging, the positioning search module is provided with four independent and equidistant interfaces, the interface 1 and the interface 2 have a receiving and transmitting function, and the interface 3 and the interface 4 only have a receiving function. The invention can conveniently implement emergency rescue detection and support rapid, accurate and independent positioning search of trapped personnel in a communication interruption environment after disaster.",,,,H04W4/02;G01D21/02;E21F17/18;H04W64/00,CHONGQING MAS SCI & TECH CO LTD,,True,True
CN-102928861-B,CN-201210378787-A,CN,B,47643703,20120929,20120929,20150506,20150506,Target positioning method and device for airborne equipment,,"The invention relates to a target positioning method and a target positioning device for airborne equipment. The device comprises a signal processing unit, a laser distance measuring instrument, a thermal infrared imager, a visible light camera, a combined inertial navigation module and an angle meter, wherein output signals of the laser distance measuring instrument, the thermal infrared imager, the visible light camera, the combined inertial navigation module and the angle meter are all connected to the signal processing unit, and the signal processing unit is used for solving positional information of a target according to uploaded signals. Aerial carrier global positioning system (GPS) information, aerial carrier gesture information, angular deviation of observation equipment relative to an aerial carrier and distance measuring information of the target by the observation equipment are integrated to realize accurate positioning of longitude and latitude height of the target. The advantage of a multi-sensor is combined, a multi-dimensional spatial alternation principle is utilized so as to rapidly and effectively realize accurate target positioning in a non-contact and high-adaptability way, and the target positioning method can be applied to fields such as forest fire prevention, personnel rapid search and rescue and the like, and has wide technological and market prospects.",,,,G01C21/00;G01S19/48,CAMA LUOYANG MEASUREMENT AND CONTROL CO LTD,,True,False
CN-103957596-B,CN-201410221981-A,CN,B,51334787,20140523,20140523,20171027,20171027,The comprehensive search and rescue system of community policing personnel and localization method,,"The invention discloses a kind of comprehensive search and rescue system of community policing personnel and localization method, belong to emergency relief and position field of locating technology.The search and rescue system includes：Locator, cell on wheels, hand-held set and Surveillance center.The locator is carried by going on patrol personnel, and locator has explicit alarm and implicit alarm dual-alarm function, and explicit alarm is manual alarm, when patrol personnel can not realize manual alarm, can be alarmed by the implicit warning function of locator from trend Surveillance center；It is used for when the cell on wheels is searched and rescued to patrol personnel&#39;s indoor positioning；The hand-held set is carried when being searched and rescued by rescue worker.The invention also provides a kind of indoor positioning algorithms, Stepping positioning algorithm；Seamless positioning to patrol personnel community indoor and outdoor can quickly be realized by the search and rescue device of Stepping positioning algorithm and the present invention；The present invention in community&#39;s indoor and outdoor without arranging radio sensing network in advance, and using single architecture, equipment is simple, and cost is relatively low, is easy to implement, and is particularly suitable for use in emergency searching and rescuing.",,,,G08B21/02;H04W64/00,,,True,False
CN-105160807-A,CN-201510545151-A,CN,A,54801647,20150831,20150831,20151216,0,Firefighter safety positioning system based on UWB and positioning method thereof,,"The invention relates to technical field of fire-fighting safety and UWB wireless sensor networks, and discloses a firefighter safety positioning system based on UWB. The firefighter safety positioning system based on the UWB comprises multiple child anchor nodes and one main anchor node which are arranged in each room of a building, a positioning wristband, a router and a command center. The invention also discloses a positioning method applying the positioning system. The fire-fighting command center is enabled to understand real-time position information of firefighters in the building on fire, and whether danger occurs on the firefighters is judged according to the real-time position information. Meanwhile, the real-time fire situation of the building on fire is mastered in real time so that occurrence of danger due to the fact that the firefighters enter areas with higher risk of danger can be prevented.",,,G08B21/02;G08B25/016;G08B25/10;G08B17/00,G08B25/10;G08B21/02,HUNAN PUAN CONSTRUCTION ENGINEERING CO LTD;UNIV EAST CHINA SCIENCE & TECH,,True,False
CN-113784280-A,CN-202110860366-A,CN,A,78836607,20210728,20210728,20211210,0,Fireman indoor positioning method based on WiFi fingerprint,,"The invention discloses a WiFi fingerprint-based firefighter indoor positioning method, which comprises the following steps: when a fire disaster suddenly occurs, receiving signal intensity information transmitted by the wireless access node by a fireman rushing into the fire scene, and determining the serial number of a cluster to which the fireman belongs; according to the wireless access node reliability function, calculating and screening the reliability of each wireless access node, and filtering out wireless access nodes damaged by fire; calculating the distance proportion of all reference points in the same cluster by using a dynamic online matching algorithm in the cluster to which the firefighter belongs and combining the signal strength values received by the reference points, and selecting the reference points with the distance proportion larger than a distance proportion threshold value to carry out position estimation; and calculating the position coordinates of the firefighter according to the selected reference point. The invention provides an AP trust function to screen the AP aiming at the possible AP damage condition in the fire scene; and a dynamic online matching algorithm is applied, so that the positioning precision of the algorithm is improved.",,,G06F18/23213;H04W4/023;H04W4/021;H04W4/33,G06K9/62;H04W4/02;H04W4/33;H04W4/021,UNIV CHINA MINING,,True,True
CN-119619984-A,CN-202510170615-A,CN,A,94897191,20250217,20250217,20250314,0,Heading angle-assisted Kalman information direction finding correction method,,"The invention provides a heading angle-assisted Kalman information direction finding correction method, which comprises the steps of firstly obtaining a heading angle of a search and rescue aircraft through an airborne inertial unit of the search and rescue aircraft, measuring a gangway angle of a search and rescue target relative to the search and rescue aircraft through an airborne search and rescue radio station, combining the heading angle information of the search and rescue aircraft with a radio direction finding, calculating an azimuth angle of the search and rescue target, taking the azimuth angle of the search and rescue target as a state value, establishing a Kalman filtering recursive formula, constructing Kalman information, carrying out first correction on a direction finding result, and carrying out second correction on the heading angle, so that the radio direction finding wild value is effectively corrected, and the accuracy and reliability of aviation search and rescue radio direction finding are greatly improved.",,,G01C1/00;G01C21/16;G01C21/20;G01S3/14;G01S3/023,G01S3/14;G01C21/20;G01C21/16;G01C1/00;G01S3/02,UNIV NORTHWESTERN POLYTECHNICAL,,True,True
